L,J,Q,θ,μ,ϕx,ϕy,ϕz,ndims,T,χ,dχdlogT,Λ
23,0.5,0.6180339887498949,0.4487989505128276,0.75,0.6332610369913497,5.1149981805603915,3.73563864994291,3,0.0013738237958832624,[0.7104718854493358 0.0 0.0 0.0; 0.0 0.10790900725636601 -0.04708230305431381 -0.05452083246266285; 0.0 -0.04708230305431657 0.11810367830044377 -0.05051459115568116; 0.0 -0.054520832462663975 -0.05051459115568194 0.11853021579709341],[-0.12107010513450232 0.0 0.0 0.0; 0.0 -0.012737958418065676 0.009833025729503063 0.005060493031082602; 0.0 0.009833025729503099 -0.029168412056669105 0.01035678846566811; 0.0 0.005060493031082571 0.010356788465668287 -0.013267122581654613],0.3
