L,J,Q,θ,μ,ϕx,ϕy,ϕz,ndims,T,χ,dχdlogT,Λ
23,20.0,0.6180339887498949,0.4487989505128276,0.75,4.2463145450107564,4.954441776624911,1.506139027364357,3,0.01268961003167922,[0.0421419057986879 0.0 0.0 0.0; 0.0 0.0013922217554377064 -0.00020051099537626057 8.725110302663007e-5; 0.0 -0.0002005109953762611 0.0015190824991178785 -0.00017566613266792658; 0.0 8.725110302663035e-5 -0.0001756661326679265 0.0013589790511209304],[-0.010390088771937984 0.0 0.0 0.0; 0.0 -0.0004798995811027512 6.979495970626115e-5 -0.00013931120702930164; 0.0 6.979495970626109e-5 -0.0002350598125393022 8.168674479944699e-5; 0.0 -0.0001393112070293016 8.168674479944682e-5 -0.0002911225870709977],0.3
