L,J,Q,θ,μ,ϕx,ϕy,ϕz,ndims,T,χ,dχdlogT,Λ
23,20.0,0.6180339887498949,0.4487989505128276,0.75,4.2463145450107564,4.954441776624911,1.506139027364357,3,0.002592943797404667,[0.06042932093639705 0.0 0.0 0.0; 0.0 0.0026610430647023907 -0.00040525239270616364 0.0005843840216778366; 0.0 -0.00040525239270616456 0.001663283668092106 -0.00029405164593038164; 0.0 0.0005843840216778369 -0.00029405164593038154 0.0019304647539112984],[-0.01496146300927467 0.0 0.0 0.0; 0.0 -0.0012104141001401583 0.00019818569741210875 -0.0005650737408868942; 0.0 0.00019818569741210872 -3.460943765459408e-5 0.00010127975796054954; 0.0 -0.0005650737408868947 0.00010127975796054966 -0.0005139490823758121],0.3
