L,J,Q,θ,μ,ϕx,ϕy,ϕz,ndims,T,χ,dχdlogT,Λ
23,2.5,0.6180339887498949,0.4487989505128276,0.75,0.6332610369913497,5.1149981805603915,3.73563864994291,3,0.04520353656360243,[0.16990967246556885 0.0 0.0 0.0; 0.0 0.0073415757658471 -0.0037878822298926798 -0.0028980398470577554; 0.0 -0.003787882229892686 0.005200800915196443 -0.0003557970989479385; 0.0 -0.002898039847057806 -0.00035579709894793316 0.005179448445618282],[-0.08507331321129058 0.0 0.0 0.0; 0.0 -0.0016342802327561354 0.0010201039743158054 0.0004448564033184412; 0.0 0.001020103974315831 -0.0014689130623446605 0.00020366970308512063; 0.0 0.0004448564033184378 0.00020366970308511643 -0.001024748809559604],0.3
