L,J,Q,θ,μ,ϕx,ϕy,ϕz,ndims,T,χ,dχdlogT,Λ
23,1.5,0.6180339887498949,0.4487989505128276,0.75,0.6957244989112655,5.40836395054829,2.9147134165697763,3,0.30391953823131973,[0.049851686716209515 0.0 0.0 0.0; 0.0 0.003505286977293664 -0.0014376734680912832 -0.0016641946960995121; 0.0 -0.001437673468091276 0.002274963897839773 -0.0004151195306853581; 0.0 -0.0016641946960995007 -0.00041511953068536727 0.0030631719805438505],[-0.047089559071602144 0.0 0.0 0.0; 0.0 -0.0032106664129572028 0.001314091516225339 0.0015267477693311038; 0.0 0.001314091516225336 -0.0020464932656325523 0.00034918629849559004; 0.0 0.0015267477693310832 0.0003491862984955881 -0.00278225366050702],0.3
