L,J,Q,θ,μ,ϕx,ϕy,ϕz,ndims,T,χ,dχdlogT,Λ
23,2.5,0.6180339887498949,0.4487989505128276,0.75,0.6332610369913497,5.1149981805603915,3.73563864994291,3,0.0018873918221350976,[0.4346594933520067 0.0 0.0 0.0; 0.0 0.008621026213826502 -0.004732171027031067 -0.0030936000229034952; 0.0 -0.004732171027031147 0.006761224310106509 -0.0006132452650828288; 0.0 -0.0030936000229035837 -0.0006132452650828223 0.00581076502463708],[-0.08168473667623397 0.0 0.0 0.0; 0.0 -4.987362327813179e-5 5.792138345650648e-5 1.900125881357826e-7; 0.0 5.792138345650706e-5 -0.0001431069191315851 1.2129886411103416e-5; 0.0 1.9001258813578521e-7 1.2129886411103577e-5 1.918698457957128e-6],0.3
