L,J,Q,θ,μ,ϕx,ϕy,ϕz,ndims,T,χ,dχdlogT,Λ
23,0.0,0.6180339887498949,0.4487989505128276,0.75,0.97214979122521,4.062456537363038,2.9445300006073447,3,0.03290344562312668,[0.3326853275054752 0.0 0.0 0.0; 0.0 0.1455444166133339 -0.06706492645746628 -0.06304676781673653; 0.0 -0.06706492645746627 0.1484363454599695 -0.06494125004319623; 0.0 -0.06304676781673654 -0.06494125004319619 0.1449581460682004],[-0.1401919860278078 0.0 0.0 0.0; 0.0 -0.06034432541054996 0.029526598942522752 0.025608582684424508; 0.0 0.029526598942522745 -0.06312496654571685 0.02607353989527782; 0.0 0.025608582684424508 0.026073539895277827 -0.05898259457140271],0.3
