L,J,Q,θ,μ,ϕx,ϕy,ϕz,ndims,T,χ,dχdlogT,Λ
23,0.4,0.6180339887498949,0.4487989505128276,0.75,1.9901092843447468,5.411747857943236,4.4451051863530715,3,0.41753189365604015,[0.0489055117046804 0.0 0.0 0.0; 0.0 0.012756116464931315 -0.004893837552307 -0.006101556996078207; 0.0 -0.004893837552307299 0.012039255345053788 -0.005584478153892823; 0.0 -0.006101556996078323 -0.005584478153892709 0.013262652965824132],[-0.04754825385894692 0.0 0.0 0.0; 0.0 -0.012308646951499377 0.0047074902218417905 0.0058856353292687; 0.0 0.004707490221842088 -0.01159172572319752 0.0053658947942424005; 0.0 0.005885635329268495 0.00536589479424263 -0.012772626573052968],0.3
