L,J,Q,θ,μ,ϕx,ϕy,ϕz,ndims,T,χ,dχdlogT,Λ
23,5.5,0.6180339887498949,0.4487989505128276,0.75,0.6332610369913497,5.1149981805603915,3.73563864994291,3,0.5736152510448679,[0.01120407202139651 0.0 0.0 0.0; 0.0 0.0005118108120699955 -0.00021948658461461447 -0.00010203261199426657; 0.0 -0.00021948658461461493 0.00048389266046215007 -0.00012769811259809015; 0.0 -0.00010203261199426638 -0.00012769811259808996 0.00045286215231560767],[-0.011047595737920062 0.0 0.0 0.0; 0.0 -0.0005029421377198747 0.0002160338296412728 9.956104288254504e-5; 0.0 0.00021603382964127403 -0.0004754145432457491 0.0001255455240886561; 0.0 9.956104288254527e-5 0.00012554552408865409 -0.00044420805436875817],0.3
