L,J,Q,θ,μ,ϕx,ϕy,ϕz,ndims,T,χ,dχdlogT,Λ
23,2.5,0.6180339887498949,0.4487989505128276,0.75,0.97214979122521,4.062456537363038,2.9445300006073447,3,0.03290344562312668,[0.18099220366244997 0.0 0.0 0.0; 0.0 0.006617977996368403 -0.003327586626515996 -0.002550671104995408; 0.0 -0.0033275866265159836 0.004995616819653542 -0.0003654130043285383; 0.0 -0.002550671104995431 -0.0003654130043285371 0.0048796522030269],[-0.07943113412084142 0.0 0.0 0.0; 0.0 -0.0012379297309300925 0.0006814143093078622 0.00033353964004401474; 0.0 0.0006814143093078761 -0.001060845360502293 4.096486678422026e-5; 0.0 0.00033353964004399593 4.09648667842197e-5 -0.0006440576597879322],0.3
