L,J,Q,θ,μ,ϕx,ϕy,ϕz,ndims,T,χ,dχdlogT,Λ
23,0.25,0.6180339887498949,0.4487989505128276,0.75,5.114081781791591,1.9778970122642205,6.104975597610122,3,0.02395026619987486,[0.369493806381582 0.0 0.0 0.0; 0.0 0.10931810581981055 -0.04389968592284983 -0.05078803820438899; 0.0 -0.043899685922850006 0.10577689641215386 -0.04829418914155887; 0.0 -0.05078803820438896 -0.04829418914155871 0.11230627702406264],[-0.1316842896242272 0.0 0.0 0.0; 0.0 -0.030378987747688966 0.011236262065680699 0.013250319683092782; 0.0 0.011236262065680734 -0.031448624373773104 0.016176757991957343; 0.0 0.013250319683092855 0.016176757991957325 -0.033692455652420315],0.3
