L,J,Q,θ,μ,ϕx,ϕy,ϕz,ndims,T,χ,dχdlogT,Λ
23,0.5,0.6180339887498949,0.4487989505128276,0.75,3.7243559067752456,2.307825483945012,4.370919460559581,3,0.04520353656360243,[0.2700845459399253 0.0 0.0 0.0; 0.0 0.05148519846815662 -0.015941873923708594 -0.02432528814780268; 0.0 -0.015941873923709587 0.04746467805548377 -0.01882413808313861; 0.0 -0.0243252881478034 -0.018824138083138722 0.05449657948128741],[-0.13473331600405572 0.0 0.0 0.0; 0.0 -0.020973416884144558 0.0057628538363441225 0.009700746643173755; 0.0 0.005762853836344514 -0.019414713336658587 0.007529830616152399; 0.0 0.009700746643174505 0.007529830616152506 -0.02280080690111131],0.3
