L,J,Q,θ,μ,ϕx,ϕy,ϕz,ndims,T,χ,dχdlogT,Λ
23,2.25,0.6180339887498949,0.4487989505128276,0.75,0.6332610369913497,5.1149981805603915,3.73563864994291,3,0.0853167852417281,[0.12157883111860761 0.0 0.0 0.0; 0.0 0.006322513331111298 -0.0031216849454373447 -0.002671030447041336; 0.0 -0.0031216849454373573 0.004104889675292152 -0.0001813687730179025; 0.0 -0.0026710304470414165 -0.00018136877301791002 0.00443346239786683],[-0.08232760887959249 0.0 0.0 0.0; 0.0 -0.0029342087268618834 0.0015102777947832073 0.0011622566571685296; 0.0 0.0015102777947831418 -0.002044263116606091 0.0001591909585503797; 0.0 0.0011622566571684696 0.00015919095855038381 -0.0020483892112717716],0.3
