L,J,Q,θ,μ,ϕx,ϕy,ϕz,ndims,T,χ,dχdlogT,Λ
23,4.0,0.6180339887498949,0.4487989505128276,0.75,4.009261164013791,2.1984173184720874,2.942941359066305,3,2.807216203941177,[0.0031756181681730044 0.0 0.0 0.0; 0.0 0.00016437703065609686 -8.367198697825233e-5 -4.544993913574809e-5; 0.0 -8.367198697825137e-5 0.00013773033486499936 -2.8189177201668504e-5; 0.0 -4.5449939135747926e-5 -2.8189177201668416e-5 0.0001230102009823994],[-0.0031735413310754424 0.0 0.0 0.0; 0.0 -0.00016422121320433164 8.360346159132845e-5 4.5394753128885136e-5; 0.0 8.360346159132821e-5 -0.0001376105026307579 2.8171449717446437e-5; 0.0 4.5394753128885e-5 2.8171449717446773e-5 -0.00012287586533054357],0.3
