L,J,Q,θ,μ,ϕx,ϕy,ϕz,ndims,T,χ,dχdlogT,Λ
23,0.25,0.6180339887498949,0.4487989505128276,0.75,0.7255422784305496,3.4349328561497185,3.4347212092384636,3,3.856620421163471,[0.005529309975818469 0.0 0.0 0.0; 0.0 0.001884312009920329 -0.0007995890726612066 -0.0008506463565353508; 0.0 -0.0007995890726612079 0.001812814834796961 -0.0008048190058351688; 0.0 -0.0008506463565353543 -0.0008048190058351746 0.0018570182259352826],[-0.005527374781857651 0.0 0.0 0.0; 0.0 -0.0018835771687546418 0.0007992467471289033 0.0008503417964272193; 0.0 0.0007992467471289033 -0.0018120756737061892 0.0008044957559055351; 0.0 0.0008503417964272179 0.000804495755905539 -0.0018563203428551623],0.3
