L,J,Q,θ,μ,ϕx,ϕy,ϕz,ndims,T,χ,dχdlogT,Λ
23,0.4,0.6180339887498949,0.4487989505128276,0.75,2.222647089612187,4.144648026706942,2.3246170062327143,3,0.06210169418915616,[0.2335116676376079 0.0 0.0 0.0; 0.0 0.05632658053985939 -0.02120898002536537 -0.02676338368837179; 0.0 -0.021208980025365688 0.05228909691895307 -0.023641788051182763; 0.0 -0.02676338368837104 -0.023641788051183523 0.05776012467617098],[-0.12709931781723635 0.0 0.0 0.0; 0.0 -0.026091346053174442 0.00891494239938542 0.012711222172647722; 0.0 0.008914942399385364 -0.023538536547622897 0.010759911838036748; 0.0 0.012711222172647862 0.01075991183803667 -0.02715711387250877],0.3
