L,J,Q,θ,μ,ϕx,ϕy,ϕz,ndims,T,χ,dχdlogT,Λ
23,0.3,0.6180339887498949,0.4487989505128276,0.75,5.114081781791591,1.9778970122642205,6.104975597610122,3,2.807216203941177,[0.0074342200475802905 0.0 0.0 0.0; 0.0 0.002388152637300775 -0.000983022501507523 -0.001116332086677655; 0.0 -0.0009830225015075049 0.0022276702021480177 -0.0009749495640768787; 0.0 -0.0011163320866776592 -0.0009749495640768926 0.002354419258797383],[-0.007429466045547516 0.0 0.0 0.0; 0.0 -0.002386241282173043 0.0009821862781218378 0.0011154491697845741; 0.0 0.0009821862781218284 -0.0022258816961226915 0.0009741761216055303; 0.0 0.0011154491697845546 0.0009741761216055335 -0.002352577408234145],0.3
