L,J,Q,θ,μ,ϕx,ϕy,ϕz,ndims,T,χ,dχdlogT,Λ
23,2.5,0.6180339887498949,0.4487989505128276,0.75,0.6332610369913497,5.1149981805603915,3.73563864994291,3,0.30391953823131973,[0.039966152517182836 0.0 0.0 0.0; 0.0 0.002306486042032578 -0.0011285006760349936 -0.0009813796833000256; 0.0 -0.0011285006760350037 0.0015290629735920612 -6.898916539111664e-5; 0.0 -0.0009813796833000174 -6.898916539112067e-5 0.001675992075469621],[-0.038063538959135806 0.0 0.0 0.0; 0.0 -0.002119559195416839 0.001043857189125368 0.0008935765997925749; 0.0 0.0010438571891253955 -0.0014167271648257607 6.841001033066872e-5; 0.0 0.0008935765997925443 6.841001033066863e-5 -0.0015338375806408415],0.3
