L,J,Q,θ,μ,ϕx,ϕy,ϕz,ndims,T,χ,dχdlogT,Λ
23,0.25,0.6180339887498949,0.4487989505128276,0.75,3.988913895762518,4.793524033109219,4.986917918334907,3,0.16102620275609392,[0.12025384408180315 0.0 0.0 0.0; 0.0 0.040296124604326404 -0.0176413724327829 -0.018803878496137173; 0.0 -0.0176413724327829 0.03920758271408188 -0.01788995968780642; 0.0 -0.01880387849613721 -0.017889959687806427 0.04063442001998836],[-0.1028431375709161 0.0 0.0 0.0; 0.0 -0.03352568359216594 0.014286134483144074 0.015896165885863962; 0.0 0.014286134483144051 -0.03214978301994236 0.014745496808319318; 0.0 0.015896165885863976 0.014745496808319315 -0.033924374572980615],0.3
