L,J,Q,θ,μ,ϕx,ϕy,ϕz,ndims,T,χ,dχdlogT,Λ
23,1.0,0.6180339887498949,0.4487989505128276,0.75,0.22844566387304216,0.027030545181912335,6.104326023357702,3,10.0,[0.001871821080641014 0.0 0.0 0.0; 0.0 0.00021218255023095438 -7.932834481664442e-5 -9.463054614370544e-5; 0.0 -7.932834481664919e-5 0.00016591190540189764 -6.20484337272828e-5; 0.0 -9.463054614370823e-5 -6.204843372728163e-5 0.0001973647763245315],[-0.0018717301984657608 0.0 0.0 0.0; 0.0 -0.0002121680494751691 7.932268514007049e-5 9.462392839976407e-5; 0.0 7.93226851400663e-5 -0.00016589884024359474 6.204329476630612e-5; 0.0 9.462392839975916e-5 6.204329476630497e-5 -0.00019735049571385262],0.3
