L,J,Q,θ,μ,ϕx,ϕy,ϕz,ndims,T,χ,dχdlogT,Λ
23,5.0,0.6180339887498949,0.4487989505128276,0.75,0.6332610369913497,5.1149981805603915,3.73563864994291,3,0.01268961003167922,[0.15611170426092918 0.0 0.0 0.0; 0.0 0.005701305273527547 -0.002713070677088303 -0.0011663991434578257; 0.0 -0.002713070677088343 0.005009195835019041 -0.0014438446790106193; 0.0 -0.0011663991434578312 -0.0014438446790106746 0.004322732831018025],[-0.04593698069580117 0.0 0.0 0.0; 0.0 -0.001071817079293608 0.0004004803250262571 0.00030452249667094276; 0.0 0.00040048032502625156 -0.000778856049562808 0.00039953001285346725; 0.0 0.00030452249667094276 0.0003995300128534719 -0.0009558474214617563],0.3
