L,J,Q,θ,μ,ϕx,ϕy,ϕz,ndims,T,χ,dχdlogT,Λ
23,0.25,0.6180339887498949,0.4487989505128276,0.75,1.5005035365827155,2.7855744946777476,1.8760035902252763,3,2.043359717856942,[0.010340868511586583 0.0 0.0 0.0; 0.0 0.0035088378657239833 -0.0014932962110225333 -0.0015977384611772136; 0.0 -0.0014932962110225283 0.0033959980017854606 -0.001496125971525731; 0.0 -0.0015977384611772169 -0.001496125971525728 0.0034963305077982025],[-0.010328022098866888 0.0 0.0 0.0; 0.0 -0.0035037070346794173 0.0014908684805736653 0.00159556199988248; 0.0 0.0014908684805736584 -0.0033909419270218718 0.0014940393537419972; 0.0 0.0015955619998824755 0.001494039353741988 -0.0034914947734644803],0.3
