L,J,Q,θ,μ,ϕx,ϕy,ϕz,ndims,T,χ,dχdlogT,Λ
23,20.0,0.6180339887498949,0.4487989505128276,0.75,0.7352284667845863,4.377041932719489,2.8304429963004902,3,0.02395026619987486,[0.039109031900515547 0.0 0.0 0.0; 0.0 0.001117277740234364 -3.1027691729125e-5 -4.934679408485656e-5; 0.0 -3.102769172912494e-5 0.001163220064829939 -6.121675522564937e-5; 0.0 -4.9346794084856496e-5 -6.121675522564923e-5 0.0008214620362156939],[-0.015335773760890483 0.0 0.0 0.0; 0.0 -0.0004559466403441901 -3.455396119768273e-5 5.460606803125814e-6; 0.0 -3.4553961197682814e-5 -0.00048738519516621463 1.5916465207607752e-5; 0.0 5.460606803125823e-6 1.5916465207607786e-5 -0.00025810392447828313],0.3
