L,J,Q,θ,μ,ϕx,ϕy,ϕz,ndims,T,χ,dχdlogT,Λ
23,0.1,0.6180339887498949,0.4487989505128276,0.75,4.132451531425368,5.947095563423896,4.191967794820508,3,1.0826367338740543,[0.01965817691129822 0.0 0.0 0.0; 0.0 0.0081958474765042 -0.003587289333888267 -0.0037011351565688446; 0.0 -0.0035872893338882634 0.00816413163362746 -0.003690817278690352; 0.0 -0.003701135156568844 -0.0036908172786903524 0.008257711025150464],[-0.01957447172434255 0.0 0.0 0.0; 0.0 -0.00816023767227207 0.0035716956746736903 0.003685214924014227; 0.0 0.003571695674673689 -0.008127377377240376 0.003673662962235743; 0.0 0.003685214924014227 0.0036736629622357445 -0.008220847562184037],0.3
