L,J,Q,θ,μ,ϕx,ϕy,ϕz,ndims,T,χ,dχdlogT,Λ
23,4.75,0.6180339887498949,0.4487989505128276,0.75,0.6332610369913497,5.1149981805603915,3.73563864994291,3,5.298316906283709,[0.0014153780308755004 0.0 0.0 0.0; 0.0 6.983698326508833e-5 -3.235204801239818e-5 -1.8453562632418012e-5; 0.0 -3.23520480123976e-5 6.089470407747037e-5 -1.3742248916964365e-5; 0.0 -1.845356263241816e-5 -1.3742248916964194e-5 5.243305983011253e-5],[-0.0014151239710832526 0.0 0.0 0.0; 0.0 -6.981996148012492e-5 3.234530149202102e-5 1.8447803032325106e-5; 0.0 3.2345301492020785e-5 -6.088081915833374e-5 1.3739530507920068e-5; 0.0 1.8447803032325032e-5 1.3739530507920225e-5 -5.241889389631166e-5],0.3
