L,J,Q,θ,μ,ϕx,ϕy,ϕz,ndims,T,χ,dχdlogT,Λ
23,0.75,0.6180339887498949,0.4487989505128276,0.75,0.22844566387304216,0.027030545181912335,6.104326023357702,3,1.0826367338740543,[0.018295547991980715 0.0 0.0 0.0; 0.0 0.0028151247037903177 -0.0010539836578463053 -0.0012645037573244772; 0.0 -0.0010539836578463237 0.002408585570983543 -0.0009846170943150871; 0.0 -0.0012645037573244663 -0.000984617094315111 0.002705191959003882],[-0.018219524876302035 0.0 0.0 0.0; 0.0 -0.002799443428298506 0.001047620069775244 0.0012575754264457033; 0.0 0.0010476200697752628 -0.002393969842140771 0.0009784280074052044; 0.0 0.0012575754264457014 0.0009784280074052033 -0.0026896362285595654],0.3
