L,J,Q,θ,μ,ϕx,ϕy,ϕz,ndims,T,χ,dχdlogT,Λ
23,0.0,0.6180339887498949,0.4487989505128276,0.75,0.6132391830493972,5.0510753425776596,2.6803823129289137,3,0.0853167852417281,[0.2003403983003826 0.0 0.0 0.0; 0.0 0.08886960051303214 -0.039736607289572255 -0.03923111899406266; 0.0 -0.03973660728957224 0.08920081359619954 -0.03961814840345527; 0.0 -0.03923111899406265 -0.03961814840345527 0.08860751361480665],[-0.13463503399013357 0.0 0.0 0.0; 0.0 -0.05934981560565737 0.026095788064721823 0.026707723418314733; 0.0 0.026095788064721823 -0.059103695429692744 0.0265604952722523; 0.0 0.02670772341831473 0.026560495272252294 -0.05976617025121263],0.3
