L,J,Q,θ,μ,ϕx,ϕy,ϕz,ndims,T,χ,dχdlogT,Λ
23,0.5,0.6180339887498949,0.4487989505128276,0.75,3.988913895762518,4.793524033109219,4.986917918334907,3,0.03290344562312668,[0.3197713488741997 0.0 0.0 0.0; 0.0 0.06258220360594877 -0.02460040633914044 -0.029645376659165546; 0.0 -0.02460040633914048 0.05517344602604231 -0.0246472633532594; 0.0 -0.029645376659164672 -0.024647263353258553 0.06072176187882423],[-0.13620499869593328 0.0 0.0 0.0; 0.0 -0.02094655058902414 0.008377924015644984 0.009345566302741356; 0.0 0.008377924015645752 -0.01878861453098908 0.007974274579661227; 0.0 0.009345566302741077 0.007974274579661562 -0.02003443918458173],0.3
