L,J,Q,θ,μ,ϕx,ϕy,ϕz,ndims,T,χ,dχdlogT,Λ
23,1.0,0.6180339887498949,0.4487989505128276,0.75,0.97214979122521,4.062456537363038,2.9445300006073447,3,2.043359717856942,[0.009215634533391245 0.0 0.0 0.0; 0.0 0.0010464009386404736 -0.0003942715626735359 -0.00046376164551384554; 0.0 -0.00039427156267353506 0.0008246983970478486 -0.000312631454155383; 0.0 -0.0004637616455138239 -0.00031263145415538665 0.000975014197099996],[-0.00920479109560565 0.0 0.0 0.0; 0.0 -0.0010446498003074528 0.0003935798288600034 0.000462968130728491; 0.0 0.00039357982886001564 -0.0008231059470966653 0.000311988106617823; 0.0 0.0004629681307285166 0.000311988106617829 -0.0009732899373568049],0.3
