L,J,Q,θ,μ,ϕx,ϕy,ϕz,ndims,T,χ,dχdlogT,Λ
23,0.55,0.6180339887498949,0.4487989505128276,0.75,2.222647089612187,4.144648026706942,2.3246170062327143,3,0.009236708571873866,[0.4613906118794768 0.0 0.0 0.0; 0.0 0.07318851290384368 -0.025853615934686942 -0.033328377676539886; 0.0 -0.025853615934685183 0.06390680713730129 -0.027889281689371694; 0.0 -0.03332837767653842 -0.02788928168937009 0.07337964295939071],[-0.11551356284112103 0.0 0.0 0.0; 0.0 -0.012279145305221343 0.0047943488629032275 0.004087889045288506; 0.0 0.004794348862903261 -0.010597685436026684 0.005174132841273208; 0.0 0.004087889045288543 0.005174132841273047 -0.013158421467909654],0.3
