L,J,Q,θ,μ,ϕx,ϕy,ϕz,ndims,T,χ,dχdlogT,Λ
23,0.3,0.6180339887498949,0.4487989505128276,0.75,0.7255422784305496,3.4349328561497185,3.4347212092384636,3,0.30391953823131973,[0.06915583149806641 0.0 0.0 0.0; 0.0 0.021826465744119703 -0.00907188316943247 -0.009982358520092; 0.0 -0.009071883169432634 0.02072574533043213 -0.009217599851621745; 0.0 -0.00998235852009193 -0.009217599851621856 0.021642767448925362],[-0.06543961404592491 0.0 0.0 0.0; 0.0 -0.02043971266143276 0.008428191319006476 0.009394954085123388; 0.0 0.008428191319006616 -0.01933711965798751 0.00860290590074775; 0.0 0.009394954085123487 0.00860290590074758 -0.020303082968712142],0.3
