L,J,Q,θ,μ,ϕx,ϕy,ϕz,ndims,T,χ,dχdlogT,Λ
23,0.5,0.6180339887498949,0.4487989505128276,0.75,4.009261164013791,2.1984173184720874,2.942941359066305,3,0.009236708571873866,[0.4709366480177961 0.0 0.0 0.0; 0.0 0.0830163939308404 -0.02841155071614042 -0.037646204565468425; 0.0 -0.028411550716140276 0.07244935622531702 -0.031039891555328426; 0.0 -0.037646204565468966 -0.031039891555329453 0.07907583364722047],[-0.11385665371809153 0.0 0.0 0.0; 0.0 -0.015119158780278086 0.005593253619958449 0.005583568233436399; 0.0 0.0055932536199586975 -0.013121635119161236 0.004597492374985816; 0.0 0.005583568233436078 0.0045974923749857784 -0.012307356347404038],0.3
