L,J,Q,θ,μ,ϕx,ϕy,ϕz,ndims,T,χ,dχdlogT,Λ
23,1.5,0.6180339887498949,0.4487989505128276,0.75,0.22844566387304216,0.027030545181912335,6.104326023357702,3,0.004893900918477494,[0.39732442784034766 0.0 0.0 0.0; 0.0 0.014226333287233935 -0.005420330894625729 -0.005967140895701404; 0.0 -0.005420330894625695 0.007106469989737131 -0.00036047968612634625; 0.0 -0.005967140895701368 -0.0003604796861263633 0.010660979063082665],[-0.0916707565156415 0.0 0.0 0.0; 0.0 -0.0007998508965507593 0.00016515666845375574 -0.00010426969018255663; 0.0 0.0001651566684537606 -0.00010313882996753995 -1.6678008493349648e-5; 0.0 -0.00010426969018255388 -1.6678008493349394e-5 -0.00016867700930454246],0.3
