L,J,Q,θ,μ,ϕx,ϕy,ϕz,ndims,T,χ,dχdlogT,Λ
23,5.25,0.6180339887498949,0.4487989505128276,0.75,0.6332610369913497,5.1149981805603915,3.73563864994291,3,1.0826367338740543,[0.006231347462892208 0.0 0.0 0.0; 0.0 0.00028857556724949624 -0.0001265356449852882 -6.567387235042975e-5; 0.0 -0.00012653564498528861 0.0002692044392093886 -6.780342100321217e-5; 0.0 -6.567387235043004e-5 -6.7803421003212e-5 0.00024801814596692396],[-0.006205964425307458 0.0 0.0 0.0; 0.0 -0.00028708560494635757 0.00012596826342420008 6.518307451325047e-5; 0.0 0.00012596826342419623 -0.00026780659092071323 6.748998229111853e-5; 0.0 6.518307451325019e-5 6.748998229111939e-5 -0.0002465709745002603],0.3
