L,J,Q,θ,μ,ϕx,ϕy,ϕz,ndims,T,χ,dχdlogT,Λ
23,0.5,0.6180339887498949,0.4487989505128276,0.75,5.898286875632164,2.2120676557336663,3.0137624604328344,3,0.006723357536499335,[0.496867592354561 0.0 0.0 0.0; 0.0 0.09742171815581177 -0.03185231925535108 -0.046070543725280536; 0.0 -0.03185231925535137 0.08154561965128669 -0.0348121689063475; 0.0 -0.04607054372528145 -0.0348121689063467 0.0890263028059746],[-0.1058425098061415 0.0 0.0 0.0; 0.0 -0.022549347511675893 0.005471628735376442 0.012128635368902532; 0.0 0.005471628735376111 -0.016923142786100256 0.007084488651652817; 0.0 0.012128635368902713 0.007084488651652515 -0.01869331749608893],0.3
