L,J,Q,θ,μ,ϕx,ϕy,ϕz,ndims,T,χ,dχdlogT,Λ
23,0.5,0.6180339887498949,0.4487989505128276,0.75,4.132451531425368,5.947095563423896,4.191967794820508,3,0.002592943797404667,[0.6329560343847216 0.0 0.0 0.0; 0.0 0.10690818918085104 -0.03644384758888098 -0.04482215668430875; 0.0 -0.03644384758888176 0.09403033582184835 -0.039471648764682246; 0.0 -0.044822156684310284 -0.03947164876468255 0.09634796829737603],[-0.11197553221223128 0.0 0.0 0.0; 0.0 -0.019677289477775122 0.0051926588259639 0.00681342306082568; 0.0 0.005192658825963981 -0.014171721126053322 0.005575143533140561; 0.0 0.006813423060825737 0.005575143533140527 -0.011834279938867626],0.3
