L,J,Q,θ,μ,ϕx,ϕy,ϕz,ndims,T,χ,dχdlogT,Λ
23,0.5,0.6180339887498949,0.4487989505128276,0.75,3.988913895762518,4.793524033109219,4.986917918334907,3,0.0853167852417281,[0.19156192449763287 0.0 0.0 0.0; 0.0 0.040749184050941065 -0.016061612263906025 -0.01955679866054979; 0.0 -0.016061612263905817 0.03614089666979558 -0.016495508982087424; 0.0 -0.0195567986605493 -0.016495508982087737 0.0400253346293731],[-0.12899544634065904 0.0 0.0 0.0; 0.0 -0.02440258342691833 0.009486029901804131 0.011514713544205933; 0.0 0.009486029901804702 -0.021207887265876933 0.009329253052574054; 0.0 0.01151471354420644 0.009329253052575011 -0.023285606738715086],0.3
