L,J,Q,θ,μ,ϕx,ϕy,ϕz,ndims,T,χ,dχdlogT,Λ
23,3.0,0.6180339887498949,0.4487989505128276,0.75,1.7725206084735208,0.6911405060171155,5.24499225696323,3,0.0018873918221350976,[0.38654517026066 0.0 0.0 0.0; 0.0 0.007550581351834349 -0.0046223818398449116 -0.00178450135473722; 0.0 -0.004622381839845018 0.007525446604317055 -0.0015088045208151793; 0.0 -0.001784501354737241 -0.0015088045208151819 0.005003659457363215],[-0.07099491771865574 0.0 0.0 0.0; 0.0 -3.64006244416114e-5 6.170440592969055e-5 -1.8020805958790107e-5; 0.0 6.170440592969242e-5 -0.00025736861887992946 8.048755303335505e-5; 0.0 -1.802080595879002e-5 8.048755303335212e-5 -4.276800983201516e-5],0.3
