L,J,Q,θ,μ,ϕx,ϕy,ϕz,ndims,T,χ,dχdlogT,Λ
23,5.0,0.6180339887498949,0.4487989505128276,0.75,0.97214979122521,4.062456537363038,2.9445300006073447,3,0.001,[0.24264435231708842 0.0 0.0 0.0; 0.0 0.0074681057016644835 -0.0037650790055175237 -0.0017030694029041653; 0.0 -0.00376507900551754 0.007266988923876382 -0.0026745969255822263; 0.0 -0.001703069402904148 -0.0026745969255821786 0.006606898756342906],[-0.009144021753452629 0.0 0.0 0.0; 0.0 -7.021028355770884e-5 3.26618779575247e-5 -2.513970573220585e-5; 0.0 3.26618779575243e-5 -0.00029588593047359804 0.00023089085967260855; 0.0 -2.5139705732206128e-5 0.0002308908596726076 -0.0001691128661201914],0.3
