L,J,Q,θ,μ,ϕx,ϕy,ϕz,ndims,T,χ,dχdlogT,Λ
23,0.0,0.6180339887498949,0.4487989505128276,0.75,4.132451531425368,5.947095563423896,4.191967794820508,3,0.009236708571873866,[0.5049603416942264 0.0 0.0 0.0; 0.0 0.22647097654969528 -0.10211482480124087 -0.1013275673983255; 0.0 -0.10211482480124086 0.2229897519806578 -0.09512076972506597; 0.0 -0.10132756739832549 -0.09512076972506599 0.220752249854495],[-0.13423111758516984 0.0 0.0 0.0; 0.0 -0.06171906733067849 0.028952929528454973 0.027472066814401393; 0.0 0.028952929528454987 -0.058775912322241455 0.023390997763646292; 0.0 0.027472066814401376 0.023390997763646292 -0.0580572889914412],0.3
