L,J,Q,θ,μ,ϕx,ϕy,ϕz,ndims,T,χ,dχdlogT,Λ
23,5.75,0.6180339887498949,0.4487989505128276,0.75,0.6332610369913497,5.1149981805603915,3.73563864994291,3,7.27895384398315,[0.000866575179615715 0.0 0.0 0.0; 0.0 3.9000607409496337e-5 -1.634893253842981e-5 -7.617277022970983e-6; 0.0 -1.634893253843005e-5 3.707060584891481e-5 -9.156444668387769e-6; 0.0 -7.617277022970954e-6 -9.156444668387842e-6 3.5903776218728614e-5],[-0.000866496709446512 0.0 0.0 0.0; 0.0 -3.899629308280662e-5 1.634725475308602e-5 7.616088217051027e-6; 0.0 1.6347254753085727e-5 -3.706658030252039e-5 9.155511669896848e-6; 0.0 7.616088217051161e-6 9.155511669896856e-6 -3.5899518636037955e-5],0.3
