L,J,Q,θ,μ,ϕx,ϕy,ϕz,ndims,T,χ,dχdlogT,Λ
23,1.0,0.6180339887498949,0.4487989505128276,0.75,0.22844566387304216,0.027030545181912335,6.104326023357702,3,0.11721022975334802,[0.13913166488540316 0.0 0.0 0.0; 0.0 0.014946233612759138 -0.005532996396102762 -0.006639448030752968; 0.0 -0.0055329963961028945 0.011349584344297363 -0.004200899586830646; 0.0 -0.006639448030753008 -0.004200899586830566 0.01374594870888014],[-0.10857146773157765 0.0 0.0 0.0; 0.0 -0.010442258939523585 0.0037689583347975094 0.004601853993518389; 0.0 0.003768958334797558 -0.007406957736588647 0.002678959494627502; 0.0 0.004601853993518372 0.002678959494627476 -0.009356179404681348],0.3
