L,J,Q,θ,μ,ϕx,ϕy,ϕz,ndims,T,χ,dχdlogT,Λ
23,0.1,0.6180339887498949,0.4487989505128276,0.75,3.6822457021050115,1.9694226952086327,2.165796606683477,3,1.4873521072935114,[0.014626194704122792 0.0 0.0 0.0; 0.0 0.006015313929863823 -0.0026595224235423784 -0.0026936485013541547; 0.0 -0.0026595224235423797 0.0060399639261204926 -0.002702182671013561; 0.0 -0.0026936485013541547 -0.0027021826710135616 0.0060480321159347445],[-0.014591421783575287 0.0 0.0 0.0; 0.0 -0.006000821659972549 0.0026528226411043835 0.0026874301484383556; 0.0 0.0026528226411043822 -0.006025072623701489 0.002695775590322132; 0.0 0.0026874301484383577 0.0026957755903221324 -0.006033821920279465],0.3
