L,J,Q,θ,μ,ϕx,ϕy,ϕz,ndims,T,χ,dχdlogT,Λ
23,0.5,0.6180339887498949,0.4487989505128276,0.75,0.22844566387304216,0.027030545181912335,6.104326023357702,3,0.11721022975334802,[0.15213710424540758 0.0 0.0 0.0; 0.0 0.03314873073765738 -0.01230183872729417 -0.015666321784613663; 0.0 -0.01230183872729405 0.029086376309145425 -0.012717339470560423; 0.0 -0.01566632178461321 -0.012717339470560167 0.032810385025610456],[-0.11578252744336869 0.0 0.0 0.0; 0.0 -0.022920710388997075 0.00823027968513212 0.010844761049908237; 0.0 0.008230279685131727 -0.020256500909333914 0.008830291299757409; 0.0 0.010844761049908181 0.008830291299757067 -0.02281678920650939],0.3
