L,J,Q,θ,μ,ϕx,ϕy,ϕz,ndims,T,χ,dχdlogT,Λ
23,1.0,0.6180339887498949,0.4487989505128276,0.75,0.6332610369913497,5.1149981805603915,3.73563864994291,3,0.009236708571873866,[0.4118309197701869 0.0 0.0 0.0; 0.0 0.032602598402118745 -0.012143723371793142 -0.013906483298152425; 0.0 -0.01214372337179245 0.019159566643760947 -0.005729026971433872; 0.0 -0.013906483298153178 -0.005729026971434057 0.023978490333901543],[-0.10269614824733446 0.0 0.0 0.0; 0.0 -0.0044930815439129445 0.0007470978140930797 0.0018913758581576374; 0.0 0.0007470978140931156 -0.0010446833614240368 4.6513481704491494e-5; 0.0 0.0018913758581576754 4.651348170449177e-5 -0.0024344073796531214],0.3
