L,J,Q,θ,μ,ϕx,ϕy,ϕz,ndims,T,χ,dχdlogT,Λ
23,0.55,0.6180339887498949,0.4487989505128276,0.75,1.9901092843447468,5.411747857943236,4.4451051863530715,3,5.298316906283709,[0.0038234595646233164 0.0 0.0 0.0; 0.0 0.0007837747613496566 -0.0002912213118044595 -0.0003695295828933467; 0.0 -0.00029122131180445523 0.0007093457150350674 -0.0003139003926957454; 0.0 -0.0003695295828933416 -0.00031390039269574684 0.0007861540881473621],[-0.0038227732679488712 0.0 0.0 0.0; 0.0 -0.0007835932251902765 0.00029114640766390556 0.000369444342689232; 0.0 0.00029114640766387466 -0.0007091670162490975 0.00031381662186651685; 0.0 0.00036944434268923557 0.00031381662186651967 -0.0007859623427132644],0.3
