L,J,Q,θ,μ,ϕx,ϕy,ϕz,ndims,T,χ,dχdlogT,Λ
23,0.0,0.6180339887498949,0.4487989505128276,0.75,3.6822457021050115,1.9694226952086327,2.165796606683477,3,0.11721022975334802,[0.161014541656984 0.0 0.0 0.0; 0.0 0.07057077658833212 -0.030710166267306112 -0.03199989508469202; 0.0 -0.030710166267306105 0.07008002435562037 -0.031065948384639563; 0.0 -0.03199989508469201 -0.03106594838463957 0.07102977008096818],[-0.12257692749396347 0.0 0.0 0.0; 0.0 -0.053671145842538424 0.02339577901701266 0.024279552154281882; 0.0 0.023395779017012668 -0.05356278905642918 0.02397577750702522; 0.0 0.024279552154281875 0.02397577750702522 -0.054279293766008416],0.3
