L,J,Q,θ,μ,ϕx,ϕy,ϕz,ndims,T,χ,dχdlogT,Λ
23,1.5,0.6180339887498949,0.4487989505128276,0.75,0.6332610369913497,5.1149981805603915,3.73563864994291,3,1.4873521072935114,[0.010238394921039815 0.0 0.0 0.0; 0.0 0.0007974069432419269 -0.0003724899793281437 -0.00032803514529564277; 0.0 -0.0003724899793281604 0.0004668305392516291 -3.9852697435736134e-5; 0.0 -0.00032803514529565475 -3.985269743573726e-5 0.0004994535367466755],[-0.01021417173993941 0.0 0.0 0.0; 0.0 -0.0007943986383976234 0.000371114360345219 0.00032681724774590156; 0.0 0.00037111436034523263 -0.00046494998523038034 3.956442391040175e-5; 0.0 0.0003268172477458809 3.9564423910401786e-5 -0.0004974601456960739],0.3
