L,J,Q,θ,μ,ϕx,ϕy,ϕz,ndims,T,χ,dχdlogT,Λ
23,6.0,0.6180339887498949,0.4487989505128276,0.75,0.6332610369913497,5.1149981805603915,3.73563864994291,3,0.002592943797404667,[0.20845962656867073 0.0 0.0 0.0; 0.0 0.007509191859798679 -0.0030843641935228913 -0.0009402217037733471; 0.0 -0.003084364193522879 0.006896350556847276 -0.002127803157978284; 0.0 -0.0009402217037733508 -0.002127803157978271 0.006911032543123718],[-0.03857743635061775 0.0 0.0 0.0; 0.0 -0.0017473658832403735 0.000250331195759598 0.0006077370854751583; 0.0 0.00025033119575960017 -0.0007412778181959674 0.0005822928103245701; 0.0 0.0006077370854751428 0.0005822928103245677 -0.001234265601098586],0.3
