L,J,Q,θ,μ,ϕx,ϕy,ϕz,ndims,T,χ,dχdlogT,Λ
23,0.55,0.6180339887498949,0.4487989505128276,0.75,4.47228912932255,1.1729273679174639,1.744469154494291,3,0.001,[0.8592223241870285 0.0 0.0 0.0; 0.0 0.1126240930880443 -0.04137888816375456 -0.048312264598685865; 0.0 -0.04137888816375354 0.1305969662957942 -0.06531584894409; 0.0 -0.04831226459868843 -0.06531584894408789 0.1322107355458244],[-0.16165670033387758 0.0 0.0 0.0; 0.0 -0.011634476794672166 0.0034376316753369197 0.005497997710167393; 0.0 0.003437631675336943 -0.028171716511750218 0.016932873700975206; 0.0 0.005497997710167232 0.016932873700974935 -0.02323731613344564],0.3
