L,J,Q,θ,μ,ϕx,ϕy,ϕz,ndims,T,χ,dχdlogT,Λ
23,1.25,0.6180339887498949,0.4487989505128276,0.75,0.6332610369913497,5.1149981805603915,3.73563864994291,3,3.856620421163471,[0.004389324365664188 0.0 0.0 0.0; 0.0 0.00041330213110804797 -0.00018016195391672274 -0.00017615676269496956; 0.0 -0.00018016195391672182 0.0002552213000303995 -5.287488074642584e-5; 0.0 -0.0001761567626949701 -5.287488074642817e-5 0.00028816651754935354],[-0.004387725112377251 0.0 0.0 0.0; 0.0 -0.0004130671116411118 0.00018006436481143542 0.0001760553685984455; 0.0 0.00018006436481143054 -0.00025506578009272356 5.282881605405827e-5; 0.0 0.00017605536859844974 5.28288160540573e-5 -0.00028798997890127416],0.3
