L,J,Q,θ,μ,ϕx,ϕy,ϕz,ndims,T,χ,dχdlogT,Λ
23,20.0,0.6180339887498949,0.4487989505128276,0.75,1.524777261286139,2.2112335093899436,3.542671696297912,3,0.0013738237958832624,[0.0651136611827818 0.0 0.0 0.0; 0.0 0.0013352517811490343 -6.973635413474074e-5 -7.879797188626812e-5; 0.0 -6.973635413474106e-5 0.0021202581977751984 -6.682763688851082e-5; 0.0 -7.879797188626818e-5 -6.682763688851071e-5 0.0023875772075496724],[-0.00205859622717914 0.0 0.0 0.0; 0.0 -2.2062243431362796e-6 -1.6932392557915742e-5 1.4064708237029138e-6; 0.0 -1.693239255791575e-5 -0.00016042959488586953 1.1171833195685276e-5; 0.0 1.4064708237029126e-6 1.1171833195685264e-5 -6.531409065771416e-6],0.3
