L,J,Q,θ,μ,ϕx,ϕy,ϕz,ndims,T,χ,dχdlogT,Λ
23,2.5,0.6180339887498949,0.4487989505128276,0.75,5.443055248262404,2.0345440362609843,5.209153482123955,3,0.5736152510448679,[0.020049938916658103 0.0 0.0 0.0; 0.0 0.0010486931369432608 -0.0005066434291507125 -0.00044060254380106327; 0.0 -0.0005066434291507425 0.000756880636788509 -5.572923012823572e-5; 0.0 -0.0004406025438010737 -5.572923012823512e-5 0.0008384518814636349],[-0.01974893097100898 0.0 0.0 0.0; 0.0 -0.0010225367434320916 0.0004945891149041909 0.00042879761365050944; 0.0 0.00049458911490419 -0.0007390429625939328 5.4594817131375536e-5; 0.0 0.00042879761365052446 5.459481713137356e-5 -0.0008161877386969064],0.3
