L,J,Q,θ,μ,ϕx,ϕy,ϕz,ndims,T,χ,dχdlogT,Λ
23,0.25,0.6180339887498949,0.4487989505128276,0.75,1.5005035365827155,2.7855744946777476,1.8760035902252763,3,3.856620421163471,[0.005481370022283021 0.0 0.0 0.0; 0.0 0.0018600721707283507 -0.0007916587486904843 -0.0008469475971925628; 0.0 -0.0007916587486904822 0.0018002717518658669 -0.0007930929262422679; 0.0 -0.0008469475971925647 -0.000793092926242268 0.0018533890277406173],[-0.005479455692485861 0.0 0.0 0.0; 0.0 -0.001859307471300105 0.000791296889853587 0.0008466232461759626; 0.0 0.0007912968898535846 -0.001799518231183456 0.0007927819916264904; 0.0 0.0008466232461759611 0.0007927819916264903 -0.0018526684043044521],0.3
