L,J,Q,θ,μ,ϕx,ϕy,ϕz,ndims,T,χ,dχdlogT,Λ
23,2.5,0.6180339887498949,0.4487989505128276,0.75,4.009261164013791,2.1984173184720874,2.942941359066305,3,0.2212216291070449,[0.049863896024444056 0.0 0.0 0.0; 0.0 0.0025303441334191628 -0.0012326018041061717 -0.0010450621451056955; 0.0 -0.001232601804106178 0.0018450663825004497 -0.00014332076122726525; 0.0 -0.0010450621451056623 -0.00014332076122726295 0.001999435351651993],[-0.04547920131285154 0.0 0.0 0.0; 0.0 -0.0021659953660529445 0.001062488014524034 0.0008848526618178167; 0.0 0.0010624880145240342 -0.001592114267091579 0.00012441486813210217; 0.0 0.0008848526618178027 0.0001244148681321006 -0.001693414986600001],0.3
