L,J,Q,θ,μ,ϕx,ϕy,ϕz,ndims,T,χ,dχdlogT,Λ
23,0.25,0.6180339887498949,0.4487989505128276,0.75,3.7834485991058378,5.191457217282227,1.2110103659123468,3,0.30391953823131973,[0.06830059389897715 0.0 0.0 0.0; 0.0 0.023349970512944043 -0.0094579361751237 -0.011051684860157425; 0.0 -0.009457936175123716 0.021617484159239208 -0.009691574704845681; 0.0 -0.01105168486015739 -0.009691574704845666 0.023449381045712477],[-0.06462633578400206 0.0 0.0 0.0; 0.0 -0.021882845451078048 0.008860853244190989 0.010348767875024902; 0.0 0.008860853244190992 -0.020305777512591317 0.009105356169421997; 0.0 0.010348767875024825 0.009105356169422011 -0.02200551114985184],0.3
