L,J,Q,θ,μ,ϕx,ϕy,ϕz,ndims,T,χ,dχdlogT,Λ
23,0.4,0.6180339887498949,0.4487989505128276,0.75,0.7255422784305496,3.4349328561497185,3.4347212092384636,3,10.0,[0.0021081057092237256 0.0 0.0 0.0; 0.0 0.0005587291316794364 -0.00022361827763123248 -0.00025827274839866876; 0.0 -0.00022361827763124734 0.0005147802287470547 -0.00022925738361860028; 0.0 -0.00025827274839866664 -0.00022925738361860096 0.0005618788025288843],[-0.002107994293203328 0.0 0.0 0.0; 0.0 -0.0005586919963169114 0.00022360116008384194 0.00025825679161380576; 0.0 0.00022360116008383877 -0.0005147442375870177 0.00022924132671772385; 0.0 0.0002582567916138115 0.00022924132671773507 -0.0005618417114944736],0.3
