L,J,Q,θ,μ,ϕx,ϕy,ϕz,ndims,T,χ,dχdlogT,Λ
23,0.45,0.6180339887498949,0.4487989505128276,0.75,5.114081781791591,1.9778970122642205,6.104975597610122,3,0.004893900918477494,[0.5806350135234735 0.0 0.0 0.0; 0.0 0.10583315041457902 -0.0356972236018837 -0.048409816854172005; 0.0 -0.0356972236018828 0.10527567466690016 -0.04990844032385167; 0.0 -0.04840981685417289 -0.04990844032385337 0.11006961994938397],[-0.14067168315130224 0.0 0.0 0.0; 0.0 -0.019540493592915383 0.007174777716103787 0.006246685094491229; 0.0 0.007174777716104033 -0.02311757486207897 0.012088342739987563; 0.0 0.0062466850944912005 0.012088342739987587 -0.021919207940174656],0.3
