L,J,Q,θ,μ,ϕx,ϕy,ϕz,ndims,T,χ,dχdlogT,Λ
23,0.4,0.6180339887498949,0.4487989505128276,0.75,1.5233928088781696,4.893013926962995,3.340928606532302,3,0.11721022975334802,[0.1531322540411807 0.0 0.0 0.0; 0.0 0.03889606206868857 -0.01484173916958461 -0.018295687628539267; 0.0 -0.014841739169584822 0.035614283992445414 -0.015998863460971017; 0.0 -0.018295687628539486 -0.01599886346097077 0.03917680514758586],[-0.11673286350447383 0.0 0.0 0.0; 0.0 -0.027563402534588586 0.010098255211481336 0.013152883557159673; 0.0 0.010098255211480736 -0.025063641408765925 0.011186792686412728; 0.0 0.013152883557159833 0.011186792686413118 -0.027728536226954044],0.3
