L,J,Q,θ,μ,ϕx,ϕy,ϕz,ndims,T,χ,dχdlogT,Λ
23,0.1,0.6180339887498949,0.4487989505128276,0.75,4.132451531425368,5.947095563423896,4.191967794820508,3,2.807216203941177,[0.007595206319550505 0.0 0.0 0.0; 0.0 0.0031666955881231996 -0.0013860511870504486 -0.0014300108083618681; 0.0 -0.0013860511870504506 0.003154652768240378 -0.001426235085148072; 0.0 -0.0014300108083618677 -0.0014262350851480725 0.0031907605773163895],[-0.007590367425981056 0.0 0.0 0.0; 0.0 -0.0031646368741776224 0.0013851495973747677 0.00142909048529962; 0.0 0.0013851495973747675 -0.0031525277659413004 0.0014252433319062734; 0.0 0.0014290904852996204 0.001425243331906274 -0.003188629406773409],0.3
