L,J,Q,θ,μ,ϕx,ϕy,ϕz,ndims,T,χ,dχdlogT,Λ
23,0.45,0.6180339887498949,0.4487989505128276,0.75,0.7255422784305496,3.4349328561497185,3.4347212092384636,3,0.11721022975334802,[0.15331883038488955 0.0 0.0 0.0; 0.0 0.03566153609698991 -0.013674655146288267 -0.016606199539843578; 0.0 -0.01367465514628832 0.03262600234002869 -0.014551707803913665; 0.0 -0.016606199539844303 -0.014551707803914505 0.0359760798021116],[-0.11629431940450834 0.0 0.0 0.0; 0.0 -0.025012651923658886 0.008899473977318018 0.01198120495021178; 0.0 0.008899473977318216 -0.022428035310612493 0.010046895859058226; 0.0 0.0119812049502113 0.010046895859058172 -0.025282983150671238],0.3
