L,J,Q,θ,μ,ϕx,ϕy,ϕz,ndims,T,χ,dχdlogT,Λ
23,0.1,0.6180339887498949,0.4487989505128276,0.75,1.5233928088781696,4.893013926962995,3.340928606532302,3,3.856620421163471,[0.005550643946435644 0.0 0.0 0.0; 0.0 0.0023147833900913086 -0.0009736766120107382 -0.0010867316156884378; 0.0 -0.0009736766120107386 0.002244171244506074 -0.0010162791500045064; 0.0 -0.0010867316156884378 -0.0010162791500045057 0.002338270989452058],[-0.005548754093797047 0.0 0.0 0.0; 0.0 -0.0023139642543563046 0.0009733637206339701 0.0010863140986758482; 0.0 0.0009733637206339701 -0.002243423744172945 0.0010159363214603595; 0.0 0.001086314098675848 0.0010159363214603588 -0.002337431744435156],0.3
