L,J,Q,θ,μ,ϕx,ϕy,ϕz,ndims,T,χ,dχdlogT,Λ
23,0.75,0.6180339887498949,0.4487989505128276,0.75,4.009261164013791,2.1984173184720874,2.942941359066305,3,1.0826367338740543,[0.018069437904422704 0.0 0.0 0.0; 0.0 0.002778452204022014 -0.0010271930074635931 -0.0012497647708471643; 0.0 -0.0010271930074636046 0.0023854959600778736 -0.0010109580456281512; 0.0 -0.001249764770847191 -0.0010109580456282056 0.0027006360925443352],[-0.01799667260447492 0.0 0.0 0.0; 0.0 -0.0027633572585183583 0.0010213433063071499 0.0012429075185744938; 0.0 0.0010213433063071065 -0.002371369952349178 0.0010044831692635604; 0.0 0.0012429075185745224 0.0010044831692635665 -0.0026851086175479913],0.3
