L,J,Q,θ,μ,ϕx,ϕy,ϕz,ndims,T,χ,dχdlogT,Λ
23,0.1,0.6180339887498949,0.4487989505128276,0.75,5.443055248262404,2.0345440362609843,5.209153482123955,3,7.27895384398315,[0.0030400468196010565 0.0 0.0 0.0; 0.0 0.001264362821366352 -0.0005511151966447383 -0.0005673291568141024; 0.0 -0.0005511151966447383 0.0012294886016000093 -0.000543785175547659; 0.0 -0.0005673291568141023 -0.0005437851755476594 0.0012592946805671313],[-0.003039725319286302 0.0 0.0 0.0; 0.0 -0.0012642297992421724 0.0005510553545418475 0.0005672723639797676; 0.0 0.0005510553545418474 -0.0012293595550190916 0.0005437285253538041; 0.0 0.0005672723639797676 0.0005437285253538043 -0.0012591636343549312],0.3
