L,J,Q,θ,μ,ϕx,ϕy,ϕz,ndims,T,χ,dχdlogT,Λ
23,5.0,0.6180339887498949,0.4487989505128276,0.75,0.97214979122521,4.062456537363038,2.9445300006073447,3,0.003562247890262444,[0.21272641505551612 0.0 0.0 0.0; 0.0 0.006934709161626237 -0.003500090094151766 -0.001627703464395388; 0.0 -0.0035000900941517233 0.00654897918286148 -0.0021875189139688904; 0.0 -0.001627703464395405 -0.0021875189139688423 0.005945676845952149],[-0.03760923501760092 0.0 0.0 0.0; 0.0 -0.0008592110961670273 0.0003718766390090449 0.0002631551420414924; 0.0 0.00037187663900904255 -0.0007265183877382021 0.00045576733582799875; 0.0 0.00026315514204149483 0.00045576733582799415 -0.0009453755065399019],0.3
