L,J,Q,θ,μ,ϕx,ϕy,ϕz,ndims,T,χ,dχdlogT,Λ
23,3.0,0.6180339887498949,0.4487989505128276,0.75,1.5005035365827155,2.7855744946777476,1.8760035902252763,3,0.002592943797404667,[0.36322419141533224 0.0 0.0 0.0; 0.0 0.007500399156374952 -0.004370895967225891 -0.001981136580962588; 0.0 -0.004370895967226113 0.007219208036619563 -0.0014184524748245143; 0.0 -0.001981136580962555 -0.0014184524748245232 0.004991401619401607],[-0.0755667099850895 0.0 0.0 0.0; 0.0 -9.856647734657918e-5 1.779820760577807e-5 5.7609327497909193e-5; 0.0 1.7798207605778205e-5 -0.00017674520326230119 6.686059573131384e-5; 0.0 5.7609327497908814e-5 6.686059573131391e-5 -7.026659384588534e-5],0.3
