L,J,Q,θ,μ,ϕx,ϕy,ϕz,ndims,T,χ,dχdlogT,Λ
23,0.45,0.6180339887498949,0.4487989505128276,0.75,4.132451531425368,5.947095563423896,4.191967794820508,3,0.04520353656360243,[0.2752687925722035 0.0 0.0 0.0; 0.0 0.05970261313304777 -0.021537003668377238 -0.028405969906355175; 0.0 -0.021537003668376697 0.05353019131931878 -0.023603370103697403; 0.0 -0.028405969906355227 -0.023603370103696047 0.059616467299256126],[-0.13415003285718963 0.0 0.0 0.0; 0.0 -0.023798493954332294 0.007734352796044989 0.0111958673881577; 0.0 0.007734352796045331 -0.02041780828044631 0.008795795700800454; 0.0 0.01119586738815687 0.008795795700800689 -0.023415103824370335],0.3
