L,J,Q,θ,μ,ϕx,ϕy,ϕz,ndims,T,χ,dχdlogT,Λ
23,0.1,0.6180339887498949,0.4487989505128276,0.75,3.7834485991058378,5.191457217282227,1.2110103659123468,3,0.006723357536499335,[0.49317127824108203 0.0 0.0 0.0; 0.0 0.19586559658429598 -0.08611133375312748 -0.08367977435192235; 0.0 -0.0861113337531275 0.19277105002652906 -0.087689972189451; 0.0 -0.08367977435192231 -0.08768997218945096 0.19202692311904432],[-0.09716621703668286 0.0 0.0 0.0; 0.0 -0.036750629416755026 0.01783786458527286 0.010910778320383552; 0.0 0.01783786458527286 -0.033683434428192514 0.015721517942524316; 0.0 0.010910778320383547 0.015721517942524323 -0.030953405194677083],0.3
