L,J,Q,θ,μ,ϕx,ϕy,ϕz,ndims,T,χ,dχdlogT,Λ
23,1.0,0.6180339887498949,0.4487989505128276,0.75,1.7725206084735208,0.6911405060171155,5.24499225696323,3,0.009236708571873866,[0.48036676483806645 0.0 0.0 0.0; 0.0 0.03518274722108359 -0.01287511697237426 -0.014343081000239902; 0.0 -0.012875116972375249 0.023341012373437064 -0.007725891517256056; 0.0 -0.014343081000240293 -0.0077258915172564065 0.030154334552994946],[-0.14404342772710818 0.0 0.0 0.0; 0.0 -0.004129713784800233 0.0017764424593145532 0.0009959820090792851; 0.0 0.0017764424593145912 -0.0026459625340006813 0.0006999347158442779; 0.0 0.0009959820090793036 0.0006999347158442783 -0.003948981382428226],0.3
