L,J,Q,θ,μ,ϕx,ϕy,ϕz,ndims,T,χ,dχdlogT,Λ
23,0.5,0.6180339887498949,0.4487989505128276,0.75,4.47228912932255,1.1729273679174639,1.744469154494291,3,0.7880462815669912,[0.025837447500391717 0.0 0.0 0.0; 0.0 0.005764328799687976 -0.0022397847212421622 -0.0026939125214281903; 0.0 -0.00223978472124211 0.005234711217276617 -0.0022873254915809437; 0.0 -0.0026939125214282544 -0.0022873254915810443 0.0058257685311403256],[-0.025627231075456936 0.0 0.0 0.0; 0.0 -0.005703434066150464 0.0022127952537049048 0.0026663141907393253; 0.0 0.002212795253704833 -0.005176729850472449 0.0022616360288467007; 0.0 0.0026663141907391783 0.0022616360288466 -0.005762663128479384],0.3
