L,J,Q,θ,μ,ϕx,ϕy,ϕz,ndims,T,χ,dχdlogT,Λ
23,4.25,0.6180339887498949,0.4487989505128276,0.75,0.6332610369913497,5.1149981805603915,3.73563864994291,3,0.004893900918477494,[0.2383088993204201 0.0 0.0 0.0; 0.0 0.007178578969337847 -0.003699787754338186 -0.0020532148574565227; 0.0 -0.0036997877543382693 0.006304077999219188 -0.0014364758198792764; 0.0 -0.002053214857456559 -0.0014364758198792858 0.004726674226514631],[-0.057336976273051204 0.0 0.0 0.0; 0.0 -0.0006969870791467388 0.00015315783424593902 0.0003321659267848681; 0.0 0.00015315783424594645 -0.0004696655515283544 0.00025070308866403566; 0.0 0.00033216592678486515 0.0002507030886640343 -0.0005329791622925999],0.3
