L,J,Q,θ,μ,ϕx,ϕy,ϕz,ndims,T,χ,dχdlogT,Λ
23,2.25,0.6180339887498949,0.4487989505128276,0.75,0.6332610369913497,5.1149981805603915,3.73563864994291,3,0.11721022975334802,[0.09653053432446511 0.0 0.0 0.0; 0.0 0.005322561712704939 -0.002613883317988032 -0.0022664163238598953; 0.0 -0.002613883317988055 0.0034241801550330773 -0.00013526968205364382; 0.0 -0.002266416323859847 -0.00013526968205363965 0.00373503100842842],[-0.07472586193047018 0.0 0.0 0.0; 0.0 -0.003294119335451104 0.0016545741083575612 0.0013557524958944169; 0.0 0.0016545741083575476 -0.002200677643711537 0.00012989988155983305; 0.0 0.0013557524958945008 0.00012989988155982744 -0.002302603634318353],0.3
