L,J,Q,θ,μ,ϕx,ϕy,ϕz,ndims,T,χ,dχdlogT,Λ
23,4.0,0.6180339887498949,0.4487989505128276,0.75,0.6332610369913497,5.1149981805603915,3.73563864994291,3,0.001,[0.3325181310326641 0.0 0.0 0.0; 0.0 0.0077825232309299665 -0.004496044144190807 -0.0021447254609231405; 0.0 -0.004496044144190921 0.007428514753882961 -0.001297376024222469; 0.0 -0.0021447254609231452 -0.001297376024222486 0.004709357918308467],[-0.0478109879797502 0.0 0.0 0.0; 0.0 -0.00017670316560380197 -1.6661952712870158e-5 6.636311321851653e-5; 0.0 -1.666195271287024e-5 -3.332699672706896e-5 2.0082046862159463e-5; 0.0 6.636311321851596e-5 2.0082046862159517e-5 -4.680728120299167e-5],0.3
