L,J,Q,θ,μ,ϕx,ϕy,ϕz,ndims,T,χ,dχdlogT,Λ
23,5.25,0.6180339887498949,0.4487989505128276,0.75,0.6332610369913497,5.1149981805603915,3.73563864994291,3,0.0018873918221350976,[0.2519610817243276 0.0 0.0 0.0; 0.0 0.008032923251074749 -0.0027238295562958042 -0.0016425266924316646; 0.0 -0.002723829556295793 0.006390266816989264 -0.002107513647756981; 0.0 -0.0016425266924316737 -0.002107513647757024 0.007012005736715866],[-0.06351808191851512 0.0 0.0 0.0; 0.0 -0.0015505445138734417 -8.825276636003946e-5 0.0003390449489040271; 0.0 -8.825276636003882e-5 -0.0005934990500988614 0.0004539500159626722; 0.0 0.000339044948904029 0.00045395001596266614 -0.0014706289599774884],0.3
