L,J,Q,θ,μ,ϕx,ϕy,ϕz,ndims,T,χ,dχdlogT,Λ
23,0.55,0.6180339887498949,0.4487989505128276,0.75,2.222647089612187,4.144648026706942,2.3246170062327143,3,2.043359717856942,[0.009999282831014325 0.0 0.0 0.0; 0.0 0.0020689768059457816 -0.0007799792992348722 -0.0009729146498524135; 0.0 -0.0007799792992348823 0.0018648385419323397 -0.0008247589668360492; 0.0 -0.0009729146498524418 -0.0008247589668360875 0.0020952974006113456],[-0.009987050412185257 0.0 0.0 0.0; 0.0 -0.002065687161137114 0.0007785960689647755 0.0009713731862929047; 0.0 0.0007785960689647958 -0.0018616874919071503 0.0008233344522372418; 0.0 0.0009713731862929524 0.0008233344522372131 -0.0020918453602234697],0.3
