L,J,Q,θ,μ,ϕx,ϕy,ϕz,ndims,T,χ,dχdlogT,Λ
23,0.0,0.6180339887498949,0.4487989505128276,0.75,4.009261164013791,2.1984173184720874,2.942941359066305,3,0.01268961003167922,[0.45208050484846496 0.0 0.0 0.0; 0.0 0.2026288003866135 -0.09177212480693718 -0.08969163485352204; 0.0 -0.09177212480693717 0.2008410021593105 -0.08818309490312498; 0.0 -0.08969163485352198 -0.08818309490312498 0.20124012924054493],[-0.12161821831422318 0.0 0.0 0.0; 0.0 -0.058928462760532124 0.026975921992398497 0.0270111730690265; 0.0 0.026975921992398493 -0.05150858540866219 0.01998447139022704; 0.0 0.027011173069026492 0.01998447139022705 -0.05460057739206129],0.3
