L,J,Q,θ,μ,ϕx,ϕy,ϕz,ndims,T,χ,dχdlogT,Λ
23,0.5,0.6180339887498949,0.4487989505128276,0.75,0.6843175658765802,5.846424922072252,2.4570100617257045,3,0.04520353656360243,[0.27415957335658164 0.0 0.0 0.0; 0.0 0.054679586253234644 -0.019260341444457 -0.026041930889342924; 0.0 -0.019260341444457988 0.04790057903207587 -0.020912079356515314; 0.0 -0.026041930889342493 -0.020912079356516605 0.05412845800922085],[-0.13488650687288892 0.0 0.0 0.0; 0.0 -0.02224008729897009 0.006496943856812895 0.011094075301161032; 0.0 0.006496943856813229 -0.01865243404716602 0.007785638051328277; 0.0 0.01109407530116123 0.00778563805132915 -0.021415890654358494],0.3
