L,J,Q,θ,μ,ϕx,ϕy,ϕz,ndims,T,χ,dχdlogT,Λ
23,0.5,0.6180339887498949,0.4487989505128276,0.75,1.5005035365827155,2.7855744946777476,1.8760035902252763,3,0.017433288221999882,[0.4017743078452016 0.0 0.0 0.0; 0.0 0.07677796134923522 -0.02611694359106969 -0.03716395502947545; 0.0 -0.026116943591070318 0.06629231332570808 -0.027885047908000147; 0.0 -0.037163955029479334 -0.02788504790799953 0.07408055010654102],[-0.13154702513652658 0.0 0.0 0.0; 0.0 -0.021947455129830675 0.006888063514544854 0.011342969564961067; 0.0 0.0068880635145447495 -0.01829849456386486 0.0064344223252874; 0.0 0.011342969564960883 0.006434422325287447 -0.01981795202484097],0.3
