L,J,Q,θ,μ,ϕx,ϕy,ϕz,ndims,T,χ,dχdlogT,Λ
23,20.0,0.6180339887498949,0.4487989505128276,0.75,1.5592943070760379,5.335278045540041,5.601181029807369,3,0.06210169418915616,[0.02674059608580636 0.0 0.0 0.0; 0.0 0.000728538693876558 -1.8062824291413207e-5 -8.069824311415953e-5; 0.0 -1.8062824291413244e-5 0.0006405546708173661 -8.072809044421343e-5; 0.0 -8.069824311415956e-5 -8.07280904442134e-5 0.0006733872920980593],[-0.016439962118064252 0.0 0.0 0.0; 0.0 -0.0004563875865711097 9.18774581304086e-6 3.485183736943977e-5; 0.0 9.187745813040863e-6 -0.00033983688982411136 5.286886853039694e-5; 0.0 3.4851837369439564e-5 5.2868868530396884e-5 -0.0003821627564726019],0.3
.3
