L,J,Q,θ,μ,ϕx,ϕy,ϕz,ndims,T,χ,dχdlogT,Λ
23,0.5,0.6180339887498949,0.4487989505128276,0.75,5.114081781791591,1.9778970122642205,6.104975597610122,3,0.30391953823131973,[0.06633544452424975 0.0 0.0 0.0; 0.0 0.01498375374535224 -0.0055978981484156795 -0.007132349653924571; 0.0 -0.0055978981484157125 0.013181904940074712 -0.005759304105261959; 0.0 -0.007132349653924805 -0.005759304105262162 0.014773422366942705],[-0.06290883970566054 0.0 0.0 0.0; 0.0 -0.01394677759274096 0.005176336319852775 0.006638364959210045; 0.0 0.005176336319852836 -0.012272015078031662 0.005360612955482909; 0.0 0.0066383649592096855 0.005360612955482825 -0.01376293928807129],0.3
