L,J,Q,θ,μ,ϕx,ϕy,ϕz,ndims,T,χ,dχdlogT,Λ
23,0.3,0.6180339887498949,0.4487989505128276,0.75,0.7255422784305496,3.4349328561497185,3.4347212092384636,3,0.002592943797404667,[0.6783973883378268 0.0 0.0 0.0; 0.0 0.1904205445480515 -0.05449667978339379 -0.10518296550665891; 0.0 -0.054496679783394376 0.1681820004151671 -0.0896830949633786; 0.0 -0.10518296550665877 -0.0896830949633794 0.21335864467041132],[-0.15817345719564538 0.0 0.0 0.0; 0.0 -0.04393867101461405 0.007293007049666107 0.026436787774220333; 0.0 0.007293007049666109 -0.04246287854109078 0.03053302616406773; 0.0 0.026436787774220365 0.030533026164067757 -0.059173829541915315],0.3
