L,J,Q,θ,μ,ϕx,ϕy,ϕz,ndims,T,χ,dχdlogT,Λ
23,0.75,0.6180339887498949,0.4487989505128276,0.75,0.6332610369913497,5.1149981805603915,3.73563864994291,3,0.002592943797404667,[0.7199908413740266 0.0 0.0 0.0; 0.0 0.06925395109230141 -0.02600321420832952 -0.031541653018961474; 0.0 -0.026003214208330176 0.05664710436049329 -0.024048291045092103; 0.0 -0.03154165301896036 -0.024048291045090875 0.06334142851857824],[-0.16720326140923822 0.0 0.0 0.0; 0.0 -0.008163627883481283 0.002224992704250244 0.004122749913960096; 0.0 0.0022249927042501724 -0.006367158800254286 0.0023065650948031814; 0.0 0.004122749913960146 0.00230656509480305 -0.00747385300247803],0.3
