L,J,Q,θ,μ,ϕx,ϕy,ϕz,ndims,T,χ,dχdlogT,Λ
23,2.0,0.6180339887498949,0.4487989505128276,0.75,1.4818367473324847,2.2076775764358407,0.7021078731025535,3,0.009236708571873866,[0.2942543694918163 0.0 0.0 0.0; 0.0 0.008179080269283465 -0.003412948551293998 -0.003335971549797432; 0.0 -0.0034129485512940706 0.004982729277441553 -3.056515932145417e-5; 0.0 -0.003335971549797362 -3.056515932145099e-5 0.006096020974979405],[-0.07875737363280282 0.0 0.0 0.0; 0.0 -0.0002636592579743534 -2.4985866031755707e-5 -0.00010400340131837763; 0.0 -2.4985866031757015e-5 -0.0001923574773907928 -2.0839674748018667e-5; 0.0 -0.0001040034013183744 -2.083967474801907e-5 -0.00011304174252232304],0.3
