L,J,Q,θ,μ,ϕx,ϕy,ϕz,ndims,T,χ,dχdlogT,Λ
23,0.0,0.6180339887498949,0.4487989505128276,0.75,1.5233928088781696,4.893013926962995,3.340928606532302,3,0.017433288221999882,[0.4235000989300276 0.0 0.0 0.0; 0.0 0.18334430631069265 -0.0853446315667652 -0.07909324264278832; 0.0 -0.08534463156676522 0.18931610864192408 -0.08212545198121357; 0.0 -0.07909324264278832 -0.08212545198121357 0.18248178164732587],[-0.13832637279429832 0.0 0.0 0.0; 0.0 -0.05806051544295712 0.02863333665590611 0.02477444107937251; 0.0 0.028633336655906106 -0.06343441531115597 0.026460621738326463; 0.0 0.024774441079372513 0.02646062173832647 -0.05781212278832307],0.3
