L,J,Q,θ,μ,ϕx,ϕy,ϕz,ndims,T,χ,dχdlogT,Λ
23,3.0,0.6180339887498949,0.4487989505128276,0.75,0.6957244989112655,5.40836395054829,2.9147134165697763,3,0.0013738237958832624,[0.42500159358456047 0.0 0.0 0.0; 0.0 0.007649763117844471 -0.0045417669486181285 -0.0018485700239336072; 0.0 -0.004541766948618074 0.00733317291088461 -0.0015576424947871207; 0.0 -0.0018485700239335864 -0.0015576424947870851 0.0050601339795661735],[-0.08800920834027508 0.0 0.0 0.0; 0.0 -9.54231379714549e-5 7.424931951577205e-5 -9.811550674697248e-6; 0.0 7.424931951577136e-5 -0.0001621968921151928 7.720781232378485e-5; 0.0 -9.811550674697144e-6 7.720781232378463e-5 -4.384263008557795e-5],0.3
