L,J,Q,θ,μ,ϕx,ϕy,ϕz,ndims,T,χ,dχdlogT,Λ
23,1.0,0.6180339887498949,0.4487989505128276,0.75,1.7725206084735208,0.6911405060171155,5.24499225696323,3,0.01268961003167922,[0.4347389824512068 0.0 0.0 0.0; 0.0 0.033716571356553066 -0.012266882430782422 -0.013959817035440376; 0.0 -0.012266882430781662 0.0224474659541754 -0.007501056844554951; 0.0 -0.013959817035440409 -0.0075010568445550265 0.02885780720440521],[-0.14317064541219732 0.0 0.0 0.0; 0.0 -0.005113358206335696 0.0020538392733078586 0.0014292624715755025; 0.0 0.0020538392733078096 -0.0029802791352022255 0.0007163554395284305; 0.0 0.0014292624715755314 0.0007163554395284323 -0.004232761198849662],0.3
