L,J,Q,θ,μ,ϕx,ϕy,ϕz,ndims,T,χ,dχdlogT,Λ
23,3.0,0.6180339887498949,0.4487989505128276,0.75,1.7725206084735208,0.6911405060171155,5.24499225696323,3,0.004893900918477494,[0.31634157141770275 0.0 0.0 0.0; 0.0 0.007455693429794136 -0.004506456176918002 -0.001813959880083457; 0.0 -0.004506456176918017 0.007173827666783407 -0.0013936578586096664; 0.0 -0.001813959880083463 -0.001393657858609682 0.004935702027363439],[-0.0759523691623231 0.0 0.0 0.0; 0.0 -0.00020346910762572703 0.0002145650077265697 -4.063152643599577e-5; 0.0 0.00021456500772656936 -0.0005119151497739007 0.00016306445887131978; 0.0 -4.0631526435995475e-5 0.00016306445887132094 -0.00010665768289900077],0.3
