L,J,Q,θ,μ,ϕx,ϕy,ϕz,ndims,T,χ,dχdlogT,Λ
23,20.0,0.6180339887498949,0.4487989505128276,0.75,1.5592943070760379,5.335278045540041,5.601181029807369,3,5.298316906283709,[0.00043043398688101986 0.0 0.0 0.0; 0.0 1.1508770071809739e-5 -2.988912619442695e-7 -1.4765912227778828e-6; 0.0 -2.9889126194427034e-7 1.0936079968652404e-5 -1.2348987873496863e-6; 0.0 -1.4765912227778887e-6 -1.234898787349686e-6 1.1118799201060331e-5],[-0.000430364633774845 0.0 0.0 0.0; 0.0 -1.150710864919791e-5 2.988504091057094e-7 1.476306458996823e-6; 0.0 2.9885040910571025e-7 -1.0934088175959585e-5 1.2347246932397858e-6; 0.0 1.476306458996825e-6 1.2347246932397873e-6 -1.1117000914717607e-5],0.3
