L,J,Q,θ,μ,ϕx,ϕy,ϕz,ndims,T,χ,dχdlogT,Λ
23,0.1,0.6180339887498949,0.4487989505128276,0.75,3.7243559067752456,2.307825483945012,4.370919460559581,3,0.001,[0.9665785044959174 0.0 0.0 0.0; 0.0 0.3211826468591835 -0.12143554099936747 -0.1594607238055833; 0.0 -0.12143554099936743 0.35919998003541515 -0.18851269429961492; 0.0 -0.15946072380558327 -0.18851269429961498 0.3941637102596759],[-0.2097601398224789 0.0 0.0 0.0; 0.0 -0.04868295568749423 0.017154639000343325 0.026184102420359918; 0.0 0.017154639000343305 -0.06807605883240872 0.041608047363073955; 0.0 0.026184102420359914 0.04160804736307396 -0.08303145253649509],0.3
