L,J,Q,θ,μ,ϕx,ϕy,ϕz,ndims,T,χ,dχdlogT,Λ
23,0.3,0.6180339887498949,0.4487989505128276,0.75,3.6822457021050115,1.9694226952086327,2.165796606683477,3,1.0826367338740543,[0.019259504991394272 0.0 0.0 0.0; 0.0 0.0060423392554276156 -0.0024540454144443284 -0.0028467691752535208; 0.0 -0.002454045414444332 0.005775991371928852 -0.002575276944156599; 0.0 -0.0028467691752534965 -0.002575276944156573 0.006105231024445249],[-0.019175578564575357 0.0 0.0 0.0; 0.0 -0.006010196547463994 0.002439598783985259 0.0028321747603640814; 0.0 0.0024395987839852668 -0.0057442218862106586 0.0025617122056486724; 0.0 0.0028321747603640875 0.0025617122056486247 -0.006073718009957454],0.3
