L,J,Q,θ,μ,ϕx,ϕy,ϕz,ndims,T,χ,dχdlogT,Λ
23,0.5,0.6180339887498949,0.4487989505128276,0.75,1.9901092843447468,5.411747857943236,4.4451051863530715,3,1.4873521072935114,[0.013840072030616008 0.0 0.0 0.0; 0.0 0.003090267595936871 -0.0011765441526998763 -0.0014492243400034798; 0.0 -0.001176544152699855 0.0028409361561440834 -0.001271738534427679; 0.0 -0.001449224340003448 -0.0012717385344276305 0.0031198603994464632],[-0.013807928283431458 0.0 0.0 0.0; 0.0 -0.003081071106603405 0.0011725449655527504 0.0014450438307120794; 0.0 0.001172544965552692 -0.0028316718696024287 0.0012673716832012026; 0.0 0.0014450438307119444 0.001267371683201223 -0.0031101159220547994],0.3
