L,J,Q,θ,μ,ϕx,ϕy,ϕz,ndims,T,χ,dχdlogT,Λ
23,4.25,0.6180339887498949,0.4487989505128276,0.75,0.6332610369913497,5.1149981805603915,3.73563864994291,3,0.02395026619987486,[0.14779174225253114 0.0 0.0 0.0; 0.0 0.005689791346450272 -0.0030929779870639104 -0.0014978503731896734; 0.0 -0.0030929779870638645 0.0051200177825342155 -0.0010209384015771959; 0.0 -0.0014978503731896545 -0.0010209384015772 0.003701073627793995],[-0.055287174059704264 0.0 0.0 0.0; 0.0 -0.0011728855917831952 0.0006976658043494538 0.0002710971147704309; 0.0 0.0006976658043494466 -0.0011343212899227243 0.00027865337574459783; 0.0 0.0002710971147704272 0.0002786533757445961 -0.0006704813511656463],0.3
