L,J,Q,θ,μ,ϕx,ϕy,ϕz,ndims,T,χ,dχdlogT,Λ
23,0.4,0.6180339887498949,0.4487989505128276,0.75,1.5233928088781696,4.893013926962995,3.340928606532302,3,0.01268961003167922,[0.44551787551816285 0.0 0.0 0.0; 0.0 0.09868798695379019 -0.03683287101641324 -0.046645568814638896; 0.0 -0.036832871016413214 0.09234299699745946 -0.040082908915319494; 0.0 -0.04664556881463932 -0.04008290891531793 0.09875815189640598],[-0.1358952367851345 0.0 0.0 0.0; 0.0 -0.025049882079995953 0.009895325120062068 0.010776171695065765; 0.0 0.009895325120061771 -0.025644574761297396 0.011195878006443763; 0.0 0.010776171695065858 0.011195878006444067 -0.025399705904300844],0.3
