L,J,Q,θ,μ,ϕx,ϕy,ϕz,ndims,T,χ,dχdlogT,Λ
23,5.75,0.6180339887498949,0.4487989505128276,0.75,0.6332610369913497,5.1149981805603915,3.73563864994291,3,0.002592943797404667,[0.2321422725414223 0.0 0.0 0.0; 0.0 0.007515625940420334 -0.002988865198606127 -0.001246261370980584; 0.0 -0.0029888651986061656 0.00738590458045701 -0.0017005776189455651; 0.0 -0.001246261370980607 -0.0017005776189455801 0.0069674021062106645],[-0.06285343660464043 0.0 0.0 0.0; 0.0 -0.0013762045378237736 0.0001952762680569053 0.0005020906315946754; 0.0 0.00019527626805690713 -0.00171007113602537 0.000496424652386514; 0.0 0.0005020906315946877 0.0004964246523865061 -0.0014624422121904386],0.3
