L,J,Q,θ,μ,ϕx,ϕy,ϕz,ndims,T,χ,dχdlogT,Λ
23,2.5,0.6180339887498949,0.4487989505128276,0.75,1.4818367473324847,2.2076775764358407,0.7021078731025535,3,0.7880462815669912,[0.014646230782549072 0.0 0.0 0.0; 0.0 0.0007663555146274092 -0.00037170096534260217 -0.00032034373330616905; 0.0 -0.00037170096534258997 0.0005555491630597405 -4.1440616353861554e-5; 0.0 -0.00032034373330616043 -4.1440616353861866e-5 0.0006093868208538893],[-0.014528457015582943 0.0 0.0 0.0; 0.0 -0.0007562185216047318 0.00036699860365830715 0.0003158232593369611; 0.0 0.0003669986036583179 -0.0005485616516034683 4.09531750021686e-5; 0.0 0.00031582325933696316 4.0953175002167555e-5 -0.0006007966899073485],0.3
