L,J,Q,θ,μ,ϕx,ϕy,ϕz,ndims,T,χ,dχdlogT,Λ
23,0.3,0.6180339887498949,0.4487989505128276,0.75,4.47228912932255,1.1729273679174639,1.744469154494291,3,0.003562247890262444,[0.5798199192078456 0.0 0.0 0.0; 0.0 0.149752173815396 -0.055382389469371754 -0.07967659045314564; 0.0 -0.05538238946937131 0.14191873313744063 -0.06381180848478689; 0.0 -0.07967659045314565 -0.06381180848478686 0.1674274871211135],[-0.1332435412168533 0.0 0.0 0.0; 0.0 -0.029496595436162284 0.010391160926950012 0.021005995196739728; 0.0 0.010391160926950043 -0.025281586094842785 0.010537044450674571; 0.0 0.021005995196739735 0.01053704445067462 -0.042479180904823596],0.3
