L,J,Q,θ,μ,ϕx,ϕy,ϕz,ndims,T,χ,dχdlogT,Λ
23,0.5,0.6180339887498949,0.4487989505128276,0.75,1.9901092843447468,5.411747857943236,4.4451051863530715,3,7.27895384398315,[0.0028311790242854223 0.0 0.0 0.0; 0.0 0.000632355579891496 -0.00024080290422918694 -0.0002965390158850754; 0.0 -0.00024080290422917494 0.0005814149607834559 -0.0002602906794129885; 0.0 -0.000296539015885081 -0.0002602906794129889 0.0006384563137269053],[-0.0028309034725975484 0.0 0.0 0.0; 0.0 -0.0006322767009436695 0.0002407685954981173 0.00029650316214523646; 0.0 0.00024076859549809445 -0.0005813354814957542 0.0002602532088206833; 0.0 0.00029650316214523804 0.000260253208820675 -0.000638372722792669],0.3
