L,J,Q,θ,μ,ϕx,ϕy,ϕz,ndims,T,χ,dχdlogT,Λ
23,4.0,0.6180339887498949,0.4487989505128276,0.75,1.7725206084735208,0.6911405060171155,5.24499225696323,3,3.856620421163471,[0.0023331741866864496 0.0 0.0 0.0; 0.0 0.000121979085991237 -6.219862917043319e-5 -3.175800748577691e-5; 0.0 -6.219862917043334e-5 0.00010356593291871896 -2.140588438571367e-5; 0.0 -3.175800748577752e-5 -2.1405884385713726e-5 9.008183569339951e-5],[-0.0023323518940918295 0.0 0.0 0.0; 0.0 -0.00012191743420384538 6.217123380494948e-5 3.173734100443726e-5; 0.0 6.217123380495144e-5 -0.0001035186460302646 2.1399371485036688e-5; 0.0 3.173734100443632e-5 2.1399371485036678e-5 -9.003077716146075e-5],0.3
