L,J,Q,θ,μ,ϕx,ϕy,ϕz,ndims,T,χ,dχdlogT,Λ
23,0.4,0.6180339887498949,0.4487989505128276,0.75,4.47228912932255,1.1729273679174639,1.744469154494291,3,0.02395026619987486,[0.3505450761755061 0.0 0.0 0.0; 0.0 0.0794961580280473 -0.028298132840627176 -0.03934762557904174; 0.0 -0.028298132840625954 0.07350980835113288 -0.03310786457404422; 0.0 -0.03934762557904432 -0.03310786457404206 0.08252917489168747],[-0.1177394059671033 0.0 0.0 0.0; 0.0 -0.021901303670309968 0.007023644834067144 0.01197410164622527; 0.0 0.007023644834066957 -0.02178861205529012 0.01029050991478221; 0.0 0.01197410164622538 0.010290509914781983 -0.025644545078037498],0.3
