L,J,Q,θ,μ,ϕx,ϕy,ϕz,ndims,T,χ,dχdlogT,Λ
23,0.25,0.6180339887498949,0.4487989505128276,0.75,0.6332610369913497,5.1149981805603915,3.73563864994291,3,0.002592943797404667,[0.7231689354841035 0.0 0.0 0.0; 0.0 0.19387563329456287 -0.07860087590688006 -0.09894389785419003; 0.0 -0.07860087590688018 0.20251553822015916 -0.09652177106870766; 0.0 -0.09894389785419012 -0.09652177106870757 0.21729131931001175],[-0.15605481821106224 0.0 0.0 0.0; 0.0 -0.032762718635335766 0.011417415463819502 0.02457107352515274; 0.0 0.01141741546381951 -0.041510503687210015 0.018455835682793395; 0.0 0.024571073525152726 0.018455835682793388 -0.048214070947448895],0.3
