L,J,Q,θ,μ,ϕx,ϕy,ϕz,ndims,T,χ,dχdlogT,Λ
23,0.5,0.6180339887498949,0.4487989505128276,0.75,1.5233928088781696,4.893013926962995,3.340928606532302,3,0.002592943797404667,[0.6632968314326897 0.0 0.0 0.0; 0.0 0.11495099139109469 -0.036709797125212294 -0.05384494796547456; 0.0 -0.03670979712521207 0.10344775992344596 -0.04399118601437066; 0.0 -0.05384494796547708 -0.04399118601437081 0.10837327664231929],[-0.1389302100214422 0.0 0.0 0.0; 0.0 -0.020280519205590476 0.001985927050917988 0.010376160044830874; 0.0 0.001985927050917983 -0.01619213041569052 0.008425429041381724; 0.0 0.010376160044830813 0.008425429041381358 -0.017870477706787513],0.3
