L,J,Q,θ,μ,ϕx,ϕy,ϕz,ndims,T,χ,dχdlogT,Λ
23,0.45,0.6180339887498949,0.4487989505128276,0.75,5.33991541520367,3.025174213779463,0.8204399823652144,3,0.0853167852417281,[0.18999133698925566 0.0 0.0 0.0; 0.0 0.043047791046498085 -0.016020617908346583 -0.020331014113281465; 0.0 -0.016020617908346465 0.03913224577594875 -0.017507509294918677; 0.0 -0.02033101411328101 -0.017507509294918743 0.043473861757610095],[-0.12312935162237876 0.0 0.0 0.0; 0.0 -0.02562480816699376 0.008797812793285573 0.012231370255260226; 0.0 0.008797812793285934 -0.022477864071173075 0.009956087901629815; 0.0 0.012231370255259963 0.00995608790163002 -0.025086514986277158],0.3
