L,J,Q,θ,μ,ϕx,ϕy,ϕz,ndims,T,χ,dχdlogT,Λ
23,5.0,0.6180339887498949,0.4487989505128276,0.75,0.6332610369913497,5.1149981805603915,3.73563864994291,3,0.001,[0.2735476912011965 0.0 0.0 0.0; 0.0 0.007925760715176235 -0.0036385514407125032 -0.0018904213839697052; 0.0 -0.003638551440712497 0.006898281044886391 -0.0022895801321467526; 0.0 -0.001890421383969721 -0.0022895801321467526 0.006122331786785496],[-0.053702484139869035 0.0 0.0 0.0; 0.0 -0.0008397807294290185 0.0006714866815903238 0.00016656870921831772; 0.0 0.0006714866815903322 -0.0009866551865439217 0.00018571711821227608; 0.0 0.0001665687092183196 0.00018571711821227548 -0.0003069482470927604],0.3
