L,J,Q,θ,μ,ϕx,ϕy,ϕz,ndims,T,χ,dχdlogT,Λ
23,0.0,0.6180339887498949,0.4487989505128276,0.75,3.6822457021050115,1.9694226952086327,2.165796606683477,3,0.04520353656360243,[0.28962735788026833 0.0 0.0 0.0; 0.0 0.12649129863665148 -0.05479222338651562 -0.05773072127059579; 0.0 -0.05479222338651564 0.12562228975390427 -0.056162880528470266; 0.0 -0.05773072127059575 -0.05616288052847028 0.1283064563084759],[-0.14051455114101263 0.0 0.0 0.0; 0.0 -0.060223837792929766 0.02544458294502988 0.028504230296036947; 0.0 0.025444582945029867 -0.05911954169812922 0.026936010318466704; 0.0 0.028504230296036947 0.026936010318466708 -0.06289188747935065],0.3
