L,J,Q,θ,μ,ϕx,ϕy,ϕz,ndims,T,χ,dχdlogT,Λ
23,1.0,0.6180339887498949,0.4487989505128276,0.75,1.7725206084735208,0.6911405060171155,5.24499225696323,3,1.0826367338740543,[0.017367353155779433 0.0 0.0 0.0; 0.0 0.001960674642997308 -0.0007377219423302864 -0.0008707476011395426; 0.0 -0.0007377219423303156 0.0015464156978963806 -0.0005848383723372579; 0.0 -0.0008707476011395488 -0.0005848383723372448 0.0018302985490401436],[-0.01729487983567882 0.0 0.0 0.0; 0.0 -0.0019491758443743357 0.0007331796861787014 0.0008655023081572051; 0.0 0.0007331796861786993 -0.0015358355984534582 0.0005805272012125312; 0.0 0.0008655023081572068 0.0005805272012125087 -0.0018187931244520704],0.3
