L,J,Q,θ,μ,ϕx,ϕy,ϕz,ndims,T,χ,dχdlogT,Λ
23,1.0,0.6180339887498949,0.4487989505128276,0.75,3.7243559067752456,2.307825483945012,4.370919460559581,3,0.006723357536499335,[0.4951668797324017 0.0 0.0 0.0; 0.0 0.029030883417083188 -0.008840275875094344 -0.010467902902349491; 0.0 -0.008840275875094459 0.030423479208242787 -0.003526320159412508; 0.0 -0.010467902902349828 -0.0035263201594124883 0.033686169599138456],[-0.1279261799211983 0.0 0.0 0.0; 0.0 -0.002975867445647289 0.00018738504949852982 0.00027191781104333865; 0.0 0.00018738504949853028 -0.004022056658521087 -0.0011818740170114071; 0.0 0.00027191781104334077 -0.0011818740170114308 -0.003961353695193498],0.3
