L,J,Q,θ,μ,ϕx,ϕy,ϕz,ndims,T,χ,dχdlogT,Λ
23,0.55,0.6180339887498949,0.4487989505128276,0.75,0.7255422784305496,3.4349328561497185,3.4347212092384636,3,0.0013738237958832624,[0.7696696280748757 0.0 0.0 0.0; 0.0 0.10443706210022906 -0.03543185637179337 -0.04274954796610985; 0.0 -0.03543185637179071 0.11466203426647888 -0.05489513617870367; 0.0 -0.042749547966109615 -0.05489513617870443 0.1056880117882805],[-0.15555619526847786 0.0 0.0 0.0; 0.0 -0.011190201449008333 0.007103945331056235 0.0021080791627697206; 0.0 0.0071039453310563095 -0.027665000134417347 0.012533148351795583; 0.0 0.00210807916276966 0.012533148351795989 -0.015381962859042793],0.3
