L,J,Q,θ,μ,ϕx,ϕy,ϕz,ndims,T,χ,dχdlogT,Λ
23,6.0,0.6180339887498949,0.4487989505128276,0.75,5.443055248262404,2.0345440362609843,5.209153482123955,3,0.41753189365604015,[0.014421536519225363 0.0 0.0 0.0; 0.0 0.0005894830731054122 -0.00022475269798176198 -0.00014408962743298734; 0.0 -0.0002247526979817602 0.0006130901161900915 -0.00014576145837559624; 0.0 -0.00014408962743298339 -0.00014576145837559486 0.0006187924555493521],[-0.014044377995183566 0.0 0.0 0.0; 0.0 -0.0005703847440523616 0.00021856787909627396 0.00013825935423797379; 0.0 0.00021856787909627673 -0.000592906363346963 0.00014118994758516225; 0.0 0.0001382593542379707 0.00014118994758516269 -0.0005950488325226165],0.3
