L,J,Q,θ,μ,ϕx,ϕy,ϕz,ndims,T,χ,dχdlogT,Λ
23,0.3,0.6180339887498949,0.4487989505128276,0.75,1.5233928088781696,4.893013926962995,3.340928606532302,3,0.0013738237958832624,[0.7578961589768823 0.0 0.0 0.0; 0.0 0.20301722660068708 -0.08465642973042864 -0.09670322649080923; 0.0 -0.08465642973042875 0.19560562210028323 -0.07513243597639672; 0.0 -0.0967032264908091 -0.07513243597639628 0.19574251648241345],[-0.1632890908897709 0.0 0.0 0.0; 0.0 -0.0427201195394969 0.016473865146959712 0.01907058117830847; 0.0 0.016473865146959678 -0.041992272343434375 0.01652424191149268; 0.0 0.019070581178308395 0.01652424191149272 -0.037515021189579834],0.3
