L,J,Q,θ,μ,ϕx,ϕy,ϕz,ndims,T,χ,dχdlogT,Λ
23,4.0,0.6180339887498949,0.4487989505128276,0.75,0.6332610369913497,5.1149981805603915,3.73563864994291,3,10.0,[0.0009040615790173053 0.0 0.0 0.0; 0.0 4.8707909124107836e-5 -2.4259793028875887e-5 -1.5503611280272792e-5; 0.0 -2.4259793028876348e-5 3.924334846675045e-5 -6.712295370571087e-6; 0.0 -1.550361128027303e-5 -6.712295370571264e-6 3.491617105022484e-5],[-0.0009040151003724999 0.0 0.0 0.0; 0.0 -4.8704222413312844e-5 2.4258208085431793e-5 1.5502225177326196e-5; 0.0 2.4258208085431783e-5 -3.924063956653357e-5 6.7118091735208e-6; 0.0 1.5502225177326372e-5 6.711809173521042e-6 -3.491311521078702e-5],0.3
