L,J,Q,θ,μ,ϕx,ϕy,ϕz,ndims,T,χ,dχdlogT,Λ
23,0.45,0.6180339887498949,0.4487989505128276,0.75,5.114081781791591,1.9778970122642205,6.104975597610122,3,7.27895384398315,[0.002842469897344199 0.0 0.0 0.0; 0.0 0.0007082416861946421 -0.00026890882093520745 -0.00033884530169162264; 0.0 -0.00026890882093520924 0.0006290040706297382 -0.0002755111182512658; 0.0 -0.0003388453016916215 -0.00027551111825127323 0.000699771811282645],[-0.0028421933055742896 0.0 0.0 0.0; 0.0 -0.0007081502468454035 0.0002688712009221623 0.0003388015593142644; 0.0 0.0002688712009221721 -0.0006289226027353738 0.0002754753607496019; 0.0 0.00033880155931426175 0.0002754753607495986 -0.0006996823247222462],0.3
