L,J,Q,θ,μ,ϕx,ϕy,ϕz,ndims,T,χ,dχdlogT,Λ
23,5.25,0.6180339887498949,0.4487989505128276,0.75,0.6332610369913497,5.1149981805603915,3.73563864994291,3,2.043359717856942,[0.003306417928720697 0.0 0.0 0.0; 0.0 0.00015318138953731818 -6.715106266654507e-5 -3.4889995187190425e-5; 0.0 -6.715106266654575e-5 0.00014290035165649483 -3.5984338537571816e-5; 0.0 -3.4889995187190574e-5 -3.598433853757186e-5 0.00013168466112503506],[-0.0033026177456675783 0.0 0.0 0.0; 0.0 -0.00015295821660312782 6.706611868293281e-5 3.48164084364577e-5; 0.0 6.706611868293311e-5 -0.00014269095467621772 3.59373872458498e-5; 0.0 3.481640843645761e-5 3.593738724585053e-5 -0.0001314678019047556],0.3
