L,J,Q,θ,μ,ϕx,ϕy,ϕz,ndims,T,χ,dχdlogT,Λ
23,0.4,0.6180339887498949,0.4487989505128276,0.75,2.222647089612187,4.144648026706942,2.3246170062327143,3,3.856620421163471,[0.005454728618950435 0.0 0.0 0.0; 0.0 0.0014244806210977738 -0.0005585406966581342 -0.0006713925822899086; 0.0 -0.0005585406966581299 0.0013415882548079383 -0.0006027862084975932; 0.0 -0.0006713925822898786 -0.0006027862084975896 0.0014552018671772711],[-0.005452809666071032 0.0 0.0 0.0; 0.0 -0.0014238569096526503 0.0005582737884648647 0.000671101349412407; 0.0 0.0005582737884648849 -0.0013409783388260226 0.000602516746070412; 0.0 0.0006711013494124389 0.0006025167460704523 -0.0014545660241625448],0.3
