L,J,Q,θ,ϕx,ϕy,ϕz,ndims,T,χ,dχdlogT,Λ
15,0.7,0.6180339887498949,0.4487989505128276,0.0,0.0,0.0,3,1.4873521072935114,[0.14048978764833378 0.0 0.0 0.0; 0.0 0.06758716057677769 -0.0046034580937052315 -0.004597144769380737; 0.0 -0.004603458093704882 0.06752534947547993 -0.004583805872913752; 0.0 -0.004597144769380273 -0.00458380587291154 0.06756302731879489],[-0.10494475151936447 0.0 0.0 0.0; 0.0 -0.046916578158119 0.008371074724668194 0.008352215992810745; 0.0 0.008371074724667612 -0.04677234890631365 0.008305049715594037; 0.0 0.008352215992811508 0.008305049715594892 -0.046858032050666534],0.3
