L,J,Q,θ,ϕx,ϕy,ϕz,ndims,T,χ,dχdlogT,Λ
15,0.3,0.6180339887498949,0.4487989505128276,0.0,0.0,0.0,3,0.004893900918477494,[0.9150773603942666 0.0 0.0 0.0; 0.0 0.27799909886889757 -0.06461227731295346 -0.06576946704059178; 0.0 -0.06461227731296605 0.2758269780014048 -0.06623538570734977; 0.0 -0.06576946704059562 -0.06623538570734572 0.275898735599218],[-0.11909684212037733 0.0 0.0 0.0; 0.0 -0.004770698710100359 -0.003165034955370454 -0.0033691689123688234; 0.0 -0.0031650349553704583 -0.004728695682465054 -0.0011007403884264915; 0.0 -0.0033691689123686018 -0.0011007403884264644 -0.004357729282435612],0.3
