L,J,Q,θ,ϕx,ϕy,ϕz,ndims,T,χ,dχdlogT,Λ
15,0.1,0.6180339887498949,0.4487989505128276,0.0,0.0,0.0,3,10.0,[0.024864461451869962 0.0 0.0 0.0; 0.0 0.01242264153968267 -3.528574651747865e-5 -3.5285969223427975e-5; 0.0 -3.52857465174642e-5 0.012422641282842772 -3.5285776918681304e-5; 0.0 -3.528596922366188e-5 -3.528577691860724e-5 0.012422641919080393],[-0.024597901156989378 0.0 0.0 0.0; 0.0 -0.012270748857080809 0.00010389767239407648 0.00010389876741789582; 0.0 0.0001038976723941421 -0.012270748169726587 0.00010389782103707226; 0.0 0.0001038987674180723 0.0001038978210367631 -0.012270749918919029],0.3
