L,J,Q,θ,ϕx,ϕy,ϕz,ndims,T,χ,dχdlogT,Λ
15,0.35,0.6180339887498949,0.4487989505128276,0.0,0.0,0.0,3,0.0018873918221350976,[1.0383628159058134 0.0 0.0 0.0; 0.0 0.26347381109899304 -0.05360873134514621 -0.05549048293886514; 0.0 -0.0536087313451403 0.2600135765619705 -0.05548048665830283; 0.0 -0.055490482938856577 -0.055480486658303775 0.26435859199026096],[-0.11115608446538121 0.0 0.0 0.0; 0.0 -0.004320074091304181 -0.002952337284893487 -0.002438318133011159; 0.0 -0.002952337284893458 -0.00204614811186418 -0.0024655507019025326; 0.0 -0.0024383181330111317 -0.0024655507019025326 -0.0033286127827700483],0.3
