L,J,Q,θ,ϕx,ϕy,ϕz,ndims,T,χ,dχdlogT,Λ
15,0.65,0.6180339887498949,0.4487989505128276,0.0,0.0,0.0,3,0.009236708571873866,[0.8242504254511187 0.0 0.0 0.0; 0.0 0.1909530584682409 -0.03235508278275384 -0.03300013402559982; 0.0 -0.032355082782761085 0.1911690162540332 -0.03262527315910194; 0.0 -0.033000134025602756 -0.03262527315909949 0.1910885240675663],[-0.13657605453569877 0.0 0.0 0.0; 0.0 -0.0033291694274220013 -0.003273215134640859 -0.0029106736396303534; 0.0 -0.0032732151346407845 -0.002930108353762701 -0.0026503440954846642; 0.0 -0.0029106736396302623 -0.002650344095484614 -0.0031230681225304325],0.3
