L,J,Q,θ,ϕx,ϕy,ϕz,ndims,T,χ,dχdlogT,Λ
15,0.7,0.6180339887498949,0.4487989505128276,0.0,0.0,0.0,3,0.017433288221999882,[0.7287568978736663 0.0 0.0 0.0; 0.0 0.1783669034133726 -0.03185909166413029 -0.03069698198827472; 0.0 -0.031859091664125 0.17879191258381213 -0.031028011864184888; 0.0 -0.030696981988274693 -0.03102801186418126 0.1795623875518864],[-0.1338158825333545 0.0 0.0 0.0; 0.0 -0.0033879233185186396 -0.002185094887583872 -0.002601965893357472; 0.0 -0.002185094887583758 -0.0034134685020200052 -0.0027025136346143118; 0.0 -0.0026019658933571976 -0.0027025136346146166 -0.00347684824923717],0.3
