L,J,Q,θ,ϕx,ϕy,ϕz,ndims,T,χ,dχdlogT,Λ
15,0.3,0.6180339887498949,0.4487989505128276,0.0,0.0,0.0,3,0.04520353656360243,[0.626904907082396 0.0 0.0 0.0; 0.0 0.24731152568674256 -0.06265256226242426 -0.06283630636734375; 0.0 -0.062652562262407 0.2479842974668032 -0.0636861399574696; 0.0 -0.06283630636734786 -0.06368613995748613 0.24760635235788633],[-0.13909816317261112 0.0 0.0 0.0; 0.0 -0.029317307297294985 0.00877640858448841 0.009068499831664826; 0.0 0.008776408584489331 -0.02971710625947454 0.009291775329575577; 0.0 0.009068499831663886 0.009291775329576204 -0.0294897827105482],0.3
