L,J,Q,θ,ϕx,ϕy,ϕz,ndims,T,χ,dχdlogT,Λ
15,0.25,0.6180339887498949,0.4487989505128276,0.0,0.0,0.0,3,0.017433288221999882,[0.7507487994862673 0.0 0.0 0.0; 0.0 0.2795381251986886 -0.07330971431794683 -0.0732241271857462; 0.0 -0.07330971431793958 0.2800434418736114 -0.0741087150837714; 0.0 -0.07322412718573527 -0.07410871508376608 0.27999573208740997],[-0.12357445347087807 0.0 0.0 0.0; 0.0 -0.016231291563166647 0.003258640926317078 0.0024447069592981197; 0.0 0.0032586409263169387 -0.01740451685009469 0.004587310007159182; 0.0 0.0024447069592982845 0.00458731000715909 -0.016964583675944257],0.3
