L,J,Q,θ,ϕx,ϕy,ϕz,ndims,T,χ,dχdlogT,Λ
15,0.55,0.6180339887498949,0.4487989505128276,0.0,0.0,0.0,3,1.4873521072935114,[0.14139863315353113 0.0 0.0 0.0; 0.0 0.06857003572838427 -0.004749490657698592 -0.004751264855836339; 0.0 -0.0047494906576986155 0.06858077900564866 -0.00474368428250209; 0.0 -0.004751264855836598 -0.0047436842825009425 0.06857586841322691],[-0.10665477668901512 0.0 0.0 0.0; 0.0 -0.04893089393690716 0.008812411393882473 0.008818289210965126; 0.0 0.008812411393881727 -0.04895335192422144 0.00879413432674801; 0.0 0.008818289210964978 0.008794134326750044 -0.04894378033449546],0.3
