L,J,Q,θ,ϕx,ϕy,ϕz,ndims,T,χ,dχdlogT,Λ
15,0.05,0.6180339887498949,0.4487989505128276,0.0,0.0,0.0,3,0.02395026619987486,[0.7073257949029521 0.0 0.0 0.0; 0.0 0.3204138003639774 -0.09418181757320936 -0.09412046466768213; 0.0 -0.09418181757321478 0.3203822781699204 -0.09425133674258063; 0.0 -0.09412046466767261 -0.09425133674257832 0.32031905086027024],[-0.11024944239629723 0.0 0.0 0.0; 0.0 -0.04793294257772559 0.019573720529647065 0.0192972319369531; 0.0 0.01957372052964903 -0.04789497293957592 0.019507914481672748; 0.0 0.019297231936954082 0.019507914481673876 -0.04775170609136916],0.3
