L,J,Q,θ,ϕx,ϕy,ϕz,ndims,T,χ,dχdlogT,Λ
15,0.45,0.6180339887498949,0.4487989505128276,0.0,0.0,0.0,3,0.002592943797404667,[1.0297858385468797 0.0 0.0 0.0; 0.0 0.23293762127522133 -0.043421172031345816 -0.04161518899157465; 0.0 -0.04342117203136253 0.23358749156213512 -0.04326859647224022; 0.0 -0.04161518899157182 -0.04326859647224565 0.23190471058072712],[-0.15625659375789513 0.0 0.0 0.0; 0.0 -0.0035884643585001753 -0.0035751667939973217 -0.00443545073637481; 0.0 -0.0035751667939972758 -0.0036414989577610115 -0.003465165436656446; 0.0 -0.004435450736374824 -0.0034651654366563813 -0.004208818597775506],0.3
