L,J,Q,θ,ϕx,ϕy,ϕz,ndims,T,χ,dχdlogT,Λ
15,0.4,0.6180339887498949,0.4487989505128276,0.0,0.0,0.0,3,5.298316906283709,[0.04627788954699177 0.0 0.0 0.0; 0.0 0.02306355382188367 -0.0002208314083059287 -0.0002208088436541429; 0.0 -0.0002208314083063918 0.0230632740521255 -0.00022085044521364858; 0.0 -0.000220808843654739 -0.0002208504452133946 0.023063661465956415],[-0.04456620838737182 0.0 0.0 0.0; 0.0 -0.022070226029854555 0.0006208067560438184 0.0006207006593120985; 0.0 0.000620806756043821 -0.022069398528877036 0.0006208973160076994; 0.0 0.0006207006593117568 0.0006208973160076801 -0.022070528432339934],0.3
