L,J,Q,θ,ϕx,ϕy,ϕz,ndims,T,χ,dχdlogT,Λ
15,0.3,0.6180339887498949,0.4487989505128276,0.0,0.0,0.0,3,0.2212216291070449,[0.3974786920024693 0.0 0.0 0.0; 0.0 0.17894525681511023 -0.0385310832307005 -0.0383851130540743; 0.0 -0.038531083230709924 0.17905603883143636 -0.038300576013159005; 0.0 -0.0383851130540736 -0.038300576013152586 0.17876587981017197],[-0.145388236169378 0.0 0.0 0.0; 0.0 -0.054449456925102134 0.02035884978653526 0.02008774438263776; 0.0 0.020358849786531887 -0.0545864545654998 0.02011107089332223; 0.0 0.02008774438263685 0.020111070893322577 -0.054260240594047306],0.3
