L,J,Q,θ,ϕx,ϕy,ϕz,ndims,T,χ,dχdlogT,Λ
15,0.45,0.6180339887498949,0.4487989505128276,0.0,0.0,0.0,3,0.04520353656360243,[0.6189274917112516 0.0 0.0 0.0; 0.0 0.2154728537400843 -0.049378263285634834 -0.048576733249436156; 0.0 -0.04937826328564047 0.21666135077021467 -0.04945761092610822; 0.0 -0.04857673324943756 -0.04945761092610408 0.21518023960768698],[-0.14066997453423555 0.0 0.0 0.0; 0.0 -0.01555503651152463 0.0026594954321794866 0.002283790476864702; 0.0 0.002659495432179671 -0.01601252006474857 0.0028032163814932886; 0.0 0.002283790476864722 0.0028032163814936087 -0.015625784165555913],0.3
