L,J,Q,θ,ϕx,ϕy,ϕz,ndims,T,χ,dχdlogT,Λ
15,0.6,0.6180339887498949,0.4487989505128276,0.0,0.0,0.0,3,2.043359717856942,[0.10969755273854533 0.0 0.0 0.0; 0.0 0.05369371499077781 -0.002470786875601362 -0.0024711588638238824; 0.0 -0.002470786875601138 0.05370461850165068 -0.002474141535823893; 0.0 -0.0024711588638243525 -0.0024741415358238436 0.05369714361053743],[-0.09071985983848696 0.0 0.0 0.0; 0.0 -0.04267315486659257 0.00535415482865793 0.005355438782888337; 0.0 0.00535415482865752 -0.042699301207163656 0.005367041278811364; 0.0 0.0053554387828880674 0.005367041278813093 -0.04268099628394679],0.3
