L,J,Q,θ,ϕx,ϕy,ϕz,ndims,T,χ,dχdlogT,Λ
15,0.6,0.6180339887498949,0.4487989505128276,0.0,0.0,0.0,3,0.017433288221999882,[0.7397536076693849 0.0 0.0 0.0; 0.0 0.19334355003309434 -0.03640836241545965 -0.035569043681759734; 0.0 -0.036408362415462095 0.19578442921963532 -0.03769835404456588; 0.0 -0.03556904368174913 -0.037698354044570725 0.19395363638365198],[-0.1402486059969924 0.0 0.0 0.0; 0.0 -0.00414925231825813 -0.002806137953747751 -0.0027414917307206797; 0.0 -0.002806137953748154 -0.0044809670205952536 -0.0022383489457779996; 0.0 -0.0027414917307202863 -0.002238348945777661 -0.004152393289385762],0.3
