L,J,Q,θ,ϕx,ϕy,ϕz,ndims,T,χ,dχdlogT,Λ
15,0.35,0.6180339887498949,0.4487989505128276,0.0,0.0,0.0,3,0.03290344562312668,[0.6700665739345002 0.0 0.0 0.0; 0.0 0.24384213200500013 -0.059084076004694674 -0.06033189328458182; 0.0 -0.059084076004700455 0.24284599159591727 -0.05953588583317115; 0.0 -0.06033189328458138 -0.059535885833177996 0.2444280445657055],[-0.13856065290785324 0.0 0.0 0.0; 0.0 -0.018206588297147806 0.0032096259881261953 0.004057874272359612; 0.0 0.0032096259881262443 -0.017955475296274694 0.0034082954650011305; 0.0 0.004057874272359346 0.0034082954650010203 -0.01862717409282342],0.3
