L,J,Q,θ,ϕx,ϕy,ϕz,ndims,T,χ,dχdlogT,Λ
15,0.05,0.6180339887498949,0.4487989505128276,0.0,0.0,0.0,3,3.856620421163471,[0.06266285401636033 0.0 0.0 0.0; 0.0 0.031189894648687697 -0.0005319030437113023 -0.0005319075039629577; 0.0 -0.0005319030437117518 0.03118989844753522 -0.0005318921671299514; 0.0 -0.0005319075039630413 -0.0005318921671297152 0.03118990948685057],[-0.058752874967245565 0.0 0.0 0.0; 0.0 -0.02899867528273347 0.0014282955940415182 0.0014283160961663806; 0.0 0.0014282955940413333 -0.02899869087449107 0.001428245971085479; 0.0 0.001428316096166899 0.0014282459710850937 -0.028998722170827572],0.3
