L,J,Q,θ,ϕx,ϕy,ϕz,ndims,T,χ,dχdlogT,Λ
15,0.8,0.6180339887498949,0.4487989505128276,0.0,0.0,0.0,3,10.0,[0.024845915057736048 0.0 0.0 0.0; 0.0 0.012403928941371531 -3.5162074074403796e-5 -3.5158721699589695e-5; 0.0 -3.51620740747414e-5 0.01240377203461648 -3.516460677957024e-5; 0.0 -3.515872169976163e-5 -3.5164606779752045e-5 0.012403712216038363],[-0.024543351147534018 0.0 0.0 0.0; 0.0 -0.012215523164000805 0.00010329260414550713 0.00010327612165405122; 0.0 0.00010329260414559549 -0.012215056283260571 0.00010330505822508552; 0.0 0.00010327612165408029 0.00010330505822502448 -0.012214884000707945],0.3
