L,J,Q,θ,ϕx,ϕy,ϕz,ndims,T,χ,dχdlogT,Λ
15,1.0,0.6180339887498949,0.4487989505128276,0.0,0.0,0.0,3,2.807216203941177,[0.08284324189577397 0.0 0.0 0.0; 0.0 0.040529529237142196 -0.0011410515213190256 -0.0011406365509414927; 0.0 -0.0011410515213187188 0.04053059637065811 -0.0011436991417539996; 0.0 -0.0011406365509408225 -0.0011436991417537502 0.04057299677832809],[-0.07261380227683778 0.0 0.0 0.0; 0.0 -0.03402348111413824 0.0027288950620224343 0.0027271334050463255; 0.0 0.0027288950620223385 -0.034028384931226625 0.002740048379431089; 0.0 0.0027271334050456755 0.0027400483794306446 -0.03413627906693321],0.3
