L,J,Q,θ,ϕx,ϕy,ϕz,ndims,T,χ,dχdlogT,Λ
15,0.4,0.6180339887498949,0.4487989505128276,0.0,0.0,0.0,3,0.003562247890262444,[0.9705843057177412 0.0 0.0 0.0; 0.0 0.24529859297864115 -0.05064474943699258 -0.04989207942270783; 0.0 -0.050644749436987754 0.2433485065562845 -0.04951848754066225; 0.0 -0.049892079422698965 -0.04951848754066211 0.24592919000997898],[-0.13532136506314893 0.0 0.0 0.0; 0.0 -0.0024625862758446498 -0.0031751602163605794 -0.0036009936077477708; 0.0 -0.0031751602163604814 -0.002992418025447035 -0.003728187594145951; 0.0 -0.003600993607747927 -0.0037281875941458575 -0.004040066918022089],0.3
