L,J,Q,θ,ϕx,ϕy,ϕz,ndims,T,χ,dχdlogT,Λ
20,0.05,0.6180339887498949,0.4487989505128276,0.0,0.0,0.0,3,0.7880462815669912,[0.21922093305417487 0.0 0.0 0.0; 0.0 0.10605729978203968 -0.013878229240664064 -0.013876420605909769; 0.0 -0.013878229240660801 0.10605698369501715 -0.013876727984977298; 0.0 -0.013876420605920179 -0.01387672798497225 0.1060571668772675],[-0.13162997947401925 0.0 0.0 0.0; 0.0 -0.061147691992237595 0.017869787715097202 0.017865774629520128; 0.0 0.01786978771510012 -0.061147221917500605 0.01786631082947799; 0.0 0.017865774629520617 0.017866310829480193 -0.06114719808630345],0.3
