L,J,Q,θ,ϕx,ϕy,ϕz,ndims,T,χ,dχdlogT,Λ
20,0.2,0.6180339887498949,0.4487989505128276,0.0,0.0,0.0,3,2.043359717856942,[0.110282576126497 0.0 0.0 0.0; 0.0 0.05441178455982529 -0.0026309492543097677 -0.002631041219941926; 0.0 -0.002630949254310211 0.054410832988681906 -0.002631072383814575; 0.0 -0.0026310412199402502 -0.0026310723838126365 0.05441146789617042],[-0.09202513518538322 0.0 0.0 0.0; 0.0 -0.044398409281145364 0.005806952881695757 0.005807336296298452; 0.0 0.005806952881699548 -0.044395834311994856 0.005807414662541988; 0.0 0.0058073362962993745 0.005807414662541615 -0.04439751410244498],0.3
