L,J,Q,θ,ϕx,ϕy,ϕz,ndims,T,χ,dχdlogT,Λ
20,0.5,0.6180339887498949,0.4487989505128276,0.0,0.0,0.0,3,0.16102620275609392,[0.4339544008740014 0.0 0.0 0.0; 0.0 0.17702409390908527 -0.0379909490960029 -0.03823984247082721; 0.0 -0.03799094909600395 0.1771457303665615 -0.03817225139089056; 0.0 -0.03823984247084587 -0.038172251390900754 0.17737329658025364],[-0.14074342754356478 0.0 0.0 0.0; 0.0 -0.03495435701411433 0.011691250181724988 0.011912675813424818; 0.0 0.011691250181724115 -0.03502520653812203 0.011899058069694731; 0.0 0.011912675813432937 0.01189905806969528 -0.03518087526670014],0.3
