L,J,Q,θ,ϕx,ϕy,ϕz,ndims,T,χ,dχdlogT,Λ
20,0.85,0.6180339887498949,0.4487989505128276,0.0,0.0,0.0,3,0.16102620275609392,[0.41629033446436464 0.0 0.0 0.0; 0.0 0.14580038758229547 -0.026674185571715872 -0.027043546859337565; 0.0 -0.02667418557172547 0.14588535643070072 -0.02741887202817625; 0.0 -0.027043546859331087 -0.027418872028186426 0.1465656422576336],[-0.13173988287313168 0.0 0.0 0.0; 0.0 -0.01717050459553575 0.0042781336453446995 0.004450275361441939; 0.0 0.00427813364534614 -0.01715705646227204 0.004721492334006889; 0.0 0.0044502753614406275 0.00472149233400711 -0.01762238725257518],0.3
