L,J,Q,θ,ϕx,ϕy,ϕz,ndims,T,χ,dχdlogT,Λ
20,0.3,0.6180339887498949,0.4487989505128276,0.0,0.0,0.0,3,2.043359717856942,[0.11018180862374413 0.0 0.0 0.0; 0.0 0.05429563185673916 -0.0026202753850158803 -0.002620042382549127; 0.0 -0.0026202753850182014 0.054294733501316805 -0.0026197049450205766; 0.0 -0.002620042382550649 -0.002619704945018302 0.05429410737825934],[-0.09179909798315451 0.0 0.0 0.0; 0.0 -0.044118621389088064 0.005767445850525165 0.00576663712609588; 0.0 0.005767445850524563 -0.044116417358407455 0.005765300380279978; 0.0 0.0057666371260957005 0.005765300380280363 -0.04411500785432858],0.3
