L,J,Q,θ,ϕx,ϕy,ϕz,ndims,T,χ,dχdlogT,Λ
20,0.4,0.6180339887498949,0.4487989505128276,0.0,0.0,0.0,3,7.27895384398315,[0.03398316582473362 0.0 0.0 0.0; 0.0 0.016960941429694305 -9.232286970466332e-5 -9.23213963884538e-5; 0.0 -9.232286970478268e-5 0.016960970742139984 -9.232380735624318e-5; 0.0 -9.23213963879588e-5 -9.232380735669725e-5 0.01696088383407758],[-0.033281217179327735 0.0 0.0 0.0; 0.0 -0.016551785075881807 0.00026719665380317515 0.00026718953603377247; 0.0 0.00026719665380335047 -0.016551869405872655 0.00026720114541424657; 0.0 0.0002671895360329411 0.00026720114541480043 -0.016551615654822077],0.3
