L,J,Q,θ,ϕx,ϕy,ϕz,ndims,T,χ,dχdlogT,Λ
20,0.65,0.6180339887498949,0.4487989505128276,0.0,0.0,0.0,3,0.001,[1.1275982260042972 0.0 0.0 0.0; 0.0 0.1972380791783335 -0.027512765416281917 -0.02795556869941511; 0.0 -0.027512765416296384 0.19702264352302665 -0.02779690684215003; 0.0 -0.027955568699414752 -0.0277969068421502 0.19643412236942667],[-0.128280155512667 0.0 0.0 0.0; 0.0 -0.0026340941119141537 -0.0026847674193785894 -0.0028173106502136815; 0.0 -0.0026847674193785464 -0.0025139129205208103 -0.0026687487256937606; 0.0 -0.0028173106502134403 -0.002668748725693914 -0.002708919928498545],0.3
