L,J,Q,θ,ϕx,ϕy,ϕz,ndims,T,χ,dχdlogT,Λ
20,1.0,0.6180339887498949,0.4487989505128276,0.0,0.0,0.0,3,0.5736152510448679,[0.2470420101783488 0.0 0.0 0.0; 0.0 0.10401016041863073 -0.01418195855079303 -0.01404154455772792; 0.0 -0.014181958550803413 0.10417144771310667 -0.014101225792903852; 0.0 -0.01404154455773045 -0.014101225792908099 0.10425027894397121],[-0.12257116031642883 0.0 0.0 0.0; 0.0 -0.03516891173809918 0.010887478400991864 0.010628119773368125; 0.0 0.010887478400988363 -0.03536921797432939 0.01074668103829081; 0.0 0.01062811977336987 0.010746681038284913 -0.03540113408333546],0.3
