L,J,Q,θ,ϕx,ϕy,ϕz,ndims,T,χ,dχdlogT,Λ
20,0.7,0.6180339887498949,0.4487989505128276,0.0,0.0,0.0,3,0.41753189365604015,[0.2959099109798028 0.0 0.0 0.0; 0.0 0.12788507303378405 -0.021167282457652637 -0.02116520341346756; 0.0 -0.021167282457659718 0.12771064371193197 -0.02118089057008683; 0.0 -0.021165203413464628 -0.02118089057008888 0.12787067374916544],[-0.13299620760565695 0.0 0.0 0.0; 0.0 -0.042044143030078106 0.013954157323826308 0.013933998201665333; 0.0 0.013954157323826788 -0.041862261341196916 0.013960632040634798; 0.0 0.013933998201665845 0.01396063204064147 -0.04204482870824426],0.3
