L,J,Q,θ,ϕx,ϕy,ϕz,ndims,T,χ,dχdlogT,Λ
20,0.1,0.6180339887498949,0.4487989505128276,0.0,0.0,0.0,3,0.04520353656360243,[0.6344464201563691 0.0 0.0 0.0; 0.0 0.2849796632785102 -0.08075676972806253 -0.08067325073379468; 0.0 -0.08075676972812856 0.28488517972500177 -0.08062878600731574; 0.0 -0.08067325073377951 -0.08062878600732161 0.28480804018201633],[-0.15593940227024314 0.0 0.0 0.0; 0.0 -0.05975131366539094 0.023058124793643425 0.023016512135876837; 0.0 0.023058124793651522 -0.059609836533975065 0.0229022690570638; 0.0 0.023016512135873156 0.022902269057069456 -0.059565637240634704],0.3
