L,J,Q,θ,ϕx,ϕy,ϕz,ndims,T,χ,dχdlogT,Λ
20,0.45,0.6180339887498949,0.4487989505128276,0.0,0.0,0.0,3,0.30391953823131973,[0.3463324955509341 0.0 0.0 0.0; 0.0 0.1533978933947799 -0.029921493314618453 -0.02996853872682683; 0.0 -0.029921493314637736 0.1535188811449515 -0.030041993921112405; 0.0 -0.02996853872681451 -0.03004199392108875 0.15356096717136442],[-0.1402660530445709 0.0 0.0 0.0; 0.0 -0.04883222287061945 0.01746607051217635 0.017522416811343162; 0.0 0.017466070512165664 -0.048965651692856424 0.0176184567519834; 0.0 0.017522416811342322 0.017618456751976975 -0.049006444929498336],0.3
