L,J,Q,θ,ϕx,ϕy,ϕz,ndims,T,χ,dχdlogT,Λ
20,0.05,0.6180339887498949,0.4487989505128276,0.0,0.0,0.0,3,0.5736152510448679,[0.2621628837642549 0.0 0.0 0.0; 0.0 0.12588703816017324 -0.020066809398856675 -0.020066233693768146; 0.0 -0.02006680939885622 0.12588665403032703 -0.02006654899740873; 0.0 -0.020066233693748343 -0.020066548997401915 0.12588677233864415],[-0.13840320521847638 0.0 0.0 0.0; 0.0 -0.06355733365096645 0.020978198013359903 0.020977232246893948; 0.0 0.020978198013350137 -0.0635566696665831 0.020977792215553296; 0.0 0.02097723224688849 0.020977792215566574 -0.0635572970237773],0.3
