L,J,Q,θ,ϕx,ϕy,ϕz,ndims,T,χ,dχdlogT,Λ
20,0.45,0.6180339887498949,0.4487989505128276,0.0,0.0,0.0,3,0.001,[1.1498976604683104 0.0 0.0 0.0; 0.0 0.23794202025523456 -0.04197128118666483 -0.04152168260891547; 0.0 -0.041971281186674446 0.23669051208145928 -0.04145334054557234; 0.0 -0.041521682608903036 -0.041453340545555384 0.23658474822412182],[-0.12303642619524195 0.0 0.0 0.0; 0.0 -0.003397038571811396 -0.003009514821939043 -0.0032079177857643566; 0.0 -0.00300951482193885 -0.0023666901364460748 -0.0028410810587895007; 0.0 -0.003207917785764592 -0.00284108105878944 -0.003051427299881908],0.3
