L,J,Q,θ,ϕx,ϕy,ϕz,ndims,T,χ,dχdlogT,Λ
20,0.75,0.6180339887498949,0.4487989505128276,0.0,0.0,0.0,3,0.009236708571873866,[0.8000017857569469 0.0 0.0 0.0; 0.0 0.17362199342804732 -0.027215406095457147 -0.027101494128390646; 0.0 -0.02721540609545346 0.17428643584037576 -0.02817275823247573; 0.0 -0.027101494128382832 -0.02817275823247438 0.17412976312037579],[-0.12955798774459468 0.0 0.0 0.0; 0.0 -0.0029817829323797785 -0.00277663571725227 -0.00273147769672012; 0.0 -0.0027766357172517154 -0.0027905915066904715 -0.002502292352893077; 0.0 -0.0027314776967201403 -0.0025022923528931025 -0.002666330951308843],0.3
