L,J,Q,θ,μ,ϕx,ϕy,ϕz,ndims,T,χ,dχdlogT,Λ
23,0.3,0.6180339887498949,0.4487989505128276,0.75,5.898286875632164,2.2120676557336663,3.0137624604328344,3,10.0,[0.002157416770856722 0.0 0.0 0.0; 0.0 0.000633351330312429 -0.00027876471821880125 -0.0002747476947415764; 0.0 -0.00027876471821881995 0.0006377672015444373 -0.00027748010549230487; 0.0 -0.0002747476947415816 -0.0002774801054922993 0.0006342096051966976],[-0.00215730004365118 0.0 0.0 0.0; 0.0 -0.0006333119561737889 0.000278746741373244 0.00027473040788592766; 0.0 0.00027874674137324574 -0.0006377271884222443 0.00027746307332335643; 0.0 0.00027473040788593796 0.00027746307332336093 -0.000634170256589685],0.3
