L,J,Q,θ,μ,ϕx,ϕy,ϕz,ndims,T,χ,dχdlogT,Λ
23,4.0,0.6180339887498949,0.4487989505128276,0.75,4.009261164013791,2.1984173184720874,2.942941359066305,3,0.06210169418915616,[0.10886625556864654 0.0 0.0 0.0; 0.0 0.0034836238705492225 -0.0006176001897515721 -0.0007323772287242634; 0.0 -0.0006176001897515688 0.003503080733246529 -0.0005978594982585598; 0.0 -0.0007323772287242635 -0.0005978594982585663 0.003457633612569284],[-0.06414952199395398 0.0 0.0 0.0; 0.0 -0.001273173390897952 0.00016094346480371763 0.0002349055995690913; 0.0 0.00016094346480371693 -0.0012424395428837864 0.00020750215657391153; 0.0 0.0002349055995690891 0.00020750215657391446 -0.0012663784480994153],0.3
