L,J,Q,θ,μ,ϕx,ϕy,ϕz,ndims,T,χ,dχdlogT,Λ
23,0.5,0.6180339887498949,0.4487989505128276,0.75,1.443805199019273,2.916714181597697,3.1806982942344217,3,1.0826367338740543,[0.019052507649731133 0.0 0.0 0.0; 0.0 0.0039020446018576296 -0.0016561018983167058 -0.0016435508666972378; 0.0 -0.0016561018983168 0.0039037065875815458 -0.0016584188209140978; 0.0 -0.0016435508666973035 -0.0016584188209141113 0.003904728226412016],[-0.018972107020547867 0.0 0.0 0.0; 0.0 -0.0038767805783221053 0.0016448963055084485 0.0016323559305942686; 0.0 0.0016448963055084634 -0.0038784478798114066 0.001647155955166727; 0.0 0.0016323559305942905 0.0016471559551667978 -0.0038794122280916155],0.3
