L,J,Q,θ,μ,ϕx,ϕy,ϕz,ndims,T,χ,dχdlogT,Λ
23,0.25,0.6180339887498949,0.4487989505128276,0.75,5.114081781791591,1.9778970122642205,6.104975597610122,3,3.856620421163471,[0.005486745759980342 0.0 0.0 0.0; 0.0 0.0018129964433617764 -0.0007990792826016963 -0.0008003640802964682; 0.0 -0.0007990792826016974 0.0018138742627967289 -0.0008031602508287897; 0.0 -0.0008003640802964384 -0.0008031602508287779 0.0018162094795570816],[-0.0054849272139168145 0.0 0.0 0.0; 0.0 -0.001812319320642197 0.0007987823799101561 0.0008000602641467112; 0.0 0.0007987823799102296 -0.0018132064445723613 0.0008028628385534877; 0.0 0.0008000602641466653 0.000802862838553517 -0.0018155325354226285],0.3
