L,J,Q,θ,μ,ϕx,ϕy,ϕz,ndims,T,χ,dχdlogT,Λ
23,0.75,0.6180339887498949,0.4487989505128276,0.75,1.4818367473324847,2.2076775764358407,0.7021078731025535,3,0.30391953823131973,[0.06370578279836726 0.0 0.0 0.0; 0.0 0.008173024375793108 -0.0033388330668829487 -0.0032942032373397016; 0.0 -0.0033388330668828064 0.00824328800634995 -0.0033073636616817058; 0.0 -0.0032942032373398287 -0.003307363661681707 0.008128455185452235],[-0.06054422702450291 0.0 0.0 0.0; 0.0 -0.007456006864842418 0.003023361875624665 0.0029859034818949365; 0.0 0.0030233618756246184 -0.0075191806831685255 0.0029968721204809137; 0.0 0.0029859034818949066 0.002996872120481127 -0.007416546187518438],0.3
