L,J,Q,θ,μ,ϕx,ϕy,ϕz,ndims,T,χ,dχdlogT,Λ
23,3.0,0.6180339887498949,0.4487989505128276,0.75,4.009261164013791,2.1984173184720874,2.942941359066305,3,0.004893900918477494,[0.33068492604370736 0.0 0.0 0.0; 0.0 0.005388756050459695 -0.0010296142100609544 -0.0010085832831980782; 0.0 -0.0010296142100609652 0.00503995338188276 -0.0009848763970400863; 0.0 -0.0010085832831980945 -0.0009848763970400707 0.004968079446888892],[-0.0788813073695588 0.0 0.0 0.0; 0.0 -0.00013217041886432802 -9.468083459850899e-6 5.06134400012576e-6; 0.0 -9.46808345985093e-6 -0.0001315652734271099 -8.95360141852435e-7; 0.0 5.061344000125871e-6 -8.95360141852194e-7 -0.00012315878059734835],0.3
