L,J,Q,θ,μ,ϕx,ϕy,ϕz,ndims,T,χ,dχdlogT,Λ
23,0.1,0.6180339887498949,0.4487989505128276,0.75,5.898286875632164,2.2120676557336663,3.0137624604328344,3,0.5736152510448679,[0.03818810980817367 0.0 0.0 0.0; 0.0 0.015367219340693095 -0.006818621037008425 -0.0068327296183727975; 0.0 -0.0068186210370082155 0.015644561803637123 -0.006992956998565239; 0.0 -0.006832729618372939 -0.006992956998565067 0.015592630248657905],[-0.037559957954321405 0.0 0.0 0.0; 0.0 -0.015126664946934489 0.006710998730976793 0.0067257033007177836; 0.0 0.006710998730976474 -0.015395793556906897 0.006884868224355104; 0.0 0.006725703300717978 0.00688486822435503 -0.015347967270792595],0.3
