L,J,Q,θ,μ,ϕx,ϕy,ϕz,ndims,T,χ,dχdlogT,Λ
23,3.0,0.6180339887498949,0.4487989505128276,0.75,4.009261164013791,2.1984173184720874,2.942941359066305,3,10.0,[0.0011711711878330023 0.0 0.0 0.0; 0.0 4.666062116163262e-5 -1.0329373615598195e-5 -9.345243142042925e-6; 0.0 -1.0329373615598109e-5 4.532073656323531e-5 -1.0236873593195421e-5; 0.0 -9.34524314204309e-6 -1.0236873593195343e-5 4.453199982686688e-5],[-0.0011711119886972114 0.0 0.0 0.0; 0.0 -4.665648857399992e-5 1.0328383246907278e-5 9.344380019044655e-6; 0.0 1.0328383246907208e-5 -4.531662060055342e-5 1.0235889107501418e-5; 0.0 9.344380019044894e-6 1.023588910750132e-5 -4.452798277514514e-5],0.3
