L,J,Q,θ,μ,ϕx,ϕy,ϕz,ndims,T,χ,dχdlogT,Λ
23,0.55,0.6180339887498949,0.4487989505128276,0.75,4.47228912932255,1.1729273679174639,1.744469154494291,3,0.009236708571873866,[0.49320600121009356 0.0 0.0 0.0; 0.0 0.04429713324072698 -0.015642036556932016 -0.015519791332688639; 0.0 -0.015642036556932498 0.044495968882590116 -0.0159312214933381; 0.0 -0.015519791332688196 -0.01593122149333758 0.04486643562093796],[-0.1366552031876181 0.0 0.0 0.0; 0.0 -0.0016378055703083964 -0.00090084468908694 -0.0009144463134693479; 0.0 -0.0009008446890869462 -0.0015648212061071512 -0.0008476309421324588; 0.0 -0.0009144463134693794 -0.0008476309421324765 -0.0017041675394647991],0.3
