L,J,Q,θ,μ,ϕx,ϕy,ϕz,ndims,T,χ,dχdlogT,Λ
23,0.3,0.6180339887498949,0.4487989505128276,0.75,5.114081781791591,1.9778970122642205,6.104975597610122,3,3.856620421163471,[0.005454785761332311 0.0 0.0 0.0; 0.0 0.0016675333856262873 -0.0007358473441844499 -0.000727430591241211; 0.0 -0.0007358473441844602 0.0016647224182693974 -0.0007258151789799613; 0.0 -0.0007274305912411833 -0.0007258151789799538 0.001656441001488795],[-0.0054529810590837995 0.0 0.0 0.0; 0.0 -0.0016668715380209222 0.0007355557587340106 0.0007271331977951088; 0.0 0.0007355557587340264 -0.0016640675157611074 0.0007255232904379719; 0.0 0.0007271331977950835 0.0007255232904379734 -0.001655779367000813],0.3
