L,J,Q,θ,μ,ϕx,ϕy,ϕz,ndims,T,χ,dχdlogT,Λ
23,2.0,0.6180339887498949,0.4487989505128276,0.75,1.4818367473324847,2.2076775764358407,0.7021078731025535,3,7.27895384398315,[0.002063405640983819 0.0 0.0 0.0; 0.0 0.00010041597167344881 -3.1989771746938824e-5 -3.151137922558582e-5; 0.0 -3.198977174693941e-5 0.00010161131098004156 -3.237149712217052e-5; 0.0 -3.151137922558509e-5 -3.237149712217032e-5 0.00010207078173228614],[-0.0020632127722604635 0.0 0.0 0.0; 0.0 -0.00010039813622456781 3.1983769629545006e-5 3.150550053787954e-5; 0.0 3.1983769629544884e-5 -0.00010159324738227137 3.236541529148012e-5; 0.0 3.150550053788024e-5 3.236541529148171e-5 -0.00010205273571946428],0.3
