L,J,Q,θ,μ,ϕx,ϕy,ϕz,ndims,T,χ,dχdlogT,Λ
23,0.1,0.6180339887498949,0.4487989505128276,0.75,0.6132391830493972,5.0510753425776596,2.6803823129289137,3,7.27895384398315,[0.0029243345441301266 0.0 0.0 0.0; 0.0 0.0012017551552511365 -0.0005339066851952686 -0.0005343628907808643; 0.0 -0.000533906685195283 0.0011919115085577206 -0.0005320848983483607; 0.0 -0.0005343628907808987 -0.0005320848983483631 0.0012014356406719016],[-0.0029240620450593823 0.0 0.0 0.0; 0.0 -0.001201645302031997 0.0005338571768877796 0.000534316039886974; 0.0 0.000533857176887791 -0.0011918028247986984 0.000532037086631358; 0.0 0.0005343160398869521 0.0005320370866313787 -0.0012013274153267021],0.3
