L,J,Q,θ,μ,ϕx,ϕy,ϕz,ndims,T,χ,dχdlogT,Λ
23,0.55,0.6180339887498949,0.4487989505128276,0.75,4.47228912932255,1.1729273679174639,1.744469154494291,3,0.5736152510448679,[0.035588151550194846 0.0 0.0 0.0; 0.0 0.006617024505248444 -0.002807116470671194 -0.0027843210317727335; 0.0 -0.0028071164706713722 0.00668901072988533 -0.0028400431916732936; 0.0 -0.0027843210317727942 -0.002840043191673182 0.00663019275434206],[-0.03505975747869471 0.0 0.0 0.0; 0.0 -0.006459892980048331 0.0027373976116944827 0.002714494207606751; 0.0 0.0027373976116944914 -0.006531026967294504 0.0027695086201702723; 0.0 0.0027144942076066983 0.0027695086201702038 -0.006472875587949498],0.3
