L,J,Q,θ,μ,ϕx,ϕy,ϕz,ndims,T,χ,dχdlogT,Λ
23,2.0,0.6180339887498949,0.4487989505128276,0.75,4.009261164013791,2.1984173184720874,2.942941359066305,3,0.5736152510448679,[0.025989222109175876 0.0 0.0 0.0; 0.0 0.0012610431112091403 -0.00041909705185262734 -0.00038372423324658746; 0.0 -0.00041909705185262246 0.0012841382764585696 -0.00037553915069585275; 0.0 -0.0003837242332465889 -0.00037553915069585666 0.0012712613693218356],[-0.02560388550885727 0.0 0.0 0.0; 0.0 -0.001225602297180488 0.0004068872686248277 0.0003720466674481879; 0.0 0.00040688726862480804 -0.0012482998243818957 0.0003644275268163364; 0.0 0.0003720466674482012 0.0003644275268163369 -0.001235411259889059],0.3
