L,J,Q,θ,μ,ϕx,ϕy,ϕz,ndims,T,χ,dχdlogT,Λ
23,1.5,0.6180339887498949,0.4487989505128276,0.75,1.4818367473324847,2.2076775764358407,0.7021078731025535,3,0.30391953823131973,[0.05448425313562029 0.0 0.0 0.0; 0.0 0.003301487448530021 -0.0011202694622783694 -0.001111776493768335; 0.0 -0.0011202694622783325 0.0032298570194621407 -0.0011799009217151335; 0.0 -0.0011117764937683767 -0.0011799009217151255 0.003305010555388805],[-0.05178334786445565 0.0 0.0 0.0; 0.0 -0.002993341568283271 0.0010078905854233543 0.001000738733312382; 0.0 0.0010078905854233342 -0.0029270719605905674 0.0010626334556897554; 0.0 0.0010007387333123645 0.0010626334556897697 -0.0029972821845654827],0.3
