L,J,Q,θ,μ,ϕx,ϕy,ϕz,ndims,T,χ,dχdlogT,Λ
23,0.45,0.6180339887498949,0.4487989505128276,0.75,0.7255422784305496,3.4349328561497185,3.4347212092384636,3,0.004893900918477494,[0.5873907305569873 0.0 0.0 0.0; 0.0 0.06121307579894778 -0.02168871577449701 -0.021636810861192745; 0.0 -0.021688715774497946 0.06113327664602174 -0.02194995694277419; 0.0 -0.02163681086119421 -0.021949956942774077 0.061199167739180306],[-0.13926243455237067 0.0 0.0 0.0; 0.0 -0.0016855778700988042 -0.0011542574625876788 -0.0012301636295375385; 0.0 -0.0011542574625877996 -0.0015742113643257278 -0.0011642822385956912; 0.0 -0.0012301636295374574 -0.0011642822385957272 -0.0015980466901361966],0.3
