L,J,Q,θ,μ,ϕx,ϕy,ϕz,ndims,T,χ,dχdlogT,Λ
23,0.55,0.6180339887498949,0.4487989505128276,0.75,5.898286875632164,2.2120676557336663,3.0137624604328344,3,1.0826367338740543,[0.018938488182733054 0.0 0.0 0.0; 0.0 0.003517246019009958 -0.001480817933361743 -0.0014737499540351164; 0.0 -0.0014808179333618478 0.0034954747873012404 -0.0014651421630071714; 0.0 -0.0014737499540350863 -0.0014651421630070918 0.003505045752531709],[-0.018857798785731777 0.0 0.0 0.0; 0.0 -0.003493347089618477 0.0014701936830370482 0.0014631922952653225; 0.0 0.0014701936830371003 -0.0034717878295490337 0.001454817578846587; 0.0 0.0014631922952653273 0.0014548175788464367 -0.003481300479341823],0.3
