L,J,Q,θ,μ,ϕx,ϕy,ϕz,ndims,T,χ,dχdlogT,Λ
23,1.0,0.6180339887498949,0.4487989505128276,0.75,0.22844566387304216,0.027030545181912335,6.104326023357702,3,0.0018873918221350976,[0.66061291822439 0.0 0.0 0.0; 0.0 0.01949023322753788 -0.00437834025160482 -0.004338369575632205; 0.0 -0.004378340251604733 0.01973650844950706 -0.004858009722711145; 0.0 -0.004338369575632329 -0.004858009722711242 0.01969776285084998],[-0.1309088012931581 0.0 0.0 0.0; 0.0 -0.0006397036478569504 -0.0006312157731695892 -0.000613306741643789; 0.0 -0.0006312157731695932 -0.0006508204212659803 -0.0005493294968755128; 0.0 -0.0006133067416437753 -0.0005493294968755172 -0.0005696782932456582],0.3
