L,J,Q,θ,μ,ϕx,ϕy,ϕz,ndims,T,χ,dχdlogT,Λ
23,1.5,0.6180339887498949,0.4487989505128276,0.75,4.009261164013791,2.1984173184720874,2.942941359066305,3,0.03290344562312668,[0.2646070599276691 0.0 0.0 0.0; 0.0 0.00988159095278738 -0.0032731679856086156 -0.003337526531090662; 0.0 -0.003273167985608644 0.009815021357839638 -0.0031225027419866237; 0.0 -0.0033375265310907685 -0.003122502741986603 0.00988471345534397],[-0.11271618941383188 0.0 0.0 0.0; 0.0 -0.0009218382775905953 8.187798675451538e-5 9.049233527215491e-5; 0.0 8.187798675451839e-5 -0.0009108582121664497 1.2038088931038215e-5; 0.0 9.049233527216348e-5 1.2038088931036935e-5 -0.000914704674813543],0.3
