L,J,Q,θ,μ,ϕx,ϕy,ϕz,ndims,T,χ,dχdlogT,Λ
23,0.4,0.6180339887498949,0.4487989505128276,0.75,5.898286875632164,2.2120676557336663,3.0137624604328344,3,0.5736152510448679,[0.03657229949836293 0.0 0.0 0.0; 0.0 0.008988382993035227 -0.0038654868287415316 -0.0038731651561416005; 0.0 -0.0038654868287414127 0.00888970881323489 -0.0038032295558134924; 0.0 -0.0038731651561415576 -0.0038032295558135566 0.008901263321498942],[-0.036006928552116714 0.0 0.0 0.0; 0.0 -0.008802740768407643 0.0037824354554698435 0.0037905253108326425; 0.0 0.0037824354554698097 -0.008704355068623831 0.0037227109621399733; 0.0 0.003790525310832872 0.0037227109621399052 -0.008716438496139034],0.3
