L,J,Q,θ,μ,ϕx,ϕy,ϕz,ndims,T,χ,dχdlogT,Λ
23,0.5,0.6180339887498949,0.4487989505128276,0.75,1.9901092843447468,5.411747857943236,4.4451051863530715,3,0.004893900918477494,[0.5864382683693262 0.0 0.0 0.0; 0.0 0.05242361585205932 -0.01813327624553169 -0.017845747533116123; 0.0 -0.01813327624553107 0.05270055202864777 -0.01817764251969202; 0.0 -0.017845747533115682 -0.01817764251969168 0.052787943769977155],[-0.1396688882139572 0.0 0.0 0.0; 0.0 -0.0014568538561816134 -0.0010923732230659787 -0.0011798609085964449; 0.0 -0.0010923732230659641 -0.0014942497035201415 -0.0010939353511614151; 0.0 -0.0011798609085964039 -0.0010939353511614182 -0.0015125668373416447],0.3
