L,J,Q,θ,μ,ϕx,ϕy,ϕz,ndims,T,χ,dχdlogT,Λ
23,0.1,0.6180339887498949,0.4487989505128276,0.75,0.22844566387304216,0.027030545181912335,6.104326023357702,3,0.004893900918477494,[0.5883379797802831 0.0 0.0 0.0; 0.0 0.21387726401049337 -0.09632923217091055 -0.09185899257189242; 0.0 -0.09632923217091381 0.2091982883189606 -0.08953286122522122; 0.0 -0.0918589925718882 -0.08953286122521995 0.20890411420723182],[-0.13906109847580342 0.0 0.0 0.0; 0.0 -0.026905898764851673 0.011451709273957642 0.009406585953758147; 0.0 0.01145170927395714 -0.022902545777503495 0.008007374050420256; 0.0 0.009406585953758826 0.008007374050420115 -0.02549359826254894],0.3
