L,J,Q,θ,μ,ϕx,ϕy,ϕz,ndims,T,χ,dχdlogT,Λ
23,0.45,0.6180339887498949,0.4487989505128276,0.75,5.114081781791591,1.9778970122642205,6.104975597610122,3,0.002592943797404667,[0.6815789893854343 0.0 0.0 0.0; 0.0 0.06302509611148742 -0.021736659260848328 -0.021324988415022703; 0.0 -0.021736659260848865 0.06365398052719234 -0.02171462018836189; 0.0 -0.02132498841502182 -0.02171462018836196 0.06319069984865153],[-0.13948843455129883 0.0 0.0 0.0; 0.0 -0.0013221080098732565 -0.001211941749006802 -0.0013202940380327528; 0.0 -0.0012119417490068615 -0.0014219929701175264 -0.0013210812416018212; 0.0 -0.0013202940380327057 -0.0013210812416017813 -0.0013873713377580753],0.3
