L,J,Q,θ,μ,ϕx,ϕy,ϕz,ndims,T,χ,dχdlogT,Λ
23,2.5,0.6180339887498949,0.4487989505128276,0.75,1.4818367473324847,2.2076775764358407,0.7021078731025535,3,2.043359717856942,[0.006522250911466518 0.0 0.0 0.0; 0.0 0.00028176011600081354 -7.39731759891476e-5 -7.137788186338117e-5; 0.0 -7.397317598914878e-5 0.0002682026077248572 -7.666081942525875e-5; 0.0 -7.13778818633825e-5 -7.666081942525989e-5 0.0002811286176465378],[-0.0065144832520689176 0.0 0.0 0.0; 0.0 -0.00028114539873095977 7.380643481018653e-5 7.120916827369168e-5; 0.0 7.380643481019004e-5 -0.0002676048308143383 7.648610363727495e-5; 0.0 7.120916827369302e-5 7.648610363727537e-5 -0.00028051586642251176],0.3
