L,J,Q,θ,μ,ϕx,ϕy,ϕz,ndims,T,χ,dχdlogT,Λ
23,0.1,0.6180339887498949,0.4487989505128276,0.75,4.47228912932255,1.1729273679174639,1.744469154494291,3,0.003562247890262444,[0.6376272414096298 0.0 0.0 0.0; 0.0 0.22750142258558512 -0.10416821250619246 -0.09235894388935821; 0.0 -0.10416821250619629 0.23255969600389564 -0.10560754302270672; 0.0 -0.0923589438893598 -0.10560754302271277 0.22651574934559002],[-0.12698120606836238 0.0 0.0 0.0; 0.0 -0.022788220346825358 0.008902952855357258 0.004846462273538322; 0.0 0.008902952855356987 -0.023678188059451617 0.012767212281519768; 0.0 0.004846462273538308 0.012767212281519474 -0.02254379239916161],0.3
