L,J,Q,θ,μ,ϕx,ϕy,ϕz,ndims,T,χ,dχdlogT,Λ
23,3.0,0.6180339887498949,0.4487989505128276,0.75,0.22844566387304216,0.027030545181912335,6.104326023357702,3,3.856620421163471,[0.0031002687110561742 0.0 0.0 0.0; 0.0 0.00012148214768140576 -2.940350490410469e-5 -2.9444049812389386e-5; 0.0 -2.9403504904104707e-5 0.0001273681285641152 -3.052248474126756e-5; 0.0 -2.9444049812389935e-5 -3.052248474126848e-5 0.000125496211654336],[-0.00309922317031763 0.0 0.0 0.0; 0.0 -0.00012140997419385963 2.9385553344779357e-5 2.9425601694365847e-5; 0.0 2.9385553344779164e-5 -0.00012729185190031377 3.0503996523720106e-5; 0.0 2.942560169436503e-5 3.0503996523720705e-5 -0.00012542077730992327],0.3
