L,J,Q,θ,μ,ϕx,ϕy,ϕz,ndims,T,χ,dχdlogT,Λ
23,0.3,0.6180339887498949,0.4487989505128276,0.75,4.47228912932255,1.1729273679174639,1.744469154494291,3,0.06210169418915616,[0.2404785284460517 0.0 0.0 0.0; 0.0 0.06706019075890003 -0.02919170313100094 -0.029073980806207763; 0.0 -0.029191703131000293 0.06736173227338489 -0.029335909484683807; 0.0 -0.02907398080620681 -0.029335909484683283 0.06724719794488968],[-0.14026000709568656 0.0 0.0 0.0; 0.0 -0.031746866596171916 0.013598617156329155 0.013231315898306194; 0.0 0.013598617156328876 -0.032321812391110025 0.013696619286841972; 0.0 0.01323131589830629 0.013696619286841622 -0.031887766907358416],0.3
