L,J,Q,θ,μ,ϕx,ϕy,ϕz,ndims,T,χ,dχdlogT,Λ
23,0.25,0.6180339887498949,0.4487989505128276,0.75,5.114081781791591,1.9778970122642205,6.104975597610122,3,1.4873521072935114,[0.014185825224711627 0.0 0.0 0.0; 0.0 0.004706603348634997 -0.002091795790923031 -0.0020740122588029865; 0.0 -0.002091795790923068 0.0047010593933904795 -0.0020726100196009436; 0.0 -0.002074012258802958 -0.0020726100196009033 0.0046887731429800066],[-0.014154446616827803 0.0 0.0 0.0; 0.0 -0.004694893687308461 0.0020866182121750945 0.00206876037387022; 0.0 0.002086618212175181 -0.004689469593835039 0.002067438538445713; 0.0 0.0020687603738702353 0.002067438538445713 -0.00467705404995612],0.3
