L,J,Q,θ,μ,ϕx,ϕy,ϕz,ndims,T,χ,dχdlogT,Λ
23,0.45,0.6180339887498949,0.4487989505128276,0.75,5.114081781791591,1.9778970122642205,6.104975597610122,3,0.11721022975334802,[0.15393569157160342 0.0 0.0 0.0; 0.0 0.032636624567630536 -0.013923541184893676 -0.013800328241908006; 0.0 -0.013923541184893595 0.032627095003357774 -0.01396051515524295; 0.0 -0.013800328241907708 -0.013960515155243278 0.03256055908292312],[-0.11896635890328718 0.0 0.0 0.0; 0.0 -0.021736997994918777 0.009095092602340381 0.00895940706545383; 0.0 0.009095092602340734 -0.021765370629135108 0.009105418913447856; 0.0 0.008959407065453638 0.009105418913447929 -0.02167475973610482],0.3
