L,J,Q,θ,μ,ϕx,ϕy,ϕz,ndims,T,χ,dχdlogT,Λ
23,0.3,0.6180339887498949,0.4487989505128276,0.75,1.9901092843447468,5.411747857943236,4.4451051863530715,3,0.0018873918221350976,[0.7141719427344049 0.0 0.0 0.0; 0.0 0.10303034036726884 -0.03931907745251662 -0.03964576858511512; 0.0 -0.03931907745251851 0.10452927553682775 -0.03982398673722446; 0.0 -0.03964576858511538 -0.039823986737221664 0.1035229292267482],[-0.1320034294337718 0.0 0.0 0.0; 0.0 -0.0016036502591385026 -0.0015133163847840044 -0.0011323610637922162; 0.0 -0.0015133163847840384 -0.0020459759187970877 -0.0013921136194272432; 0.0 -0.0011323610637922307 -0.0013921136194272184 -0.0014220529951628378],0.3
