L,J,Q,θ,μ,ϕx,ϕy,ϕz,ndims,T,χ,dχdlogT,Λ
23,0.5,0.6180339887498949,0.4487989505128276,0.75,1.9901092843447468,5.411747857943236,4.4451051863530715,3,0.2212216291070449,[0.08922200583663155 0.0 0.0 0.0; 0.0 0.017855140951848314 -0.007632436860511649 -0.007526870018508545; 0.0 -0.007632436860511723 0.017781918032635624 -0.00743095234089301; 0.0 -0.007526870018508351 -0.007430952340892961 0.017613025554347257],[-0.08142710313848549 0.0 0.0 0.0; 0.0 -0.015462609994960594 0.006569207886590649 0.006463759324864129; 0.0 0.006569207886590855 -0.015392691688006716 0.006373048876702829; 0.0 0.006463759324864374 0.006373048876702954 -0.015231348890372013],0.3
