L,J,Q,θ,μ,ϕx,ϕy,ϕz,ndims,T,χ,dχdlogT,Λ
23,0.5,0.6180339887498949,0.4487989505128276,0.75,4.47228912932255,1.1729273679174639,1.744469154494291,3,0.11721022975334802,[0.15318190140844154 0.0 0.0 0.0; 0.0 0.029251859838573126 -0.01225613188655656 -0.012325529732663897; 0.0 -0.012256131886556233 0.029230752501877698 -0.012346985710310784; 0.0 -0.012325529732663756 -0.012346985710309937 0.02935400557113223],[-0.11819136758421313 0.0 0.0 0.0; 0.0 -0.019039677643380187 0.00775187867427052 0.007795331184783741; 0.0 0.007751878674270478 -0.019030079262832938 0.007815090860767752; 0.0 0.007795331184783878 0.00781509086076802 -0.019099639588296153],0.3
