L,J,Q,θ,μ,ϕx,ϕy,ϕz,ndims,T,χ,dχdlogT,Λ
23,0.75,0.6180339887498949,0.4487989505128276,0.75,0.97214979122521,4.062456537363038,2.9445300006073447,3,0.16102620275609392,[0.11347217097895215 0.0 0.0 0.0; 0.0 0.014102458392680305 -0.005565532448324598 -0.0055741261741927796; 0.0 -0.005565532448324174 0.013955332572664859 -0.005440962296159574; 0.0 -0.005574126174192927 -0.0054409622961595515 0.013991618688344703],[-0.09684389993297554 0.0 0.0 0.0; 0.0 -0.010488502830806126 0.004016720773148247 0.004029506901046075; 0.0 0.0040167207731481224 -0.010369069761748983 0.003922524594232208; 0.0 0.004029506901046052 0.003922524594232308 -0.010399337802794577],0.3
