L,J,Q,θ,μ,ϕx,ϕy,ϕz,ndims,T,χ,dχdlogT,Λ
23,0.4,0.6180339887498949,0.4487989505128276,0.75,0.6132391830493972,5.0510753425776596,2.6803823129289137,3,0.02395026619987486,[0.3707528642309567 0.0 0.0 0.0; 0.0 0.06586807158279542 -0.02697734949591488 -0.027373255668124062; 0.0 -0.026977349495916472 0.06611327999718877 -0.02715997038614533; 0.0 -0.027373255668122837 -0.0271599703861442 0.06626238556645532],[-0.13978633662132653 0.0 0.0 0.0; 0.0 -0.008373551389857873 0.002037684714591352 0.002301406924839432; 0.0 0.002037684714591484 -0.008564694173098816 0.0021736340222247384; 0.0 0.0023014069248394357 0.0021736340222246464 -0.008589177950673299],0.3
