L,J,Q,θ,μ,ϕx,ϕy,ϕz,ndims,T,χ,dχdlogT,Λ
23,0.4,0.6180339887498949,0.4487989505128276,0.75,0.7255422784305496,3.4349328561497185,3.4347212092384636,3,0.11721022975334802,[0.1551746373528919 0.0 0.0 0.0; 0.0 0.03703637490664169 -0.016010266082277447 -0.015882000419973515; 0.0 -0.01601026608227718 0.037225903609768796 -0.01606431538104638; 0.0 -0.015882000419973823 -0.016064315381046447 0.0370779446343991],[-0.1195019374859977 0.0 0.0 0.0; 0.0 -0.02548439805818916 0.010861029301139347 0.01074832760586387; 0.0 0.010861029301140118 -0.02558355207290544 0.010852610483006345; 0.0 0.010748327605863512 0.010852610483005358 -0.025458182890980674],0.3
