L,J,Q,θ,μ,ϕx,ϕy,ϕz,ndims,T,χ,dχdlogT,Λ
23,0.5,0.6180339887498949,0.4487989505128276,0.75,0.7255422784305496,3.4349328561497185,3.4347212092384636,3,0.009236708571873866,[0.4969429201307675 0.0 0.0 0.0; 0.0 0.05285513765429641 -0.019146962028244344 -0.019418991124209587; 0.0 -0.019146962028244053 0.05222571479568458 -0.01911709857918454; 0.0 -0.019418991124209837 -0.019117098579185667 0.05269595994848476],[-0.13790198804446085 0.0 0.0 0.0; 0.0 -0.0020286932221300264 -0.0008423353880377133 -0.0008889089285049721; 0.0 -0.000842335388037687 -0.0020327682424658797 -0.000830313962918161; 0.0 -0.0008889089285049857 -0.0008303139629181331 -0.001890845897582157],0.3
