L,J,Q,θ,μ,ϕx,ϕy,ϕz,ndims,T,χ,dχdlogT,Λ
23,0.55,0.6180339887498949,0.4487989505128276,0.75,5.114081781791591,1.9778970122642205,6.104975597610122,3,0.0018873918221350976,[0.7078956173345803 0.0 0.0 0.0; 0.0 0.046387295423743036 -0.013535375407512354 -0.013723806496585013; 0.0 -0.013535375407512084 0.04632910352123438 -0.014191061717359177; 0.0 -0.013723806496584794 -0.01419106171735883 0.04700170801475703],[-0.134028638807913 0.0 0.0 0.0; 0.0 -0.0012909823233663643 -0.0010732074658331464 -0.001245096484079382; 0.0 -0.0010732074658331553 -0.0010672311930777422 -0.0010858918914332593; 0.0 -0.0012450964840793196 -0.0010858918914332038 -0.0011398082249987932],0.3
