L,J,Q,θ,μ,ϕx,ϕy,ϕz,ndims,T,χ,dχdlogT,Λ
23,0.0,0.6180339887498949,0.4487989505128276,0.75,4.47228912932255,1.1729273679174639,1.744469154494291,3,0.017433288221999882,[0.42267642610786066 0.0 0.0 0.0; 0.0 0.1878144654222846 -0.08581822117211582 -0.08115016151609729; 0.0 -0.08581822117211584 0.19037759990055997 -0.08551506852196442; 0.0 -0.08115016151609729 -0.08551506852196442 0.18762613679070342],[-0.13505989026264598 0.0 0.0 0.0; 0.0 -0.06217512971624421 0.03052913817322499 0.024694134475658863; 0.0 0.030529138173225005 -0.06526658818669756 0.029912192018142235; 0.0 0.024694134475658873 0.029912192018142242 -0.061942096365207824],0.3
