L,J,Q,θ,μ,ϕx,ϕy,ϕz,ndims,T,χ,dχdlogT,Λ
23,0.1,0.6180339887498949,0.4487989505128276,0.75,1.9901092843447468,5.411747857943236,4.4451051863530715,3,3.856620421163471,[0.005513381764859705 0.0 0.0 0.0; 0.0 0.0022538659308060736 -0.0010081748271498596 -0.0010055692140014624; 0.0 -0.0010081748271498969 0.0022750405435723025 -0.0010115754814429784; 0.0 -0.0010055692140014802 -0.001011575481442985 0.0022553610050796502],[-0.005511557016182448 0.0 0.0 0.0; 0.0 -0.0022531300662456378 0.0010078504925675673 0.001005237150382367; 0.0 0.0010078504925675278 -0.0022742936451324368 0.0010112470594045076; 0.0 0.0010052371503823008 0.001011247059404544 -0.002254622738413996],0.3
