L,J,Q,θ,μ,ϕx,ϕy,ϕz,ndims,T,χ,dχdlogT,Λ
23,0.75,0.6180339887498949,0.4487989505128276,0.75,0.97214979122521,4.062456537363038,2.9445300006073447,3,0.0018873918221350976,[0.694006716633904 0.0 0.0 0.0; 0.0 0.029880454509728212 -0.008058299148522451 -0.00794998575085237; 0.0 -0.008058299148522304 0.030613168264300408 -0.00825038574484571; 0.0 -0.007949985750852831 -0.00825038574484579 0.030692597315237644],[-0.13298201514370556 0.0 0.0 0.0; 0.0 -0.0006905046601382457 -0.0007636704705174728 -0.0008284731163721474; 0.0 -0.000763670470517468 -0.0008439553618625575 -0.0008939728248533421; 0.0 -0.000828473116372141 -0.0008939728248533124 -0.0009055657275652559],0.3
