L,J,Q,θ,μ,ϕx,ϕy,ϕz,ndims,T,χ,dχdlogT,Λ
23,0.55,0.6180339887498949,0.4487989505128276,0.75,5.114081781791591,1.9778970122642205,6.104975597610122,3,0.001,[0.793415546334517 0.0 0.0 0.0; 0.0 0.04784025995807214 -0.01352686981596867 -0.013465977553705695; 0.0 -0.013526869815969069 0.047700899487186324 -0.013684842767374993; 0.0 -0.013465977553705308 -0.01368484276737492 0.04758197466023426],[-0.12731816685387923 0.0 0.0 0.0; 0.0 -0.0010477469711771992 -0.001143423775225484 -0.0010087245778209707; 0.0 -0.0011434237752254303 -0.001114096838781582 -0.0010023968892139178; 0.0 -0.00100872457782099 -0.001002396889213951 -0.0010390203601508602],0.3
