L,J,Q,θ,μ,ϕx,ϕy,ϕz,ndims,T,χ,dχdlogT,Λ
23,0.5,0.6180339887498949,0.4487989505128276,0.75,0.7255422784305496,3.4349328561497185,3.4347212092384636,3,2.807216203941177,[0.007383013966269427 0.0 0.0 0.0; 0.0 0.0015322743090563002 -0.0006605119088159328 -0.0006450304476165303; 0.0 -0.0006605119088159602 0.0015412951333988324 -0.0006526320827193124; 0.0 -0.0006450304476165592 -0.0006526320827193088 0.0015202375856515078],[-0.007378320518553546 0.0 0.0 0.0; 0.0 -0.0015308012312844164 0.0006598507984879173 0.0006443800017521929; 0.0 0.0006598507984879151 -0.0015398117592998408 0.0006519736488080067; 0.0 0.000644380001752161 0.000651973648807985 -0.0015187696491800887],0.3
