L,J,Q,θ,μ,ϕx,ϕy,ϕz,ndims,T,χ,dχdlogT,Λ
23,0.25,0.6180339887498949,0.4487989505128276,0.75,0.7255422784305496,3.4349328561497185,3.4347212092384636,3,0.0018873918221350976,[0.7371353091788765 0.0 0.0 0.0; 0.0 0.13418602292980036 -0.052045964503800016 -0.05283412309923945; 0.0 -0.052045964503797414 0.1319962617949004 -0.05301161446915815; 0.0 -0.05283412309923819 -0.053011614469159786 0.13122835814211903],[-0.1476466742581544 0.0 0.0 0.0; 0.0 -0.0029375560235940044 -0.0019096737725681915 -0.001338064433678948; 0.0 -0.0019096737725681923 -0.0025169127113857446 -0.0011121533067385324; 0.0 -0.0013380644336790054 -0.0011121533067385417 -0.001819669197250561],0.3
