L,J,Q,θ,μ,ϕx,ϕy,ϕz,ndims,T,χ,dχdlogT,Λ
23,5.0,0.6180339887498949,0.4487989505128276,0.75,0.22844566387304216,0.027030545181912335,6.104326023357702,3,0.2212216291070449,[0.03476231971479542 0.0 0.0 0.0; 0.0 0.001491483850692405 -5.764189560856401e-5 -0.00023654088983344503; 0.0 -5.764189560856513e-5 0.0012954824901334591 -3.835823999632183e-5; 0.0 -0.0002365408898334401 -3.835823999632175e-5 0.0013696829125274315],[-0.031619708965531276 0.0 0.0 0.0; 0.0 -0.0012947070160515993 3.903687888675612e-5 0.00020513570933480615; 0.0 3.903687888675629e-5 -0.0011246608916642307 3.172602303743209e-5; 0.0 0.00020513570933480564 3.172602303743241e-5 -0.0011905167430925857],0.3
