L,J,Q,θ,μ,ϕx,ϕy,ϕz,ndims,T,χ,dχdlogT,Λ
23,0.25,0.6180339887498949,0.4487989505128276,0.75,4.47228912932255,1.1729273679174639,1.744469154494291,3,0.017433288221999882,[0.42710757405808913 0.0 0.0 0.0; 0.0 0.11269295868313282 -0.04889358159550526 -0.04808164920566861; 0.0 -0.04889358159550668 0.114163577080664 -0.04917698415383659; 0.0 -0.048081649205669076 -0.04917698415383674 0.11285926020645014],[-0.14924553604288554 0.0 0.0 0.0; 0.0 -0.017388284827044846 0.006148800880180343 0.006080549299974248; 0.0 0.006148800880180404 -0.0184311245451313 0.0064551492300899925; 0.0 0.0060805492999740475 0.0064551492300898355 -0.01752132959236874],0.3
