L,J,Q,θ,μ,ϕx,ϕy,ϕz,ndims,T,χ,dχdlogT,Λ
23,0.0,0.6180339887498949,0.4487989505128276,0.75,2.0734236957529646,3.425032209206268,2.069955073380614,3,0.017433288221999882,[0.4441765014973055 0.0 0.0 0.0; 0.0 0.2054325773775531 -0.0908428518190394 -0.09359792413372207; 0.0 -0.09084285181903942 0.20296065402953498 -0.0894809486653171; 0.0 -0.09359792413372209 -0.08948094866531711 0.2042636928024326],[-0.16695902833771759 0.0 0.0 0.0; 0.0 -0.0836374969727261 0.03618460423146797 0.04079257539240099; 0.0 0.03618460423146797 -0.08087617124982537 0.03418478667949842; 0.0 0.04079257539240102 0.0341847866794984 -0.0814533212890644],0.3
