L,J,Q,θ,μ,ϕx,ϕy,ϕz,ndims,T,χ,dχdlogT,Λ
23,2.0,0.6180339887498949,0.4487989505128276,0.75,0.97214979122521,4.062456537363038,2.9445300006073447,3,7.27895384398315,[0.0020634055774013367 0.0 0.0 0.0; 0.0 0.00010251223503182241 -3.119892800189621e-5 -2.8440900542808797e-5; 0.0 -3.1198928001896155e-5 0.0001007649826127106 -3.155789240405874e-5; 0.0 -2.844090054280881e-5 -3.15578924040571e-5 9.908454380688193e-5],[-0.0020632125814796253 0.0 0.0 0.0; 0.0 -0.00010249413458366124 3.119307542863994e-5 2.8435412197300613e-5; 0.0 3.119307542864131e-5 -0.00010074706404176473 3.155201156086043e-5; 0.0 2.843541219729991e-5 3.155201156086131e-5 -9.906694132532562e-5],0.3
