L,J,Q,θ,μ,ϕx,ϕy,ϕz,ndims,T,χ,dχdlogT,Λ
23,1.0,0.6180339887498949,0.4487989505128276,0.75,4.009261164013791,2.1984173184720874,2.942941359066305,3,0.04520353656360243,[0.25597440235972374 0.0 0.0 0.0; 0.0 0.01666952096835679 -0.005994051877817792 -0.005894497564036999; 0.0 -0.0059940518778177744 0.016158781597503363 -0.005679843139918018; 0.0 -0.00589449756403709 -0.005679843139918071 0.016308365263238214],[-0.12672561581601022 0.0 0.0 0.0; 0.0 -0.002817505797084401 0.0005098033377497791 0.0004980864896483813; 0.0 0.0005098033377497709 -0.002689154671217926 0.00042468693246456673; 0.0 0.0004980864896483643 0.0004246869324645846 -0.002747043694516006],0.3
