L,J,Q,θ,μ,ϕx,ϕy,ϕz,ndims,T,χ,dχdlogT,Λ
23,0.55,0.6180339887498949,0.4487989505128276,0.75,5.114081781791591,1.9778970122642205,6.104975597610122,3,10.0,[0.002060850831440601 0.0 0.0 0.0; 0.0 0.0003932960624387754 -0.00016526137080944745 -0.00016511188203196145; 0.0 -0.00016526137080944051 0.0003924665972534046 -0.00016449449211481637; 0.0 -0.0001651118820319519 -0.00016449449211480892 0.0003916721269040079],[-0.0020607476178511387 0.0 0.0 0.0; 0.0 -0.0003932647522265145 0.00016524755921099163 0.00016509797258395452; 0.0 0.0001652475592109961 -0.0003924354180051026 0.00016448070045507594; 0.0 0.00016509797258395655 0.0001644807004550789 -0.00039164086464776816],0.3
