L,J,Q,θ,μ,ϕx,ϕy,ϕz,ndims,T,χ,dχdlogT,Λ
23,1.5,0.6180339887498949,0.4487989505128276,0.75,4.009261164013791,2.1984173184720874,2.942941359066305,3,0.006723357536499335,[0.4422621633977658 0.0 0.0 0.0; 0.0 0.010511801431722149 -0.003081490378681887 -0.0031723729230870397; 0.0 -0.0030814903786817592 0.010537997036941055 -0.0028706905625215527; 0.0 -0.0031723729230870913 -0.0028706905625215137 0.010600182538822528],[-0.11113716520296166 0.0 0.0 0.0; 0.0 -0.00018492400114503995 -0.00019855287559340521 -0.00018080245576902325; 0.0 -0.00019855287559340898 -0.00027357531453594213 -0.0002264080754279361; 0.0 -0.000180802455769019 -0.00022640807542793903 -0.0002708878107184761],0.3
