L,J,Q,θ,μ,ϕx,ϕy,ϕz,ndims,T,χ,dχdlogT,Λ
23,0.45,0.6180339887498949,0.4487989505128276,0.75,0.7255422784305496,3.4349328561497185,3.4347212092384636,3,0.0013738237958832624,[0.7602179540571692 0.0 0.0 0.0; 0.0 0.06343648417234495 -0.020765126493755667 -0.02063016508379893; 0.0 -0.02076512649375638 0.06383417890242937 -0.020745622985607795; 0.0 -0.020630165083798817 -0.020745622985607712 0.06358477276389343],[-0.13684807671035584 0.0 0.0 0.0; 0.0 -0.001338082366007157 -0.0012111742623676625 -0.0012199016087941208; 0.0 -0.0012111742623676918 -0.0013648434910953973 -0.0012762113471492733; 0.0 -0.0012199016087940967 -0.0012762113471492245 -0.0014765716186814985],0.3
