L,J,Q,θ,μ,ϕx,ϕy,ϕz,ndims,T,χ,dχdlogT,Λ
23,6.0,0.6180339887498949,0.4487989505128276,0.75,0.22844566387304216,0.027030545181912335,6.104326023357702,3,0.02395026619987486,[0.13011937802753606 0.0 0.0 0.0; 0.0 0.004345851257395463 -0.0005276490368074441 -0.0002392969218058802; 0.0 -0.0005276490368074499 0.004146333739446018 -0.0004018319105932893; 0.0 -0.00023929692180588155 -0.0004018319105932882 0.00439544155034982],[-0.051252264621791596 0.0 0.0 0.0; 0.0 -0.0009489190302014861 0.0002768619520219419 0.00011428320125783863; 0.0 0.00027686195202194494 -0.0010201287595374216 5.889875221439201e-5; 0.0 0.00011428320125783986 5.88987522143917e-5 -0.0011703155692145359],0.3
