L,J,Q,θ,μ,ϕx,ϕy,ϕz,ndims,T,χ,dχdlogT,Λ
23,0.55,0.6180339887498949,0.4487989505128276,0.75,5.898286875632164,2.2120676557336663,3.0137624604328344,3,10.0,[0.002060850564113177 0.0 0.0 0.0; 0.0 0.00038524161438864253 -0.00015936694976397673 -0.0001629438032830214; 0.0 -0.00015936694976397093 0.00037962455407430744 -0.00016031880388538486; 0.0 -0.00016294380328302167 -0.00016031880388538326 0.00038408678297180215],[-0.0020607468158871656 0.0 0.0 0.0; 0.0 -0.0003852108546836571 0.00015935347262520947 0.00016293014020434606; 0.0 0.000159353472625213 -0.00037959405207299167 0.00016030531992408746; 0.0 0.00016293014020434714 0.0001603053199240797 -0.0003840560402584673],0.3
