L,J,Q,θ,μ,ϕx,ϕy,ϕz,ndims,T,χ,dχdlogT,Λ
23,2.0,0.6180339887498949,0.4487989505128276,0.75,1.4818367473324847,2.2076775764358407,0.7021078731025535,3,0.16102620275609392,[0.08585142430582587 0.0 0.0 0.0; 0.0 0.003882787285493224 -0.0012258456580943491 -0.0012087531336593459; 0.0 -0.0012258456580943817 0.00392802160574899 -0.001239543751472146; 0.0 -0.001208753133659331 -0.0012395437514721287 0.003949327132879068],[-0.07339021747731062 0.0 0.0 0.0; 0.0 -0.0028308925111671 0.0008741153649956578 0.0008642442268364343; 0.0 0.000874115364995627 -0.0028614077752808485 0.0008811605720567681; 0.0 0.0008642442268364176 0.0008811605720567654 -0.0028833013171533826],0.3
