L,J,Q,θ,μ,ϕx,ϕy,ϕz,ndims,T,χ,dχdlogT,Λ
23,0.4,0.6180339887498949,0.4487989505128276,0.75,0.7255422784305496,3.4349328561497185,3.4347212092384636,3,2.043359717856942,[0.01025065228552895 0.0 0.0 0.0; 0.0 0.002543824077023656 -0.0010960986187027223 -0.0011007461887074413; 0.0 -0.0010960986187026928 0.0025427876698997103 -0.0011013850970187848; 0.0 -0.0011007461887074862 -0.001101385097018835 0.0025441630842560664],[-0.010238374711344004 0.0 0.0 0.0; 0.0 -0.0025397072968058056 0.0010942707159622591 0.0010989118020863255; 0.0 0.001094270715962244 -0.002538650623722444 0.0010995270692139617; 0.0 0.001098911802086301 0.0010995270692140135 -0.0025400207660833743],0.3
