L,J,Q,θ,μ,ϕx,ϕy,ϕz,ndims,T,χ,dχdlogT,Λ
23,0.4,0.6180339887498949,0.4487989505128276,0.75,5.114081781791591,1.9778970122642205,6.104975597610122,3,0.0013738237958832624,[0.7672562079945087 0.0 0.0 0.0; 0.0 0.07247745131015898 -0.025037128323969888 -0.0242193486405928; 0.0 -0.02503712832397038 0.07389228499754799 -0.025286195117429532; 0.0 -0.02421934864059418 -0.02528619511743048 0.07277404553959409],[-0.1375828717871771 0.0 0.0 0.0; 0.0 -0.001353379955902193 -0.0012758581538282457 -0.0013017838040509907; 0.0 -0.001275858153828235 -0.0014011793394670994 -0.0013885189292676644; 0.0 -0.0013017838040510076 -0.0013885189292676952 -0.0014719252244880113],0.3
