L,J,Q,θ,μ,ϕx,ϕy,ϕz,ndims,T,χ,dχdlogT,Λ
23,0.1,0.6180339887498949,0.4487989505128276,0.75,5.114081781791591,1.9778970122642205,6.104975597610122,3,0.004893900918477494,[0.5950655778529331 0.0 0.0 0.0; 0.0 0.21362537494913902 -0.09930958719930962 -0.09093669444261865; 0.0 -0.09930958719931243 0.21511150700966086 -0.09015649714477882; 0.0 -0.09093669444262127 -0.09015649714477642 0.20965009858540376],[-0.12998636947165543 0.0 0.0 0.0; 0.0 -0.025509043972695305 0.012624635215838134 0.01042720028204262; 0.0 0.012624635215837985 -0.02735600840861375 0.007592485608277049; 0.0 0.010427200282042023 0.007592485608277195 -0.025096183548628002],0.3
