L,J,Q,θ,μ,ϕx,ϕy,ϕz,ndims,T,χ,dχdlogT,Λ
23,0.1,0.6180339887498949,0.4487989505128276,0.75,2.404880474578574,3.747742760251755,2.4607463879313465,3,0.7880462815669912,[0.0271102411550514 0.0 0.0 0.0; 0.0 0.011130854406964133 -0.004843018597889414 -0.005073110837074159; 0.0 -0.004843018597889342 0.011034674427548111 -0.004955241020197151; 0.0 -0.005073110837074191 -0.004955241020197133 0.011268261515935251],[-0.02689048965789304 0.0 0.0 0.0; 0.0 -0.011040624903446528 0.004804408005578246 0.005031701119216468; 0.0 0.004804408005578393 -0.010946764490349105 0.004916113705324649; 0.0 0.005031701119216569 0.004916113705324718 -0.011177193047916777],0.3
