L,J,Q,θ,μ,ϕx,ϕy,ϕz,ndims,T,χ,dχdlogT,Λ
23,0.55,0.6180339887498949,0.4487989505128276,0.75,1.9901092843447468,5.411747857943236,4.4451051863530715,3,2.043359717856942,[0.010049670198749843 0.0 0.0 0.0; 0.0 0.0018471036134063488 -0.0007703225449866056 -0.0007802214090896896; 0.0 -0.000770322544986628 0.0018508079365372777 -0.0007838855585464803; 0.0 -0.0007802214090897328 -0.0007838855585464267 0.0018565836286766352],[-0.010037655560664212 0.0 0.0 0.0; 0.0 -0.0018435387461132923 0.000768751048426882 0.000778636247641174; 0.0 0.000768751048426835 -0.0018472421564191854 0.0007822997949517999; 0.0 0.0007786362476411075 0.0007822997949517563 -0.0018530104360816708],0.3
