L,J,Q,θ,μ,ϕx,ϕy,ϕz,ndims,T,χ,dχdlogT,Λ
23,0.3,0.6180339887498949,0.4487989505128276,0.75,5.114081781791591,1.9778970122642205,6.104975597610122,3,2.807216203941177,[0.007507437506983601 0.0 0.0 0.0; 0.0 0.002281327006972198 -0.0009991932099817585 -0.0010035798257936564; 0.0 -0.0009991932099817523 0.0022704827387663024 -0.000994743777513248; 0.0 -0.0010035798257936512 -0.000994743777513219 0.0022780586910262734],[-0.007502728591131915 0.0 0.0 0.0; 0.0 -0.002279605368918886 0.0009984348936529015 0.0010028052920961178; 0.0 0.0009984348936529018 -0.002268775208955227 0.000993979292803775; 0.0 0.0010028052920960737 0.0009939792928037449 -0.002276330831485241],0.3
