L,J,Q,θ,μ,ϕx,ϕy,ϕz,ndims,T,χ,dχdlogT,Λ
23,0.3,0.6180339887498949,0.4487989505128276,0.75,5.114081781791591,1.9778970122642205,6.104975597610122,3,0.003562247890262444,[0.6369092115396416 0.0 0.0 0.0; 0.0 0.10209145174653636 -0.040936981941674645 -0.03963748983403394; 0.0 -0.040936981941675964 0.10383771717728735 -0.04049116518214614; 0.0 -0.03963748983403601 -0.04049116518214577 0.10221986176475634],[-0.13385713218485387 0.0 0.0 0.0; 0.0 -0.0018819321830123902 -0.0010662587544020394 -0.0011991298384890423; 0.0 -0.0010662587544020758 -0.0024136299838879156 -0.0012774549181103422; 0.0 -0.0011991298384891331 -0.0012774549181102956 -0.001980904512133807],0.3
