L,J,Q,θ,μ,ϕx,ϕy,ϕz,ndims,T,χ,dχdlogT,Λ
23,2.5,0.6180339887498949,0.4487989505128276,0.75,0.97214979122521,4.062456537363038,2.9445300006073447,3,10.0,[0.0013478749391438196 0.0 0.0 0.0; 0.0 5.762232520795916e-5 -1.5567293252000647e-5 -1.7160800958668264e-5; 0.0 -1.5567293252000752e-5 5.811819493219886e-5 -1.7028515432329037e-5; 0.0 -1.7160800958667966e-5 -1.7028515432328976e-5 5.811399859754189e-5],[-0.0013478082680405154 0.0 0.0 0.0; 0.0 -5.761698420055858e-5 1.556574539501928e-5 1.7159185152989816e-5; 0.0 1.556574539501957e-5 -5.811270782959442e-5 1.702687094544174e-5; 0.0 1.7159185152989613e-5 1.7026870945442125e-5 -5.8108631254765284e-5],0.3
