L,J,Q,θ,μ,ϕx,ϕy,ϕz,ndims,T,χ,dχdlogT,Λ
23,0.5,0.6180339887498949,0.4487989505128276,0.75,1.9901092843447468,5.411747857943236,4.4451051863530715,3,0.06210169418915616,[0.23497821272657712 0.0 0.0 0.0; 0.0 0.040269025605560484 -0.016829768214207085 -0.016723236189214938; 0.0 -0.016829768214206866 0.040230371649274496 -0.016568211730204105; 0.0 -0.016723236189214882 -0.016568211730204944 0.04004222716057276],[-0.13582742738463358 0.0 0.0 0.0; 0.0 -0.014428134634376947 0.005444637584674751 0.005360189548011032; 0.0 0.005444637584674575 -0.014406377614540822 0.00527467331766199; 0.0 0.005360189548011205 0.00527467331766222 -0.014285089339289672],0.3
