L,J,Q,θ,μ,ϕx,ϕy,ϕz,ndims,T,χ,dχdlogT,Λ
23,0.0,0.6180339887498949,0.4487989505128276,0.75,0.6132391830493972,5.0510753425776596,2.6803823129289137,3,2.807216203941177,[0.00767568908838176 0.0 0.0 0.0; 0.0 0.0034185190480952488 -0.001541736130591906 -0.0014936907394796075; 0.0 -0.0015417361305919048 0.0034492021134104617 -0.0015250641234488694; 0.0 -0.0014936907394796073 -0.001525064123448869 0.0033942313848897322],[-0.007670787102870633 0.0 0.0 0.0; 0.0 -0.003416286878100932 0.001540692913201963 0.0014927580488901413; 0.0 0.0015406929132019628 -0.0034468900986740327 0.0015240578547968124; 0.0 0.001492758048890142 0.0015240578547968122 -0.003392049852521935],0.3
