L,J,Q,θ,μ,ϕx,ϕy,ϕz,ndims,T,χ,dχdlogT,Λ
23,0.3,0.6180339887498949,0.4487989505128276,0.75,4.47228912932255,1.1729273679174639,1.744469154494291,3,0.16102620275609392,[0.12052586409308763 0.0 0.0 0.0; 0.0 0.03570156256892276 -0.01567940970995328 -0.015709872242372715; 0.0 -0.01567940970995389 0.03567531584163459 -0.01563365369669066; 0.0 -0.015709872242372743 -0.01563365369669043 0.0356499972929563],[-0.10308385878133593 0.0 0.0 0.0; 0.0 -0.029465602795276234 0.012947367073404789 0.012872637953150419; 0.0 0.01294736707340471 -0.029532192884072793 0.012890476607257489; 0.0 0.012872637953150395 0.01289047660725726 -0.02940510389339952],0.3
