L,J,Q,θ,μ,ϕx,ϕy,ϕz,ndims,T,χ,dχdlogT,Λ
23,0.55,0.6180339887498949,0.4487989505128276,0.75,5.898286875632164,2.2120676557336663,3.0137624604328344,3,0.2212216291070449,[0.0887418302751657 0.0 0.0 0.0; 0.0 0.0161771520319546 -0.006825060160071865 -0.00683443398038948; 0.0 -0.006825060160072107 0.016018214680774454 -0.006645303563316427; 0.0 -0.006834433980389476 -0.006645303563316609 0.016047416997383244],[-0.08092008771315048 0.0 0.0 0.0; 0.0 -0.013921594315327987 0.005821395289669351 0.005832698988610423; 0.0 0.005821395289669398 -0.013773314076000057 0.00566658236311482; 0.0 0.005832698988610382 0.00566658236311475 -0.013799397944226395],0.3
