L,J,Q,θ,μ,ϕx,ϕy,ϕz,ndims,T,χ,dχdlogT,Λ
23,0.4,0.6180339887498949,0.4487989505128276,0.75,4.47228912932255,1.1729273679174639,1.744469154494291,3,7.27895384398315,[0.0028763468977534637 0.0 0.0 0.0; 0.0 0.000720683603088749 -0.00031245283546371645 -0.0003089676657493623; 0.0 -0.00031245283546370956 0.0007205068708884153 -0.00030906443270134574; 0.0 -0.0003089676657493874 -0.00030906443270137143 0.0007154327357733642],[-0.0028760759472845135 0.0 0.0 0.0; 0.0 -0.000720590666510726 0.00031241189392329846 0.0003089259983263272; 0.0 0.0003124118939233189 -0.0007204146182376602 0.0003090232603033308; 0.0 0.0003089259983263157 0.0003090232603033427 -0.0007153399688604375],0.3
