L,J,Q,θ,μ,ϕx,ϕy,ϕz,ndims,T,χ,dχdlogT,Λ
23,2.5,0.6180339887498949,0.4487989505128276,0.75,4.009261164013791,2.1984173184720874,2.942941359066305,3,0.01268961003167922,[0.2944071122507852 0.0 0.0 0.0; 0.0 0.0058004581988607175 -0.0015556303415815056 -0.0015547519117692142; 0.0 -0.001555630341581529 0.0058979199257369625 -0.0015805844563936149; 0.0 -0.0015547519117692027 -0.0015805844563936068 0.006029537535312124],[-0.09149565573855749 0.0 0.0 0.0; 0.0 -0.00016509998515543709 1.0595182233462806e-5 2.5611641817623644e-5; 0.0 1.059518223346363e-5 -0.0002007682260908427 -5.416917701271085e-6; 0.0 2.5611641817622824e-5 -5.416917701272033e-6 -0.00023737035575056373],0.3
