L,J,Q,θ,μ,ϕx,ϕy,ϕz,ndims,T,χ,dχdlogT,Λ
23,0.3,0.6180339887498949,0.4487989505128276,0.75,0.7255422784305496,3.4349328561497185,3.4347212092384636,3,0.2212216291070449,[0.09108307886177511 0.0 0.0 0.0; 0.0 0.027143617514525417 -0.01181126715570977 -0.011983019570279755; 0.0 -0.011811267155709753 0.027126089114549324 -0.011971438227207018; 0.0 -0.011983019570278556 -0.01197143822720693 0.02731205602240051],[-0.08312338724045433 0.0 0.0 0.0; 0.0 -0.02441402693014814 0.010602410521572047 0.010771541950581527; 0.0 0.010602410521572308 -0.02434859418648353 0.01071381296179881; 0.0 0.010771541950581196 0.010713812961798465 -0.024530388317997337],0.3
