L,J,Q,θ,μ,ϕx,ϕy,ϕz,ndims,T,χ,dχdlogT,Λ
23,0.55,0.6180339887498949,0.4487989505128276,0.75,1.9901092843447468,5.411747857943236,4.4451051863530715,3,0.16102620275609392,[0.1173937292179141 0.0 0.0 0.0; 0.0 0.020901267477239128 -0.008664383153504903 -0.00883879776027407; 0.0 -0.008664383153505055 0.02096174717745309 -0.008833449006713841; 0.0 -0.008838797760274388 -0.008833449006713432 0.0211351681616724],[-0.1002677462470313 0.0 0.0 0.0; 0.0 -0.016023564451800306 0.006517348581860015 0.00666917803416093; 0.0 0.006517348581860178 -0.01608327862191334 0.006675962921269083; 0.0 0.006669178034160686 0.006675962921268815 -0.016232981139042178],0.3
