L,J,Q,θ,μ,ϕx,ϕy,ϕz,ndims,T,χ,dχdlogT,Λ
23,0.0,0.6180339887498949,0.4487989505128276,0.75,0.6132391830493972,5.0510753425776596,2.6803823129289137,3,0.0013738237958832624,[0.6820869866749752 0.0 0.0 0.0; 0.0 0.28944524149646755 -0.13897833989333752 -0.10850508369977367; 0.0 -0.13897833989333758 0.33428755720078335 -0.1790214100859985; 0.0 -0.10850508369977363 -0.1790214100859985 0.32703454919541874],[-0.08737739619618277 0.0 0.0 0.0; 0.0 -0.04705292749626882 0.03119095149036576 0.005219895073832171; 0.0 0.03119095149036576 -0.05432338936414949 0.03128812755292787; 0.0 0.005219895073832176 0.03128812755292787 -0.04631910484775827],0.3
