L,J,Q,θ,μ,ϕx,ϕy,ϕz,ndims,T,χ,dχdlogT,Λ
23,0.1,0.6180339887498949,0.4487989505128276,0.75,5.898286875632164,2.2120676557336663,3.0137624604328344,3,0.11721022975334802,[0.1608120429692174 0.0 0.0 0.0; 0.0 0.06523403091231193 -0.02897444133041248 -0.029010655678179845; 0.0 -0.028974441330414265 0.0662986291273185 -0.029722228307791677; 0.0 -0.029010655678179703 -0.029722228307790883 0.06616662909495324],[-0.11998909460900539 0.0 0.0 0.0; 0.0 -0.04934194953915035 0.021840812943550197 0.021972883188677596; 0.0 0.021840812943550916 -0.04976290243315543 0.02241749549970731; 0.0 0.02197288318867749 0.022417495499706563 -0.04984924593099156],0.3
