L,J,Q,θ,μ,ϕx,ϕy,ϕz,ndims,T,χ,dχdlogT,Λ
23,2.5,0.6180339887498949,0.4487989505128276,0.75,0.97214979122521,4.062456537363038,2.9445300006073447,3,0.017433288221999882,[0.26251772815007984 0.0 0.0 0.0; 0.0 0.005875933370252591 -0.0013791834209511303 -0.0014862275005005756; 0.0 -0.0013791834209511671 0.005445390050316461 -0.0014761574110691937; 0.0 -0.001486227500500569 -0.0014761574110692065 0.005809573428337859],[-0.08927263095965232 0.0 0.0 0.0; 0.0 -0.00029022816460057564 4.5248821276451405e-5 2.359399982690724e-5; 0.0 4.524882127645187e-5 -0.00023031226737721023 -1.0737466291610933e-5; 0.0 2.3593999826907995e-5 -1.073746629161056e-5 -0.00027574326522283627],0.3
