L,J,Q,θ,μ,ϕx,ϕy,ϕz,ndims,T,χ,dχdlogT,Λ
23,1.0,0.6180339887498949,0.4487989505128276,0.75,0.22844566387304216,0.027030545181912335,6.104326023357702,3,5.298316906283709,[0.003594675302565454 0.0 0.0 0.0; 0.0 0.00033836528384936267 -0.000128047072130255 -0.00013203740291101875; 0.0 -0.00012804707213025799 0.0003371606134791345 -0.00012964833993841948; 0.0 -0.00013203740291102385 -0.00012964833993841534 0.00033910381420446567],[-0.003594035814516249 0.0 0.0 0.0; 0.0 -0.0003382533784721954 0.00012800122709889355 0.0001319902024907706; 0.0 0.0001280012270988865 -0.00033704867290824963 0.00012960201489728708; 0.0 0.00013199020249076514 0.00012960201489728364 -0.0003389918615826374],0.3
