L,J,Q,θ,μ,ϕx,ϕy,ϕz,ndims,T,χ,dχdlogT,Λ
23,0.5,0.6180339887498949,0.4487989505128276,0.75,4.47228912932255,1.1729273679174639,1.744469154494291,3,0.0018873918221350976,[0.720025887974416 0.0 0.0 0.0; 0.0 0.052900844785163534 -0.01651105005678018 -0.016853938678261102; 0.0 -0.016511050056779844 0.05320673344601881 -0.016623737592608965; 0.0 -0.016853938678261363 -0.01662373759260852 0.05330754270446962],[-0.1418172821727598 0.0 0.0 0.0; 0.0 -0.0012062735493283557 -0.0011381037443397076 -0.0012012142258763197; 0.0 -0.0011381037443397002 -0.001340667566542762 -0.0012839285733275687; 0.0 -0.0012012142258763542 -0.0012839285733275635 -0.0014297916169891238],0.3
