L,J,Q,θ,μ,ϕx,ϕy,ϕz,ndims,T,χ,dχdlogT,Λ
23,0.1,0.6180339887498949,0.4487989505128276,0.75,4.47228912932255,1.1729273679174639,1.744469154494291,3,0.0853167852417281,[0.19945131886696338 0.0 0.0 0.0; 0.0 0.08170781799825308 -0.03634085758372464 -0.036582758962696735; 0.0 -0.036340857583725544 0.0815930672422665 -0.03632346857088011; 0.0 -0.03658275896269761 -0.03632346857088079 0.08171523656097478],[-0.13621729797864626 0.0 0.0 0.0; 0.0 -0.056028362764464434 0.02535782487626457 0.02473816658728491; 0.0 0.025357824876264444 -0.05659967722256104 0.025275293503448076; 0.0 0.024738166587283936 0.02527529350344839 -0.055953551079654454],0.3
