L,J,Q,θ,μ,ϕx,ϕy,ϕz,ndims,T,χ,dχdlogT,Λ
23,0.4,0.6180339887498949,0.4487989505128276,0.75,5.898286875632164,2.2120676557336663,3.0137624604328344,3,0.02395026619987486,[0.36307356347973013 0.0 0.0 0.0; 0.0 0.0639985308927099 -0.026403656362239007 -0.025521508208065775; 0.0 -0.02640365636223876 0.06425353961001884 -0.02683837500420425; 0.0 -0.02552150820806589 -0.026838375004203004 0.06328405805065442],[-0.13141584526329678 0.0 0.0 0.0; 0.0 -0.008609999273081351 0.0022460360494637715 0.0019819802928218912; 0.0 0.0022460360494639627 -0.00841727134301982 0.0026651154292801336; 0.0 0.001981980292821955 0.002665115429280008 -0.008123029384517127],0.3
