L,J,Q,θ,μ,ϕx,ϕy,ϕz,ndims,T,χ,dχdlogT,Λ
23,0.25,0.6180339887498949,0.4487989505128276,0.75,0.22844566387304216,0.027030545181912335,6.104326023357702,3,0.002592943797404667,[0.6673547398019367 0.0 0.0 0.0; 0.0 0.12118392120947359 -0.05086688371930271 -0.04635210642269701; 0.0 -0.05086688371930285 0.12181523695373127 -0.04816217216170726; 0.0 -0.046352106422694224 -0.048162172161708816 0.1222262821702698],[-0.13528145607680722 0.0 0.0 0.0; 0.0 -0.0023448330005999343 -0.0009438082822211966 -0.0015291308464429232; 0.0 -0.0009438082822211657 -0.0022107053076563664 -0.0008029699648376024; 0.0 -0.0015291308464428863 -0.0008029699648375713 -0.0035623711638526246],0.3
