L,J,Q,θ,μ,ϕx,ϕy,ϕz,ndims,T,χ,dχdlogT,Λ
23,0.1,0.6180339887498949,0.4487989505128276,0.75,0.6132391830493972,5.0510753425776596,2.6803823129289137,3,0.017433288221999882,[0.420171872233906 0.0 0.0 0.0; 0.0 0.16378999969176486 -0.0714738069133983 -0.07499779417251363; 0.0 -0.0714738069134 0.16256793465960923 -0.07208077849730841; 0.0 -0.07499779417251422 -0.07208077849730582 0.16564778895472462],[-0.14027948956875017 0.0 0.0 0.0; 0.0 -0.044033546146473375 0.019896670459911003 0.019891898526771114; 0.0 0.019896670459909543 -0.04447131167033254 0.017462845688938605; 0.0 0.01989189852677207 0.017462845688937776 -0.04370080107214787],0.3
