L,J,Q,θ,μ,ϕx,ϕy,ϕz,ndims,T,χ,dχdlogT,Λ
23,0.4,0.6180339887498949,0.4487989505128276,0.75,5.114081781791591,1.9778970122642205,6.104975597610122,3,0.30391953823131973,[0.06700601036601787 0.0 0.0 0.0; 0.0 0.016445301405254346 -0.007096172772115931 -0.00707975032070963; 0.0 -0.007096172772115879 0.01648706699812462 -0.007090997688217781; 0.0 -0.007079750320709788 -0.007090997688217561 0.0164356131808936],[-0.06369252932420318 0.0 0.0 0.0; 0.0 -0.015315948054354806 0.006596835849441237 0.006574170955055968; 0.0 0.006596835849441035 -0.015360026301626056 0.006588074500375028; 0.0 0.006574170955056313 0.00658807450037502 -0.015306141170042406],0.3
