L,J,Q,θ,μ,ϕx,ϕy,ϕz,ndims,T,χ,dχdlogT,Λ
23,0.0,0.6180339887498949,0.4487989505128276,0.75,0.22844566387304216,0.027030545181912335,6.104326023357702,3,0.5736152510448679,[0.037990444944393464 0.0 0.0 0.0; 0.0 0.016771861787417387 -0.007438424205161772 -0.0074879024612907125; 0.0 -0.007438424205161768 0.016697673287440703 -0.007318062737623798; 0.0 -0.007487902461290714 -0.0073180627376238 0.01670407638739565],[-0.037396341300175884 0.0 0.0 0.0; 0.0 -0.01650891673062978 0.00732428054264512 0.0073668368018700095; 0.0 0.0073242805426451205 -0.016440443778582354 0.007206882586020347; 0.0 0.007366836801870009 0.007206882586020348 -0.0164413605271986],0.3
