L,J,Q,θ,μ,ϕx,ϕy,ϕz,ndims,T,χ,dχdlogT,Λ
23,0.1,0.6180339887498949,0.4487989505128276,0.75,5.114081781791591,1.9778970122642205,6.104975597610122,3,0.30391953823131973,[0.0684055950481948 0.0 0.0 0.0; 0.0 0.02793809048919308 -0.01235729204434218 -0.01247470678054914; 0.0 -0.01235729204434168 0.027835082617915882 -0.012446760445365638; 0.0 -0.012474706780548996 -0.012446760445365742 0.028006380831162848],[-0.06505352747897102 0.0 0.0 0.0; 0.0 -0.026600390177621152 0.011788989638198459 0.011868999338006567; 0.0 0.01178898963819877 -0.026523085076884424 0.011855424197214698; 0.0 0.011868999338006113 0.011855424197214243 -0.026649055586751277],0.3
