L,J,Q,θ,μ,ϕx,ϕy,ϕz,ndims,T,χ,dχdlogT,Λ
23,0.45,0.6180339887498949,0.4487989505128276,0.75,5.114081781791591,1.9778970122642205,6.104975597610122,3,0.02395026619987486,[0.36897622700648225 0.0 0.0 0.0; 0.0 0.05677681474897652 -0.022832798270859867 -0.02264699351874512; 0.0 -0.02283279827085858 0.056690076576379596 -0.022523821307080635; 0.0 -0.0226469935187435 -0.0225238213070819 0.056469871484352833],[-0.13956135178440882 0.0 0.0 0.0; 0.0 -0.0064109464851743285 0.0012339509947727704 0.0011964562567664174; 0.0 0.0012339509947727869 -0.006484218017751984 0.0011929867384915822; 0.0 0.0011964562567663578 0.0011929867384916125 -0.006331517324361139],0.3
