L,J,Q,θ,μ,ϕx,ϕy,ϕz,ndims,T,χ,dχdlogT,Λ
23,0.55,0.6180339887498949,0.4487989505128276,0.75,0.6132391830493972,5.0510753425776596,2.6803823129289137,3,0.017433288221999882,[0.40617214938592155 0.0 0.0 0.0; 0.0 0.043589899734458065 -0.016179775688607945 -0.015948664259298143; 0.0 -0.01617977568860767 0.04414409592527147 -0.016544238038277606; 0.0 -0.01594866425929706 -0.01654423803827813 0.04397452443233634],[-0.13653712056256678 0.0 0.0 0.0; 0.0 -0.002683728289220011 -0.00041518069183292013 -0.00041405404290742166; 0.0 -0.0004151806918329314 -0.0027957506715628445 -0.000397344671644936; 0.0 -0.00041405404290742335 -0.0003973446716449239 -0.0027474193706035293],0.3
