L,J,Q,θ,μ,ϕx,ϕy,ϕz,ndims,T,χ,dχdlogT,Λ
23,0.55,0.6180339887498949,0.4487989505128276,0.75,5.898286875632164,2.2120676557336663,3.0137624604328344,3,0.2212216291070449,[0.08882483931794298 0.0 0.0 0.0; 0.0 0.016391640156952953 -0.0068676372533994015 -0.006866824751802271; 0.0 -0.006867637253399293 0.01615840510545117 -0.00670082004248743; 0.0 -0.0068668247518020855 -0.0067008200424879686 0.016152660786679384],[-0.08098468561986301 0.0 0.0 0.0; 0.0 -0.014112960780417558 0.005860881114448931 0.005860542693785798; 0.0 0.0058608811144488186 -0.013903032278912621 0.005719046873088026; 0.0 0.005860542693785697 0.005719046873087972 -0.013898901650005046],0.3
