L,J,Q,θ,μ,ϕx,ϕy,ϕz,ndims,T,χ,dχdlogT,Λ
23,0.25,0.6180339887498949,0.4487989505128276,0.75,4.47228912932255,1.1729273679174639,1.744469154494291,3,0.0018873918221350976,[0.7656357333820423 0.0 0.0 0.0; 0.0 0.12554555129105113 -0.050000204099065075 -0.04917036515788899; 0.0 -0.05000020409906292 0.12971866338416124 -0.04982696497510413; 0.0 -0.04917036515788781 -0.04982696497510398 0.12623619502766378],[-0.15495185979656068 0.0 0.0 0.0; 0.0 -0.0018707111259000785 -0.0015021619146929838 -0.0014974070949111823; 0.0 -0.0015021619146929892 -0.003010126470864753 -0.0018131950220485844; 0.0 -0.0014974070949112421 -0.001813195022048581 -0.002043214569148349],0.3
