L,J,Q,θ,μ,ϕx,ϕy,ϕz,ndims,T,χ,dχdlogT,Λ
23,0.3,0.6180339887498949,0.4487989505128276,0.75,0.7255422784305496,3.4349328561497185,3.4347212092384636,3,5.298316906283709,[0.003990205006467317 0.0 0.0 0.0; 0.0 0.0011969386342526975 -0.0005241672162701637 -0.0005246597621067945; 0.0 -0.0005241672162701698 0.001201853522424488 -0.0005300934283820479; 0.0 -0.0005246597621068162 -0.0005300934283820473 0.0012035454410454997],[-0.003989493330985903 0.0 0.0 0.0; 0.0 -0.0011966952647817352 0.0005240594907530135 0.0005245521774852732; 0.0 0.0005240594907529938 -0.001201605403281471 0.0005299811500647112; 0.0 0.0005245521774852749 0.0005299811500647249 -0.001203297280474162],0.3
