L,J,Q,θ,μ,ϕx,ϕy,ϕz,ndims,T,χ,dχdlogT,Λ
23,0.0,0.6180339887498949,0.4487989505128276,0.75,0.6132391830493972,5.0510753425776596,2.6803823129289137,3,0.01268961003167922,[0.45435486068487396 0.0 0.0 0.0; 0.0 0.1962865705166969 -0.08887276641874316 -0.08408269199758342; 0.0 -0.0888727664187432 0.20696811382321273 -0.09870281182780305; 0.0 -0.0840826919975834 -0.09870281182780306 0.2056689058147276],[-0.11756267727186613 0.0 0.0 0.0; 0.0 -0.044475673703764596 0.022031443274357066 0.014845014640438798; 0.0 0.022031443274357063 -0.0615158125437903 0.03704341336448881; 0.0 0.014845014640438796 0.037043413364488804 -0.058447393669321945],0.3
