L,J,Q,θ,μ,ϕx,ϕy,ϕz,ndims,T,χ,dχdlogT,Λ
23,0.25,0.6180339887498949,0.4487989505128276,0.75,5.114081781791591,1.9778970122642205,6.104975597610122,3,0.11721022975334802,[0.15673065667487776 0.0 0.0 0.0; 0.0 0.051304831101793506 -0.022668078361062428 -0.022603259050822454; 0.0 -0.0226680783610625 0.051166958979872945 -0.022538498353011895; 0.0 -0.02260325905082173 -0.022538498353011922 0.05123129737533292],[-0.1214200384151856 0.0 0.0 0.0; 0.0 -0.03802713037573937 0.016815686207005794 0.01661566589560539; 0.0 0.016815686207005368 -0.038032813202506816 0.016652608994037154; 0.0 0.016615665895605286 0.016652608994037213 -0.03789577755429522],0.3
