L,J,Q,θ,μ,ϕx,ϕy,ϕz,ndims,T,Λ,χ_dwave,dχdlogT_dwave,χ_pwave,dχdlogT_pwave
23,1.25,0.6180339887498949,0.4487989505128276,0.75,1.3595744307236286,1.6230091281990537,3.234476175330475,3,0.0016681005372000592,0.3,[0.635578613931144 0.0 0.0 0.0; 0.0 0.01384924261184607 -0.0032824141258153824 -0.0035299326157620095; 0.0 -0.003282414125815558 0.014117927047582116 -0.003181546003201611; 0.0 -0.0035299326157621352 -0.003181546003201597 0.013836192498313967],[-0.11254683071055761 0.0 0.0 0.0; 0.0 -0.0002726893245369102 -0.00032854348141158403 -0.00028237035744934925; 0.0 -0.000328543481411582 -0.0004292543989268381 -0.0003597331151361406; 0.0 -0.00028237035744936605 -0.00035973311513614063 -0.0002719701400872409],[-1.0420235335272065e-17 0.0 0.0 0.0; 0.0 0.013025651729899073 -1.6579048843858664e-5 -1.2618713530615613e-5; 0.0 -1.657904884385777e-5 0.013001784480289224 -9.491644463779915e-5; 0.0 -1.261871353061479e-5 -9.491644463779864e-5 0.013021388036864054],[2.844497635395481e-19 0.0 0.0 0.0; 0.0 2.417878224649335e-5 2.5533704079814913e-6 1.4548953930028231e-6; 0.0 2.5533704079814553e-6 1.4194939168182575e-5 1.7470719180151955e-5; 0.0 1.4548953930026721e-6 1.7470719180152148e-5 -3.848730508503527e-6]
