L,J,Q,θ,μ,ϕx,ϕy,ϕz,ndims,T,Λ,χ_dwave,dχdlogT_dwave,χ_pwave,dχdlogT_pwave
23,1.05,0.6180339887498949,0.4487989505128276,0.75,0.8300692797416884,5.067530529285624,5.9941159353493925,3,0.0027825594022071257,0.3,[0.601201122976904 0.0 0.0 0.0; 0.0 0.01791162739087687 -0.004595955894168717 -0.00444405070921966; 0.0 -0.004595955894168492 0.017891055980112022 -0.004202297729017487; 0.0 -0.004444050709219672 -0.004202297729017516 0.017999671064984936],[-0.1245504217150262 0.0 0.0 0.0; 0.0 -0.0004691136034189898 -0.0005003323970719688 -0.0005038026942606668; 0.0 -0.0005003323970719505 -0.0004987388138028622 -0.0005797311824499682; 0.0 -0.0005038026942606568 -0.0005797311824499655 -0.0005741459196808135],[-8.98199814798657e-19 0.0 0.0 0.0; 0.0 0.01782744384938468 9.928626089233807e-5 -0.00010331266011954212; 0.0 9.92862608923413e-5 0.017693029428024858 0.00023294576711897457; 0.0 -0.00010331266011953965 0.00023294576711897986 0.017859978657432416],[6.7583873833589635e-19 0.0 0.0 0.0; 0.0 2.6670830322822577e-5 -2.4866762963130922e-5 -8.073836731477164e-6; 0.0 -2.486676296313065e-5 6.521576804571584e-6 -2.1792510378026955e-5; 0.0 -8.073836731478169e-6 -2.1792510378027368e-5 9.637576607335147e-6]
