L,J,Q,θ,μ,ϕx,ϕy,ϕz,ndims,T,Λ,χ_dwave,dχdlogT_dwave,χ_pwave,dχdlogT_pwave
23,0.1,0.6180339887498949,0.4487989505128276,0.75,2.35825522373343,3.5083950570734084,5.211373871453545,3,0.1,0.3,[0.17966151057730662 0.0 0.0 0.0; 0.0 0.07325603759448968 -0.03267260512389931 -0.032443106757536526; 0.0 -0.03267260512390009 0.07388327359438404 -0.03302995457839343; 0.0 -0.03244310675753764 -0.033029954578394555 0.07359080447155442],[-0.12695606689659375 0.0 0.0 0.0; 0.0 -0.05192427089916469 0.022929463124558742 0.023217808350368383; 0.0 0.02292946312455993 -0.052072746452982765 0.023515970821683725; 0.0 0.02321780835036684 0.02351597082168336 -0.05235883142200727],[-3.270467461310127e-19 0.0 0.0 0.0; 0.0 0.09438231041383985 0.0013276942190451598 -0.0007586342818378684; 0.0 0.001327694219045036 0.09378970256920897 -0.0007282197218697457; 0.0 -0.0007586342818378302 -0.0007282197218696865 0.09406710401999288],[1.5668004487896622e-19 0.0 0.0 0.0; 0.0 -0.06622138145239402 0.002370818974365667 -0.0008049920337530641; 0.0 0.0023708189743658734 -0.06604137915675361 0.001114880833099988; 0.0 -0.0008049920337531106 0.0011148808331000323 -0.06582043163862314]
