L,J,Q,θ,μ,ϕx,ϕy,ϕz,ndims,T,Λ,χ_dwave,dχdlogT_dwave,χ_pwave,dχdlogT_pwave
23,0.7,0.6180339887498949,0.4487989505128276,0.75,2.0229416505316715,5.371743502297404,0.6056970094929207,3,0.1,0.3,[0.16777365491443208 0.0 0.0 0.0; 0.0 0.0212192127083409 -0.008401070352176453 -0.008565341845100664; 0.0 -0.00840107035217665 0.02104110316203844 -0.008493891949980948; 0.0 -0.008565341845100171 -0.00849389194998066 0.021344810998741193],[-0.12151864001986229 0.0 0.0 0.0; 0.0 -0.0112859171660978 0.00415801086887524 0.004255836269655442; 0.0 0.004158010868875332 -0.01116810419200622 0.00418133031252568; 0.0 0.0042558362696555364 0.004181330312525638 -0.011329987057939177],[4.394458350055783e-19 0.0 0.0 0.0; 0.0 0.025776841741958878 -5.7442325511252135e-6 3.8006653864683347e-5; 0.0 -5.744232551124937e-6 0.025390518367831332 7.234167725372689e-5; 0.0 3.800665386468037e-5 7.234167725372302e-5 0.026052329255785447],[-4.758900555923517e-19 0.0 0.0 0.0; 0.0 -0.013284711958246861 -4.627236845815335e-6 -4.3410010757858925e-5; 0.0 -4.627236845814256e-6 -0.0130206630912698 -5.567738182594618e-5; 0.0 -4.341001075785902e-5 -5.567738182593491e-5 -0.01344013871769994]
