L,J,Q,θ,μ,ϕx,ϕy,ϕz,ndims,T,Λ,χ_dwave,dχdlogT_dwave,χ_pwave,dχdlogT_pwave
23,1.05,0.6180339887498949,0.4487989505128276,0.75,2.810390175230641,1.0772819831490281,3.680682016823238,3,0.004641588833612777,0.3,[0.5364881399054832 0.0 0.0 0.0; 0.0 0.017361954716618607 -0.005049381644204876 -0.004735716959257144; 0.0 -0.005049381644204595 0.017603981228741305 -0.004767275828915084; 0.0 -0.004735716959256967 -0.004767275828914906 0.01712380171182479],[-0.12267123165185875 0.0 0.0 0.0; 0.0 -0.0004776447103592211 -0.00045358631611012686 -0.00046678054712611224; 0.0 -0.00045358631611011575 -0.00048178221109097726 -0.0004499210103249588; 0.0 -0.0004667805471261097 -0.00044992101032495697 -0.0004997579603881248],[6.278890674270556e-18 0.0 0.0 0.0; 0.0 0.017289227199117265 0.0004407155600220366 9.303941348126289e-5; 0.0 0.00044071556002203157 0.01776725702835036 7.514828911244127e-5; 0.0 9.303941348126975e-5 7.514828911244218e-5 0.01733066777704881],[-2.6499830762908048e-18 0.0 0.0 0.0; 0.0 -1.113898260962971e-5 -2.664353444292181e-5 -1.0462730655565582e-5; 0.0 -2.6643534442921026e-5 3.124858380817202e-5 -8.451200905425287e-6; 0.0 -1.0462730655565155e-5 -8.451200905426002e-6 -1.0179708445235444e-5]
