L,J,Q,θ,μ,ϕx,ϕy,ϕz,ndims,T,Λ,χ_dwave,dχdlogT_dwave,χ_pwave,dχdlogT_pwave
23,0.9,0.6180339887498949,0.4487989505128276,0.75,1.844230068945385,1.1274623114571236,4.291057478636419,3,0.0016681005372000592,0.3,[0.6916346766416611 0.0 0.0 0.0; 0.0 0.02254341896890056 -0.005448127232428361 -0.005462965364848734; 0.0 -0.005448127232428153 0.02248963053888987 -0.005115331052126417; 0.0 -0.005462965364848861 -0.005115331052126603 0.022789675658253166],[-0.13017023669926064 0.0 0.0 0.0; 0.0 -0.0005637652889598257 -0.0006546415475996952 -0.0006193034145716952; 0.0 -0.0006546415475997001 -0.000705044997845923 -0.000705905605151314; 0.0 -0.0006193034145716987 -0.000705905605151288 -0.0006952264229527586],[-9.919065471662729e-18 0.0 0.0 0.0; 0.0 0.023042453334801517 0.00010548867224416187 0.0001797856847907798; 0.0 0.0001054886722441612 0.022576031295660073 4.648170907880908e-5; 0.0 0.00017978568479078884 4.648170907881002e-5 0.022878227018701597],[6.154478689535856e-18 0.0 0.0 0.0; 0.0 5.2928359311128674e-5 -4.426507731203287e-6 1.7217781046396082e-5; 0.0 -4.426507731203688e-6 -2.0769333405388777e-5 -2.52430703942317e-6; 0.0 1.721778104639579e-5 -2.524307039423611e-6 -1.4098846331937586e-5]
