L,J,Q,θ,μ,ϕx,ϕy,ϕz,ndims,T,Λ,χ_dwave,dχdlogT_dwave,χ_pwave,dχdlogT_pwave
23,0.6,0.6180339887498949,0.4487989505128276,0.75,3.7152326662553454,5.721680001447781,0.41513891803668856,3,0.1,0.3,[0.1698366214135289 0.0 0.0 0.0; 0.0 0.025736595269483385 -0.010423914798458878 -0.010526511823037833; 0.0 -0.010423914798458214 0.025740755602937863 -0.010557113507941985; 0.0 -0.01052651182303831 -0.010557113507941987 0.025857877395770282],[-0.12329643704343062 0.0 0.0 0.0; 0.0 -0.014160576726512077 0.005398679456846462 0.005459589605238355; 0.0 0.005398679456846433 -0.014182814260681867 0.005478233638526892; 0.0 0.00545958960523857 0.005478233638526832 -0.01424102621670009],[9.335462683145727e-19 0.0 0.0 0.0; 0.0 0.03205905597960124 6.074296564805722e-5 -0.00012278989756391094; 0.0 6.074296564806681e-5 0.031751089531960514 0.00012417265867487975; 0.0 -0.00012278989756391858 0.000124172658674875 0.03183993272537316],[-4.2534294637523493e-19 0.0 0.0 0.0; 0.0 -0.017257040214450528 -3.842097482689857e-5 7.483728759544276e-5; 0.0 -3.842097482689634e-5 -0.017058064633725382 -6.535650035265486e-5; 0.0 7.483728759544388e-5 -6.535650035265758e-5 -0.017141171360135543]
