L,J,Q,θ,μ,ϕx,ϕy,ϕz,ndims,T,Λ,χ_dwave,dχdlogT_dwave,χ_pwave,dχdlogT_pwave
23,0.95,0.6180339887498949,0.4487989505128276,0.75,5.106330914882206,0.20684903641207408,4.563814702367097,3,0.001,0.3,[0.7505716644232002 0.0 0.0 0.0; 0.0 0.02130796900434636 -0.004264684143481691 -0.004423463670661108; 0.0 -0.004264684143481578 0.021027613697387586 -0.00478060919261206; 0.0 -0.004423463670661119 -0.004780609192612018 0.021464777484284027],[-0.13213238074924458 0.0 0.0 0.0; 0.0 -0.0006529353722805111 -0.0006245946882989902 -0.0005974523780563971; 0.0 -0.0006245946882989689 -0.0006903376365507309 -0.0006339369924051255; 0.0 -0.000597452378056423 -0.0006339369924051115 -0.0006309184257843331],[-9.428531496961874e-18 0.0 0.0 0.0; 0.0 0.021351917174233417 0.0001719198508074594 0.00010672706515373885; 0.0 0.00017191985080746003 0.020929623824291442 3.926082787470935e-5; 0.0 0.00010672706515373834 3.926082787471197e-5 0.021198233427470514],[6.900316329457512e-18 0.0 0.0 0.0; 0.0 -5.360800701858948e-6 -4.41801390649384e-6 -5.586703778957877e-7; 0.0 -4.41801390649361e-6 -1.7223677437781064e-5 8.19353778220449e-6; 0.0 -5.586703778956371e-7 8.193537782204303e-6 7.75672591500982e-6]
