L,J,Q,θ,μ,ϕx,ϕy,ϕz,ndims,T,Λ,χ_dwave,dχdlogT_dwave,χ_pwave,dχdlogT_pwave
23,1.2,0.6180339887498949,0.4487989505128276,0.75,5.2759666248411525,5.216572709691631,2.2183578985492427,3,0.004641588833612777,0.3,[0.5211417074696003 0.0 0.0 0.0; 0.0 0.014836632549334719 -0.00352603773511585 -0.003346896564435524; 0.0 -0.003526037735115857 0.01486464167688327 -0.0035933840991844578; 0.0 -0.0033468965644356257 -0.0035933840991844023 0.014991317310366022],[-0.12123236672805608 0.0 0.0 0.0; 0.0 -0.00048168874282864893 -0.00047842656589490716 -0.0004738584524750063; 0.0 -0.000478426565894927 -0.00046102699093170547 -0.00046881464337318135; 0.0 -0.0004738584524749894 -0.0004688146433732007 -0.0005174768773891728],[-4.7333814744364504e-18 0.0 0.0 0.0; 0.0 0.013809428444036001 -2.1296853756810574e-6 -0.00016874085839267865; 0.0 -2.1296853756812547e-6 0.013555792849713337 -0.00023917498776127009; 0.0 -0.00016874085839269 -0.00023917498776128323 0.013781158781924803],[3.9279973259163615e-19 0.0 0.0 0.0; 0.0 -9.812221851084834e-6 -9.839065911355951e-6 6.1412584625774235e-6; 0.0 -9.839065911356366e-6 4.632440730283333e-6 3.924468423855241e-6; 0.0 6.141258462577776e-6 3.92446842385545e-6 -1.2988811072447848e-5]
