L,J,Q,θ,μ,ϕx,ϕy,ϕz,ndims,T,Λ,χ_dwave,dχdlogT_dwave,χ_pwave,dχdlogT_pwave
23,0.6,0.6180339887498949,0.4487989505128276,0.75,2.0229416505316715,5.371743502297404,0.6056970094929207,3,0.0016681005372000592,0.3,[0.7320145763081373 0.0 0.0 0.0; 0.0 0.04180137850480066 -0.012179190352751598 -0.011831557852508487; 0.0 -0.012179190352751832 0.04210721729732059 -0.012025864453960703; 0.0 -0.011831557852508286 -0.01202586445396063 0.04189778731480965],[-0.145995049025516 0.0 0.0 0.0; 0.0 -0.0010275680309117206 -0.0010821444532367953 -0.0010817394236405826; 0.0 -0.0010821444532367786 -0.00130788590518802 -0.0011220029079435348; 0.0 -0.0010817394236406427 -0.0011220029079435862 -0.0011785112666088105],[8.431174055196158e-19 0.0 0.0 0.0; 0.0 0.04646683472569376 -3.9310318217088376e-5 0.00015659045793487087; 0.0 -3.931031821708093e-5 0.04731011399672073 -6.9214652787789e-5; 0.0 0.00015659045793486303 -6.9214652787785e-5 0.047153478622855155],[-2.4987382804507045e-18 0.0 0.0 0.0; 0.0 -8.714302875178629e-5 9.429899846006989e-6 5.32669628463466e-5; 0.0 9.42989984600585e-6 -9.362791512405087e-5 -3.145649447772146e-5; 0.0 5.326696284634668e-5 -3.14564944777226e-5 -9.246313751504019e-5]
