L,J,Q,θ,μ,ϕx,ϕy,ϕz,ndims,T,Λ,χ_dwave,dχdlogT_dwave,χ_pwave,dχdlogT_pwave
23,0.95,0.6180339887498949,0.4487989505128276,0.75,1.844230068945385,1.1274623114571236,4.291057478636419,3,0.004641588833612777,0.3,[0.5467716393368137 0.0 0.0 0.0; 0.0 0.019801035845724974 -0.005009051838094817 -0.005477472421738924; 0.0 -0.005009051838094954 0.02010622603232942 -0.005367955363761167; 0.0 -0.005477472421738959 -0.0053679553637609135 0.019829239686249656],[-0.12817383473582755 0.0 0.0 0.0; 0.0 -0.0006593905264246679 -0.0006139971793698465 -0.000566213142212351; 0.0 -0.0006139971793698306 -0.0006958749161300516 -0.0005983912871923013; 0.0 -0.000566213142212363 -0.0005983912871922801 -0.0006287828363952328],[-3.881758056448912e-18 0.0 0.0 0.0; 0.0 0.020377071910655548 -0.00025330200991855947 -0.00012076145506293017; 0.0 -0.0002533020099185705 0.020108145193752428 0.00022969007524900687; 0.0 -0.00012076145506293347 0.0002296900752490158 0.020040572960962795],[2.312632681909544e-18 0.0 0.0 0.0; 0.0 -3.501480004114212e-5 6.979567932774478e-6 -9.79052220875533e-6; 0.0 6.9795679327744145e-6 -3.738930659695227e-5 -2.6996165920738033e-5; 0.0 -9.790522208755819e-6 -2.699616592073972e-5 -2.576794416491329e-5]
