L,J,Q,θ,μ,ϕx,ϕy,ϕz,ndims,T,Λ,χ_dwave,dχdlogT_dwave,χ_pwave,dχdlogT_pwave
23,0.7,0.6180339887498949,0.4487989505128276,0.75,1.573530448848193,4.436680002802441,0.6352908892784268,3,0.004641588833612777,0.3,[0.5755063427876775 0.0 0.0 0.0; 0.0 0.03162346189470512 -0.009566776527635835 -0.009673744955496031; 0.0 -0.009566776527635367 0.03198201791255403 -0.009673120107182187; 0.0 -0.009673744955495615 -0.009673120107182373 0.031892145491037326],[-0.13499290203896488 0.0 0.0 0.0; 0.0 -0.001004353840185197 -0.000860801342754181 -0.0007864805914294101; 0.0 -0.0008608013427541908 -0.0010052452798317622 -0.0008967412390295692; 0.0 -0.0007864805914294344 -0.0008967412390296123 -0.0009588637651638558],[-1.4314550117183193e-18 0.0 0.0 0.0; 0.0 0.03511223863466258 -0.00031039206039858397 -2.3930718042534187e-5; 0.0 -0.00031039206039858174 0.03592144267512902 -0.00024909829605106713; 0.0 -2.3930718042532262e-5 -0.0002490982960510658 0.03550506372907178],[3.267186979141951e-18 0.0 0.0 0.0; 0.0 -0.00010914041161117023 4.397695064222013e-5 -4.690714830535632e-5; 0.0 4.3976950642218835e-5 -0.00010787240574062883 -7.038668432484145e-6; 0.0 -4.690714830535692e-5 -7.0386684324837734e-6 -8.769318608640506e-5]
