L,J,Q,θ,μ,ϕx,ϕy,ϕz,ndims,T,Λ,χ_dwave,dχdlogT_dwave,χ_pwave,dχdlogT_pwave
23,1.25,0.6180339887498949,0.4487989505128276,0.75,2.810390175230641,1.0772819831490281,3.680682016823238,3,0.0016681005372000592,0.3,[0.6394902227473964 0.0 0.0 0.0; 0.0 0.013972319315769808 -0.0032125608470106653 -0.0032258639550370024; 0.0 -0.0032125608470106957 0.013944271550025315 -0.003006271611691647; 0.0 -0.003225863955037022 -0.003006271611691618 0.013640175221385066],[-0.1280534853238675 0.0 0.0 0.0; 0.0 -0.00042941589425216987 -0.00038611381600381134 -0.00036911706151092957; 0.0 -0.00038611381600381237 -0.0004392021575943254 -0.00040174367509928044; 0.0 -0.0003691170615109267 -0.00040174367509928353 -0.00036941805701372484],[-1.948793148019593e-18 0.0 0.0 0.0; 0.0 0.012335672574680686 -2.679572168676861e-5 -2.7824973111795872e-5; 0.0 -2.6795721686769112e-5 0.012771989712870723 -0.00015200463864954743; 0.0 -2.782497311179454e-5 -0.00015200463864954562 0.012583797951508265],[5.014411813068365e-18 0.0 0.0 0.0; 0.0 7.679326239364974e-7 8.322003780145072e-6 -1.5055752602205524e-5; 0.0 8.322003780144686e-6 -1.94285522571725e-5 7.802106168385905e-6; 0.0 -1.5055752602205693e-5 7.802106168385528e-6 -4.301024332664524e-6]
