L,J,Q,θ,μ,ϕx,ϕy,ϕz,ndims,T,Λ,χ_dwave,dχdlogT_dwave,χ_pwave,dχdlogT_pwave
23,0.25,0.6180339887498949,0.4487989505128276,0.75,2.0229416505316715,5.371743502297404,0.6056970094929207,3,0.021544346900318832,0.3,[0.39632519457713083 0.0 0.0 0.0; 0.0 0.10547757071583978 -0.04431788551749738 -0.04623680292243445; 0.0 -0.04431788551750129 0.10563580553884602 -0.04683354291299403; 0.0 -0.04623680292243177 -0.04683354291299504 0.10814578653648754],[-0.1470233649500938 0.0 0.0 0.0; 0.0 -0.01923843545433307 0.006538172901371844 0.007351379276927572; 0.0 0.0065381729013721124 -0.019358066193464963 0.007973977024839523; 0.0 0.007351379276927602 0.007973977024839058 -0.020981641015256607],[-2.8916895593981754e-18 0.0 0.0 0.0; 0.0 0.13672290156166594 0.0011594308792396953 0.002751721165497124; 0.0 0.0011594308792396183 0.13647318265523103 -0.00939322189710465; 0.0 0.002751721165497169 -0.009393221897104422 0.13485223174194402],[2.0617435043466073e-18 0.0 0.0 0.0; 0.0 -0.025074020732400254 0.00022657637280028831 -0.002055775272320841; 0.0 0.00022657637280027067 -0.02476999685569353 0.005600505023676973; 0.0 -0.002055775272320927 0.005600505023676825 -0.02370617400490404]
