L,J,Q,θ,μ,ϕx,ϕy,ϕz,ndims,T,Λ,χ_dwave,dχdlogT_dwave,χ_pwave,dχdlogT_pwave
23,0.05,0.6180339887498949,0.4487989505128276,0.75,1.573530448848193,4.436680002802441,0.6352908892784268,3,0.0016681005372000592,0.3,[0.7738260625579028 0.0 0.0 0.0; 0.0 0.296914693231668 -0.11479794279237737 -0.13960735556029832; 0.0 -0.1147979427923739 0.2985553176114639 -0.14105595193661766; 0.0 -0.13960735556029924 -0.14105595193662296 0.3008019647503791],[-0.1395196999809511 0.0 0.0 0.0; 0.0 -0.03005287777712627 -0.003054637592052442 0.020631121783592894; 0.0 -0.003054637592052345 -0.0320093992312299 0.022055288124496055; 0.0 0.02063112178359288 0.022055288124496197 -0.035845870454487706],[2.6626707897899242e-18 0.0 0.0 0.0; 0.0 0.3867570093689251 -0.0408608628741984 0.031944355791806364; 0.0 -0.04086086287419726 0.38498274610805217 -0.03033848195407548; 0.0 0.03194435579180468 -0.030338481954075704 0.38070006520008165],[-8.580328583266926e-18 0.0 0.0 0.0; 0.0 -0.044831492409295834 0.00472429979549386 -0.007858822476055913; 0.0 0.004724299795493655 -0.0422805847370273 0.00578923593535402; 0.0 -0.00785882247605622 0.005789235935353854 -0.03678457236663998]
