L,J,Q,θ,μ,ϕx,ϕy,ϕz,ndims,T,Λ,χ_dwave,dχdlogT_dwave,χ_pwave,dχdlogT_pwave
23,1.15,0.6180339887498949,0.4487989505128276,0.75,1.3595744307236286,1.6230091281990537,3.234476175330475,3,0.05994842503189409,0.3,[0.21413008871967365 0.0 0.0 0.0; 0.0 0.01289132296724732 -0.004511948766719081 -0.00454022157248021; 0.0 -0.004511948766719218 0.013177111548909846 -0.004544286270750305; 0.0 -0.0045402215724804195 -0.004544286270750113 0.012830891501148698],[-0.12139082448535601 0.0 0.0 0.0; 0.0 -0.003329476517355334 0.0007899778036033193 0.0008355335089310662; 0.0 0.0007899778036033222 -0.003392962413049445 0.0008072541733669741; 0.0 0.0008355335089310735 0.0008072541733669795 -0.0032840129500243164],[-2.7573032884035784e-18 0.0 0.0 0.0; 0.0 0.01382672946544304 -3.874732183733924e-5 7.13341974231963e-5; 0.0 -3.87473218373396e-5 0.013771849011724844 5.1887770058870504e-5; 0.0 7.133419742319447e-5 5.18877700588727e-5 0.013488938428063273],[1.8102559443724905e-18 0.0 0.0 0.0; 0.0 -0.0030490282339694238 2.1782617884938214e-5 -1.0795411471315771e-5; 0.0 2.1782617884937438e-5 -0.003048646369632781 -2.2432513272771644e-5; 0.0 -1.0795411471317604e-5 -2.243251327277061e-5 -0.0029282080754448243]
