L,J,Q,θ,μ,ϕx,ϕy,ϕz,ndims,T,Λ,χ_dwave,dχdlogT_dwave,χ_pwave,dχdlogT_pwave
23,0.15,0.6180339887498949,0.4487989505128276,0.75,1.844230068945385,1.1274623114571236,4.291057478636419,3,0.007742636826811269,0.3,[0.5394976044307034 0.0 0.0 0.0; 0.0 0.1699052139047118 -0.07648923317611617 -0.07065269568543735; 0.0 -0.07648923317611367 0.17227654613441107 -0.0755441574943319; 0.0 -0.0706526956854323 -0.07554415749433392 0.16994803553160245],[-0.14601122929907528 0.0 0.0 0.0; 0.0 -0.020828324171453666 0.008376829970895217 0.006134476294598429; 0.0 0.008376829970894777 -0.020461757197669333 0.007997562904071632; 0.0 0.006134476294598348 0.007997562904071522 -0.021312870162258916],[1.3863650222399527e-18 0.0 0.0 0.0; 0.0 0.21823481719183072 -0.00698739914941013 -0.02822389947266557; 0.0 -0.006987399149410204 0.21540242357910813 0.006077057498384889; 0.0 -0.028223899472666417 0.006077057498385061 0.2205553712916468],[-2.031259624321341e-18 0.0 0.0 0.0; 0.0 -0.024651995521704825 0.005037069913787587 0.007416822749920899; 0.0 0.0050370699137879124 -0.02409981183296885 -0.0010536607053116059; 0.0 0.007416822749921208 -0.0010536607053117336 -0.025283055654614247]
