L,J,Q,θ,μ,ϕx,ϕy,ϕz,ndims,T,Λ,χ_dwave,dχdlogT_dwave,χ_pwave,dχdlogT_pwave
23,0.0,0.6180339887498949,0.4487989505128276,0.75,2.35825522373343,3.5083950570734084,5.211373871453545,3,0.1,0.3,[0.18013136595074558 0.0 0.0 0.0; 0.0 0.0787880968206755 -0.03461690091270877 -0.0352292770297711; 0.0 -0.034616900912708776 0.07944335143433588 -0.03574167546110208; 0.0 -0.03522927702977112 -0.03574167546110207 0.08006190864383506],[-0.12855389491980107 0.0 0.0 0.0; 0.0 -0.056334402978854864 0.024775108345851088 0.025244226209784074; 0.0 0.024775108345851084 -0.05659931150101173 0.025393262835316982; 0.0 0.025244226209784084 0.025393262835316975 -0.05704485534569031],[-7.083498130875653e-41 0.0 0.0 0.0; 0.0 0.10134326913007 -0.0008529965862703517 -0.002027652249833471; 0.0 -0.0008529965862703512 0.10068801451640978 -0.0011167692804624823; 0.0 -0.0020276522498334734 -0.0011167692804624882 0.1000694573069106],[6.575729446250297e-41 0.0 0.0 0.0; 0.0 -0.07221949194094612 0.001445180529774455 0.00010959449988225103; 0.0 0.0014451805297744588 -0.07195458341878933 0.0006144025764923264; 0.0 0.00010959449988225482 0.0006144025764923284 -0.0715090395741109]
