L,J,Q,θ,μ,ϕx,ϕy,ϕz,ndims,T,Λ,χ_dwave,dχdlogT_dwave,χ_pwave,dχdlogT_pwave
23,1.2,0.6180339887498949,0.4487989505128276,0.75,5.2759666248411525,5.216572709691631,2.2183578985492427,3,0.0027825594022071257,0.3,[0.5839183744111843 0.0 0.0 0.0; 0.0 0.014913702861862995 -0.0035857051225227795 -0.0038130499843018945; 0.0 -0.003585705122522774 0.014887763617623367 -0.003570323117691608; 0.0 -0.003813049984301829 -0.003570323117691527 0.015022506207349025],[-0.11917656196089721 0.0 0.0 0.0; 0.0 -0.00036523071329656805 -0.0004240958600896614 -0.00039880787195685534; 0.0 -0.00042409586008965974 -0.00040493970333168515 -0.00041375833608578205; 0.0 -0.00039880787195685047 -0.000413758336085776 -0.00037977342419935254],[6.6321029373075865e-18 0.0 0.0 0.0; 0.0 0.013979093122087172 -8.332128278432267e-6 2.0957025559188314e-5; 0.0 -8.33212827843237e-6 0.014071233522645013 -1.1196226282486798e-5; 0.0 2.0957025559186552e-5 -1.1196226282487928e-5 0.013918160256762093],[-3.021167922669065e-18 0.0 0.0 0.0; 0.0 -6.345063363833517e-6 9.543909464463078e-6 -1.0591888540588622e-6; 0.0 9.543909464462666e-6 9.598527312142441e-6 9.546066330370414e-6; 0.0 -1.0591888540583627e-6 9.546066330370255e-6 2.44763852494018e-5]
