L,J,Q,θ,μ,ϕx,ϕy,ϕz,ndims,T,Λ,χ_dwave,dχdlogT_dwave,χ_pwave,dχdlogT_pwave
23,0.2,0.6180339887498949,0.4487989505128276,0.75,5.108608070790224,2.6269203188545354,3.014007765852682,3,3.5938136638046276,0.3,[0.0058764149077165755 0.0 0.0 0.0; 0.0 0.0021243462188929893 -0.0009616883063615133 -0.0009305873327834799; 0.0 -0.0009616883063615299 0.002125628207081194 -0.0009275842202399809; 0.0 -0.0009305873327834606 -0.0009275842202400218 0.002098939115064526],[-0.005874207143660805 0.0 0.0 0.0; 0.0 -0.002123454057119441 0.0009612500587411448 0.0009302263143041356; 0.0 0.0009612500587411728 -0.002124740996705843 0.0009272288202813034; 0.0 0.0009302263143041718 0.0009272288202813074 -0.002098124807137403],[-2.379503917686276e-20 0.0 0.0 0.0; 0.0 0.0026850066038625665 2.8215818401178152e-5 1.2159339597476355e-5; 0.0 2.821581840117882e-5 0.002694002203498963 4.203578581267222e-6; 0.0 1.2159339597476332e-5 4.20357858126698e-6 0.0027126443411039196],[2.3777946668568912e-20 0.0 0.0 0.0; 0.0 -0.002683978105321039 -2.808258015408328e-5 -1.2123812411325801e-5; 0.0 -2.8082580154098227e-5 -0.0026929728486080598 -4.193881743151915e-6; 0.0 -1.2123812411326752e-5 -4.193881743152159e-6 -0.0027115437315291084]
