L,J,Q,θ,μ,ϕx,ϕy,ϕz,ndims,T,Λ,χ_dwave,dχdlogT_dwave,χ_pwave,dχdlogT_pwave
23,1.15,0.6180339887498949,0.4487989505128276,0.75,2.0229416505316715,5.371743502297404,0.6056970094929207,3,0.05994842503189409,0.3,[0.2123227675736815 0.0 0.0 0.0; 0.0 0.012683815148818743 -0.004605611977835263 -0.004560829808783834; 0.0 -0.0046056119778353785 0.012603368382186059 -0.004529208497268498; 0.0 -0.004560829808783924 -0.004529208497268505 0.012598435489829404],[-0.1206964515321606 0.0 0.0 0.0; 0.0 -0.003242485882721125 0.0008882652389195642 0.0008406771632829826; 0.0 0.0008882652389195761 -0.003178176717814962 0.0008365026604185708; 0.0 0.000840677163282998 0.0008365026604186124 -0.003204035734580959],[-1.8375794990862874e-18 0.0 0.0 0.0; 0.0 0.013313306797182806 -1.405380539090427e-5 -9.598040920909114e-6; 0.0 -1.4053805390904185e-5 0.01341756739334266 4.322812474398058e-5; 0.0 -9.598040920908708e-6 4.3228124743981915e-5 0.0132178876267764],[1.249067702281567e-18 0.0 0.0 0.0; 0.0 -0.002947553712439777 -1.6126632613838072e-6 -7.964764413588338e-6; 0.0 -1.6126632613844414e-6 -0.002960952827035395 -4.7487148844433504e-5; 0.0 -7.964764413588663e-6 -4.7487148844430495e-5 -0.002929207388882266]
