L,J,Q,θ,μ,ϕx,ϕy,ϕz,ndims,T,Λ,χ_dwave,dχdlogT_dwave,χ_pwave,dχdlogT_pwave
23,0.95,0.6180339887498949,0.4487989505128276,0.75,2.0229416505316715,5.371743502297404,0.6056970094929207,3,0.05994842503189409,0.3,[0.22246090587117756 0.0 0.0 0.0; 0.0 0.016797704805537404 -0.0061413308269805955 -0.006165842890788553; 0.0 -0.006141330826980332 0.01631654231545837 -0.005953997805763928; 0.0 -0.006165842890788396 -0.005953997805763668 0.016633883586073494],[-0.12661633417459872 0.0 0.0 0.0; 0.0 -0.00451170999490479 0.001196747607165518 0.0012130146315895564; 0.0 0.001196747607165546 -0.004315337035939713 0.0011286414516677127; 0.0 0.001213014631589489 0.0011286414516677576 -0.004457907554634926],[5.361512670714927e-19 0.0 0.0 0.0; 0.0 0.018636920962716033 -8.352202054770375e-5 0.00013056910933621085; 0.0 -8.35220205477059e-5 0.01805474508465401 0.00011406846577662597; 0.0 0.00013056910933621362 0.00011406846577662198 0.018449491672490846],[1.5687671306856587e-19 0.0 0.0 0.0; 0.0 -0.00434870746930221 5.985728535368172e-5 -3.216852763672407e-5; 0.0 5.985728535368134e-5 -0.0041867425503805825 -3.771341960993428e-5; 0.0 -3.216852763672705e-5 -3.771341960993391e-5 -0.0043510878385567935]
