L,J,Q,θ,μ,ϕx,ϕy,ϕz,ndims,T,Λ,χ_dwave,dχdlogT_dwave,χ_pwave,dχdlogT_pwave
23,0.65,0.6180339887498949,0.4487989505128276,0.75,1.3595744307236286,1.6230091281990537,3.234476175330475,3,0.001,0.3,[0.7963294615556187 0.0 0.0 0.0; 0.0 0.037032270603381365 -0.009737507843731215 -0.009591563784771981; 0.0 -0.009737507843730904 0.03705864537894261 -0.009159732218326121; 0.0 -0.009591563784772125 -0.009159732218326116 0.037055149450989144],[-0.14090392193531912 0.0 0.0 0.0; 0.0 -0.0008384609549732298 -0.0009080114723299426 -0.0009821532875952201; 0.0 -0.0009080114723299415 -0.0010608163446890898 -0.001060218724406142; 0.0 -0.000982153287595288 -0.001060218724406118 -0.0011618926511809534],[6.943484222181392e-19 0.0 0.0 0.0; 0.0 0.04018193919598829 -0.00040900239503131094 0.000345825162107502; 0.0 -0.00040900239503131267 0.03987869166885873 -0.0003028748141027194; 0.0 0.0003458251621075091 -0.0003028748141027318 0.039573585526332535],[2.1273988463216616e-19 0.0 0.0 0.0; 0.0 -2.9474557396696608e-5 -6.374995759344603e-6 1.9330479705373134e-5; 0.0 -6.374995759344497e-6 5.741897426622466e-5 1.9239113978384903e-5; 0.0 1.933047970537372e-5 1.9239113978385215e-5 -1.7757028264876196e-6]
