L,J,Q,θ,μ,ϕx,ϕy,ϕz,ndims,T,Λ,χ_dwave,dχdlogT_dwave,χ_pwave,dχdlogT_pwave
23,1.2,0.6180339887498949,0.4487989505128276,0.75,4.108575757591687,4.541751602016311,2.0408036799157285,3,0.05994842503189409,0.3,[0.20988581013065818 0.0 0.0 0.0; 0.0 0.012285670656525588 -0.004134414094940835 -0.004053151734541551; 0.0 -0.004134414094940819 0.012109081000063873 -0.004029158148775975; 0.0 -0.004053151734541606 -0.004029158148776082 0.012015924535500275],[-0.11928124781516145 0.0 0.0 0.0; 0.0 -0.0031688303637087355 0.0007109814227109202 0.0006595994720635739; 0.0 0.0007109814227109137 -0.0031353468138312825 0.0006702631607485252; 0.0 0.0006595994720635647 0.0006702631607485358 -0.0030783221688432645],[-8.376925984799993e-19 0.0 0.0 0.0; 0.0 0.012641800932381339 6.350795245710091e-5 -0.0001071908079372286; 0.0 6.350795245710373e-5 0.012233390323957472 -2.419374246691332e-5; 0.0 -0.00010719080793722752 -2.4193742466913004e-5 0.012380392434663396],[2.606885258039977e-19 0.0 0.0 0.0; 0.0 -0.002772191318338698 -1.0038973433383661e-5 8.923785854119692e-6; 0.0 -1.003897343338375e-5 -0.0026873608320166424 3.072347641272758e-5; 0.0 8.923785854119863e-6 3.072347641273077e-5 -0.002701874014385135]
