L,J,Q,θ,μ,ϕx,ϕy,ϕz,ndims,T,Λ,χ_dwave,dχdlogT_dwave,χ_pwave,dχdlogT_pwave
23,0.9,0.6180339887498949,0.4487989505128276,0.75,2.810390175230641,1.0772819831490281,3.680682016823238,3,0.01291549665014884,0.3,[0.42164300098520646 0.0 0.0 0.0; 0.0 0.021376544107946555 -0.006553156713461065 -0.006920097464192913; 0.0 -0.0065531567134614254 0.021637176005695858 -0.007004075964281391; 0.0 -0.006920097464192828 -0.007004075964281717 0.021270517614021118],[-0.12828213514387776 0.0 0.0 0.0; 0.0 -0.0008772625377131549 -0.0005449838268273001 -0.0005639616292755313; 0.0 -0.0005449838268273178 -0.0009237997100470212 -0.0005352138666403641; 0.0 -0.0005639616292755122 -0.0005352138666403618 -0.0008515242282595613],[6.60623177483834e-19 0.0 0.0 0.0; 0.0 0.023146526540801918 7.628011410540374e-5 -0.0001797988386760688; 0.0 7.628011410540313e-5 0.023500744729055324 0.00014191711674479594; 0.0 -0.00017979883867606949 0.00014191711674479962 0.022607166093151623],[-1.04777746639558e-18 0.0 0.0 0.0; 0.0 -0.0002034434626948266 -8.120762998656288e-6 3.2474980867254175e-6; 0.0 -8.120762998656183e-6 -0.00023533022062387216 5.186535601152797e-6; 0.0 3.247498086725093e-6 5.186535601152702e-6 -0.00021694778877044224]
