L,J,Q,θ,μ,ϕx,ϕy,ϕz,ndims,T,Λ,χ_dwave,dχdlogT_dwave,χ_pwave,dχdlogT_pwave
23,0.75,0.6180339887498949,0.4487989505128276,0.75,1.844230068945385,1.1274623114571236,4.291057478636419,3,0.03593813663804628,0.3,[0.29753436225197644 0.0 0.0 0.0; 0.0 0.025615559614301377 -0.009288908937426801 -0.009446169737239982; 0.0 -0.009288908937426454 0.02556786126772395 -0.00945494578223005; 0.0 -0.009446169737239767 -0.009454945782229966 0.025729078738862862],[-0.13222895803472592 0.0 0.0 0.0; 0.0 -0.003376097279916665 0.0003251370084691962 0.00036401750487684693; 0.0 0.00032513700846923023 -0.0033104011002393287 0.0003679310335255441; 0.0 0.00036401750487683474 0.0003679310335255601 -0.003333013846833639],[-8.455602408756289e-20 0.0 0.0 0.0; 0.0 0.030004152702138246 4.804510601479578e-5 0.0001227036308553153; 0.0 4.804510601479232e-5 0.03000094136929954 0.00013999159336089217; 0.0 0.00012270363085531197 0.0001399915933608869 0.030307849542235143],[-2.709095890446202e-19 0.0 0.0 0.0; 0.0 -0.002898644908480601 4.79141895345926e-6 -3.744506951037872e-5; 0.0 4.7914189534591164e-6 -0.0029454479027426084 -4.966801258248778e-6; 0.0 -3.7445069510379364e-5 -4.9668012582498965e-6 -0.002960245522896641]
