L,J,Q,θ,μ,ϕx,ϕy,ϕz,ndims,T,Λ,χ_dwave,dχdlogT_dwave,χ_pwave,dχdlogT_pwave
23,0.35,0.6180339887498949,0.4487989505128276,0.75,0.8300692797416884,5.067530529285624,5.9941159353493925,3,0.1,0.3,[0.17629236365251394 0.0 0.0 0.0; 0.0 0.04538237398092662 -0.019674189918121057 -0.019590935939541296; 0.0 -0.019674189918119266 0.0453418220568254 -0.019383560940531713; 0.0 -0.019590935939540602 -0.01938356094053142 0.045080633992186564],[-0.1239331116540061 0.0 0.0 0.0; 0.0 -0.02869277584818699 0.012276787523485114 0.012367632547277354; 0.0 0.012276787523485922 -0.02877477480343508 0.01202411835381658; 0.0 0.012367632547276769 0.01202411835381721 -0.028434609983590264],[9.433365706304113e-20 0.0 0.0 0.0; 0.0 0.0571016920116109 9.509495453569253e-5 -0.00016164916675946248; 0.0 9.509495453567256e-5 0.057038982313681666 -0.00024478785454039157; 0.0 -0.00016164916675946795 -0.0002447878545404291 0.05685148459239919],[-1.3075987650799056e-19 0.0 0.0 0.0; 0.0 -0.034673263827171404 -0.00018255784990778818 0.00028953762304433794; 0.0 -0.00018255784990777748 -0.03460577022956145 0.0004357782639541212; 0.0 0.0002895376230443451 0.00043577826395414695 -0.034451960967686726]
