L,J,Q,θ,μ,ϕx,ϕy,ϕz,ndims,T,Λ,χ_dwave,dχdlogT_dwave,χ_pwave,dχdlogT_pwave
23,1.0,0.6180339887498949,0.4487989505128276,0.75,1.443832753770895,3.6578363068123374,5.416836448526887,3,0.03593813663804628,0.3,[0.28436348793884764 0.0 0.0 0.0; 0.0 0.016752427618501382 -0.005826925140335368 -0.005843426662387925; 0.0 -0.005826925140335478 0.016820889090912294 -0.005852356523114321; 0.0 -0.0058434266623876505 -0.005852356523114187 0.01677244636876878],[-0.12697565864002264 0.0 0.0 0.0; 0.0 -0.00199480638885107 9.787526098616449e-5 0.00013437480858681037; 0.0 9.787526098616113e-5 -0.0020056613013342954 0.0001095856989472646; 0.0 0.0001343748085868129 0.00010958569894727067 -0.001991124375017662],[1.7572543568560987e-18 0.0 0.0 0.0; 0.0 0.0181382205907932 -0.0001900949097087492 5.726283478971814e-5; 0.0 -0.0001900949097087538 0.01802108820971519 -5.2202774841999095e-5; 0.0 5.726283478971602e-5 -5.2202774841999115e-5 0.01801058233243624],[-8.92431656504111e-19 0.0 0.0 0.0; 0.0 -0.0015169820312066254 5.359703386380578e-5 -1.561322982410495e-5; 0.0 5.359703386380693e-5 -0.0015092734212781157 -1.9212742968991487e-5; 0.0 -1.5613229824106304e-5 -1.9212742968991405e-5 -0.001484701314937757]
