L,J,Q,θ,μ,ϕx,ϕy,ϕz,ndims,T,Λ,χ_dwave,dχdlogT_dwave,χ_pwave,dχdlogT_pwave
23,0.15,0.6180339887498949,0.4487989505128276,0.75,5.2759666248411525,5.216572709691631,2.2183578985492427,3,0.001,0.3,[0.8029945877508647 0.0 0.0 0.0; 0.0 0.1880036083770905 -0.0741669200106548 -0.07521239907528927; 0.0 -0.07416692001065313 0.18713495965834237 -0.08078587064932259; 0.0 -0.07521239907528685 -0.08078587064932248 0.18439505295669087],[-0.1398132380152042 0.0 0.0 0.0; 0.0 -0.005002454041686996 -0.0018649846044581477 -0.0009771038162530946; 0.0 -0.0018649846044580913 -0.002590183971664803 -0.0010333246850719403; 0.0 -0.0009771038162530732 -0.0010333246850719722 -0.0016164668516007001],[-1.1414854557152881e-17 0.0 0.0 0.0; 0.0 0.23333642382931916 -0.022900348565201865 -0.024988198710897403; 0.0 -0.02290034856520169 0.23339472928118535 0.012159693207755983; 0.0 -0.02498819871089607 0.012159693207756065 0.23516658949904629],[9.246850229035544e-18 0.0 0.0 0.0; 0.0 -0.0021562503453529938 0.0012801823070159991 0.00170034431914865; 0.0 0.0012801823070160074 -0.0017836566539212687 -0.0029162038492904258; 0.0 0.0017003443191485738 -0.0029162038492904063 -0.004750064840315741]
