L,J,Q,θ,μ,ϕx,ϕy,ϕz,ndims,T,Λ,χ_dwave,dχdlogT_dwave,χ_pwave,dχdlogT_pwave
23,1.05,0.6180339887498949,0.4487989505128276,0.75,5.2759666248411525,5.216572709691631,2.2183578985492427,3,0.1,0.3,[0.15638642134604364 0.0 0.0 0.0; 0.0 0.01212537036292938 -0.004604488264172278 -0.004451446167265708; 0.0 -0.00460448826417246 0.012083642156844687 -0.004419821331096641; 0.0 -0.004451446167265833 -0.0044198213310965165 0.01190722779695668],[-0.11317501747146083 0.0 0.0 0.0; 0.0 -0.00608059106155944 0.002112145577936592 0.0020197761760645636; 0.0 0.002112145577936474 -0.006062637741496234 0.002016529111493676; 0.0 0.0020197761760646434 0.0020165291114935878 -0.005971789762368891],[1.2732166479961897e-20 0.0 0.0 0.0; 0.0 0.013569998757661095 9.031442122294574e-5 -0.00011269254558794094; 0.0 9.031442122295287e-5 0.013347260951516041 3.2381600005595176e-5; 0.0 -0.00011269254558794061 3.238160000559659e-5 0.013255468210662837],[3.137470493529074e-20 0.0 0.0 0.0; 0.0 -0.006517759859826682 -6.137146012710222e-5 5.010213170218505e-5; 0.0 -6.137146012709983e-5 -0.006410878178235982 -2.2481356455333468e-5; 0.0 5.010213170218902e-5 -2.248135645533189e-5 -0.0063683930990794035]
