L,J,Q,θ,μ,ϕx,ϕy,ϕz,ndims,T,Λ,χ_dwave,dχdlogT_dwave,χ_pwave,dχdlogT_pwave
23,1.05,0.6180339887498949,0.4487989505128276,0.75,5.106330914882206,0.20684903641207408,4.563814702367097,3,0.007742636826811269,0.3,[0.4744048239688426 0.0 0.0 0.0; 0.0 0.017516746610335983 -0.005109789383564065 -0.005129391378773622; 0.0 -0.005109789383564161 0.017264263113268164 -0.00495216572837712; 0.0 -0.005129391378773523 -0.004952165728376986 0.01745350608047327],[-0.12498925291907795 0.0 0.0 0.0; 0.0 -0.0006079719037981981 -0.0004711073982612541 -0.0004674622899859494; 0.0 -0.00047110739826125656 -0.0005372244219403068 -0.0004721763192937989; 0.0 -0.0004674622899859674 -0.00047217631929378123 -0.0005723620983695353],[3.776811418899758e-18 0.0 0.0 0.0; 0.0 0.017561723221705617 1.8356953793695745e-5 -0.00013174035844124257; 0.0 1.8356953793696105e-5 0.01771029484879198 0.00013891472211987016; 0.0 -0.00013174035844125786 0.00013891472211987417 0.01782429463525614],[1.5993648124249725e-19 0.0 0.0 0.0; 0.0 -6.519560921131364e-5 3.6118460731786257e-6 -8.108018066115967e-6; 0.0 3.6118460731789366e-6 -3.2543992720506584e-5 -4.3400346171105753e-7; 0.0 -8.108018066116131e-6 -4.340034617111224e-7 -6.254725931140173e-5]
