L,J,Q,θ,μ,ϕx,ϕy,ϕz,ndims,T,Λ,χ_dwave,dχdlogT_dwave,χ_pwave,dχdlogT_pwave
23,0.6,0.6180339887498949,0.4487989505128276,0.75,2.35825522373343,3.5083950570734084,5.211373871453545,3,0.007742636826811269,0.3,[0.5148644935376332 0.0 0.0 0.0; 0.0 0.0408789527482271 -0.013924677231025015 -0.013687371662464653; 0.0 -0.013924677231024985 0.04012824487496301 -0.013301079811202111; 0.0 -0.013687371662465211 -0.013301079811202947 0.04000479887768562],[-0.13656446400575895 0.0 0.0 0.0; 0.0 -0.0014634484136557392 -0.0009041096296332439 -0.0009128004300864849; 0.0 -0.0009041096296332401 -0.0013132680399995807 -0.0009250302430871282; 0.0 -0.0009128004300864859 -0.0009250302430871222 -0.0012875957370201009],[-2.1963221885785915e-18 0.0 0.0 0.0; 0.0 0.04668031325343686 -0.0005521965979943956 0.00047849996810906016; 0.0 -0.0005521965979943265 0.046428274402038505 -0.0003512302953318908; 0.0 0.0004784999681090856 -0.0003512302953319113 0.04654717886910263],[2.872025736665852e-19 0.0 0.0 0.0; 0.0 -0.0003362513112992407 7.817852940016442e-5 -6.5566634487971484e-6; 0.0 7.817852940016995e-5 -0.00035085613627292846 9.63174426017396e-6; 0.0 -6.5566634487973416e-6 9.631744260174208e-6 -0.00028513680018751604]
