L,J,Q,θ,μ,ϕx,ϕy,ϕz,ndims,T,Λ,χ_dwave,dχdlogT_dwave,χ_pwave,dχdlogT_pwave
23,1.1,0.6180339887498949,0.4487989505128276,0.75,5.2759666248411525,5.216572709691631,2.2183578985492427,3,0.0027825594022071257,0.3,[0.5964732889664187 0.0 0.0 0.0; 0.0 0.01634317190078965 -0.004045003715214624 -0.004089462944427217; 0.0 -0.004045003715214655 0.016420194833156997 -0.004356273332244875; 0.0 -0.004089462944427281 -0.004356273332244993 0.016669576846190453],[-0.12651467861912488 0.0 0.0 0.0; 0.0 -0.00048542973868809746 -0.00046380163503379954 -0.00046499321078421574; 0.0 -0.0004638016350337986 -0.00047892782223448734 -0.00044017805739018267; 0.0 -0.000464993210784231 -0.00044017805739018874 -0.0004893177193961808],[4.911262621639214e-18 0.0 0.0 0.0; 0.0 0.01632098125583488 5.209465743404868e-5 7.199541121430033e-7; 0.0 5.2094657434049434e-5 0.016195558292351288 0.00023627486289822027; 0.0 7.199541121402846e-7 0.0002362748628982182 0.016187781410698432],[-2.3092409819215387e-18 0.0 0.0 0.0; 0.0 -2.0274444426704635e-5 8.775339855057413e-6 2.46967860304294e-5; 0.0 8.775339855057379e-6 -3.549058491685636e-5 1.428758390563334e-5; 0.0 2.4696786030430152e-5 1.4287583905633313e-5 -4.059506291143933e-5]
