L,J,Q,θ,μ,ϕx,ϕy,ϕz,ndims,T,Λ,χ_dwave,dχdlogT_dwave,χ_pwave,dχdlogT_pwave
23,0.9,0.6180339887498949,0.4487989505128276,0.75,1.7147032833659617,1.1033524487318418,0.8149814849990139,3,0.021544346900318832,0.3,[0.3563705080392463 0.0 0.0 0.0; 0.0 0.02055728889372088 -0.006882239590546711 -0.007164932607335945; 0.0 -0.006882239590546965 0.02048147548732716 -0.00688404217917021; 0.0 -0.00716493260733574 -0.006884042179170823 0.020823874693697515],[-0.12871623281631842 0.0 0.0 0.0; 0.0 -0.001218961921125805 -0.00033858158477147795 -0.0003200105848327794; 0.0 -0.00033858158477148727 -0.0012760661570471758 -0.0003692243859635301; 0.0 -0.0003200105848327764 -0.00036922438596351584 -0.0013088513189340111],[1.5196733110443077e-19 0.0 0.0 0.0; 0.0 0.022782042654445257 2.161493999757261e-5 -0.00017321773595078993; 0.0 2.1614939997572364e-5 0.02267833379170292 0.00018007355427931732; 0.0 -0.00017321773595079613 0.0001800735542793201 0.022865485706823493],[-8.422685821295997e-20 0.0 0.0 0.0; 0.0 -0.0006917238067082987 -3.65173573623964e-5 2.1868734813508223e-5; 0.0 -3.651735736239374e-5 -0.0006380936073192926 -1.7067973483894008e-5; 0.0 2.186873481350764e-5 -1.7067973483893754e-5 -0.0006672268711942513]
