L,J,Q,θ,μ,ϕx,ϕy,ϕz,ndims,T,Λ,χ_dwave,dχdlogT_dwave,χ_pwave,dχdlogT_pwave
23,0.1,0.6180339887498949,0.4487989505128276,0.75,2.35825522373343,3.5083950570734084,5.211373871453545,3,0.001,0.3,[0.7678313783381147 0.0 0.0 0.0; 0.0 0.22491183333190629 -0.10039724098434497 -0.09743148475588506; 0.0 -0.10039724098435235 0.23139690014704833 -0.0951443079959871; 0.0 -0.09743148475588219 -0.09514430799598698 0.22976605082766413],[-0.11631354064066204 0.0 0.0 0.0; 0.0 -0.003611689571318379 0.001013590934864307 0.0012193078550815088; 0.0 0.0010135909348643031 -0.0031062111359652193 -0.0034067960978405075; 0.0 0.0012193078550815164 -0.003406796097840498 -0.005714832212227724],[1.0895714482626497e-17 0.0 0.0 0.0; 0.0 0.28968537285082846 -0.03999021877268695 0.02364887926092765; 0.0 -0.039990218772685215 0.2875237774496553 -0.013547337459714853; 0.0 0.023648879260928322 -0.01354733745971534 0.28998635896637],[-1.5829491650938403e-17 0.0 0.0 0.0; 0.0 -0.005067336816536987 0.004602876488163464 -0.0014969419518957238; 0.0 0.004602876488163632 -0.007294807298770801 0.001536994423577344; 0.0 -0.0014969419518957295 0.0015369944235772996 -0.004719570982583218]
