L,J,Q,θ,μ,ϕx,ϕy,ϕz,ndims,T,Λ,χ_dwave,dχdlogT_dwave,χ_pwave,dχdlogT_pwave
23,0.85,0.6180339887498949,0.4487989505128276,0.75,2.35825522373343,3.5083950570734084,5.211373871453545,3,0.021544346900318832,0.3,[0.36040922558558747 0.0 0.0 0.0; 0.0 0.022533859703676867 -0.007566979163706077 -0.007586268259261024; 0.0 -0.007566979163705682 0.022262854310972625 -0.007669339283997955; 0.0 -0.00758626825926125 -0.0076693392839982475 0.02245974264669355],[-0.13094804112480973 0.0 0.0 0.0; 0.0 -0.0015081101724136689 -0.0003566748434725205 -0.0003818025620254874; 0.0 -0.0003566748434725221 -0.0014598777215057664 -0.0003205571176244002; 0.0 -0.00038180256202547297 -0.0003205571176243945 -0.0014337937530456745],[-3.2094303341843923e-18 0.0 0.0 0.0; 0.0 0.025297963928737965 -1.625216540044856e-5 0.00024342938061606208; 0.0 -1.625216540045027e-5 0.02494202831595178 1.172392312566893e-5; 0.0 0.00024342938061606956 1.1723923125667037e-5 0.02501170421067318],[1.5974840376907742e-18 0.0 0.0 0.0; 0.0 -0.0008201548787148291 -3.821208114415187e-5 -1.6994792027535676e-5; 0.0 -3.8212081144151795e-5 -0.0008057311282217958 -2.7097021201329675e-5; 0.0 -1.699479202753458e-5 -2.709702120132897e-5 -0.0008223793816972493]
