L,J,Q,θ,μ,ϕx,ϕy,ϕz,ndims,T,Λ,χ_dwave,dχdlogT_dwave,χ_pwave,dχdlogT_pwave
23,0.15,0.6180339887498949,0.4487989505128276,0.75,1.844230068945385,1.1274623114571236,4.291057478636419,3,0.001,0.3,[0.8338672735133136 0.0 0.0 0.0; 0.0 0.1893480695076114 -0.08279164791820087 -0.07180502933638652; 0.0 -0.082791647918201 0.18837277552011164 -0.07725678358342909; 0.0 -0.07180502933638976 -0.07725678358342805 0.18798475902354667],[-0.14344792140247226 0.0 0.0 0.0; 0.0 -0.002641709213885649 -0.001200979745597715 -0.002046070924276063; 0.0 -0.0012009797455977032 -0.001193001626485342 -0.0016285806146259286; 0.0 -0.0020460709242761123 -0.0016285806146259278 -0.0036515571005446197],[7.189084324386057e-18 0.0 0.0 0.0; 0.0 0.23411417855963038 -0.01170160261271683 -0.03208298895511329; 0.0 -0.01170160261271705 0.2342670754876858 0.007081736591276573; 0.0 -0.03208298895511209 0.007081736591276375 0.23856318736040366],[2.4744167510793666e-18 0.0 0.0 0.0; 0.0 -0.00015032102318659753 0.0003984940954592381 -0.00035817934201764996; 0.0 0.0003984940954592471 -0.0015364826210504925 -0.00017233886340865402; 0.0 -0.00035817934201765907 -0.0001723388634086532 -0.0005497232531524664]
