L,J,Q,θ,μ,ϕx,ϕy,ϕz,ndims,T,Λ,χ_dwave,dχdlogT_dwave,χ_pwave,dχdlogT_pwave
23,0.4,0.6180339887498949,0.4487989505128276,0.75,3.7152326662553454,5.721680001447781,0.41513891803668856,3,0.03593813663804628,0.3,[0.3178759644945222 0.0 0.0 0.0; 0.0 0.060856218399279426 -0.02589301971782445 -0.02473568967507219; 0.0 -0.025893019717824324 0.0625650817868333 -0.02587253303483309; 0.0 -0.02473568967507219 -0.025872533034831845 0.06079867784331338],[-0.14644881713815092 0.0 0.0 0.0; 0.0 -0.012533886170557843 0.004544751417055347 0.003680793850716622; 0.0 0.004544751417055593 -0.01388044516908757 0.00434499906700363; 0.0 0.0036807938507168493 0.004344999067003064 -0.012447266954950097],[4.483281920886227e-18 0.0 0.0 0.0; 0.0 0.07971897061252953 0.0007541610527099566 7.94669434251047e-5; 0.0 0.0007541610527099103 0.07951302472324057 0.00028918941711588954; 0.0 7.946694342511349e-5 0.0002891894171158906 0.07912459839722778],[-2.511044175468238e-18 0.0 0.0 0.0; 0.0 -0.016941425245277798 -0.0005806547982455153 4.711452877291113e-5; 0.0 -0.0005806547982454586 -0.016556107893033686 -0.0001359964926800247; 0.0 4.711452877291875e-5 -0.00013599649268001673 -0.016824503345791275]
