L,J,Q,θ,μ,ϕx,ϕy,ϕz,ndims,T,Λ,χ_dwave,dχdlogT_dwave,χ_pwave,dχdlogT_pwave
23,0.5,0.6180339887498949,0.4487989505128276,0.75,2.810390175230641,1.0772819831490281,3.680682016823238,3,0.03593813663804628,0.3,[0.3106968934968222 0.0 0.0 0.0; 0.0 0.04624325810295065 -0.01896013149059673 -0.018250073313356194; 0.0 -0.018960131490597068 0.046632436622420885 -0.018426808648496003; 0.0 -0.018250073313356832 -0.018426808648496953 0.04590499982983071],[-0.13873580467760271 0.0 0.0 0.0; 0.0 -0.007935346263499388 0.002294408500115788 0.0020194801843410686; 0.0 0.0022944085001157365 -0.008226958101530742 0.002057694995236701; 0.0 0.002019480184340927 0.002057694995236702 -0.007946351051860841],[1.4180643539907202e-18 0.0 0.0 0.0; 0.0 0.057976624281733107 -0.0007357141986795836 -0.00033482607926277336; 0.0 -0.0007357141986796085 0.05721810344624026 8.941558070684574e-5; 0.0 -0.00033482607926278723 8.941558070683919e-5 0.05752568103579359],[-3.584812311044323e-19 0.0 0.0 0.0; 0.0 -0.009109120222831397 0.00037066188134554857 0.00016354517653577398; 0.0 0.0003706618813455382 -0.008743146904790491 -2.8920473192463397e-5; 0.0 0.00016354517653577194 -2.8920473192463356e-5 -0.008885199824653606]
