L,J,Q,θ,μ,ϕx,ϕy,ϕz,ndims,T,Λ,χ_dwave,dχdlogT_dwave,χ_pwave,dχdlogT_pwave
23,0.4,0.6180339887498949,0.4487989505128276,0.75,1.3595744307236286,1.6230091281990537,3.234476175330475,3,0.01291549665014884,0.3,[0.4645329250723504 0.0 0.0 0.0; 0.0 0.06979608188695001 -0.027721976492049393 -0.027414973684348875; 0.0 -0.02772197649204831 0.06942114925186546 -0.027007949813958203; 0.0 -0.027414973684350415 -0.027007949813956603 0.06944932418332782],[-0.14432914379915823 0.0 0.0 0.0; 0.0 -0.003861297604620568 -0.0001816501790683785 -0.00020057128327169048; 0.0 -0.00018165017906837989 -0.0038506984402090563 -0.00032531828906926067; 0.0 -0.0002005712832716976 -0.0003253182890692223 -0.004079868045705174],[7.665273812558198e-20 0.0 0.0 0.0; 0.0 0.0895883874086801 -0.0001393625155795612 -0.0005385579423612265; 0.0 -0.00013936251557957027 0.0892479086271446 -0.0028540800753828173; 0.0 -0.0005385579423612506 -0.0028540800753828585 0.0887316276465473],[-1.194908926498778e-18 0.0 0.0 0.0; 0.0 -0.003610680473473646 8.793545886665861e-5 0.00015740643523994854; 0.0 8.793545886666463e-5 -0.003727248167046056 0.0005437323569186229; 0.0 0.00015740643523994575 0.0005437323569186126 -0.0036366903614132285]
