L,J,Q,θ,μ,ϕx,ϕy,ϕz,ndims,T,Λ,χ_dwave,dχdlogT_dwave,χ_pwave,dχdlogT_pwave
23,0.9,0.6180339887498949,0.4487989505128276,0.75,1.573530448848193,4.436680002802441,0.6352908892784268,3,0.0027825594022071257,0.3,[0.6215763360358767 0.0 0.0 0.0; 0.0 0.02216764478359339 -0.005555763197783687 -0.00608734529104308; 0.0 -0.005555763197783804 0.022146585402113474 -0.005986943853590271; 0.0 -0.006087345291043058 -0.005986943853590509 0.022392403017751004],[-0.12743714857359834 0.0 0.0 0.0; 0.0 -0.0006429389286145026 -0.0006396011366127559 -0.0006082144888391859; 0.0 -0.0006396011366127487 -0.0005806431104875814 -0.0006408148215501572; 0.0 -0.0006082144888391784 -0.0006408148215501636 -0.0005865629363695877],[-1.6105669829963788e-18 0.0 0.0 0.0; 0.0 0.02294939987291673 8.115194579806778e-6 -5.194698126771065e-5; 0.0 8.115194579810102e-6 0.023198785085051583 -0.00016314009406719464; 0.0 -5.194698126770985e-5 -0.00016314009406720207 0.023136927986383546],[3.751131645551467e-18 0.0 0.0 0.0; 0.0 5.038195877172628e-5 -2.2634081270863124e-5 1.1100153239663218e-5; 0.0 -2.2634081270862904e-5 2.6452541965670042e-5 1.2304734027671859e-5; 0.0 1.1100153239662813e-5 1.2304734027672813e-5 3.1056239995580675e-5]
