L,J,Q,θ,μ,ϕx,ϕy,ϕz,ndims,T,Λ,χ_dwave,dχdlogT_dwave,χ_pwave,dχdlogT_pwave
23,0.15,0.6180339887498949,0.4487989505128276,0.75,5.108608070790224,2.6269203188545354,3.014007765852682,3,0.4641588833612779,0.3,[0.04526640919584044 0.0 0.0 0.0; 0.0 0.017701391793213936 -0.008132077206336649 -0.007703171839011668; 0.0 -0.008132077206336935 0.01762332978201577 -0.0076092507075413264; 0.0 -0.007703171839011669 -0.007609250707541444 0.017309474802180057],[-0.04427721278352628 0.0 0.0 0.0; 0.0 -0.01728496059087162 0.007922384301944927 0.0075393437879270175; 0.0 0.007922384301944833 -0.017214287444816057 0.007451756593497825; 0.0 0.007539343787927534 0.007451756593497766 -0.016939566313538715],[-2.2631663625483145e-20 0.0 0.0 0.0; 0.0 0.022238671614186408 0.0003260524035293045 0.0001356642583184952; 0.0 0.00032605240352934515 0.022333269983784022 1.6428786903492754e-5; 0.0 0.0001356642583185182 1.642878690348616e-5 0.022533816133829966],[2.3602187749545435e-20 0.0 0.0 0.0; 0.0 -0.021769892650270236 -0.0002617676221023071 -0.00011672169980842242; 0.0 -0.0002617676221023272 -0.021859798206688947 -1.1312707592585803e-5; 0.0 -0.00011672169980841878 -1.1312707592576588e-5 -0.022022891470314495]
