L,J,Q,θ,μ,ϕx,ϕy,ϕz,ndims,T,Λ,χ_dwave,dχdlogT_dwave,χ_pwave,dχdlogT_pwave
23,1.25,0.6180339887498949,0.4487989505128276,0.75,1.573530448848193,4.436680002802441,0.6352908892784268,3,0.007742636826811269,0.3,[0.45619539944344734 0.0 0.0 0.0; 0.0 0.013758003291934422 -0.004051041762689707 -0.0034997161540638103; 0.0 -0.0040510417626899616 0.013908496150017893 -0.004127985077477286; 0.0 -0.0034997161540638493 -0.004127985077477332 0.01360321600595969],[-0.12068589320238438 0.0 0.0 0.0; 0.0 -0.0004512618391870797 -0.0003272032259478843 -0.0003722551775316695; 0.0 -0.0003272032259478822 -0.000389893520328138 -0.00032146005156971316; 0.0 -0.00037225517753168786 -0.0003214600515697204 -0.0004342634348250345],[9.526707895390745e-18 0.0 0.0 0.0; 0.0 0.01318126623798887 0.0001503910957268566 9.877405287868505e-5; 0.0 0.00015039109572686195 0.01315746448116586 -0.00010132241898234497; 0.0 9.877405287868303e-5 -0.00010132241898234759 0.013210569539616574],[-6.702570953843828e-18 0.0 0.0 0.0; 0.0 -4.659032035945429e-5 -1.5597042244429946e-5 3.7127203003740934e-6; 0.0 -1.5597042244431064e-5 -4.6396074058019565e-5 7.832937398494584e-6; 0.0 3.71272030037388e-6 7.83293739849551e-6 -3.693896494306059e-5]
