L,J,Q,θ,μ,ϕx,ϕy,ϕz,ndims,T,Λ,χ_dwave,dχdlogT_dwave,χ_pwave,dχdlogT_pwave
23,1.05,0.6180339887498949,0.4487989505128276,0.75,1.573530448848193,4.436680002802441,0.6352908892784268,3,0.001,0.3,[0.7369845145707189 0.0 0.0 0.0; 0.0 0.01882814657144367 -0.003949370572613412 -0.004169638702277931; 0.0 -0.003949370572613438 0.01884065710358571 -0.003992269930112806; 0.0 -0.004169638702277978 -0.00399226993011271 0.01828932856097981],[-0.1323390328467399 0.0 0.0 0.0; 0.0 -0.0005439613446683542 -0.000555936428504561 -0.00045893850381175885; 0.0 -0.0005559364285045668 -0.0006581017948772267 -0.0005478544695868413; 0.0 -0.00045893850381175316 -0.0005478544695868502 -0.00048613140909380955],[-9.666875139558651e-18 0.0 0.0 0.0; 0.0 0.017656870726533446 1.685077972553527e-5 6.104136072060722e-5; 0.0 1.6850779725537235e-5 0.01795548186200493 -8.864108855763111e-5; 0.0 6.104136072060835e-5 -8.864108855763577e-5 0.0175282643176441],[-3.0330899067295142e-18 0.0 0.0 0.0; 0.0 -5.0011227170032534e-5 1.3664820677189612e-6 1.6140929128712083e-5; 0.0 1.3664820677183759e-6 -2.789597465873204e-6 3.040231650021421e-5; 0.0 1.6140929128712222e-5 3.04023165002148e-5 -3.225529961809957e-5]
