L,J,Q,θ,μ,ϕx,ϕy,ϕz,ndims,T,Λ,χ_dwave,dχdlogT_dwave,χ_pwave,dχdlogT_pwave
23,1.0,0.6180339887498949,0.4487989505128276,0.75,2.810390175230641,1.0772819831490281,3.680682016823238,3,0.05994842503189409,0.3,[0.22001738884495595 0.0 0.0 0.0; 0.0 0.015474165244179775 -0.0056302808727685906 -0.005705163954726262; 0.0 -0.005630280872768443 0.015077063660069048 -0.005403322089548558; 0.0 -0.005705163954726175 -0.005403322089548727 0.015397840928084869],[-0.12519128818485264 0.0 0.0 0.0; 0.0 -0.0040863067607554765 0.0010619736121220468 0.0011387425099003174; 0.0 0.0010619736121220556 -0.00396050419766279 0.0009966884446852209; 0.0 0.0011387425099003536 0.000996688444685282 -0.004068547254601874],[1.073881718050044e-18 0.0 0.0 0.0; 0.0 0.016613258136507908 -2.0018992335798125e-5 -5.4738911915368376e-5; 0.0 -2.0018992335799826e-5 0.016821591480791303 0.00013354753503657245; 0.0 -5.473891191536373e-5 0.00013354753503656087 0.01717128736099054],[-9.39781726633886e-19 0.0 0.0 0.0; 0.0 -0.003822395732794831 -5.647695516398597e-6 2.9032678411975278e-5; 0.0 -5.647695516398598e-6 -0.0038876106205703864 -7.657051022592142e-5; 0.0 2.9032678411976406e-5 -7.657051022592665e-5 -0.003929092404341766]
