L,J,Q,θ,μ,ϕx,ϕy,ϕz,ndims,T,Λ,χ_dwave,dχdlogT_dwave,χ_pwave,dχdlogT_pwave
23,1.1,0.6180339887498949,0.4487989505128276,0.75,5.108608070790224,2.6269203188545354,3.014007765852682,3,0.16681005372000587,0.3,[0.10295752526729045 0.0 0.0 0.0; 0.0 0.007986636032565775 -0.0030682960679103938 -0.0029384309125593954; 0.0 -0.0030682960679103647 0.008160692610824314 -0.0030500234377443683; 0.0 -0.0029384309125593563 -0.003050023437744309 0.008054051239558277],[-0.08873339654006836 0.0 0.0 0.0; 0.0 -0.00594496868741017 0.0022208254104574194 0.002119722429717444; 0.0 0.0022208254104574324 -0.00607446459166365 0.0022069399736342485; 0.0 0.002119722429717419 0.002206939973634189 -0.005997217699314426],[-1.535897873361838e-19 0.0 0.0 0.0; 0.0 0.008856292921581996 2.8231577202798142e-5 4.9332011386785945e-5; 0.0 2.8231577202798095e-5 0.008928331879396461 -7.221982499125147e-5; 0.0 4.9332011386787246e-5 -7.221982499124941e-5 0.008914098967254223],[1.5436132958007342e-19 0.0 0.0 0.0; 0.0 -0.006480201521333955 -2.7165603808775004e-5 -3.7541495092946714e-5; 0.0 -2.716560380877401e-5 -0.006538939006940023 5.6287899638379016e-5; 0.0 -3.754149509294557e-5 5.6287899638381476e-5 -0.00652380665618596]
