L,J,Q,θ,μ,ϕx,ϕy,ϕz,ndims,T,Λ,χ_dwave,dχdlogT_dwave,χ_pwave,dχdlogT_pwave
23,0.95,0.6180339887498949,0.4487989505128276,0.75,1.443832753770895,3.6578363068123374,5.416836448526887,3,0.03593813663804628,0.3,[0.2881476602749286 0.0 0.0 0.0; 0.0 0.018712593981420993 -0.006534521498670554 -0.0065053954721003854; 0.0 -0.006534521498670692 0.018720370427743764 -0.00622970032335971; 0.0 -0.006505395472100165 -0.006229700323359579 0.0186284111218923],[-0.12827912270195624 0.0 0.0 0.0; 0.0 -0.0022674924925843933 0.00011571985432962035 0.00013456413846678388; 0.0 0.00011571985432963028 -0.0023229183845994332 1.5557738804698057e-5; 0.0 0.00013456413846679803 1.555773880470039e-5 -0.002273960942912741],[3.3709368351465234e-19 0.0 0.0 0.0; 0.0 0.020128268992498508 -0.00010050485539330595 0.00020800108490713176; 0.0 -0.00010050485539330285 0.02004472820213267 -5.855422975051032e-5; 0.0 0.00020800108490712398 -5.855422975050845e-5 0.02037600454290647],[7.620329733070141e-19 0.0 0.0 0.0; 0.0 -0.0017046697807582667 4.849604747177215e-6 -3.880625792317299e-5; 0.0 4.849604747176677e-6 -0.0016480204444987293 1.0886627298256082e-5; 0.0 -3.8806257923174606e-5 1.0886627298256326e-5 -0.001720160557375501]
