L,J,Q,θ,μ,ϕx,ϕy,ϕz,ndims,T,Λ,χ_dwave,dχdlogT_dwave,χ_pwave,dχdlogT_pwave
23,0.1,0.6180339887498949,0.4487989505128276,0.75,1.3595744307236286,1.6230091281990537,3.234476175330475,3,0.0027825594022071257,0.3,[0.7496960936423753 0.0 0.0 0.0; 0.0 0.23113381579310951 -0.10658122509480109 -0.0958301343476936; 0.0 -0.10658122509480342 0.2319514753261236 -0.09247870451590672; 0.0 -0.09583013434769633 -0.09247870451590594 0.22215222872552198],[-0.17356959962328744 0.0 0.0 0.0; 0.0 -0.015989671267113953 0.007183748291967555 0.004304390314625191; 0.0 0.007183748291967592 -0.016196448910716758 0.0009089696244179385; 0.0 0.00430439031462496 0.0009089696244179182 -0.014556709016541812],[1.4500200162720803e-18 0.0 0.0 0.0; 0.0 0.30977867424168515 0.0014392345442373426 -0.00559650390461814; 0.0 0.0014392345442375742 0.30849758488890183 -0.03159767727903283; 0.0 -0.0055965039046181305 -0.03159767727903035 0.33143636947970695],[5.783413283688353e-18 0.0 0.0 0.0; 0.0 -0.019752107806780342 -0.0003631960708280448 0.0005184945273911794; 0.0 -0.0003631960708280401 -0.020949186817187576 0.010912254705654647; 0.0 0.0005184945273911716 0.010912254705654835 -0.03235690431325359]
