L,J,Q,θ,μ,ϕx,ϕy,ϕz,ndims,T,Λ,χ_dwave,dχdlogT_dwave,χ_pwave,dχdlogT_pwave
23,0.9,0.6180339887498949,0.4487989505128276,0.75,1.443832753770895,3.6578363068123374,5.416836448526887,3,0.0016681005372000592,0.3,[0.6791605548700221 0.0 0.0 0.0; 0.0 0.02262182732408806 -0.00517760857254199 -0.005173370307382334; 0.0 -0.005177608572541964 0.022671329663213623 -0.005114569380275427; 0.0 -0.005173370307382198 -0.005114569380275374 0.02298580280070194],[-0.12257242094540445 0.0 0.0 0.0; 0.0 -0.000604659954895288 -0.0006304267161213039 -0.000730636660069208; 0.0 -0.0006304267161213354 -0.0005658087146175776 -0.0007017454302107524; 0.0 -0.0007306366600692368 -0.0007017454302107708 -0.0007896625908842674],[-4.131693431757111e-18 0.0 0.0 0.0; 0.0 0.02288783509061871 -0.00015717986506060826 -0.00027119132350825057; 0.0 -0.000157179865060599 0.022805836539282816 6.458542180795352e-5; 0.0 -0.0002711913235082425 6.458542180795257e-5 0.022929985355516574],[5.450626993625187e-18 0.0 0.0 0.0; 0.0 1.3968588796558294e-5 2.60280533347009e-5 2.7188987600680924e-5; 0.0 2.6028053334701295e-5 2.8927043720016095e-5 2.3453162572481885e-5; 0.0 2.7188987600679304e-5 2.3453162572481675e-5 5.713638043810288e-7]
