L,J,Q,θ,μ,ϕx,ϕy,ϕz,ndims,T,Λ,χ_dwave,dχdlogT_dwave,χ_pwave,dχdlogT_pwave
23,1.25,0.6180339887498949,0.4487989505128276,0.75,2.810390175230641,1.0772819831490281,3.680682016823238,3,0.01291549665014884,0.3,[0.39008422612764393 0.0 0.0 0.0; 0.0 0.012933110797909046 -0.003733253363453535 -0.003968106751893607; 0.0 -0.0037332533634535313 0.012939795846142545 -0.00391296918925631; 0.0 -0.0039681067518935595 -0.0039129691892565285 0.013228936781095364],[-0.11867512672418781 0.0 0.0 0.0; 0.0 -0.000508696961117125 -0.0003153417167216832 -0.0002671421557965048; 0.0 -0.00031534171672168977 -0.0005236304219501009 -0.0003107983856077241; 0.0 -0.0002671421557964916 -0.0003107983856077513 -0.0005107172632680539],[3.5096655709283465e-18 0.0 0.0 0.0; 0.0 0.01238448453224097 -3.6427765090921236e-5 -7.597107717209946e-5; 0.0 -3.642776509092022e-5 0.012124217016309743 2.8525695471940585e-7; 0.0 -7.597107717210022e-5 2.852569547199707e-7 0.012484797324398306],[-1.1758048707032997e-18 0.0 0.0 0.0; 0.0 -8.661940179714408e-5 8.060961363575848e-6 2.0733405482965793e-5; 0.0 8.060961363576056e-6 -5.669405431213497e-5 6.923408745095563e-6; 0.0 2.073340548296638e-5 6.923408745095479e-6 -7.77595134686944e-5]
