L,J,Q,θ,μ,ϕx,ϕy,ϕz,ndims,T,Λ,χ_dwave,dχdlogT_dwave,χ_pwave,dχdlogT_pwave
23,0.25,0.6180339887498949,0.4487989505128276,0.75,1.844230068945385,1.1274623114571236,4.291057478636419,3,0.0016681005372000592,0.3,[0.7467382844162866 0.0 0.0 0.0; 0.0 0.12306769003199629 -0.04957336069161602 -0.04693426665973535; 0.0 -0.04957336069161677 0.1259738208261294 -0.04888609909646537; 0.0 -0.046934266659736566 -0.04888609909646473 0.12485131931505074],[-0.14117072054147853 0.0 0.0 0.0; 0.0 -0.0018505675226607261 -0.0012608835423063684 -0.0013566294517701196; 0.0 -0.0012608835423064172 -0.002227711444386844 -0.0017260226776587438; 0.0 -0.0013566294517701545 -0.0017260226776588037 -0.00266288329659088],[7.075186999915882e-18 0.0 0.0 0.0; 0.0 0.15461081580980238 -0.0034435472680132235 -0.017996192594802077; 0.0 -0.0034435472680133064 0.15368511757915512 0.004121589651750431; 0.0 -0.01799619259480249 0.00412158965175013 0.15544411561266727],[-4.1987312645155534e-19 0.0 0.0 0.0; 0.0 -0.00047990407686009074 -0.00021916288827612433 0.00012433501459583498; 0.0 -0.0002191628882761091 -0.00018387847808104858 5.5556833117824316e-5; 0.0 0.00012433501459583595 5.555683311782461e-5 -0.00041550493022237913]
