L,J,Q,θ,μ,ϕx,ϕy,ϕz,ndims,T,Λ,χ_dwave,dχdlogT_dwave,χ_pwave,dχdlogT_pwave
23,0.2,0.6180339887498949,0.4487989505128276,0.75,5.108608070790224,2.6269203188545354,3.014007765852682,3,2.154434690031884,0.3,[0.009799173119407704 0.0 0.0 0.0; 0.0 0.003547567164844225 -0.0016015206775715526 -0.0015588765347476351; 0.0 -0.0016015206775715591 0.003545252673133995 -0.001550075168213626; 0.0 -0.0015588765347477056 -0.0015500751682135815 0.0035108585732517386],[-0.009788945027880469 0.0 0.0 0.0; 0.0 -0.0035434365806731685 0.0015995031851382493 0.0015571934843095516; 0.0 0.001599503185138299 -0.0035411466094650602 0.0015484201189895535; 0.0 0.001557193484309438 0.001548420118989516 -0.0035070687751843207],[-6.776075878130582e-20 0.0 0.0 0.0; 0.0 0.004488369358610654 4.736273115416362e-5 2.190645109052706e-5; 0.0 4.736273115415049e-5 0.004494308785845302 -7.227045401245032e-7; 0.0 2.1906451090528442e-5 -7.227045401251868e-7 0.004531830300051315],[6.774978283571678e-20 0.0 0.0 0.0; 0.0 -0.004483605463339615 -4.674381809045388e-5 -2.1744265732623044e-5; 0.0 -4.6743818090434415e-5 -0.004489533191834555 7.580525785769493e-7; 0.0 -2.174426573262459e-5 7.580525785773787e-7 -0.004526728807172366]
