L,J,Q,θ,μ,ϕx,ϕy,ϕz,ndims,T,Λ,χ_dwave,dχdlogT_dwave,χ_pwave,dχdlogT_pwave
23,0.65,0.6180339887498949,0.4487989505128276,0.75,1.844230068945385,1.1274623114571236,4.291057478636419,3,0.004641588833612777,0.3,[0.5769000427230555 0.0 0.0 0.0; 0.0 0.036142142168780624 -0.01137960086063627 -0.011165962201165034; 0.0 -0.011379600860636342 0.03600971436623499 -0.0108155921705458; 0.0 -0.01116596220116532 -0.010815592170545535 0.035897791446429565],[-0.13165450135643347 0.0 0.0 0.0; 0.0 -0.0008689563381932358 -0.0009427094815260648 -0.0009282507038312922; 0.0 -0.0009427094815259895 -0.0010003695102117362 -0.0010184143761776754; 0.0 -0.0009282507038313176 -0.0010184143761777407 -0.0010494464129730309],[3.3019596023405974e-19 0.0 0.0 0.0; 0.0 0.04056063840428396 -0.000155505365954094 -0.0002467051907800108; 0.0 -0.00015550536595408665 0.04016181130822927 0.00027027608817349694; 0.0 -0.0002467051907800452 0.000270276088173518 0.040628068944914504],[-3.502396084268861e-18 0.0 0.0 0.0; 0.0 -1.6025233937402195e-5 6.670348413212569e-6 -3.1985654349132034e-5; 0.0 6.670348413212389e-6 4.729241564643707e-6 -6.272082649620394e-5; 0.0 -3.198565434913298e-5 -6.272082649620563e-5 -2.0349861116322597e-5]
