L,J,Q,θ,μ,ϕx,ϕy,ϕz,ndims,T,Λ,χ_dwave,dχdlogT_dwave,χ_pwave,dχdlogT_pwave
23,1.2,0.6180339887498949,0.4487989505128276,0.75,5.2759666248411525,5.216572709691631,2.2183578985492427,3,0.01291549665014884,0.3,[0.39661505318006524 0.0 0.0 0.0; 0.0 0.01454753256374626 -0.00409906258104178 -0.003921610218089642; 0.0 -0.004099062581041831 0.014374444395718406 -0.004183070265183849; 0.0 -0.003921610218089639 -0.004183070265183761 0.013858671313041587],[-0.12037745366301261 0.0 0.0 0.0; 0.0 -0.000672959707887771 -0.00040414984999846893 -0.0003942205777828436; 0.0 -0.00040414984999845934 -0.0005590749852734233 -0.0003684613373839744; 0.0 -0.00039422057778283566 -0.0003684613373839851 -0.0005650686775757551],[3.63808473722541e-18 0.0 0.0 0.0; 0.0 0.013982495071349726 0.00013709185790345592 -8.288338371445061e-5; 0.0 0.00013709185790345226 0.01392388338360787 -0.00012095679249910363; 0.0 -8.288338371445019e-5 -0.00012095679249910871 0.013486153814698063],[-4.4082320329852026e-18 0.0 0.0 0.0; 0.0 -0.00012938428871808253 -5.037749772832607e-6 2.6747027752048515e-6; 0.0 -5.037749772833268e-6 -7.588111165258612e-5 -5.8580256684387826e-6; 0.0 2.6747027752052335e-6 -5.858025668438493e-6 -9.985862024993974e-5]
