L,J,Q,θ,μ,ϕx,ϕy,ϕz,ndims,T,Λ,χ_dwave,dχdlogT_dwave,χ_pwave,dχdlogT_pwave
23,0.15,0.6180339887498949,0.4487989505128276,0.75,2.810390175230641,1.0772819831490281,3.680682016823238,3,0.004641588833612777,0.3,[0.5927379545809635 0.0 0.0 0.0; 0.0 0.17459961401668417 -0.07895371235662384 -0.07220916702956438; 0.0 -0.07895371235662209 0.1799442569571405 -0.07485243909760358; 0.0 -0.07220916702956331 -0.07485243909760622 0.17105936275524147],[-0.13298690668679333 0.0 0.0 0.0; 0.0 -0.011544751022146412 0.0033797073151279416 0.003226395260424921; 0.0 0.0033797073151279303 -0.013592374357308729 0.0033788972675006623; 0.0 0.0032263952604248626 0.0033788972675006163 -0.01110040857900959],[-7.87052344522962e-19 0.0 0.0 0.0; 0.0 0.23188336247362215 -0.014033533479871813 -0.010487140110315906; 0.0 -0.014033533479871569 0.2203938569553059 -5.481587766724636e-5; 0.0 -0.0104871401103158 -5.481587766736932e-5 0.23120179411595776],[-2.601376927534426e-18 0.0 0.0 0.0; 0.0 -0.01930096929405017 0.0018698383419169283 0.003264649810351285; 0.0 0.0018698383419169318 -0.012703396734978487 0.0010683844487769825; 0.0 0.0032646498103512224 0.0010683844487769558 -0.015196166634526505]
