L,J,Q,θ,μ,ϕx,ϕy,ϕz,ndims,T,Λ,χ_dwave,dχdlogT_dwave,χ_pwave,dχdlogT_pwave
23,0.8,0.6180339887498949,0.4487989505128276,0.75,2.810390175230641,1.0772819831490281,3.680682016823238,3,0.004641588833612777,0.3,[0.5666988680550481 0.0 0.0 0.0; 0.0 0.026360377183252057 -0.007569816726491816 -0.007722230307867685; 0.0 -0.007569816726491885 0.026138199114432454 -0.007631222708771186; 0.0 -0.007722230307867408 -0.00763122270877133 0.026471728485912362],[-0.13451775806694863 0.0 0.0 0.0; 0.0 -0.0008869823299300517 -0.0007630637215237625 -0.0007736859789097592; 0.0 -0.0007630637215237711 -0.0007880693023940145 -0.000717789602067171; 0.0 -0.000773685978909772 -0.000717789602067217 -0.0008424746945122408],[5.234031690857452e-18 0.0 0.0 0.0; 0.0 0.028374852219772415 -0.00010346262848571396 -1.8394616120528647e-5; 0.0 -0.0001034626284857156 0.0286030863430755 0.00016060740176733143; 0.0 -1.8394616120528847e-5 0.00016060740176733525 0.028447509564692598],[-1.916067226166779e-18 0.0 0.0 0.0; 0.0 -2.3233282137726352e-5 3.0164239020625603e-5 6.676625333286598e-6; 0.0 3.0164239020624807e-5 -0.00010345703405883711 -2.204406466464577e-5; 0.0 6.676625333286332e-6 -2.2044064664645997e-5 -4.744421117357153e-5]
