L,J,Q,θ,μ,ϕx,ϕy,ϕz,ndims,T,Λ,χ_dwave,dχdlogT_dwave,χ_pwave,dχdlogT_pwave
23,1.2,0.6180339887498949,0.4487989505128276,0.75,1.844230068945385,1.1274623114571236,4.291057478636419,3,0.03593813663804628,0.3,[0.274753219019738 0.0 0.0 0.0; 0.0 0.013280570073726993 -0.004511652805603949 -0.004388740763619903; 0.0 -0.004511652805604251 0.013458084835289411 -0.0047718419055201786; 0.0 -0.004388740763619822 -0.004771841905520123 0.013435184511571467],[-0.12180720307144235 0.0 0.0 0.0; 0.0 -0.0015180393092642172 0.00010286599127982935 4.566111753794783e-5; 0.0 0.0001028659912798392 -0.001467725990025265 0.00010995534061423594; 0.0 4.56611175379458e-5 0.00010995534061423448 -0.0014665130384523004],[-3.83096600267513e-19 0.0 0.0 0.0; 0.0 0.013519057297513919 3.5465399709109554e-5 -0.00011312585597418819; 0.0 3.5465399709111296e-5 0.013463039437586585 -7.523030217533415e-5; 0.0 -0.00011312585597419322 -7.523030217533809e-5 0.01374262628095122],[-3.5519515872538924e-19 0.0 0.0 0.0; 0.0 -0.001003938528327731 -4.466724649492892e-7 5.9863520685559474e-5; 0.0 -4.4667246494973644e-7 -0.0009737906309009307 7.827689763399018e-6; 0.0 5.986352068555979e-5 7.827689763399092e-6 -0.0010078058364253292]
