L,J,Q,θ,μ,ϕx,ϕy,ϕz,ndims,T,Λ,χ_dwave,dχdlogT_dwave,χ_pwave,dχdlogT_pwave
23,0.95,0.6180339887498949,0.4487989505128276,0.75,4.108575757591687,4.541751602016311,2.0408036799157285,3,0.021544346900318832,0.3,[0.3517422678776711 0.0 0.0 0.0; 0.0 0.01937231610346368 -0.006177739824211583 -0.006244721980277891; 0.0 -0.006177739824211776 0.019358043121007494 -0.006057650781373523; 0.0 -0.006244721980277967 -0.006057650781373916 0.01904846283992271],[-0.1274081223648269 0.0 0.0 0.0; 0.0 -0.0012861141427194084 -0.00038262544550151826 -0.0003948600310205055; 0.0 -0.00038262544550149734 -0.0013095289140906943 -0.00040148447024810973; 0.0 -0.00039486003102050943 -0.0004014844702481069 -0.0012236914412631246],[1.1813125210838314e-18 0.0 0.0 0.0; 0.0 0.020407652344620535 -0.00011339791748577287 -0.00010881176521871566; 0.0 -0.00011339791748577342 0.020753145811889393 8.054132708656401e-5; 0.0 -0.00010881176521871858 8.054132708655963e-5 0.02042348681814288],[-1.499218439660942e-18 0.0 0.0 0.0; 0.0 -0.000574311938905591 2.5407384404604287e-5 -2.9535066807911143e-5; 0.0 2.540738440460325e-5 -0.0006006261816794695 -1.1429080484627384e-5; 0.0 -2.9535066807909246e-5 -1.1429080484626695e-5 -0.0005584343101068512]
