L,J,Q,θ,μ,ϕx,ϕy,ϕz,ndims,T,Λ,χ_dwave,dχdlogT_dwave,χ_pwave,dχdlogT_pwave
23,0.55,0.6180339887498949,0.4487989505128276,0.75,2.35825522373343,3.5083950570734084,5.211373871453545,3,0.007742636826811269,0.3,[0.5146839974223332 0.0 0.0 0.0; 0.0 0.045457748771493056 -0.01583024583921235 -0.015929734042337974; 0.0 -0.015830245839212817 0.045083091072677536 -0.01599644755890571; 0.0 -0.0159297340423384 -0.015996447558905072 0.045340053491424614],[-0.13473193184551815 0.0 0.0 0.0; 0.0 -0.001410749670720826 -0.0009304382663304221 -0.001005650123017679; 0.0 -0.0009304382663304186 -0.0013712745047684681 -0.0008640862942863598; 0.0 -0.0010056501230176148 -0.000864086294286368 -0.00139113233952134],[2.311728163524659e-18 0.0 0.0 0.0; 0.0 0.05325641985821211 -0.0007638585771861026 0.00043612164119766303; 0.0 -0.0007638585771861737 0.05309335609549496 -0.00029471550497208414; 0.0 0.0004361216411977019 -0.00029471550497207904 0.053456074642082706],[-2.1715779343478947e-18 0.0 0.0 0.0; 0.0 -0.00039935758969437014 -2.8840714078700482e-5 -6.574675375957672e-5; 0.0 -2.88407140786995e-5 -0.00044277421642078125 2.039106317512383e-5; 0.0 -6.574675375958176e-5 2.0391063175122355e-5 -0.00038559265046376855]
