L,J,Q,θ,μ,ϕx,ϕy,ϕz,ndims,T,Λ,χ_dwave,dχdlogT_dwave,χ_pwave,dχdlogT_pwave
23,0.0,0.6180339887498949,0.4487989505128276,0.75,3.7152326662553454,5.721680001447781,0.41513891803668856,3,0.021544346900318832,0.3,[0.3983687401707427 0.0 0.0 0.0; 0.0 0.17058089813500943 -0.07797163551719605 -0.07336666831814338; 0.0 -0.07797163551719606 0.17610604657809595 -0.08076370990453641; 0.0 -0.07336666831814338 -0.08076370990453637 0.17321844212502444],[-0.14917330001882634 0.0 0.0 0.0; 0.0 -0.05946551564140703 0.028268927473864953 0.023520542701745986; 0.0 0.028268927473864964 -0.06670729226842367 0.03279293561961763; 0.0 0.023520542701745972 0.032792935619617616 -0.06363758932082411],[6.619273565859052e-41 0.0 0.0 0.0; 0.0 0.2277878420357329 -0.004612473697020975 0.0019941242588814682; 0.0 -0.004612473697020972 0.2222626935926468 -4.796105413651503e-5; 0.0 0.0019941242588814682 -4.7961054136517084e-5 0.22515029804571793],[3.7564223121135735e-41 0.0 0.0 0.0; 0.0 -0.08970778437741961 0.013963973093579723 -0.00389661155069351; 0.0 0.013963973093579723 -0.08246600775040312 -0.000775510029895439; 0.0 -0.0038966115506935115 -0.0007755100298954377 -0.08553571069800268]
