L,J,Q,θ,μ,ϕx,ϕy,ϕz,ndims,T,Λ,χ_dwave,dχdlogT_dwave,χ_pwave,dχdlogT_pwave
23,0.5,0.6180339887498949,0.4487989505128276,0.75,1.443832753770895,3.6578363068123374,5.416836448526887,3,0.03593813663804628,0.3,[0.30972308001892507 0.0 0.0 0.0; 0.0 0.046094598544080545 -0.018529805530109942 -0.018649774110150185; 0.0 -0.018529805530109526 0.04627571442408555 -0.01864994761695912; 0.0 -0.01864977411015038 -0.018649947616958457 0.046273982508263874],[-0.13793758964911426 0.0 0.0 0.0; 0.0 -0.008013902097111128 0.0021830940721688924 0.0021848798656119617; 0.0 0.0021830940721687103 -0.008125222844060382 0.002164833161387207; 0.0 0.002184879865612123 0.0021648331613871186 -0.008055524082505035],[-2.175112032027932e-18 0.0 0.0 0.0; 0.0 0.056758736372713815 -0.0002575724109428073 -0.0012312709260218113; 0.0 -0.00025757241094282634 0.057156424170538164 4.753486430858936e-5; 0.0 -0.0012312709260216771 4.753486430858116e-5 0.057131862478768294],[1.6738159959824832e-18 0.0 0.0 0.0; 0.0 -0.008635604388130927 0.00018529875418347817 0.0006791034170551989; 0.0 0.0001852987541834782 -0.008845222005941211 0.0001027338673257949; 0.0 0.0006791034170552478 0.00010273386732579812 -0.00869959549151009]
