L,J,Q,θ,μ,ϕx,ϕy,ϕz,ndims,T,Λ,χ_dwave,dχdlogT_dwave,χ_pwave,dχdlogT_pwave
23,0.7,0.6180339887498949,0.4487989505128276,0.75,2.0229416505316715,5.371743502297404,0.6056970094929207,3,0.001,0.3,[0.7783690625984562 0.0 0.0 0.0; 0.0 0.033533800532229464 -0.008170816116096848 -0.008132340868353148; 0.0 -0.008170816116096996 0.03365594442279516 -0.007821857363008727; 0.0 -0.008132340868352881 -0.007821857363009143 0.03326332649779684],[-0.12529066697134286 0.0 0.0 0.0; 0.0 -0.0007740865679656239 -0.0009283932410554247 -0.0009028395793924706; 0.0 -0.0009283932410554416 -0.0008343561116269778 -0.0009211528531875748; 0.0 -0.0009028395793924687 -0.0009211528531875737 -0.0007930437528329727],[1.3090817088237832e-17 0.0 0.0 0.0; 0.0 0.03586182978457385 0.00010013121974348882 -0.0001383597545039117; 0.0 0.00010013121974349778 0.03517367421331762 -0.00011709490822694667; 0.0 -0.00013835975450391248 -0.00011709490822694569 0.03577723124727792],[-6.467313300069179e-18 0.0 0.0 0.0; 0.0 4.943514241502193e-5 1.417305490612533e-5 -3.665256071924182e-6; 0.0 1.4173054906124851e-5 8.196980648023786e-6 -8.931846540920896e-6; 0.0 -3.665256071924501e-6 -8.9318465409205e-6 0.00010492747734761125]
