L,J,Q,θ,μ,ϕx,ϕy,ϕz,ndims,T,Λ,χ_dwave,dχdlogT_dwave,χ_pwave,dχdlogT_pwave
23,0.3,0.6180339887498949,0.4487989505128276,0.75,3.7152326662553454,5.721680001447781,0.41513891803668856,3,0.01291549665014884,0.3,[0.4842527002433638 0.0 0.0 0.0; 0.0 0.09400259655279831 -0.040934097272668675 -0.03694579727925002; 0.0 -0.04093409727266927 0.09984112619548702 -0.040721559534166736; 0.0 -0.0369457972792482 -0.040721559534165105 0.09404922011798784],[-0.15773138630343705 0.0 0.0 0.0; 0.0 -0.00681347306202715 0.0014008926515443338 0.000574124365739271; 0.0 0.0014008926515442772 -0.008960879362361696 0.0013369158188851645; 0.0 0.0005741243657392471 0.0013369158188852857 -0.006833299684258617],[4.2547230538525285e-18 0.0 0.0 0.0; 0.0 0.12917536468001423 0.0028620042161126525 -0.0015107434788966694; 0.0 0.0028620042161125454 0.12389049304373595 0.0007414275938019395; 0.0 -0.0015107434788966705 0.0007414275938019527 0.12853499590456835],[-1.9276857235146324e-18 0.0 0.0 0.0; 0.0 -0.009380810437405976 -0.0009421042774791443 0.0005268867138289453; 0.0 -0.0009421042774791935 -0.007845773400334159 -0.00013899566717136353; 0.0 0.0005268867138289542 -0.0001389956671713543 -0.009066206237192015]
