L,J,Q,θ,μ,ϕx,ϕy,ϕz,ndims,T,Λ,χ_dwave,dχdlogT_dwave,χ_pwave,dχdlogT_pwave
23,1.25,0.6180339887498949,0.4487989505128276,0.75,1.7147032833659617,1.1033524487318418,0.8149814849990139,3,0.007742636826811269,0.3,[0.4532015335348262 0.0 0.0 0.0; 0.0 0.013082126196216006 -0.003798044402639304 -0.0036357129252478043; 0.0 -0.0037980444026393585 0.013576637737269585 -0.0036842133805742487; 0.0 -0.003635712925247839 -0.003684213380574208 0.012739308594366769],[-0.12108942768958632 0.0 0.0 0.0; 0.0 -0.0004312316541009284 -0.0003322577290897047 -0.0003026012039442315; 0.0 -0.0003322577290897177 -0.0004689062492858341 -0.00032078377468119825; 0.0 -0.00030260120394422186 -0.0003207837746811838 -0.0003897210730743121],[-6.059744823404984e-19 0.0 0.0 0.0; 0.0 0.012420856666945326 4.4648394930198485e-5 1.1963093549571427e-5; 0.0 4.4648394930199624e-5 0.012753700378751143 0.0002207716183581069; 0.0 1.1963093549571314e-5 0.0002207716183581088 0.012476701684158417],[7.825090355327388e-20 0.0 0.0 0.0; 0.0 -5.696755631711627e-5 -1.650346625791351e-5 -2.760465549898789e-6; 0.0 -1.6503466257912485e-5 -4.7686237869606245e-5 -2.547863978455662e-5; 0.0 -2.7604655498988425e-6 -2.547863978455687e-5 -3.8883575537081366e-5]
