L,J,Q,θ,μ,ϕx,ϕy,ϕz,ndims,T,Λ,χ_dwave,dχdlogT_dwave,χ_pwave,dχdlogT_pwave
23,0.95,0.6180339887498949,0.4487989505128276,0.75,1.844230068945385,1.1274623114571236,4.291057478636419,3,0.03593813663804628,0.3,[0.2860721988216756 0.0 0.0 0.0; 0.0 0.018296260135994877 -0.006476620963980743 -0.006448528718151311; 0.0 -0.006476620963980887 0.01845681023241508 -0.006200250691026448; 0.0 -0.0064485287181512375 -0.006200250691026104 0.01818487223154059],[-0.12688497739848992 0.0 0.0 0.0; 0.0 -0.0021620878403465684 0.00013791347167369615 0.00011207775487037952; 0.0 0.00013791347167368026 -0.0022435721826927573 7.223609279556782e-5; 0.0 0.00011207775487036667 7.223609279555637e-5 -0.0021617466041863316],[-1.4016706665357399e-18 0.0 0.0 0.0; 0.0 0.019692781684089757 7.102911999974116e-5 6.977817724428404e-5; 0.0 7.102911999974044e-5 0.02016923799298848 -0.00013729027044630466; 0.0 6.977817724428318e-5 -0.00013729027044630596 0.020277781022109174],[1.0029593128153657e-18 0.0 0.0 0.0; 0.0 -0.0016353753754939997 9.403582257423275e-6 -6.330569633126322e-6; 0.0 9.403582257423963e-6 -0.0016459707652816602 2.680458777576243e-5; 0.0 -6.3305696331266326e-6 2.6804587775761547e-5 -0.0016714389828080328]
