L,J,Q,θ,μ,ϕx,ϕy,ϕz,ndims,T,Λ,χ_dwave,dχdlogT_dwave,χ_pwave,dχdlogT_pwave
23,1.05,0.6180339887498949,0.4487989505128276,0.75,5.106330914882206,0.20684903641207408,4.563814702367097,3,0.004641588833612777,0.3,[0.5369525830684792 0.0 0.0 0.0; 0.0 0.0173774014217131 -0.004685326397496081 -0.004731499192994787; 0.0 -0.004685326397495899 0.017338684896526832 -0.0046109820861642906; 0.0 -0.004731499192994798 -0.0046109820861642125 0.016823517515691624],[-0.12361443581791345 0.0 0.0 0.0; 0.0 -0.0005334155802698399 -0.000506035515135035 -0.0004733207792736632; 0.0 -0.0005060355151351082 -0.0005324742497547749 -0.00046106439802969115; 0.0 -0.0004733207792736863 -0.00046106439802969093 -0.00036541385225999],[-7.590281095067557e-18 0.0 0.0 0.0; 0.0 0.017323148072296575 7.291313779173021e-5 5.6933365485808154e-5; 0.0 7.291313779173112e-5 0.017221141690171346 -0.00013633470056001018; 0.0 5.693336548580974e-5 -0.00013633470056001167 0.017259136553229585],[1.2502541384269157e-18 0.0 0.0 0.0; 0.0 -1.8050593274790902e-5 4.7740500138771064e-6 2.3958613249279384e-5; 0.0 4.774050013877092e-6 -8.637944645067444e-7 -1.3755737748929753e-5; 0.0 2.3958613249279303e-5 -1.3755737748929758e-5 1.0077628455194746e-6]
