L,J,Q,θ,μ,ϕx,ϕy,ϕz,ndims,T,Λ,χ_dwave,dχdlogT_dwave,χ_pwave,dχdlogT_pwave
23,0.15,0.6180339887498949,0.4487989505128276,0.75,1.443832753770895,3.6578363068123374,5.416836448526887,3,0.001,0.3,[0.8231918786605597 0.0 0.0 0.0; 0.0 0.1844749145872709 -0.07366169903864357 -0.07973884696662581; 0.0 -0.07366169903864793 0.1820414267909715 -0.07257686481585529; 0.0 -0.07973884696662874 -0.0725768648158518 0.18614849964392807],[-0.1424023916986834 0.0 0.0 0.0; 0.0 -0.0021239096103724884 -0.0014631317725588401 -0.0013291220659648589; 0.0 -0.0014631317725588284 -0.002748866853391266 -0.0021933537361295617; 0.0 -0.0013291220659649326 -0.002193353736129554 -0.002310874381548008],[-1.7634822481873382e-17 0.0 0.0 0.0; 0.0 0.23699216720134234 -0.020925769867690784 -0.01935868672438656; 0.0 -0.020925769867690278 0.2476325642207408 0.013039574671232904; 0.0 -0.019358686724385916 0.013039574671233057 0.23264103462131125],[1.2198812425281555e-17 0.0 0.0 0.0; 0.0 -0.0012638629351270812 -7.18581572081747e-5 0.0001747593522986399; 0.0 -7.185815720817607e-5 -0.005082525880123111 -0.000959526777830052; 0.0 0.0001747593522986388 -0.0009595267778300707 -0.0013490079492635915]
