L,J,Q,θ,μ,ϕx,ϕy,ϕz,ndims,T,Λ,χ_dwave,dχdlogT_dwave,χ_pwave,dχdlogT_pwave
23,0.65,0.6180339887498949,0.4487989505128276,0.75,5.2759666248411525,5.216572709691631,2.2183578985492427,3,0.05994842503189409,0.3,[0.2347221494918449 0.0 0.0 0.0; 0.0 0.02893136613895011 -0.011325057492161967 -0.011378857011951227; 0.0 -0.01132505749216198 0.028226759395133895 -0.010931384311138876; 0.0 -0.011378857011951052 -0.010931384311138973 0.02821915535691413],[-0.13323037792965972 0.0 0.0 0.0; 0.0 -0.008627993734018445 0.0027000930344931915 0.002756195205794029; 0.0 0.002700093034493249 -0.008359183060780793 0.0025727423900657816; 0.0 0.002756195205794026 0.0025727423900656996 -0.008363299604779897],[1.265203227156602e-18 0.0 0.0 0.0; 0.0 0.03524784782060887 5.5372440241257875e-5 -4.599892859759864e-5; 0.0 5.537244024126173e-5 0.034124150923245736 -4.40259139030837e-6; 0.0 -4.59989285975812e-5 -4.402591390307103e-6 0.03410027519381403],[-9.069257876761042e-19 0.0 0.0 0.0; 0.0 -0.009779681456525533 -1.3325379032294612e-5 4.004501946169492e-5; 0.0 -1.3325379032293167e-5 -0.00923018152744048 -4.597310910305434e-6; 0.0 4.004501946171802e-5 -4.59731091030427e-6 -0.009251064055848388]
