L,J,Q,θ,μ,ϕx,ϕy,ϕz,ndims,T,Λ,χ_dwave,dχdlogT_dwave,χ_pwave,dχdlogT_pwave
23,0.7,0.6180339887498949,0.4487989505128276,0.75,2.0229416505316715,5.371743502297404,0.6056970094929207,3,0.05994842503189409,0.3,[0.23341945428522834 0.0 0.0 0.0; 0.0 0.026063172115880946 -0.010304722952617558 -0.010037926846229572; 0.0 -0.010304722952616965 0.026291297266450856 -0.01016546855713717; 0.0 -0.010037926846229329 -0.010165468557136709 0.026117459337981937],[-0.13262215659278784 0.0 0.0 0.0; 0.0 -0.007575439476633867 0.002380806895740067 0.002259204223806005; 0.0 0.0023808068957398808 -0.007683553479869891 0.0023090021261468244; 0.0 0.002259204223806159 0.0023090021261468335 -0.007571299932189628],[1.1404451309516212e-18 0.0 0.0 0.0; 0.0 0.03085594475428366 2.7411367517920006e-5 -0.0002821732215082941; 0.0 2.74113675179144e-5 0.03102188866573682 -2.7733199987627658e-5; 0.0 -0.00028217322150829064 -2.7733199987627645e-5 0.03139756429683098],[-5.105655950160757e-19 0.0 0.0 0.0; 0.0 -0.008120995915847128 -1.0722327501869745e-5 0.00011162293279952708; 0.0 -1.0722327501869821e-5 -0.008142818893428914 4.9781496768529825e-5; 0.0 0.00011162293279952558 4.978149676853936e-5 -0.008351894690969721]
