L,J,Q,θ,μ,ϕx,ϕy,ϕz,ndims,T,Λ,χ_dwave,dχdlogT_dwave,χ_pwave,dχdlogT_pwave
23,0.85,0.6180339887498949,0.4487989505128276,0.75,2.35825522373343,3.5083950570734084,5.211373871453545,3,0.05994842503189409,0.3,[0.2260733429170003 0.0 0.0 0.0; 0.0 0.019327627111758065 -0.00722682427283444 -0.007231372390688325; 0.0 -0.007226824272834411 0.01965523011943062 -0.00736710408042121; 0.0 -0.007231372390688873 -0.0073671040804212246 0.019446405468970415],[-0.12813145905757092 0.0 0.0 0.0; 0.0 -0.005165200992822919 0.00140080213096922 0.0013922965263517563; 0.0 0.0014008021309691115 -0.005338781042690988 0.001456462297074393; 0.0 0.0013922965263517743 0.0014564622970744579 -0.005183869307292001],[1.988036957660871e-19 0.0 0.0 0.0; 0.0 0.022422761073656886 3.2618227278048475e-8 6.905969663065686e-5; 0.0 3.2618227285241585e-8 0.02287384147093446 -0.00012874472109754333; 0.0 6.905969663066262e-5 -0.00012874472109755442 0.02238382927897717],[1.3113805812135874e-19 0.0 0.0 0.0; 0.0 -0.005362351896269921 3.139783158292781e-5 -1.4147071605003323e-5; 0.0 3.1397831582931026e-5 -0.005463251635227495 5.02570083713478e-5; 0.0 -1.4147071605004392e-5 5.025700837135099e-5 -0.005262555714929556]
