L,J,Q,θ,μ,ϕx,ϕy,ϕz,ndims,T,Λ,χ_dwave,dχdlogT_dwave,χ_pwave,dχdlogT_pwave
23,0.55,0.6180339887498949,0.4487989505128276,0.75,5.108608070790224,2.6269203188545354,3.014007765852682,3,0.1,0.3,[0.17173208863129122 0.0 0.0 0.0; 0.0 0.028969479299120537 -0.012080450279866744 -0.011793009996700802; 0.0 -0.012080450279866364 0.02913926780914224 -0.012044562984590723; 0.0 -0.011793009996700778 -0.012044562984591478 0.02887044158284917],[-0.1244810027579398 0.0 0.0 0.0; 0.0 -0.016312562239085518 0.006486270443871217 0.006312478648570935; 0.0 0.006486270443871359 -0.01642602077307265 0.006464570047046955; 0.0 0.006312478648571071 0.006464570047046812 -0.016264280834861044],[-5.467326400562585e-19 0.0 0.0 0.0; 0.0 0.036230613332454586 -0.0004868687239522602 -1.7330675852642933e-5; 0.0 -0.0004868687239522961 0.03613381312623941 2.8540385115872668e-5; 0.0 -1.7330675852651132e-5 2.854038511587332e-5 0.03609416214309397],[3.4508200766582843e-19 0.0 0.0 0.0; 0.0 -0.020028312584801457 0.00048012641922353907 2.4992520843532614e-5; 0.0 0.00048012641922357555 -0.019962098238060364 -1.4889645079665809e-5; 0.0 2.499252084353902e-5 -1.4889645079664315e-5 -0.01990666470445289]
