L,J,Q,θ,μ,ϕx,ϕy,ϕz,ndims,T,Λ,χ_dwave,dχdlogT_dwave,χ_pwave,dχdlogT_pwave
23,0.2,0.6180339887498949,0.4487989505128276,0.75,1.844230068945385,1.1274623114571236,4.291057478636419,3,0.004641588833612777,0.3,[0.6048646799258625 0.0 0.0 0.0; 0.0 0.14514188351111643 -0.06332597147699283 -0.058801860524038144; 0.0 -0.0633259714769882 0.14789059999813445 -0.06167059308327805; 0.0 -0.05880186052403903 -0.06167059308327951 0.1444484791667425],[-0.13980943231856371 0.0 0.0 0.0; 0.0 -0.005987148804366126 0.00045539677162716993 0.0003528007278727461; 0.0 0.00045539677162716787 -0.0064223689508491905 0.000490913292433557; 0.0 0.0003528007278727163 0.0004909132924335132 -0.005965142815673574],[3.6857010143282586e-19 0.0 0.0 0.0; 0.0 0.18591517952474088 -0.00585103031260856 -0.023370248853969617; 0.0 -0.005851030312608489 0.18215554302835485 0.005007421515999043; 0.0 -0.02337024885396911 0.005007421515998863 0.18536228156700638],[-2.9908535018101758e-18 0.0 0.0 0.0; 0.0 -0.005642568654912107 0.000891827172086913 0.0015104265304402148; 0.0 0.0008918271720868869 -0.005903390072032895 0.00012111285728833738; 0.0 0.0015104265304401545 0.00012111285728833028 -0.0058426413904167016]
