L,J,Q,θ,μ,ϕx,ϕy,ϕz,ndims,T,Λ,χ_dwave,dχdlogT_dwave,χ_pwave,dχdlogT_pwave
23,1.15,0.6180339887498949,0.4487989505128276,0.75,1.573530448848193,4.436680002802441,0.6352908892784268,3,0.05994842503189409,0.3,[0.2131993734763768 0.0 0.0 0.0; 0.0 0.012692462924205384 -0.004474695542495381 -0.004616104440455867; 0.0 -0.004474695542495424 0.012734994231477234 -0.0045771902609567285; 0.0 -0.00461610444045615 -0.004577190260956677 0.012856154432882305],[-0.12085799386678216 0.0 0.0 0.0; 0.0 -0.003232608848217927 0.0008138900646591067 0.00086498139331378; 0.0 0.0008138900646590774 -0.0032484714264930086 0.0008358180972298637; 0.0 0.0008649813933138155 0.0008358180972298041 -0.0032950909215853034],[9.883494527841344e-19 0.0 0.0 0.0; 0.0 0.013357244241851435 9.468373892872522e-5 9.578323232757824e-6; 0.0 9.468373892872438e-5 0.01324640695612473 -8.671095409794552e-5; 0.0 9.578323232757978e-6 -8.671095409794865e-5 0.013410147522360845],[-6.710715929581253e-19 0.0 0.0 0.0; 0.0 -0.002926137455552678 -4.914550793776827e-5 -3.444974152110958e-6; 0.0 -4.9145507937770354e-5 -0.0028741029081517226 3.424155739628998e-5; 0.0 -3.4449741521109286e-6 3.4241557396291584e-5 -0.002957897551961143]
