L,J,Q,θ,μ,ϕx,ϕy,ϕz,ndims,T,Λ,χ_dwave,dχdlogT_dwave,χ_pwave,dχdlogT_pwave
23,0.7,0.6180339887498949,0.4487989505128276,0.75,0.8300692797416884,5.067530529285624,5.9941159353493925,3,0.05994842503189409,0.3,[0.23275867132581854 0.0 0.0 0.0; 0.0 0.02581370494205861 -0.010055132490978672 -0.010229249639035036; 0.0 -0.010055132490978313 0.02595102286176067 -0.010229954920489908; 0.0 -0.01022924963903528 -0.010229954920490985 0.026024690436559313],[-0.13223340150456916 0.0 0.0 0.0; 0.0 -0.0074554635293740505 0.002274387457917785 0.0023678992025897056; 0.0 0.0022743874579179 -0.007468655628046246 0.002335126188699969; 0.0 0.002367899202589455 0.00233512618870001 -0.0074901060517999106],[-3.907587761006804e-19 0.0 0.0 0.0; 0.0 0.031186415628524557 0.0003104485861310913 0.00010683574374612738; 0.0 0.00031044858613109993 0.031097377646457335 4.260133165255686e-5; 0.0 0.0001068357437461292 4.260133165255727e-5 0.03143097288459967],[4.0557011954951274e-19 0.0 0.0 0.0; 0.0 -0.008208895559386907 -0.00013142429232519388 -2.1633473641339824e-6; 0.0 -0.0001314242923251948 -0.00821600659259069 -1.2520988902875336e-5; 0.0 -2.1633473641342238e-6 -1.2520988902877375e-5 -0.008326970427876331]
