L,J,Q,θ,μ,ϕx,ϕy,ϕz,ndims,T,Λ,χ_dwave,dχdlogT_dwave,χ_pwave,dχdlogT_pwave
23,0.9,0.6180339887498949,0.4487989505128276,0.75,2.35825522373343,3.5083950570734084,5.211373871453545,3,0.007742636826811269,0.3,[0.4888036951647019 0.0 0.0 0.0; 0.0 0.022054045696912574 -0.006521987858978808 -0.006464100358748564; 0.0 -0.006521987858979022 0.022426343820042244 -0.006428565702546353; 0.0 -0.006464100358748701 -0.006428565702546479 0.021890984926339837],[-0.12812448189003992 0.0 0.0 0.0; 0.0 -0.0007368811672782017 -0.000653879593991557 -0.0006526354925527622; 0.0 -0.0006538795939915381 -0.0007721809816924804 -0.0006564021109794959; 0.0 -0.0006526354925527649 -0.0006564021109794838 -0.00071480126547683],[8.653301300505737e-19 0.0 0.0 0.0; 0.0 0.023374145156184415 8.249628193017913e-5 -9.687289368848628e-6; 0.0 8.249628193018035e-5 0.0234455327799505 -2.6425760579076498e-5; 0.0 -9.687289368846165e-6 -2.6425760579078006e-5 0.023356240766199635],[-1.9290259378130562e-19 0.0 0.0 0.0; 0.0 -6.562569225682037e-5 -8.80489734036228e-6 -1.7568756544517502e-5; 0.0 -8.804897340363027e-6 -4.363884480199866e-5 6.768351653721779e-6; 0.0 -1.756875654451703e-5 6.768351653721618e-6 -7.532681824361101e-5]
