L,J,Q,θ,μ,ϕx,ϕy,ϕz,ndims,T,Λ,χ_dwave,dχdlogT_dwave,χ_pwave,dχdlogT_pwave
23,0.95,0.6180339887498949,0.4487989505128276,0.75,1.443832753770895,3.6578363068123374,5.416836448526887,3,0.004641588833612777,0.3,[0.5456731619087785 0.0 0.0 0.0; 0.0 0.019915637657456953 -0.005463506731655466 -0.005427561334081754; 0.0 -0.005463506731655261 0.0201980456715846 -0.00528998690205131; 0.0 -0.005427561334081947 -0.0052899869020508776 0.019829478216797636],[-0.12574656546921892 0.0 0.0 0.0; 0.0 -0.0005804585710978324 -0.000582033818286382 -0.0005619895549307136; 0.0 -0.0005820338182864025 -0.0006780741253374504 -0.000600453614856983; 0.0 -0.0005619895549307035 -0.0006004536148569659 -0.0006045805063955189],[-2.1707308697756333e-19 0.0 0.0 0.0; 0.0 0.02075585232306793 0.00011303967766315226 5.087338538794851e-5; 0.0 0.00011303967766315411 0.020396900551457257 6.032261437313419e-5; 0.0 5.087338538794993e-5 6.032261437313011e-5 0.020380002117806786],[-9.965775282335611e-19 0.0 0.0 0.0; 0.0 -2.3522720602730904e-5 -3.000683890989643e-7 1.1512723433990248e-5; 0.0 -3.000683890994528e-7 -1.6896317488993292e-5 1.7438718388835606e-5; 0.0 1.1512723433989442e-5 1.743871838883455e-5 -3.3351624299507665e-5]
