L,J,Q,θ,μ,ϕx,ϕy,ϕz,ndims,T,Λ,χ_dwave,dχdlogT_dwave,χ_pwave,dχdlogT_pwave
23,0.5,0.6180339887498949,0.4487989505128276,0.75,2.810390175230641,1.0772819831490281,3.680682016823238,3,0.1,0.3,[0.17258016665207876 0.0 0.0 0.0; 0.0 0.032897856139724714 -0.01402261767572409 -0.01372598058634784; 0.0 -0.014022617675724425 0.03335473067233549 -0.014104731696428502; 0.0 -0.013725980586348602 -0.014104731696428952 0.03312146592281214],[-0.12508205359846758 0.0 0.0 0.0; 0.0 -0.019031757658759637 0.007842810671997796 0.007626198678850322; 0.0 0.007842810671997658 -0.0194000544980118 0.007903257706302734; 0.0 0.0076261986788504705 0.007903257706302841 -0.019222350445630455],[-2.0543879122472032e-19 0.0 0.0 0.0; 0.0 0.04151295721023476 -4.754032286717002e-5 -0.00021576785973286073; 0.0 -4.754032286717034e-5 0.04173547442536016 6.28386915094147e-5; 0.0 -0.00021576785973285227 6.283869150941432e-5 0.042119277632406874],[1.6100457656947793e-19 0.0 0.0 0.0; 0.0 -0.023710272189400333 0.00019311232712443957 0.00021820958967562728; 0.0 0.00019311232712443708 -0.023851180995282342 -4.280544173437335e-5; 0.0 0.00021820958967561495 -4.2805441734376204e-5 -0.02417795584961883]
