L,J,Q,θ,μ,ϕx,ϕy,ϕz,ndims,T,Λ,χ_dwave,dχdlogT_dwave,χ_pwave,dχdlogT_pwave
23,0.15,0.6180339887498949,0.4487989505128276,0.75,5.106330914882206,0.20684903641207408,4.563814702367097,3,0.01291549665014884,0.3,[0.4571011004415844 0.0 0.0 0.0; 0.0 0.1571786401873197 -0.06970886056582921 -0.06799655186525068; 0.0 -0.06970886056582652 0.15769424742935187 -0.06968032520239158; 0.0 -0.0679965518652465 -0.06968032520238815 0.1566954786728209],[-0.13062457429018637 0.0 0.0 0.0; 0.0 -0.028832640736534444 0.011722750798706895 0.0112572117903125; 0.0 0.011722750798706976 -0.02787415738113096 0.011413331029752234; 0.0 0.01125721179031329 0.011413331029751882 -0.027893157352978794],[-3.2422962375693968e-18 0.0 0.0 0.0; 0.0 0.19815578712810153 0.001513818035950025 -0.005503129339012036; 0.0 0.0015138180359500239 0.19712822869609262 0.003764214726084174; 0.0 -0.005503129339012258 0.003764214726083782 0.19892130976100747],[2.8682633144483396e-18 0.0 0.0 0.0; 0.0 -0.03297700585301079 0.0007300432190420217 0.003950094159349718; 0.0 0.0007300432190420387 -0.0333993896381694 -0.00011649884927141706; 0.0 0.003950094159350033 -0.0001164988492713916 -0.03367206644256847]
