L,J,Q,θ,μ,ϕx,ϕy,ϕz,ndims,T,Λ,χ_dwave,dχdlogT_dwave,χ_pwave,dχdlogT_pwave
23,0.75,0.6180339887498949,0.4487989505128276,0.75,5.106330914882206,0.20684903641207408,4.563814702367097,3,0.0016681005372000592,0.3,[0.7037740175838061 0.0 0.0 0.0; 0.0 0.02980337020651406 -0.007586832027418789 -0.00758468945530906; 0.0 -0.007586832027418797 0.02985520359233161 -0.007643865259684423; 0.0 -0.0075846894553091414 -0.007643865259684486 0.029469140073687273],[-0.13341454603796737 0.0 0.0 0.0; 0.0 -0.0008839364973638358 -0.0008214795422276101 -0.0008631975039112634; 0.0 -0.0008214795422276175 -0.000784340512702559 -0.0008424763742262304; 0.0 -0.0008631975039112828 -0.0008424763742262546 -0.0008952411688395994],[-1.1042439164011022e-17 0.0 0.0 0.0; 0.0 0.031432408579396054 -4.8042060507846365e-5 -0.0002145202845041456; 0.0 -4.804206050784662e-5 0.03139241794394048 0.0002911134323742099; 0.0 -0.00021452028450414008 0.00029111343237419755 0.03109553430181045],[5.347849537562685e-18 0.0 0.0 0.0; 0.0 -4.3651708236060746e-5 2.2978338996160196e-5 5.402513959880689e-6; 0.0 2.297833899616107e-5 -3.350116191195819e-5 6.099452829603948e-6; 0.0 5.402513959879935e-6 6.099452829603099e-6 -1.0601459002561691e-5]
