L,J,Q,θ,μ,ϕx,ϕy,ϕz,ndims,T,Λ,χ_dwave,dχdlogT_dwave,χ_pwave,dχdlogT_pwave
23,0.95,0.6180339887498949,0.4487989505128276,0.75,1.844230068945385,1.1274623114571236,4.291057478636419,3,0.001,0.3,[0.7497192119662177 0.0 0.0 0.0; 0.0 0.02162529549525397 -0.00447224167914394 -0.0049276862466796235; 0.0 -0.004472241679143991 0.021865147145079696 -0.004748540398111534; 0.0 -0.004927686246679414 -0.004748540398111387 0.02170367673877452],[-0.1406861253196979 0.0 0.0 0.0; 0.0 -0.0006913159935409431 -0.000726549312620787 -0.0006390502348304691; 0.0 -0.0007265493126207865 -0.0007798828807485656 -0.0006508678400696669; 0.0 -0.0006390502348304504 -0.0006508678400696592 -0.0006060510091161389],[3.3839183169298598e-18 0.0 0.0 0.0; 0.0 0.02123742928760734 -0.0002997956849439249 8.570808252929792e-5; 0.0 -0.0002997956849439097 0.02097805398095645 -0.00011827995069689496; 0.0 8.570808252929926e-5 -0.00011827995069688903 0.021638906390016838],[-1.8483065547603374e-18 0.0 0.0 0.0; 0.0 -3.2637690063314724e-5 2.1187513730127197e-5 -4.256762281716947e-5; 0.0 2.1187513730127753e-5 -4.618133408579e-5 1.1906485199610586e-5; 0.0 -4.256762281716972e-5 1.1906485199610123e-5 -5.3871488542829495e-5]
