L,J,Q,θ,μ,ϕx,ϕy,ϕz,ndims,T,Λ,χ_dwave,dχdlogT_dwave,χ_pwave,dχdlogT_pwave
23,0.95,0.6180339887498949,0.4487989505128276,0.75,5.106330914882206,0.20684903641207408,4.563814702367097,3,0.001,0.3,[0.7474860483764543 0.0 0.0 0.0; 0.0 0.02108418160642585 -0.0049766814899047844 -0.005055873256576642; 0.0 -0.004976681489904732 0.021090179519323883 -0.005000977696179265; 0.0 -0.005055873256576836 -0.005000977696179483 0.021164392254324867],[-0.12552426679858372 0.0 0.0 0.0; 0.0 -0.0004927967732156852 -0.0005228750292445239 -0.0005323935669931576; 0.0 -0.0005228750292445227 -0.0005326156609469662 -0.0005659979976456953; 0.0 -0.0005323935669931547 -0.0005659979976457043 -0.0005106978263883977],[-7.653675648793046e-20 0.0 0.0 0.0; 0.0 0.021034746092969313 -0.00012733196685385954 -3.817860567859984e-5; 0.0 -0.00012733196685386051 0.021421244156728813 0.00017210540682278112; 0.0 -3.817860567859994e-5 0.00017210540682278448 0.021108296363770856],[-2.199346125278733e-18 0.0 0.0 0.0; 0.0 7.839172893534092e-6 1.538113211962732e-5 1.764802844750227e-5; 0.0 1.538113211962843e-5 4.332518388839443e-5 -6.645054452430794e-6; 0.0 1.7648028447502225e-5 -6.645054452431019e-6 5.077247003190211e-5]
