L,J,Q,θ,μ,ϕx,ϕy,ϕz,ndims,T,Λ,χ_dwave,dχdlogT_dwave,χ_pwave,dχdlogT_pwave
23,0.9,0.6180339887498949,0.4487989505128276,0.75,1.443832753770895,3.6578363068123374,5.416836448526887,3,0.021544346900318832,0.3,[0.3562202818769331 0.0 0.0 0.0; 0.0 0.020830483634628364 -0.006914267108382656 -0.00675138304186926; 0.0 -0.006914267108382466 0.020790514877258342 -0.006886668106717016; 0.0 -0.006751383041869438 -0.006886668106717495 0.02083724990144696],[-0.12904650806826953 0.0 0.0 0.0; 0.0 -0.0013648969529942282 -0.0003884159266066087 -0.0004092289732882606; 0.0 -0.00038841592660658945 -0.0013282882582590493 -0.0003605000288181742; 0.0 -0.00040922897328827266 -0.00036050002881818285 -0.0013867490721309011],[-3.3119009361979322e-18 0.0 0.0 0.0; 0.0 0.022853625841565226 -0.0001551714640436483 -5.473956161515198e-5; 0.0 -0.0001551714640436553 0.02248822975639463 -0.0002649890750908832; 0.0 -5.473956161515243e-5 -0.0002649890750908763 0.02271311574336595],[2.971643129621722e-18 0.0 0.0 0.0; 0.0 -0.0006843430558658787 7.176495300140668e-6 -2.2646302693901756e-5; 0.0 7.176495300140272e-6 -0.0006657803621381815 1.4944981561513243e-5; 0.0 -2.2646302693901926e-5 1.4944981561513868e-5 -0.0006680074173776728]
