L,J,Q,θ,μ,ϕx,ϕy,ϕz,ndims,T,Λ,χ_dwave,dχdlogT_dwave,χ_pwave,dχdlogT_pwave
23,0.2,0.6180339887498949,0.4487989505128276,0.75,5.106330914882206,0.20684903641207408,4.563814702367097,3,0.1,0.3,[0.17664339868572998 0.0 0.0 0.0; 0.0 0.062627931436439 -0.027712099804993458 -0.02775906058292036; 0.0 -0.02771209980499234 0.06255433799424234 -0.027865332826422826; 0.0 -0.02775906058292028 -0.027865332826422833 0.06278274129870041],[-0.12873264374718907 0.0 0.0 0.0; 0.0 -0.04395827716360697 0.019477611207986436 0.019382364463277423; 0.0 0.019477611207985947 -0.044148997330708234 0.01963064540574868; 0.0 0.01938236446327749 0.01963064540574818 -0.04411722163309547],[7.658333717104826e-19 0.0 0.0 0.0; 0.0 0.08024913437151528 0.00040644588787837663 -5.9559715913315e-5; 0.0 0.00040644588787832177 0.08013304949612642 0.0006259441662837075; 0.0 -5.955971591331565e-5 0.0006259441662837699 0.08032659269546658],[-5.4876859739058055e-19 0.0 0.0 0.0; 0.0 -0.056471709550827545 -0.0007884137212074079 0.000794834138351155; 0.0 -0.0007884137212074288 -0.0560980299510604 -0.0012601252903914; 0.0 0.0007948341383511596 -0.0012601252903914574 -0.056545932373816964]
