L,J,Q,θ,μ,ϕx,ϕy,ϕz,ndims,T,Λ,χ_dwave,dχdlogT_dwave,χ_pwave,dχdlogT_pwave
23,0.45,0.6180339887498949,0.4487989505128276,0.75,1.3595744307236286,1.6230091281990537,3.234476175330475,3,0.0016681005372000592,0.3,[0.7439925934668876 0.0 0.0 0.0; 0.0 0.062022444196878704 -0.02045683469314235 -0.020293832603402104; 0.0 -0.020456834693142977 0.061996763158677165 -0.02000826302565293; 0.0 -0.020293832603402256 -0.020008263025652853 0.06238431961971038],[-0.13595736935525943 0.0 0.0 0.0; 0.0 -0.001123679218340333 -0.0012948353617111144 -0.0012546783722785812; 0.0 -0.0012948353617111112 -0.0012036003044512608 -0.0012787116563802532; 0.0 -0.0012546783722785129 -0.0012787116563802202 -0.0014137302726688987],[-1.16734175784245e-17 0.0 0.0 0.0; 0.0 0.07498028971058461 4.788967812356615e-5 1.6175031967676875e-5; 0.0 4.7889678123565095e-5 0.07640943934855982 -0.0016593836037596353; 0.0 1.6175031967691928e-5 -0.0016593836037595991 0.07512032225303558],[5.864919743745479e-18 0.0 0.0 0.0; 0.0 7.579938069024011e-5 -6.333134272996391e-5 -0.00017778479476342494; 0.0 -6.333134272996574e-5 -0.00010011764166222242 -6.0721796796197067e-5; 0.0 -0.00017778479476342036 -6.072179679619676e-5 -0.00035055510409922545]
