L,J,Q,θ,μ,ϕx,ϕy,ϕz,ndims,T,Λ,χ_dwave,dχdlogT_dwave,χ_pwave,dχdlogT_pwave
23,0.3,0.6180339887498949,0.4487989505128276,0.75,3.7152326662553454,5.721680001447781,0.41513891803668856,3,0.03593813663804628,0.3,[0.32492504921616594 0.0 0.0 0.0; 0.0 0.08172018645652875 -0.0362945991208806 -0.034278038866681085; 0.0 -0.03629459912087941 0.0846029541686539 -0.03625560046459481; 0.0 -0.03427803886668157 -0.03625560046459365 0.08193244468124777],[-0.1541490032929728 0.0 0.0 0.0; 0.0 -0.021519001101928326 0.009591455831438616 0.007158095124886667; 0.0 0.00959145583143921 -0.02477992567843714 0.00923979898145411; 0.0 0.007158095124887223 0.009239798981453913 -0.021465935611905653],[1.3018616667926244e-18 0.0 0.0 0.0; 0.0 0.11025593535070466 0.001870384898849672 -0.0005156123361103116; 0.0 0.0018703848988497326 0.10761943633175475 0.00038085581084778246; 0.0 -0.0005156123361102979 0.0003808558108477842 0.11149466517611344],[-1.4950833200520226e-18 0.0 0.0 0.0; 0.0 -0.032382145167267014 -0.002232827401871719 0.0006012660696984852; 0.0 -0.0022328274018717166 -0.029735309807653747 -0.00029641626903994747; 0.0 0.0006012660696985494 -0.0002964162690399438 -0.03334589948256509]
