L,J,Q,θ,μ,ϕx,ϕy,ϕz,ndims,T,Λ,χ_dwave,dχdlogT_dwave,χ_pwave,dχdlogT_pwave
23,1.25,0.6180339887498949,0.4487989505128276,0.75,2.810390175230641,1.0772819831490281,3.680682016823238,3,0.0016681005372000592,0.3,[0.6394290538350036 0.0 0.0 0.0; 0.0 0.014405298052240938 -0.003202842754083937 -0.00311992506319748; 0.0 -0.0032028427540840157 0.01389047170378948 -0.003136825105516117; 0.0 -0.0031199250631973622 -0.0031368251055161047 0.014402663027360933],[-0.12202571737986082 0.0 0.0 0.0; 0.0 -0.00037449269216317425 -0.00036223257735974355 -0.00043789975524448517; 0.0 -0.00036223257735973834 -0.00033562595674986535 -0.0003764188596390676; 0.0 -0.0004378997552444917 -0.0003764188596390638 -0.0004904397131863905],[-4.776365107870919e-18 0.0 0.0 0.0; 0.0 0.012829818690695483 -7.422633702862857e-5 -2.0776560258478258e-5; 0.0 -7.422633702862824e-5 0.01238404463445251 0.00020923004478902175; 0.0 -2.0776560258476726e-5 0.0002092300447890275 0.0129109656350837],[2.699601681540809e-18 0.0 0.0 0.0; 0.0 5.653002237074314e-6 4.360090210684449e-7 -2.2247075925819982e-5; 0.0 4.3600902106856064e-7 -6.0834540397397606e-6 8.250764017658495e-6; 0.0 -2.224707592581926e-5 8.250764017658567e-6 -1.3032920168994311e-5]
