L,J,Q,θ,μ,ϕx,ϕy,ϕz,ndims,T,Λ,χ_dwave,dχdlogT_dwave,χ_pwave,dχdlogT_pwave
23,1.25,0.6180339887498949,0.4487989505128276,0.75,0.8300692797416884,5.067530529285624,5.9941159353493925,3,0.1,0.3,[0.14888836687081008 0.0 0.0 0.0; 0.0 0.009279445915626346 -0.0033326074542656685 -0.0034381651769880375; 0.0 -0.0033326074542657106 0.009379694251913345 -0.003484908783628177; 0.0 -0.003438165176987988 -0.0034849087836282214 0.00948544287452617],[-0.10779933497858878 0.0 0.0 0.0; 0.0 -0.004631906141064827 0.0015246658548679717 0.0015896883531746572; 0.0 0.0015246658548678862 -0.0046662027346605905 0.0016030029446709843; 0.0 0.0015896883531746778 0.0016030029446710084 -0.004748789525659853],[-9.843265698797083e-19 0.0 0.0 0.0; 0.0 0.009830019281737335 -2.961629641336537e-5 1.2303221648098908e-5; 0.0 -2.961629641336421e-5 0.009723877277310151 2.7784699636569552e-5; 0.0 1.2303221648099623e-5 2.7784699636568918e-5 0.009781510695828952],[6.749969420093977e-19 0.0 0.0 0.0; 0.0 -0.004651835044637117 1.6817447213528777e-5 4.2709176051844815e-6; 0.0 1.6817447213528252e-5 -0.004601955269443108 4.619851360222971e-6; 0.0 4.270917605184648e-6 4.619851360223372e-6 -0.00461915665999393]
