L,J,Q,θ,μ,ϕx,ϕy,ϕz,ndims,T,Λ,χ_dwave,dχdlogT_dwave,χ_pwave,dχdlogT_pwave
23,1.0,0.6180339887498949,0.4487989505128276,0.75,5.108608070790224,2.6269203188545354,3.014007765852682,3,0.16681005372000587,0.3,[0.10589392339391142 0.0 0.0 0.0; 0.0 0.009232670875940416 -0.0034242739188860647 -0.003606588280605739; 0.0 -0.0034242739188860465 0.009300093770522544 -0.0036128660948349894; 0.0 -0.003606588280605755 -0.0036128660948351126 0.009476441399259457],[-0.09121795728557298 0.0 0.0 0.0; 0.0 -0.006888336194220155 0.0024702778846309083 0.0026221001298652492; 0.0 0.0024702778846308364 -0.00693419050285646 0.002622688278872829; 0.0 0.00262210012986532 0.002622688278872895 -0.00707491994824669],[1.7007663143480643e-19 0.0 0.0 0.0; 0.0 0.010395130808651521 -3.160923190473481e-5 -3.8047716193153506e-5; 0.0 -3.160923190473234e-5 0.01048868932301203 4.735089529792652e-6; 0.0 -3.8047716193153824e-5 4.735089529792907e-6 0.01055019084449314],[-7.147026327519891e-20 0.0 0.0 0.0; 0.0 -0.007626749001706769 1.996975773408389e-5 2.7349041693542243e-5; 0.0 1.9969757734085433e-5 -0.00770613293131048 -6.298537943862424e-6; 0.0 2.734904169354204e-5 -6.298537943862488e-6 -0.007748444925697057]
