L,J,Q,θ,μ,ϕx,ϕy,ϕz,ndims,T,Λ,χ_dwave,dχdlogT_dwave,χ_pwave,dχdlogT_pwave
23,0.8,0.6180339887498949,0.4487989505128276,0.75,1.844230068945385,1.1274623114571236,4.291057478636419,3,0.1,0.3,[0.16396646167971757 0.0 0.0 0.0; 0.0 0.017180709808995356 -0.006769983986027427 -0.006634286580701152; 0.0 -0.006769983986027151 0.01720720130499836 -0.006730739148397268; 0.0 -0.006634286580701337 -0.00673073914839729 0.016994767982269468],[-0.11871946000744224 0.0 0.0 0.0; 0.0 -0.008908375602314769 0.003247392120654808 0.003170853411031515; 0.0 0.003247392120654886 -0.0089240245093 0.003215036579275582; 0.0 0.0031708534110315447 0.0032150365792754966 -0.008802058605974506],[-5.274365367335936e-19 0.0 0.0 0.0; 0.0 0.02029834114806249 0.00013499072215293717 -2.343029635410306e-5; 0.0 0.000134990722152937 0.020098253569683908 -0.00011535088632142306; 0.0 -2.3430296354096808e-5 -0.00011535088632142405 0.020121580734835647],[1.8115710676158964e-19 0.0 0.0 0.0; 0.0 -0.010089833994996121 -7.743567194403125e-5 3.990668953705446e-6; 0.0 -7.743567194402872e-5 -0.009976737053749121 7.618935293979898e-5; 0.0 3.990668953704166e-6 7.618935293979857e-5 -0.009999881497598168]
