L,J,Q,θ,μ,ϕx,ϕy,ϕz,ndims,T,Λ,χ_dwave,dχdlogT_dwave,χ_pwave,dχdlogT_pwave
23,0.1,0.6180339887498949,0.4487989505128276,0.75,2.0229416505316715,5.371743502297404,0.6056970094929207,3,0.001,0.3,[0.9085706881855891 0.0 0.0 0.0; 0.0 0.24191419550298676 -0.09304145097692272 -0.10204249416973227; 0.0 -0.09304145097691799 0.2428715249938544 -0.11788439712216568; 0.0 -0.10204249416973062 -0.11788439712216643 0.25825540221694754],[-0.1746427624883664 0.0 0.0 0.0; 0.0 -0.006843016824062581 -0.0003774661254010654 -0.0027594625808034776; 0.0 -0.0003774661254010604 -0.003510555913963033 0.001214934072359657; 0.0 -0.002759462580803494 0.0012149340723596528 -0.008028669149592622],[2.325138304772677e-17 0.0 0.0 0.0; 0.0 0.3264841709201743 0.010041055186209551 -0.006920240216027243; 0.0 0.010041055186209666 0.31164592523398166 -0.030646348247887388; 0.0 -0.00692024021602693 -0.03064634824788793 0.2969767756680118],[-1.0015378594279402e-17 0.0 0.0 0.0; 0.0 -0.011561711587114335 0.0010992284559526015 -0.0004942727097892428; 0.0 0.0010992284559526084 -0.0042882663909793554 0.00011205987786017261; 0.0 -0.0004942727097892422 0.00011205987786017277 -0.002091524284115153]
