L,J,Q,θ,μ,ϕx,ϕy,ϕz,ndims,T,Λ,χ_dwave,dχdlogT_dwave,χ_pwave,dχdlogT_pwave
23,0.95,0.6180339887498949,0.4487989505128276,0.75,5.106330914882206,0.20684903641207408,4.563814702367097,3,0.1,0.3,[0.16054010080224818 0.0 0.0 0.0; 0.0 0.013829230716462996 -0.0052452110459256145 -0.005242987227410401; 0.0 -0.005245211045925273 0.013940392228110113 -0.0053744179423754765; 0.0 -0.005242987227410326 -0.00537441794237572 0.013853004348892835],[-0.11624001877755698 0.0 0.0 0.0; 0.0 -0.007039054861568694 0.0024329544785762006 0.0024489696895140713; 0.0 0.0024329544785764057 -0.0070783624321572 0.002502112561132118; 0.0 0.002448969689513986 0.0025021125611320704 -0.007045327704468917],[6.885651399003534e-19 0.0 0.0 0.0; 0.0 0.016019952150905098 3.450822842752349e-5 6.498456995060804e-5; 0.0 3.450822842752386e-5 0.015806276606189773 3.231922427808871e-5; 0.0 6.498456995060982e-5 3.2319224278089325e-5 0.015812015369842027],[-4.871855858085749e-19 0.0 0.0 0.0; 0.0 -0.007798966943421263 -6.0736733652941535e-5 -2.6530208755307567e-5; 0.0 -6.073673365294441e-5 -0.0076792334939935125 -3.133275333855789e-5; 0.0 -2.6530208755307686e-5 -3.1332753338557894e-5 -0.007706145547842801]
