L,J,Q,θ,μ,ϕx,ϕy,ϕz,ndims,T,Λ,χ_dwave,dχdlogT_dwave,χ_pwave,dχdlogT_pwave
23,0.7,0.6180339887498949,0.4487989505128276,0.75,0.8300692797416884,5.067530529285624,5.9941159353493925,3,0.01291549665014884,0.3,[0.43791981419114606 0.0 0.0 0.0; 0.0 0.029988134398954626 -0.010073521675700251 -0.01038932754613691; 0.0 -0.010073521675699453 0.030594091144636525 -0.010583509314278915; 0.0 -0.010389327546136778 -0.010583509314278861 0.03067880796996004],[-0.13408495493608585 0.0 0.0 0.0; 0.0 -0.0012565560163126496 -0.0006975886663644387 -0.0006210725817316224; 0.0 -0.0006975886663644595 -0.0013171737668697732 -0.0006686502684111008; 0.0 -0.0006210725817316143 -0.0006686502684110376 -0.0013345331039578124],[3.3137971063614856e-18 0.0 0.0 0.0; 0.0 0.03471888617963522 1.5335256432491182e-5 -8.640062840076735e-5; 0.0 1.5335256432494144e-5 0.035149939033664555 -7.520293503597917e-5; 0.0 -8.640062840077129e-5 -7.520293503598382e-5 0.034988581137321374],[-3.1396763477877517e-18 0.0 0.0 0.0; 0.0 -0.00047534151010050996 3.687634772386134e-5 -1.0363263957899496e-5; 0.0 3.687634772386207e-5 -0.0005324369518298958 -2.7108758674158197e-5; 0.0 -1.0363263957899684e-5 -2.7108758674157133e-5 -0.0005219499004400831]
