L,J,Q,θ,μ,ϕx,ϕy,ϕz,ndims,T,Λ,χ_dwave,dχdlogT_dwave,χ_pwave,dχdlogT_pwave
23,1.05,0.6180339887498949,0.4487989505128276,0.75,1.844230068945385,1.1274623114571236,4.291057478636419,3,0.01291549665014884,0.3,[0.4092409654765255 0.0 0.0 0.0; 0.0 0.017238812749848727 -0.005394066079974053 -0.00510803486578711; 0.0 -0.00539406607997387 0.016981384603547492 -0.00502137777350777; 0.0 -0.005108034865787237 -0.005021377773507639 0.01704547697328198],[-0.12505697349722736 0.0 0.0 0.0; 0.0 -0.0007047182261418513 -0.0003999598918570505 -0.00046685246371983333; 0.0 -0.00039995989185705324 -0.0006857440192191954 -0.0004749443296128816; 0.0 -0.0004668524637198332 -0.00047494432961287875 -0.0007312811902536757],[4.065845745109673e-18 0.0 0.0 0.0; 0.0 0.017774894980889498 -0.00022686665184214305 -6.274657713943702e-5; 0.0 -0.00022686665184213967 0.017357472264224433 -0.0002419993599279269; 0.0 -6.274657713943424e-5 -0.0002419993599279178 0.017551940344951836],[-1.1915609675242818e-18 0.0 0.0 0.0; 0.0 -0.00014797499155161194 1.648629141515011e-6 -1.457265738455762e-6; 0.0 1.6486291415151795e-6 -0.000161389389176858 1.0466390747432196e-5; 0.0 -1.4572657384565228e-6 1.0466390747431994e-5 -0.00015608663216613787]
