L,J,Q,θ,μ,ϕx,ϕy,ϕz,ndims,T,Λ,χ_dwave,dχdlogT_dwave,χ_pwave,dχdlogT_pwave
23,0.45,0.6180339887498949,0.4487989505128276,0.75,1.844230068945385,1.1274623114571236,4.291057478636419,3,0.0027825594022071257,0.3,[0.663229640170211 0.0 0.0 0.0; 0.0 0.0615795110606644 -0.021424599259177377 -0.02069744909700826; 0.0 -0.021424599259177456 0.062266283978420135 -0.021045712164795755; 0.0 -0.02069744909700894 -0.021045712164796185 0.06198067123172811],[-0.13717147015045592 0.0 0.0 0.0; 0.0 -0.0011795666729942822 -0.001188333553726717 -0.0013682681377502276; 0.0 -0.0011883335537267237 -0.0013991800438001448 -0.0012922967451466448; 0.0 -0.0013682681377502658 -0.0012922967451465457 -0.0015028180428557371],[2.4001110929460267e-18 0.0 0.0 0.0; 0.0 0.07348310484098794 -0.00019044497745940097 -0.003020978067047215; 0.0 -0.00019044497745941956 0.07261193023715178 0.00045656201064710606; 0.0 -0.003020978067047654 0.0004565620106470958 0.07314824896968027],[2.996547062631462e-18 0.0 0.0 0.0; 0.0 -0.00021088634597402178 -8.638629115669613e-6 9.037268795646753e-5; 0.0 -8.638629115669857e-6 -1.7561457268592352e-5 5.088355912722114e-5; 0.0 9.03726879564678e-5 5.088355912722212e-5 -0.00014259907534993008]
