L,J,Q,θ,μ,ϕx,ϕy,ϕz,ndims,T,Λ,χ_dwave,dχdlogT_dwave,χ_pwave,dχdlogT_pwave
23,0.25,0.6180339887498949,0.4487989505128276,0.75,1.844230068945385,1.1274623114571236,4.291057478636419,3,0.021544346900318832,0.3,[0.3891436779039706 0.0 0.0 0.0; 0.0 0.10597043745273489 -0.04651013243611213 -0.044740629749686636; 0.0 -0.04651013243611283 0.10723622467334255 -0.046110742424905815; 0.0 -0.044740629749685935 -0.04611074242490806 0.10591155005481387],[-0.1400933448927217 0.0 0.0 0.0; 0.0 -0.01986801229148954 0.007900583457704707 0.006977556216475815; 0.0 0.007900583457705102 -0.020563864151649965 0.00773178644500102; 0.0 0.0069775562164757785 0.007731786445000926 -0.020184460953237168],[-1.4391459762598664e-18 0.0 0.0 0.0; 0.0 0.13723777555717537 -0.0017556445868682007 -0.012506344407145391; 0.0 -0.001755644586868397 0.1345696175472142 0.002494770949669797; 0.0 -0.012506344407144168 0.002494770949669978 0.13687120084134377],[6.805317323033043e-19 0.0 0.0 0.0; 0.0 -0.02564864498038995 0.0018851906999634782 0.0073829537831158944; 0.0 0.0018851906999634868 -0.02426600953672443 -0.002056994648564823; 0.0 0.007382953783116297 -0.002056994648565107 -0.025267141783006212]
