L,J,Q,θ,μ,ϕx,ϕy,ϕz,ndims,T,Λ,χ_dwave,dχdlogT_dwave,χ_pwave,dχdlogT_pwave
23,0.85,0.6180339887498949,0.4487989505128276,0.75,2.35825522373343,3.5083950570734084,5.211373871453545,3,0.021544346900318832,0.3,[0.3605473824962075 0.0 0.0 0.0; 0.0 0.022557638923582743 -0.0076589412398088115 -0.00765684856161244; 0.0 -0.007658941239808977 0.022544537822619743 -0.007699908656698868; 0.0 -0.0076568485616123885 -0.007699908656698741 0.022608347874818437],[-0.130899653202757 0.0 0.0 0.0; 0.0 -0.0014534700287271991 -0.00035454730274505855 -0.00034024245072029045; 0.0 -0.00035454730274504597 -0.0015122700470305349 -0.0003433530973533362; 0.0 -0.0003402424507202752 -0.00034335309735335695 -0.0015123068981327222],[2.7919051249384347e-18 0.0 0.0 0.0; 0.0 0.02542655536957083 -1.3073330013798398e-5 6.64333431002244e-5; 0.0 -1.3073330013798513e-5 0.025083126298613402 -1.6446133959107202e-5; 0.0 6.643334310022913e-5 -1.644613395911024e-5 0.025186613693800288],[-2.920850130508506e-18 0.0 0.0 0.0; 0.0 -0.000787047149285929 -2.1257658062371308e-5 -1.368465173590015e-5; 0.0 -2.1257658062372718e-5 -0.000819963344270769 1.3759699364124238e-5; 0.0 -1.3684651735900421e-5 1.3759699364123704e-5 -0.0008240161358025565]
