L,J,Q,θ,μ,ϕx,ϕy,ϕz,ndims,T,Λ,χ_dwave,dχdlogT_dwave,χ_pwave,dχdlogT_pwave
23,0.15,0.6180339887498949,0.4487989505128276,0.75,2.0229416505316715,5.371743502297404,0.6056970094929207,3,0.007742636826811269,0.3,[0.5519707785732311 0.0 0.0 0.0; 0.0 0.16969868741279726 -0.070845119124163 -0.07547568576506145; 0.0 -0.07084511912416416 0.17161631640029051 -0.07969681142548961; 0.0 -0.07547568576505863 -0.07969681142548983 0.17819642369809546],[-0.14963989828456256 0.0 0.0 0.0; 0.0 -0.018956296962932374 0.005700861097090289 0.007063701884763372; 0.0 0.0057008610970902774 -0.01925049150185795 0.008089475459871494; 0.0 0.0070637018847637435 0.008089475459871548 -0.02148835502021458],[2.8975074068022153e-19 0.0 0.0 0.0; 0.0 0.22743611489930857 0.0004699467912383453 0.006036430618025902; 0.0 0.00046994679123818847 0.2250021199600452 -0.022675982383974187; 0.0 0.006036430618025779 -0.022675982383973833 0.2189958756562045],[-3.5989439137623736e-19 0.0 0.0 0.0; 0.0 -0.02887905364740446 0.0026622422784704915 -0.0030428099458749062; 0.0 0.002662242278470428 -0.027025569230396035 0.0075308332518774475; 0.0 -0.0030428099458751443 0.007530833251877446 -0.024692702920395947]
