L,J,Q,θ,μ,ϕx,ϕy,ϕz,ndims,T,Λ,χ_dwave,dχdlogT_dwave,χ_pwave,dχdlogT_pwave
23,0.35,0.6180339887498949,0.4487989505128276,0.75,2.35825522373343,3.5083950570734084,5.211373871453545,3,0.05994842503189409,0.3,[0.2431003926461969 0.0 0.0 0.0; 0.0 0.05967597788311904 -0.025572757508952035 -0.02562755841160455; 0.0 -0.025572757508952174 0.059808417683641556 -0.025863925135254793; 0.0 -0.02562755841160478 -0.02586392513525439 0.05980146238355705],[-0.134833015113307 0.0 0.0 0.0; 0.0 -0.025059988131782247 0.010060192131563693 0.010280206654386873; 0.0 0.010060192131563369 -0.02489123712374861 0.010582922119068236; 0.0 0.010280206654387662 0.01058292211906837 -0.025158196519145744],[2.330222116936164e-18 0.0 0.0 0.0; 0.0 0.07529357147009312 -0.002063846922675233 0.0008689125565059472; 0.0 -0.0020638469226753626 0.07590878235079293 -0.0008446917929490902; 0.0 0.0008689125565060471 -0.0008446917929490997 0.07497030059951591],[-2.0165834287799362e-18 0.0 0.0 0.0; 0.0 -0.030250857366147774 0.00295399757978951 -0.0012328984129948422; 0.0 0.0029539975797895617 -0.030673431504761314 0.0012015849663774248; 0.0 -0.0012328984129949861 0.0012015849663775406 -0.02986523614451907]
