L,J,Q,θ,μ,ϕx,ϕy,ϕz,ndims,T,Λ,χ_dwave,dχdlogT_dwave,χ_pwave,dχdlogT_pwave
23,0.45,0.6180339887498949,0.4487989505128276,0.75,5.108608070790224,2.6269203188545354,3.014007765852682,3,0.4641588833612779,0.3,[0.04433841989340614 0.0 0.0 0.0; 0.0 0.010062997953239746 -0.004310534684126919 -0.00436912681889009; 0.0 -0.004310534684126918 0.010047697670554584 -0.004358091428851247; 0.0 -0.0043691268188902265 -0.00435809142885132 0.010130181486894414],[-0.043352760645987594 0.0 0.0 0.0; 0.0 -0.009734867254850867 0.004163032732688181 0.004223315273639432; 0.0 0.004163032732688086 -0.0097206370441758 0.004212299885112525; 0.0 0.004223315273639599 0.004212299885112781 -0.009804117271673712],[5.2626050022562525e-20 0.0 0.0 0.0; 0.0 0.012879122707903725 -2.1991703881906937e-5 1.8687453774608535e-5; 0.0 -2.1991703881901404e-5 0.012806027965305498 2.18475045730872e-5; 0.0 1.8687453774608904e-5 2.1847504573087518e-5 0.012894058369016987],[-4.986946177608883e-20 0.0 0.0 0.0; 0.0 -0.012456766780748248 3.4084256704440535e-5 -1.5034270854602646e-5; 0.0 3.408425670443591e-5 -0.012385048015479055 -2.0467826643541012e-5; 0.0 -1.503427085460288e-5 -2.046782664354106e-5 -0.012469208624991006]
