L,J,Q,θ,μ,ϕx,ϕy,ϕz,ndims,T,Λ,χ_dwave,dχdlogT_dwave,χ_pwave,dχdlogT_pwave
23,0.5,0.6180339887498949,0.4487989505128276,0.75,3.7152326662553454,5.721680001447781,0.41513891803668856,3,0.01291549665014884,0.3,[0.4573182813273749 0.0 0.0 0.0; 0.0 0.051275719443032115 -0.019186047436557496 -0.01893249600407505; 0.0 -0.019186047436559113 0.051521382712002566 -0.01879708711931196; 0.0 -0.018932496004075896 -0.01879708711931141 0.05061036464490557],[-0.14234668597141795 0.0 0.0 0.0; 0.0 -0.002573910943413459 -0.0007125306840853025 -0.0005298977165721243; 0.0 -0.0007125306840853438 -0.0027990543082537273 -0.0006853289544249958; 0.0 -0.000529897716572106 -0.0006853289544249637 -0.0024490157106531437],[-1.5031536464304016e-18 0.0 0.0 0.0; 0.0 0.0635865340840907 0.0006406086654259351 -3.621944120196674e-5; 0.0 0.0006406086654259492 0.06184649750957184 -0.00033665587566277357; 0.0 -3.6219441201978353e-5 -0.00033665587566277487 0.06282980597821387],[-9.49294718219073e-20 0.0 0.0 0.0; 0.0 -0.0017249136545941035 -0.0001755589200065419 2.0510033471267975e-5; 0.0 -0.00017555892000654062 -0.0016359608332656413 -5.462736629595127e-6; 0.0 2.051003347127034e-5 -5.462736629593803e-6 -0.0015983530080537513]
