L,J,Q,θ,μ,ϕx,ϕy,ϕz,ndims,T,Λ,χ_dwave,dχdlogT_dwave,χ_pwave,dχdlogT_pwave
23,0.75,0.6180339887498949,0.4487989505128276,0.75,1.844230068945385,1.1274623114571236,4.291057478636419,3,0.021544346900318832,0.3,[0.366629500714085 0.0 0.0 0.0; 0.0 0.02735209155918374 -0.009373905326424778 -0.009944606553460331; 0.0 -0.009373905326424604 0.02682588159280685 -0.009543624306889561; 0.0 -0.00994460655345998 -0.009543624306889728 0.027557899487187884],[-0.13323749271175506 0.0 0.0 0.0; 0.0 -0.0018059745919612035 -0.0003917326979043046 -0.00031217444984575724; 0.0 -0.0003917326979042983 -0.0018312924372999816 -0.0003169533168893156; 0.0 -0.00031217444984576965 -0.0003169533168893168 -0.0018832234616131792],[1.622467671715757e-18 0.0 0.0 0.0; 0.0 0.031427667603551965 7.725367364715146e-5 -2.9680270431655917e-5; 0.0 7.725367364715514e-5 0.03079313191035068 4.8195860107792716e-5; 0.0 -2.9680270431649527e-5 4.819586010779328e-5 0.03157432929857876],[2.365166248678561e-19 0.0 0.0 0.0; 0.0 -0.0011442662441811917 -6.063087794802102e-6 9.177921225630614e-6; 0.0 -6.06308779480244e-6 -0.001164814786438153 -8.816567274362328e-6; 0.0 9.177921225631237e-6 -8.816567274363209e-6 -0.0011150332028064473]
