L,J,Q,θ,μ,ϕx,ϕy,ϕz,ndims,T,Λ,χ_dwave,dχdlogT_dwave,χ_pwave,dχdlogT_pwave
23,0.25,0.6180339887498949,0.4487989505128276,0.75,1.844230068945385,1.1274623114571236,4.291057478636419,3,0.05994842503189409,0.3,[0.24545563424486916 0.0 0.0 0.0; 0.0 0.07586526795718156 -0.033815605613333834 -0.03275390426847973; 0.0 -0.03381560561333296 0.0769042806322167 -0.03376719814470593; 0.0 -0.032753904268480946 -0.03376719814470614 0.07589095168050998],[-0.13862496986375322 0.0 0.0 0.0; 0.0 -0.03617388255217577 0.01621447456352008 0.014932333956539591; 0.0 0.016214474563520234 -0.03734656889398616 0.016109768067855763; 0.0 0.014932333956540044 0.016109768067855825 -0.03624834823745719],[-2.4240644944364074e-20 0.0 0.0 0.0; 0.0 0.09800785761364192 -0.00037240372895659007 -0.0037924403955591655; 0.0 -0.0003724037289566014 0.09764655102926478 0.000761099309184954; 0.0 -0.0037924403955590285 0.000761099309185057 0.09863340291667189],[-1.346557911403539e-19 0.0 0.0 0.0; 0.0 -0.04702571808446451 0.0009726643096813364 0.007320701900369994; 0.0 0.0009726643096813537 -0.04640151892582138 -0.0012167837513705375; 0.0 0.0073207019003700665 -0.0012167837513705597 -0.04751387054160856]
