L,J,Q,θ,μ,ϕx,ϕy,ϕz,ndims,T,Λ,χ_dwave,dχdlogT_dwave,χ_pwave,dχdlogT_pwave
23,0.7,0.6180339887498949,0.4487989505128276,0.75,0.8300692797416884,5.067530529285624,5.9941159353493925,3,0.004641588833612777,0.3,[0.5738486331788565 0.0 0.0 0.0; 0.0 0.031502548359038415 -0.009734174215522131 -0.009530456977885814; 0.0 -0.009734174215522234 0.03233882596384394 -0.010215085793514794; 0.0 -0.009530456977885394 -0.010215085793514529 0.03199722817917718],[-0.13465290511012146 0.0 0.0 0.0; 0.0 -0.00095270015412764 -0.0008354917597107196 -0.0008432525648552356; 0.0 -0.0008354917597107382 -0.0009778660695762896 -0.0007847714620069729; 0.0 -0.0008432525648552378 -0.0007847714620070329 -0.0009522871660150112],[9.749749215057412e-18 0.0 0.0 0.0; 0.0 0.035005022851194244 2.275069595085245e-5 0.0002697063917456851; 0.0 2.275069595085363e-5 0.03549669448131226 -0.0003023082664113461; 0.0 0.0002697063917456821 -0.0003023082664113444 0.03622372673251725],[-3.913625937055787e-18 0.0 0.0 0.0; 0.0 -7.77916364307792e-5 -4.128711123951304e-5 -2.3089895503878745e-5; 0.0 -4.128711123951547e-5 -5.2545098828447554e-5 1.7908169446289376e-5; 0.0 -2.3089895503878217e-5 1.790816944628911e-5 -0.00010526889923477713]
