L,J,Q,θ,μ,ϕx,ϕy,ϕz,ndims,T,Λ,χ_dwave,dχdlogT_dwave,χ_pwave,dχdlogT_pwave
23,0.65,0.6180339887498949,0.4487989505128276,0.75,1.443832753770895,3.6578363068123374,5.416836448526887,3,0.021544346900318832,0.3,[0.3726733519731656 0.0 0.0 0.0; 0.0 0.03367807556674264 -0.01219537353096585 -0.012438594748656197; 0.0 -0.01219537353096633 0.033630450320251463 -0.012144588231288516; 0.0 -0.012438594748656297 -0.012144588231288627 0.0335712020515412],[-0.1354682451743701 0.0 0.0 0.0; 0.0 -0.0024021000207596764 -0.0002958115012161117 -0.0002256696246049747; 0.0 -0.0002958115012161146 -0.0023986462670069174 -0.0002876707110125366; 0.0 -0.000225669624604985 -0.0002876707110125198 -0.0024734651919633074],[3.4626867986359144e-19 0.0 0.0 0.0; 0.0 0.03959534386771557 -0.0004074601252031326 -0.00011661841015024425; 0.0 -0.0004074601252031384 0.040005260143541256 -0.00011213769555675346; 0.0 -0.00011661841015030138 -0.00011213769555675145 0.038672011713568474],[9.8782608509654e-21 0.0 0.0 0.0; 0.0 -0.0017371093203572899 2.8364306658082613e-5 3.3107065351403305e-5; 0.0 2.8364306658080997e-5 -0.0017946324050182108 2.0340392308630157e-5; 0.0 3.3107065351402383e-5 2.034039230863066e-5 -0.001622916530665973]
