L,J,Q,θ,μ,ϕx,ϕy,ϕz,ndims,T,Λ,χ_dwave,dχdlogT_dwave,χ_pwave,dχdlogT_pwave
23,0.25,0.6180339887498949,0.4487989505128276,0.75,3.7152326662553454,5.721680001447781,0.41513891803668856,3,0.03593813663804628,0.3,[0.32815922884049264 0.0 0.0 0.0; 0.0 0.09354523467597084 -0.042852715531980085 -0.03887848959679224; 0.0 -0.042852715531979245 0.09774680133285853 -0.04216733759464103; 0.0 -0.038878489596790064 -0.04216733759464239 0.09310943638035077],[-0.15803028168940483 0.0 0.0 0.0; 0.0 -0.027909077644138185 0.01373111298522671 0.009015384693609416; 0.0 0.013731112985227108 -0.033103830163325076 0.013040656320301663; 0.0 0.009015384693609565 0.013040656320301847 -0.027566447642121777],[3.806372318217528e-19 0.0 0.0 0.0; 0.0 0.1279039806140189 0.0025589338776145602 -0.0010825939005125699; 0.0 0.002558933877614608 0.12390294294110862 0.000551174472611189; 0.0 -0.001082593900512707 0.0005511744726111856 0.12832238814738886],[-9.094755457253953e-19 0.0 0.0 0.0; 0.0 -0.044141845942718416 -0.003732932868736097 0.0013286760920864576; 0.0 -0.0037329328687359083 -0.03934255474654777 -0.000567013873216995; 0.0 0.0013286760920865732 -0.0005670138732169586 -0.04462804102299438]
