L,J,Q,θ,μ,ϕx,ϕy,ϕz,ndims,T,Λ,χ_dwave,dχdlogT_dwave,χ_pwave,dχdlogT_pwave
23,1.15,0.6180339887498949,0.4487989505128276,0.75,2.810390175230641,1.0772819831490281,3.680682016823238,3,0.001,0.3,[0.6987398700249949 0.0 0.0 0.0; 0.0 0.015832886284331552 -0.003033755534760914 -0.0026743485357635837; 0.0 -0.0030337555347608246 0.016247009042486337 -0.003007877869583289; 0.0 -0.002674348535763595 -0.0030078778695833723 0.016132011120918454],[-0.11334170220361935 0.0 0.0 0.0; 0.0 -0.0005017952296086065 -0.00047626809525809646 -0.00046128907291529704; 0.0 -0.00047626809525809136 -0.0005386019498890315 -0.00042349202369776275; 0.0 -0.0004612890729152976 -0.000423492023697758 -0.0004017602233438282],[2.240151155602976e-17 0.0 0.0 0.0; 0.0 0.014784574754203127 -6.770484885980901e-5 -4.024754731028785e-6; 0.0 -6.770484885981192e-5 0.014803595389271711 -1.3856668888326776e-5; 0.0 -4.024754731027045e-6 -1.3856668888324384e-5 0.014487810441614032],[-8.355901950610566e-18 0.0 0.0 0.0; 0.0 2.427208309279613e-6 -8.957322484077859e-6 -4.814817255020784e-7; 0.0 -8.957322484077302e-6 -1.268438424022963e-5 1.568299520550211e-5; 0.0 -4.814817255022938e-7 1.5682995205501538e-5 1.6339355832605233e-5]
