L,J,Q,θ,μ,ϕx,ϕy,ϕz,ndims,T,Λ,χ_dwave,dχdlogT_dwave,χ_pwave,dχdlogT_pwave
23,0.4,0.6180339887498949,0.4487989505128276,0.75,1.844230068945385,1.1274623114571236,4.291057478636419,3,0.01291549665014884,0.3,[0.45596043712262496 0.0 0.0 0.0; 0.0 0.06911837934109959 -0.028133900330905293 -0.02687897776806289; 0.0 -0.028133900330906934 0.07008906376733419 -0.027434424603872274; 0.0 -0.026878977768063042 -0.027434424603873603 0.06891673088011517],[-0.13895089800556634 0.0 0.0 0.0; 0.0 -0.003946917219392943 0.00010084791378465835 -4.7817443603951444e-5; 0.0 0.00010084791378464187 -0.004163685447010965 -0.00019060024353868274; 0.0 -4.781744360395418e-5 -0.0001906002435386825 -0.004080784505260453],[-6.610785937924571e-19 0.0 0.0 0.0; 0.0 0.08617915316533079 -0.0006218866649971073 -0.004973720171622597; 0.0 -0.0006218866649971126 0.08616386325295289 0.000875637187619412; 0.0 -0.00497372017162292 0.0008756371876194375 0.08710549118719707],[-7.066468211279554e-19 0.0 0.0 0.0; 0.0 -0.0035803767711567688 0.00013492109050295876 0.000801316754329552; 0.0 0.00013492109050295212 -0.0033923823330038196 -0.00022176304907082863; 0.0 0.0008013167543294814 -0.00022176304907080413 -0.003626000201624969]
