L,J,Q,θ,μ,ϕx,ϕy,ϕz,ndims,T,Λ,χ_dwave,dχdlogT_dwave,χ_pwave,dχdlogT_pwave
23,0.7,0.6180339887498949,0.4487989505128276,0.75,1.844230068945385,1.1274623114571236,4.291057478636419,3,0.007742636826811269,0.3,[0.5068834033003058 0.0 0.0 0.0; 0.0 0.031149880183575045 -0.010226276912718766 -0.010350036644206643; 0.0 -0.01022627691271903 0.031081077968326747 -0.010248940561153249; 0.0 -0.010350036644207266 -0.010248940561153603 0.031628668098371115],[-0.13433886102572173 0.0 0.0 0.0; 0.0 -0.000954424168451979 -0.0007211840546779547 -0.0007776765993058014; 0.0 -0.0007211840546780011 -0.0010049732522759323 -0.0008038878443706142; 0.0 -0.0007776765993058543 -0.0008038878443705874 -0.001088359861357842],[1.1568712722697012e-18 0.0 0.0 0.0; 0.0 0.03571732984885421 -0.00017910720603449428 0.0001681676866568765; 0.0 -0.00017910720603449358 0.03520092106448219 6.542795112671176e-5; 0.0 0.00016816768665686577 6.542795112671021e-5 0.036188539177468795],[1.1423023060124905e-18 0.0 0.0 0.0; 0.0 -0.0002523353230973363 6.183077640275609e-6 -4.689102324580773e-5; 0.0 6.183077640275484e-6 -0.0001502954757660027 -6.931423956176035e-6; 0.0 -4.689102324580863e-5 -6.931423956175638e-6 -0.0002809010819624517]
