L,J,Q,θ,μ,ϕx,ϕy,ϕz,ndims,T,Λ,χ_dwave,dχdlogT_dwave,χ_pwave,dχdlogT_pwave
23,1.25,0.6180339887498949,0.4487989505128276,0.75,2.0229416505316715,5.371743502297404,0.6056970094929207,3,0.0016681005372000592,0.3,[0.6382903018714765 0.0 0.0 0.0; 0.0 0.01410169915421637 -0.0032132703878382705 -0.0031314948491051285; 0.0 -0.003213270387838364 0.01384970471453082 -0.003039611337008754; 0.0 -0.003131494849105088 -0.003039611337008799 0.013909834073824812],[-0.12332097627284036 0.0 0.0 0.0; 0.0 -0.00037151971465540355 -0.000350094409644425 -0.0003892706795707998; 0.0 -0.00035009440964442424 -0.00036277933291438815 -0.0003594581446221471; 0.0 -0.00038927067957078364 -0.0003594581446221381 -0.0004387351980409675],[6.003516784025285e-18 0.0 0.0 0.0; 0.0 0.012530757509463912 9.43893729561471e-5 -0.00013288193241649173; 0.0 9.43893729561519e-5 0.01249368103537082 -0.00011153646272655554; 0.0 -0.00013288193241649276 -0.000111536462726558 0.012734346796710498],[-5.529195376115247e-18 0.0 0.0 0.0; 0.0 -1.2733823747497854e-5 -8.155236025581277e-6 8.674757995991756e-6; 0.0 -8.155236025581728e-6 -1.103645184432133e-5 2.1400538463889154e-5; 0.0 8.674757995992025e-6 2.1400538463890364e-5 -3.0315653701464606e-5]
