L,J,Q,θ,μ,ϕx,ϕy,ϕz,ndims,T,Λ,χ_dwave,dχdlogT_dwave,χ_pwave,dχdlogT_pwave
23,0.2,0.6180339887498949,0.4487989505128276,0.75,1.844230068945385,1.1274623114571236,4.291057478636419,3,0.007742636826811269,0.3,[0.5344992572279185 0.0 0.0 0.0; 0.0 0.1414882299589161 -0.06255327002904193 -0.058203997317941576; 0.0 -0.06255327002904598 0.14443150627579043 -0.061866336891549314; 0.0 -0.05820399731794386 -0.061866336891548565 0.14165625131878568],[-0.14188795435029838 0.0 0.0 0.0; 0.0 -0.011346828207717674 0.003196711309484527 0.0026842075599065153; 0.0 0.003196711309484491 -0.011614419213316008 0.0034828080608932544; 0.0 0.0026842075599067647 0.00348280806089341 -0.011890588783955195],[-4.46994348664946e-18 0.0 0.0 0.0; 0.0 0.18221864306495972 -0.004802551101416817 -0.02176487193607101; 0.0 -0.0048025511014167105 0.18004063428468928 0.004826724950610142; 0.0 -0.0217648719360715 0.004826724950610246 0.18225318218828443],[2.7540934602436443e-19 0.0 0.0 0.0; 0.0 -0.012824596723258846 0.0019066490691987984 0.003264997064120546; 0.0 0.001906649069198936 -0.012542583613579343 -0.0004630473239421754; 0.0 0.003264997064120375 -0.0004630473239422007 -0.012638624125883768]
