L,J,Q,θ,μ,ϕx,ϕy,ϕz,ndims,T,Λ,χ_dwave,dχdlogT_dwave,χ_pwave,dχdlogT_pwave
23,1.05,0.6180339887498949,0.4487989505128276,0.75,2.810390175230641,1.0772819831490281,3.680682016823238,3,0.0016681005372000592,0.3,[0.6715865202516075 0.0 0.0 0.0; 0.0 0.01850261046501994 -0.004375963527840103 -0.003962511822484735; 0.0 -0.0043759635278400365 0.018481674747659386 -0.0042728639846916425; 0.0 -0.003962511822484603 -0.004272863984691774 0.018305606299051168],[-0.13161487171335454 0.0 0.0 0.0; 0.0 -0.0005486534153026113 -0.0005307395048295319 -0.0005392714997897319; 0.0 -0.0005307395048295677 -0.0005384631353652036 -0.0005337639123892527; 0.0 -0.0005392714997897298 -0.000533763912389237 -0.0006531931398164361],[1.1074845724949144e-17 0.0 0.0 0.0; 0.0 0.01760824830453113 2.6082760937729536e-5 -4.096564537170209e-5; 0.0 2.6082760937729167e-5 0.01801346208271373 -9.195662625762192e-5; 0.0 -4.0965645371701153e-5 -9.195662625762619e-5 0.017705293328291117],[-4.442729843909336e-18 0.0 0.0 0.0; 0.0 -4.956062109854799e-6 -3.304870365716662e-5 -6.094000869772539e-6; 0.0 -3.304870365716617e-5 -5.848076744345309e-6 -5.343874513231476e-6; 0.0 -6.094000869772605e-6 -5.343874513232032e-6 -1.7487568571037657e-5]
