L,J,Q,θ,μ,ϕx,ϕy,ϕz,ndims,T,Λ,χ_dwave,dχdlogT_dwave,χ_pwave,dχdlogT_pwave
23,0.65,0.6180339887498949,0.4487989505128276,0.75,1.573530448848193,4.436680002802441,0.6352908892784268,3,0.007742636826811269,0.3,[0.5101175445393452 0.0 0.0 0.0; 0.0 0.03491486810448663 -0.011282274148744473 -0.011428321789490565; 0.0 -0.011282274148745233 0.034978405463020446 -0.011241962463823888; 0.0 -0.011428321789490239 -0.011241962463823167 0.03535398194104373],[-0.13527611232690645 0.0 0.0 0.0; 0.0 -0.0011186597215724118 -0.0008697664177420311 -0.0009412997351613075; 0.0 -0.0008697664177420395 -0.0012495021258764497 -0.0009154805634967657; 0.0 -0.0009412997351613487 -0.0009154805634968088 -0.0012394208986609046],[1.0521545972324908e-18 0.0 0.0 0.0; 0.0 0.039804533776313426 7.6103671025768475e-6 0.00014181972885912543; 0.0 7.61036710257867e-6 0.04012714602279863 -0.0002232703969467815; 0.0 0.00014181972885912532 -0.00022327039694680322 0.03981544862232706],[1.2148493832398883e-18 0.0 0.0 0.0; 0.0 -0.0002487564020779791 -9.754197686331858e-6 -3.442720502979731e-5; 0.0 -9.754197686332724e-6 -0.00029317382021300904 1.4800827970655215e-5; 0.0 -3.4427205029798655e-5 1.4800827970657366e-5 -0.00022298775621241025]
