L,J,Q,θ,μ,ϕx,ϕy,ϕz,ndims,T,χ,dχdlogT,Λ
23,0.8,0.6180339887498949,0.4487989505128276,0.75,0.8506012360229415,5.036710268820654,2.5032169644691042,3,0.0027825594022071257,[0.6298714341399654 0.0 0.0 0.0; 0.0 0.026841161132504662 -0.006695700149305699 -0.007411446712178311; 0.0 -0.006695700149305524 0.026520804133232656 -0.006698250020263107; 0.0 -0.007411446712177976 -0.006698250020263056 0.026385957764637823],[-0.12844416539909256 0.0 0.0 0.0; 0.0 -0.0007944078680433196 -0.0008453541627462927 -0.0007194899314767512; 0.0 -0.000845354162746305 -0.0008537082165132168 -0.0007656300805068969; 0.0 -0.0007194899314767332 -0.0007656300805069104 -0.0007105625271847055],0.3
