L,J,Q,θ,μ,ϕx,ϕy,ϕz,ndims,T,Λ,χ_dwave,dχdlogT_dwave,χ_pwave,dχdlogT_pwave
23,0.8,0.6180339887498949,0.4487989505128276,0.75,2.810390175230641,1.0772819831490281,3.680682016823238,3,0.0027825594022071257,0.3,[0.6334494140378916 0.0 0.0 0.0; 0.0 0.02625132243310875 -0.0071217628990277995 -0.007065913791154878; 0.0 -0.0071217628990274656 0.026759672446387703 -0.007364091443133738; 0.0 -0.007065913791154758 -0.007364091443133563 0.025924800642348804],[-0.134487822038593 0.0 0.0 0.0; 0.0 -0.0007485291833116491 -0.0007551410965988852 -0.0007374028890564677; 0.0 -0.0007551410965988514 -0.0008599292245976141 -0.0007305499599664068; 0.0 -0.0007374028890564793 -0.0007305499599663823 -0.0007525880505657622],[-1.1751685010660087e-18 0.0 0.0 0.0; 0.0 0.02793347505120673 -5.769993632768775e-6 -6.103093390387582e-5; 0.0 -5.769993632771244e-6 0.028606966452039997 -0.00019780646141372276; 0.0 -6.103093390387578e-5 -0.00019780646141371916 0.02753723832044159],[-3.204297806164517e-18 0.0 0.0 0.0; 0.0 -2.4954340637258155e-5 1.7222411437452815e-5 2.4562860508839894e-5; 0.0 1.722241143745318e-5 -3.891178515292126e-5 -8.799023243968214e-6; 0.0 2.456286050883988e-5 -8.799023243968997e-6 -6.54449763284961e-5]
