L,J,Q,θ,μ,ϕx,ϕy,ϕz,ndims,T,Λ,χ_dwave,dχdlogT_dwave,χ_pwave,dχdlogT_pwave
23,0.45,0.6180339887498949,0.4487989505128276,0.75,5.108608070790224,2.6269203188545354,3.014007765852682,3,3.5938136638046276,0.3,[0.0057849258259706484 0.0 0.0 0.0; 0.0 0.0013105430065722017 -0.0005643240900020058 -0.0005592230893367653; 0.0 -0.0005643240900020064 0.0013157190283711049 -0.0005626964413991786; 0.0 -0.0005592230893367652 -0.0005626964413991834 0.0013076285647824746],[-0.005782697718202888 0.0 0.0 0.0; 0.0 -0.0013098001508204421 0.0005639897120264711 0.0005588958985025486; 0.0 0.000563989712026447 -0.00131497233771037 0.0005623652596836108; 0.0 0.0005588958985025516 0.0005623652596836026 -0.0013068917398894593],[3.585635297318242e-20 0.0 0.0 0.0; 0.0 0.0016655917066557661 -1.0645142396055422e-5 6.738231711639627e-7; 0.0 -1.0645142396054179e-5 0.0016774769669297795 6.137948316942369e-6; 0.0 6.738231711633268e-7 6.137948316942525e-6 0.0016637449101186347],[-3.5840917994644654e-20 0.0 0.0 0.0; 0.0 -0.0016646348359818225 1.0673596938792937e-5 -6.678898520137408e-7; 0.0 1.0673596938792648e-5 -0.0016765211386431038 -6.13218482849119e-6; 0.0 -6.678898520137732e-7 -6.1321848284913206e-6 -0.0016627837035532865]
