L,J,Q,θ,μ,ϕx,ϕy,ϕz,ndims,T,Λ,χ_dwave,dχdlogT_dwave,χ_pwave,dχdlogT_pwave
23,0.3,0.6180339887498949,0.4487989505128276,0.75,5.108608070790224,2.6269203188545354,3.014007765852682,3,0.1,0.3,[0.17570401896265145 0.0 0.0 0.0; 0.0 0.051202633208556426 -0.022256987412264603 -0.022583252795834036; 0.0 -0.022256987412265155 0.05096462257398873 -0.02227148815628419; 0.0 -0.02258325279583509 -0.022271488156285903 0.051247709288760435],[-0.1280323600400912 0.0 0.0 0.0; 0.0 -0.033468579571937204 0.014087046916479462 0.014915061135025139; 0.0 0.014087046916479513 -0.03333771200323182 0.014649464908846832; 0.0 0.014915061135026267 0.01464946490884712 -0.03414090627297445],[1.0793133285824058e-18 0.0 0.0 0.0; 0.0 0.06541003270094231 -0.0010771893377719563 -0.00016821577049919254; 0.0 -0.0010771893377718397 0.06566022814229089 -0.00013952710957564976; 0.0 -0.00016821577049920693 -0.00013952710957565903 0.06554579079184462],[-8.514806762461886e-19 0.0 0.0 0.0; 0.0 -0.043537442324385826 0.002590229115083573 0.000518191880164067; 0.0 0.002590229115083688 -0.0436897350418032 0.0001995614384044714; 0.0 0.0005181918801640771 0.00019956143840446942 -0.04304166037034183]
