L,J,Q,θ,μ,ϕx,ϕy,ϕz,ndims,T,Λ,χ_dwave,dχdlogT_dwave,χ_pwave,dχdlogT_pwave
23,1.1,0.6180339887498949,0.4487989505128276,0.75,5.106330914882206,0.20684903641207408,4.563814702367097,3,0.021544346900318832,0.3,[0.3400626380917808 0.0 0.0 0.0; 0.0 0.015113191092703726 -0.005012851413617965 -0.004850013290337161; 0.0 -0.0050128514136181645 0.015273932122139433 -0.005114865531563849; 0.0 -0.004850013290337146 -0.0051148655315637745 0.015267403314046428],[-0.12319612054361095 0.0 0.0 0.0; 0.0 -0.0008715162495953702 -0.00023460842553518082 -0.0002506469569588801; 0.0 -0.00023460842553518118 -0.0008823002941103219 -0.00022960323936336834; 0.0 -0.0002506469569588643 -0.0002296032393633638 -0.0009657298021477297],[2.948774668745271e-19 0.0 0.0 0.0; 0.0 0.01572956330930254 0.0001280978488423953 4.533757734294523e-5; 0.0 0.00012809784884239438 0.01577141677101036 9.242988386229177e-5; 0.0 4.5337577342945366e-5 9.242988386229463e-5 0.015537342062718083],[-1.051545381027508e-18 0.0 0.0 0.0; 0.0 -0.0004022524619219054 -1.3734261930864818e-5 1.5104687386900455e-5; 0.0 -1.3734261930864604e-5 -0.0004580413590471657 5.7479659721378475e-6; 0.0 1.5104687386900892e-5 5.747965972137026e-6 -0.0003729564866872169]
