L,J,Q,θ,μ,ϕx,ϕy,ϕz,ndims,T,Λ,χ_dwave,dχdlogT_dwave,χ_pwave,dχdlogT_pwave
23,0.95,0.6180339887498949,0.4487989505128276,0.75,5.2759666248411525,5.216572709691631,2.2183578985492427,3,0.05994842503189409,0.3,[0.2218812553734498 0.0 0.0 0.0; 0.0 0.016748212518409286 -0.0061359012477813415 -0.0060611212508108045; 0.0 -0.006135901247781308 0.016598372601942867 -0.005859405347687933; 0.0 -0.0060611212508107715 -0.005859405347688101 0.01651378522467016],[-0.12620896386162478 0.0 0.0 0.0; 0.0 -0.0044321308039911795 0.0011581532043716323 0.0011463295648580002; 0.0 0.0011581532043715838 -0.004397190280466813 0.0010394419888999468; 0.0 0.0011463295648579412 0.0010394419888999033 -0.004371694646970055],[1.7272369957257128e-18 0.0 0.0 0.0; 0.0 0.01845060853494099 9.759574345346608e-5 -0.00015980748039398063; 0.0 9.759574345346371e-5 0.018289067542188606 -0.00018746553710934641; 0.0 -0.00015980748039397672 -0.00018746553710933804 0.018470879976797562],[-7.153370361261502e-19 0.0 0.0 0.0; 0.0 -0.004259548019303742 -2.0017698935993878e-5 5.5225093949385395e-5; 0.0 -2.0017698935994555e-5 -0.004244864489233792 8.230803920847399e-5; 0.0 5.522509394938668e-5 8.230803920847456e-5 -0.00428906800736769]
