L,J,Q,θ,μ,ϕx,ϕy,ϕz,ndims,T,Λ,χ_dwave,dχdlogT_dwave,χ_pwave,dχdlogT_pwave
23,0.25,0.6180339887498949,0.4487989505128276,0.75,6.043674416402162,2.160866292828208,3.5422051391873537,3,3.5938136638046276,0.3,[0.005767867805631284 0.0 0.0 0.0; 0.0 0.0019462460399098907 -0.0008620694887559396 -0.0008648990196277937; 0.0 -0.0008620694887558764 0.0019412405621842739 -0.0008630471363967888; 0.0 -0.000864899019627778 -0.0008630471363968099 0.0019430268949405792],[-0.005765828146636853 0.0 0.0 0.0; 0.0 -0.0019454180334967251 0.000861697919071029 0.000864525163800087; 0.0 0.0008616979190710887 -0.0019404135805927813 0.0008626717980904391; 0.0 0.0008645251638001189 0.0008626717980904209 -0.0019421962678262408],[-9.196051811354248e-21 0.0 0.0 0.0; 0.0 0.0024864889733049057 9.524857212198353e-6 2.1687910660370584e-6; 0.0 9.524857212196061e-6 0.0024845023478747017 2.7889165030279884e-6; 0.0 2.16879106603817e-6 2.7889165030280312e-6 0.0024667903554167207],[9.180056051375955e-21 0.0 0.0 0.0; 0.0 -0.0024855480674780992 -9.565707882808463e-6 -2.189226433842341e-6; 0.0 -9.565707882806835e-6 -0.002483561557367096 -2.771195705043469e-6; 0.0 -2.1892264338420962e-6 -2.7711957050435017e-6 -0.0024658535571230075]
