L,J,Q,θ,μ,ϕx,ϕy,ϕz,ndims,T,Λ,χ_dwave,dχdlogT_dwave,χ_pwave,dχdlogT_pwave
23,0.6,0.6180339887498949,0.4487989505128276,0.75,5.106330914882206,0.20684903641207408,4.563814702367097,3,0.01291549665014884,0.3,[0.44397902820007323 0.0 0.0 0.0; 0.0 0.0387324477866373 -0.014173103281223625 -0.013570109074200238; 0.0 -0.014173103281224298 0.03892958729072911 -0.01346893580087294; 0.0 -0.01357010907419955 -0.01346893580087273 0.03825401544873422],[-0.13526591052458284 0.0 0.0 0.0; 0.0 -0.0017016240054333193 -0.0006438527323738964 -0.0007192866563424314; 0.0 -0.0006438527323738609 -0.0017318282756970949 -0.0007346501531211032; 0.0 -0.0007192866563424615 -0.0007346501531211424 -0.001716941287050478],[2.1654262932640717e-18 0.0 0.0 0.0; 0.0 0.04535558191989589 0.00036598789176431237 -0.0002912386410468494; 0.0 0.00036598789176431134 0.04595306646812216 5.011640848855565e-5; 0.0 -0.00029123864104685067 5.0116408488580566e-5 0.04541992503179848],[-2.4361053898992213e-18 0.0 0.0 0.0; 0.0 -0.0007535725083241807 -3.018794113228166e-5 4.0365061482103856e-5; 0.0 -3.018794113228089e-5 -0.0008300696887008801 6.54285709297838e-5; 0.0 4.036506148210252e-5 6.542857092978043e-5 -0.0007254509337138503]
