L,J,Q,θ,μ,ϕx,ϕy,ϕz,ndims,T,Λ,χ_dwave,dχdlogT_dwave,χ_pwave,dχdlogT_pwave
23,0.4,0.6180339887498949,0.4487989505128276,0.75,1.3595744307236286,1.6230091281990537,3.234476175330475,3,0.05994842503189409,0.3,[0.24334507238080075 0.0 0.0 0.0; 0.0 0.05209530026875092 -0.0222732926047363 -0.022022928699226466; 0.0 -0.022273292604735137 0.0523545853495859 -0.022336937992103286; 0.0 -0.022022928699227447 -0.022336937992103463 0.05212687641429389],[-0.14036797970526313 0.0 0.0 0.0; 0.0 -0.019988343413617615 0.00795709325374916 0.007768069866220925; 0.0 0.007957093253749456 -0.020117885063200017 0.00793382971969514; 0.0 0.0077680698662217045 0.007933829719695142 -0.02009869254480069],[3.861328882523959e-19 0.0 0.0 0.0; 0.0 0.06810624482408517 -4.828553071583435e-5 -0.00038606695014918135; 0.0 -4.828553071582991e-5 0.06791225348638952 -0.0008449385004067919; 0.0 -0.0003860669501492026 -0.0008449385004067885 0.06743359899323356],[-1.3212231768461804e-19 0.0 0.0 0.0; 0.0 -0.026746301666319812 8.555933581686361e-5 0.00046936297606147624; 0.0 8.555933581687161e-5 -0.026664457090621593 0.0011178429426265469; 0.0 0.0004693629760614508 0.0011178429426266009 -0.02631979419805536]
