L,J,Q,θ,μ,ϕx,ϕy,ϕz,ndims,T,Λ,χ_dwave,dχdlogT_dwave,χ_pwave,dχdlogT_pwave
23,0.15,0.6180339887498949,0.4487989505128276,0.75,3.7152326662553454,5.721680001447781,0.41513891803668856,3,0.021544346900318832,0.3,[0.418113785590703 0.0 0.0 0.0; 0.0 0.14169424407800887 -0.06799066618922003 -0.057289420750809956; 0.0 -0.06799066618922123 0.15159097566876414 -0.06621453511563362; 0.0 -0.05728942075080908 -0.06621453511563558 0.14019494742853283],[-0.16949135132060617 0.0 0.0 0.0; 0.0 -0.03897167117641576 0.02147894000089548 0.011061789542038937; 0.0 0.021478940000896743 -0.04722907534150398 0.018983992713789536; 0.0 0.011061789542039282 0.018983992713787968 -0.036869128056488426],[-6.063247447325838e-19 0.0 0.0 0.0; 0.0 0.19944385560151306 0.006311305324654308 -0.003054244085180625; 0.0 0.006311305324654377 0.18950059572548097 0.00095470307480976; 0.0 -0.0030542440851807342 0.0009547030748098062 0.20098592101009985],[8.536138184186386e-19 0.0 0.0 0.0; 0.0 -0.06303077796201757 -0.007341633396816021 0.0034228685562266606; 0.0 -0.007341633396815464 -0.054290557822413675 -0.0003387222297979994; 0.0 0.0034228685562265127 -0.00033872222979805056 -0.0647555857478227]
