L,J,Q,θ,μ,ϕx,ϕy,ϕz,ndims,T,Λ,χ_dwave,dχdlogT_dwave,χ_pwave,dχdlogT_pwave
23,0.95,0.6180339887498949,0.4487989505128276,0.75,3.7152326662553454,5.721680001447781,0.41513891803668856,3,0.001,0.3,[0.7416921640531653 0.0 0.0 0.0; 0.0 0.021218248062780085 -0.004647183934342194 -0.004683696151839858; 0.0 -0.004647183934342042 0.021100967707962933 -0.004426459101789739; 0.0 -0.004683696151839738 -0.004426459101789858 0.02127627534877288],[-0.12252324256752371 0.0 0.0 0.0; 0.0 -0.000575683999829566 -0.0005932485114981809 -0.0005826965728720943; 0.0 -0.0005932485114981416 -0.0005565681020938705 -0.0005705862274849531; 0.0 -0.0005826965728721084 -0.0005705862274849486 -0.0005869382308639127],[5.053983707549547e-18 0.0 0.0 0.0; 0.0 0.0203931468486265 -3.88473162689139e-5 0.00017134530722135352; 0.0 -3.884731626891555e-5 0.020502492350003225 8.775182259475988e-5; 0.0 0.00017134530722135436 8.7751822594756e-5 0.020627783107486638],[5.9565877938512876e-18 0.0 0.0 0.0; 0.0 -4.246205669671905e-6 3.22987901222257e-6 5.649568175530673e-6; 0.0 3.229879012222452e-6 -2.2135242902673098e-5 1.0113175544315586e-5; 0.0 5.64956817553137e-6 1.0113175544316106e-5 1.7622310820821384e-5]
