L,J,Q,θ,μ,ϕx,ϕy,ϕz,ndims,T,Λ,χ_dwave,dχdlogT_dwave,χ_pwave,dχdlogT_pwave
23,1.15,0.6180339887498949,0.4487989505128276,0.75,1.3595744307236286,1.6230091281990537,3.234476175330475,3,0.004641588833612777,0.3,[0.522774479201905 0.0 0.0 0.0; 0.0 0.015092531890086868 -0.004231365887577024 -0.0042192656037566565; 0.0 -0.004231365887576955 0.015326017221413043 -0.0041919262613410585; 0.0 -0.004219265603756827 -0.004191926261341194 0.015175246119361753],[-0.12059066214009241 0.0 0.0 0.0; 0.0 -0.0004026503136533365 -0.0003829893402593983 -0.00037209519416781363; 0.0 -0.0003829893402593993 -0.0005070256092185626 -0.0003941888202032602; 0.0 -0.00037209519416782507 -0.0003941888202032555 -0.0003973873916099618],[-1.0601792189125936e-18 0.0 0.0 0.0; 0.0 0.014512322110206281 -2.2020066551965425e-5 0.00014463843038237115; 0.0 -2.2020066551965164e-5 0.014767106322933118 7.750299390152833e-5; 0.0 0.00014463843038237247 7.750299390153124e-5 0.014753317796256797],[1.1461568098221763e-18 0.0 0.0 0.0; 0.0 -1.029441749988538e-5 -1.9614679794923714e-5 9.658460244651572e-6; 0.0 -1.9614679794924107e-5 -1.6224152270685955e-5 -2.143464344592634e-5; 0.0 9.658460244651147e-6 -2.1434643445926625e-5 -1.1810817872086971e-5]
