L,J,Q,θ,μ,ϕx,ϕy,ϕz,ndims,T,Λ,χ_dwave,dχdlogT_dwave,χ_pwave,dχdlogT_pwave
23,1.0,0.6180339887498949,0.4487989505128276,0.75,5.108608070790224,2.6269203188545354,3.014007765852682,3,2.154434690031884,0.3,[0.00880769318455292 0.0 0.0 0.0; 0.0 0.000829560631646046 -0.00032458843016207816 -0.0003247564096194357; 0.0 -0.00032458843016208656 0.0008300476320938795 -0.00032178470377036873; 0.0 -0.000324756409619443 -0.000321784703770382 0.0008261090831905955],[-0.008798252488664025 0.0 0.0 0.0; 0.0 -0.0008279033297228061 0.0003238957833817978 0.0003240569499334971; 0.0 0.00032389578338179985 -0.0008283928668507487 0.0003210947898462617; 0.0 0.00032405694993351475 0.00032109478984625336 -0.0008244572000180267],[-1.2672891339362041e-20 0.0 0.0 0.0; 0.0 0.0009400307744350178 -2.3828498651154707e-6 5.372561628375422e-7; 0.0 -2.382849865115384e-6 0.0009494773298795292 3.036979130775592e-6; 0.0 5.372561628374877e-7 3.0369791307755156e-6 0.0009515591052857782],[1.2606430976808088e-20 0.0 0.0 0.0; 0.0 -0.000938064838770118 2.380091671499468e-6 -5.391111676866825e-7; 0.0 2.3800916714995765e-6 -0.0009474952214636794 -3.028091914363794e-6; 0.0 -5.391111676867096e-7 -3.0280919143638815e-6 -0.0009495775761672754]
