L,J,Q,θ,μ,ϕx,ϕy,ϕz,ndims,T,Λ,χ_dwave,dχdlogT_dwave,χ_pwave,dχdlogT_pwave
23,0.75,0.6180339887498949,0.4487989505128276,0.75,1.7147032833659617,1.1033524487318418,0.8149814849990139,3,0.05994842503189409,0.3,[0.230429699252498 0.0 0.0 0.0; 0.0 0.023040014405219987 -0.00875801144086625 -0.00894783458022023; 0.0 -0.008758011440866412 0.0233534268703654 -0.00922403514429052; 0.0 -0.00894783458021988 -0.009224035144290408 0.023302770358259547],[-0.13071055074327767 0.0 0.0 0.0; 0.0 -0.006426414345185858 0.001830922665452855 0.001891866888970843; 0.0 0.001830922665452844 -0.0065475437262986136 0.0020670851598947547; 0.0 0.0018918668889708196 0.002067085159894933 -0.006501196252726477],[6.769668572366534e-20 0.0 0.0 0.0; 0.0 0.027325320513973104 9.786802882777282e-5 -0.0001509062283455103; 0.0 9.786802882777611e-5 0.028088751206832917 -0.00021208022426520893; 0.0 -0.00015090622834552141 -0.00021208022426521812 0.027664930398363152],[-2.259439891353653e-19 0.0 0.0 0.0; 0.0 -0.006907516214120131 -4.9817665903088666e-5 3.595314415275491e-5; 0.0 -4.981766590309079e-5 -0.007213869385274658 0.00010243967306698611; 0.0 3.595314415275337e-5 0.00010243967306698741 -0.006987138383799033]
