L,J,Q,θ,μ,ϕx,ϕy,ϕz,ndims,T,Λ,χ_dwave,dχdlogT_dwave,χ_pwave,dχdlogT_pwave
23,0.95,0.6180339887498949,0.4487989505128276,0.75,2.0229416505316715,5.371743502297404,0.6056970094929207,3,0.03593813663804628,0.3,[0.2887934781693123 0.0 0.0 0.0; 0.0 0.01849356206242982 -0.00656008326927013 -0.006435563005451781; 0.0 -0.006560083269270219 0.018460779272978924 -0.006324714191823798; 0.0 -0.006435563005452106 -0.006324714191823722 0.017622657166124316],[-0.12863356185134653 0.0 0.0 0.0; 0.0 -0.0022102667105935894 0.00016135223421382146 0.0001220085185081733; 0.0 0.0001613522342138271 -0.0022386036915238135 0.0001684891264128756; 0.0 0.00012200851850817776 0.00016848912641286864 -0.0020233371201072705],[-3.293842361725262e-19 0.0 0.0 0.0; 0.0 0.02000680860162848 -0.00014894827327371812 -0.00022028714413656564; 0.0 -0.00014894827327371934 0.02054026757264168 -8.592599143407446e-5; 0.0 -0.00022028714413657233 -8.592599143408049e-5 0.01975166420782633],[-7.256863232772378e-19 0.0 0.0 0.0; 0.0 -0.0016832686225964025 3.5133171504953025e-5 5.418807829244017e-5; 0.0 3.5133171504956386e-5 -0.001772439366044896 1.445747743447699e-5; 0.0 5.4188078292438305e-5 1.445747743447767e-5 -0.0016956345804678404]
