L,J,Q,θ,μ,ϕx,ϕy,ϕz,ndims,T,Λ,χ_dwave,dχdlogT_dwave,χ_pwave,dχdlogT_pwave
23,0.25,0.6180339887498949,0.4487989505128276,0.75,2.810390175230641,1.0772819831490281,3.680682016823238,3,0.021544346900318832,0.3,[0.3881632398163057 0.0 0.0 0.0; 0.0 0.10573284740747543 -0.04775820128472593 -0.0442716148771933; 0.0 -0.047758201284728415 0.10799364079371615 -0.046267359767885284; 0.0 -0.0442716148771941 -0.04626735976788355 0.10548222131304848],[-0.13635905151777233 0.0 0.0 0.0; 0.0 -0.019476378056168295 0.008794100216771263 0.006254796898869998; 0.0 0.008794100216771189 -0.020607518618459476 0.007472052202509934; 0.0 0.006254796898869928 0.0074720522025102385 -0.019303551415413272],[6.064394553858521e-18 0.0 0.0 0.0; 0.0 0.13753416128539445 -0.004633997027041043 -0.002914777855883379; 0.0 -0.004633997027041166 0.13437360730167808 0.0009925078379337464; 0.0 -0.0029147778558834513 0.0009925078379336655 0.13817713127280215],[-1.8679231683703372e-18 0.0 0.0 0.0; 0.0 -0.02392775148907791 0.0025855196729631796 0.0019837803407883464; 0.0 0.002585519672963195 -0.022537075044924172 -0.0012562977694402177; 0.0 0.0019837803407884076 -0.00125629776944021 -0.024405713749363844]
