L,J,Q,θ,μ,ϕx,ϕy,ϕz,ndims,T,χ,dχdlogT,Λ
23,0.95,0.6180339887498949,0.4487989505128276,0.75,0.8506012360229415,5.036710268820654,2.5032169644691042,3,0.03593813663804628,[0.28932794151869173 0.0 0.0 0.0; 0.0 0.017958753805355502 -0.006110704540015455 -0.006180463936196712; 0.0 -0.006110704540015273 0.018155513814143494 -0.006253529722321171; 0.0 -0.006180463936196679 -0.006253529722320423 0.018333877207827535],[-0.12875278603074908 0.0 0.0 0.0; 0.0 -0.00216946130750209 5.8093523074887286e-5 4.8098309590550454e-5; 0.0 5.809352307489627e-5 -0.0022421370373338816 8.975420516819605e-5; 0.0 4.809830959055146e-5 8.975420516821401e-5 -0.0021831021502433075],0.3
