L,J,Q,θ,μ,ϕx,ϕy,ϕz,ndims,T,Λ,χ_dwave,dχdlogT_dwave,χ_pwave,dχdlogT_pwave
23,0.65,0.6180339887498949,0.4487989505128276,0.75,1.844230068945385,1.1274623114571236,4.291057478636419,3,0.021544346900318832,0.3,[0.37345663083659897 0.0 0.0 0.0; 0.0 0.03401517350132296 -0.012339168489541653 -0.012322131713532471; 0.0 -0.01233916848954173 0.03420998912117984 -0.012411332241336807; 0.0 -0.012322131713532516 -0.012411332241336955 0.03397294010579535],[-0.13544618554548976 0.0 0.0 0.0; 0.0 -0.0024660020873681168 -0.00028862854698466587 -0.000262110282719882; 0.0 -0.00028862854698465844 -0.0025171574848429643 -0.00025463449933905497; 0.0 -0.00026211028271989846 -0.0002546344993390699 -0.0024982207335606885],[1.829601426024465e-18 0.0 0.0 0.0; 0.0 0.040096381648543615 0.00023596504902732198 -0.0004671864698957773; 0.0 0.00023596504902733152 0.0400900531268013 -0.0002026690704096107; 0.0 -0.0004671864698957245 -0.0002026690704095921 0.03948223076119859],[-2.819342637405825e-19 0.0 0.0 0.0; 0.0 -0.0017653941341944984 1.912579353522786e-5 0.00011501902596420772; 0.0 1.9125793535225682e-5 -0.0017343986772298077 0.00011538536687943702; 0.0 0.00011501902596419465 0.00011538536687942721 -0.0017100833610688819]
