L,J,Q,θ,μ,ϕx,ϕy,ϕz,ndims,T,Λ,χ_dwave,dχdlogT_dwave,χ_pwave,dχdlogT_pwave
23,1.0,0.6180339887498949,0.4487989505128276,0.75,1.844230068945385,1.1274623114571236,4.291057478636419,3,0.0027825594022071257,0.3,[0.6100683577569019 0.0 0.0 0.0; 0.0 0.01951842884228977 -0.004937278511070075 -0.00455028501561667; 0.0 -0.004937278511069972 0.01894318286371951 -0.004919680153647719; 0.0 -0.004550285015616559 -0.004919680153647562 0.019519263140603284],[-0.1268106142793658 0.0 0.0 0.0; 0.0 -0.0006091445355141669 -0.0005382543652597961 -0.0006119133347808051; 0.0 -0.0005382543652597975 -0.00045528156761506355 -0.0005419806796166843; 0.0 -0.0006119133347807828 -0.0005419806796166865 -0.000649079723015648],[-2.5554117364478322e-18 0.0 0.0 0.0; 0.0 0.01926624877903477 -4.7209827960049454e-5 9.282163898166388e-5; 0.0 -4.720982796004788e-5 0.019157706417890722 -3.646774078014524e-5; 0.0 9.282163898166317e-5 -3.6467740780143066e-5 0.019473063789331682],[-1.2490872475151188e-18 0.0 0.0 0.0; 0.0 1.902197852969553e-6 -9.474867838207579e-8 1.2079595672156715e-5; 0.0 -9.474867838197487e-8 -1.7872942600200202e-5 -7.068865705618553e-6; 0.0 1.2079595672155735e-5 -7.068865705619013e-6 1.9351763734492747e-5]
