L,J,Q,θ,μ,ϕx,ϕy,ϕz,ndims,T,Λ,χ_dwave,dχdlogT_dwave,χ_pwave,dχdlogT_pwave
23,0.3,0.6180339887498949,0.4487989505128276,0.75,5.108608070790224,2.6269203188545354,3.014007765852682,3,0.16681005372000587,0.3,[0.11677306550401183 0.0 0.0 0.0; 0.0 0.035091154842006 -0.015356967288564442 -0.015325652794745561; 0.0 -0.015356967288564677 0.035021312088081874 -0.015278686400351073; 0.0 -0.015325652794745546 -0.015278686400351233 0.034991553818271036],[-0.1008860040419302 0.0 0.0 0.0; 0.0 -0.029084597297822146 0.01257040187862563 0.012765065939699382; 0.0 0.01257040187862533 -0.029057678656760337 0.012737481590033064; 0.0 0.012765065939700556 0.012737481590032601 -0.029260099113925294],[1.629505747702995e-19 0.0 0.0 0.0; 0.0 0.044853761501157316 -0.00020878918117011742 1.677857158626308e-5; 0.0 -0.0002087891811701459 0.044785319275111896 -4.522597886514347e-6; 0.0 1.6778571586259373e-5 -4.522597886511208e-6 0.0447890285640315],[-1.2962097824281886e-19 0.0 0.0 0.0; 0.0 -0.03755261228376346 0.0008242163365144638 0.00013113369256586286; 0.0 0.0008242163365144588 -0.03745290162461601 3.39070705435367e-5; 0.0 0.000131133692565882 3.390707054353248e-5 -0.037228458086692444]
