L,J,Q,θ,μ,ϕx,ϕy,ϕz,ndims,T,Λ,χ_dwave,dχdlogT_dwave,χ_pwave,dχdlogT_pwave
23,0.55,0.6180339887498949,0.4487989505128276,0.75,1.3595744307236286,1.6230091281990537,3.234476175330475,3,0.0016681005372000592,0.3,[0.7307600300257692 0.0 0.0 0.0; 0.0 0.046767179175106685 -0.013982078284637598 -0.014175051235462024; 0.0 -0.013982078284637349 0.046506937628440354 -0.014329715478964255; 0.0 -0.014175051235461845 -0.014329715478963986 0.04745193393499298],[-0.13682997627871263 0.0 0.0 0.0; 0.0 -0.0011712639021093727 -0.0010626283904491979 -0.0011644394552093068; 0.0 -0.0010626283904492072 -0.001037543804562382 -0.0010936130348802092; 0.0 -0.0011644394552093337 -0.0010936130348802038 -0.001140364977742653],[-1.8758098392574817e-17 0.0 0.0 0.0; 0.0 0.05296276329814952 3.5229343698192856e-5 -0.00040064006859877554; 0.0 3.5229343698192436e-5 0.05328080579273735 -0.0002925929419439459; 0.0 -0.0004006400685988 -0.00029259294194400456 0.05421387649089483],[1.1910575255580743e-17 0.0 0.0 0.0; 0.0 -9.446295998646523e-6 1.0576482935601533e-5 -8.031878378422218e-6; 0.0 1.0576482935601613e-5 -6.69253606550648e-5 -5.50749854998182e-5; 0.0 -8.031878378422665e-6 -5.507498549981586e-5 -0.00014034616833681117]
