L,J,Q,θ,μ,ϕx,ϕy,ϕz,ndims,T,Λ,χ_dwave,dχdlogT_dwave,χ_pwave,dχdlogT_pwave
23,1.15,0.6180339887498949,0.4487989505128276,0.75,2.0229416505316715,5.371743502297404,0.6056970094929207,3,0.1,0.3,[0.15364558319763552 0.0 0.0 0.0; 0.0 0.010632713085604307 -0.0037781449769553315 -0.0040005314630510444; 0.0 -0.003778144976955384 0.010810987959553205 -0.00403609133413795; 0.0 -0.004000531463051153 -0.004036091334137873 0.01084099853557063],[-0.11118373271087759 0.0 0.0 0.0; 0.0 -0.005301436038249308 0.0017093950216449836 0.0018257197657654464; 0.0 0.0017093950216449248 -0.005425156762622962 0.00186264894636938; 0.0 0.001825719765765465 0.001862648946369384 -0.005436553828855005],[1.4280634039335503e-18 0.0 0.0 0.0; 0.0 0.011577996650518544 7.736124467184104e-5 -7.986451554745941e-6; 0.0 7.736124467184067e-5 0.011655679467288982 -7.322493683701288e-5; 0.0 -7.986451554746371e-6 -7.322493683701485e-5 0.011540786926201115],[-1.1724728700011085e-18 0.0 0.0 0.0; 0.0 -0.005512766146771761 -4.5675089835892996e-5 1.0743838183464566e-5; 0.0 -4.567508983589303e-5 -0.0055635046640749725 4.7372741630463496e-5; 0.0 1.0743838183464576e-5 4.7372741630463895e-5 -0.005500251201467115]
