L,J,Q,θ,μ,ϕx,ϕy,ϕz,ndims,T,Λ,χ_dwave,dχdlogT_dwave,χ_pwave,dχdlogT_pwave
23,1.15,0.6180339887498949,0.4487989505128276,0.75,1.844230068945385,1.1274623114571236,4.291057478636419,3,0.01291549665014884,0.3,[0.3987984780554488 0.0 0.0 0.0; 0.0 0.01462334379745559 -0.004167184525286886 -0.004458272306251778; 0.0 -0.0041671845252868826 0.014949142920850199 -0.004479229158691794; 0.0 -0.004458272306251718 -0.004479229158692047 0.014929607599216242],[-0.1210375492484385 0.0 0.0 0.0; 0.0 -0.0006018845718500537 -0.0004003843059873338 -0.00034948368800776896; 0.0 -0.0004003843059873359 -0.0006612371415522819 -0.0003818182076738335; 0.0 -0.0003494836880077684 -0.0003818182076738325 -0.0006095414098169082],[3.1878062090570414e-18 0.0 0.0 0.0; 0.0 0.014649039352394621 1.7423759299070947e-5 0.00011404996337753746; 0.0 1.7423759299069646e-5 0.014854841460188577 -4.083451308576623e-6; 0.0 0.0001140499633775378 -4.083451308576109e-6 0.014664082028172818],[-3.1332307895630107e-18 0.0 0.0 0.0; 0.0 -0.00012235716139966414 -1.4003675316693574e-5 -1.7285444744952521e-6; 0.0 -1.4003675316693389e-5 -0.00010092127952451137 -1.5416404359804405e-5; 0.0 -1.7285444744956397e-6 -1.5416404359804547e-5 -9.974790878969024e-5]
