L,J,Q,θ,μ,ϕx,ϕy,ϕz,ndims,T,Λ,χ_dwave,dχdlogT_dwave,χ_pwave,dχdlogT_pwave
23,0.15,0.6180339887498949,0.4487989505128276,0.75,1.573530448848193,4.436680002802441,0.6352908892784268,3,0.01291549665014884,0.3,[0.45732564944568427 0.0 0.0 0.0; 0.0 0.15656448925143968 -0.07080684012426662 -0.06761449070574678; 0.0 -0.07080684012426104 0.15723745660199076 -0.06811025624460292; 0.0 -0.06761449070574785 -0.06811025624460057 0.15601274205341978],[-0.13192904368023273 0.0 0.0 0.0; 0.0 -0.027693597587064724 0.01240741096569012 0.010800143909670547; 0.0 0.012407410965690351 -0.02798280346568867 0.01085874308172864; 0.0 0.010800143909670738 0.010858743081728683 -0.028493990832230757],[-3.901303246671686e-18 0.0 0.0 0.0; 0.0 0.19745144498358144 -0.007352697817640478 0.007417651112549383; 0.0 -0.007352697817640416 0.19908746993750895 -0.007584416177623533; 0.0 0.0074176511125496935 -0.007584416177623952 0.20029993754842804],[3.329286782523869e-18 0.0 0.0 0.0; 0.0 -0.03369364993677392 0.0017356232617505346 -0.004506323395556827; 0.0 0.0017356232617505105 -0.034775713693700167 0.00465053797785056; 0.0 -0.004506323395556965 0.0046505379778506275 -0.034335054840395896]
