L,J,Q,θ,μ,ϕx,ϕy,ϕz,ndims,T,Λ,χ_dwave,dχdlogT_dwave,χ_pwave,dχdlogT_pwave
23,1.1,0.6180339887498949,0.4487989505128276,0.75,1.7147032833659617,1.1033524487318418,0.8149814849990139,3,0.01291549665014884,0.3,[0.40396871885211316 0.0 0.0 0.0; 0.0 0.015382348162252273 -0.0050157856854557105 -0.004843013445301214; 0.0 -0.005015785685455408 0.015833756018942692 -0.005151131507368223; 0.0 -0.004843013445301167 -0.005151131507368361 0.01576365217707122],[-0.12269370616178772 0.0 0.0 0.0; 0.0 -0.0005685019408863719 -0.00034605606330715614 -0.000347657726498691; 0.0 -0.0003460560633071446 -0.0005939919464889171 -0.00031578919673978204; 0.0 -0.00034765772649867 -0.0003157891967397741 -0.0005742780287487716],[5.652866915000769e-19 0.0 0.0 0.0; 0.0 0.01579956988448054 -7.845268576913012e-5 3.848720078913077e-5; 0.0 -7.845268576912886e-5 0.015845783431573415 -0.00014909115223360329; 0.0 3.8487200789127e-5 -0.0001490911522335928 0.01640744541346739],[2.5732272841950754e-18 0.0 0.0 0.0; 0.0 -0.00012481884495676765 1.0744264781992004e-5 -2.7823362534924374e-5; 0.0 1.0744264781991176e-5 -0.00012794214954836634 4.469479432385284e-5; 0.0 -2.7823362534923005e-5 4.4694794323850194e-5 -0.00012920801146953153]
