L,J,Q,θ,μ,ϕx,ϕy,ϕz,ndims,T,Λ,χ_dwave,dχdlogT_dwave,χ_pwave,dχdlogT_pwave
23,0.75,0.6180339887498949,0.4487989505128276,0.75,4.108575757591687,4.541751602016311,2.0408036799157285,3,0.0016681005372000592,0.3,[0.7047130427915915 0.0 0.0 0.0; 0.0 0.0296775641521898 -0.007775988864920149 -0.00744527300171081; 0.0 -0.0077759888649203005 0.02967800550444874 -0.007612367684576568; 0.0 -0.007445273001710658 -0.007612367684576276 0.029601248725348826],[-0.12903933382972005 0.0 0.0 0.0; 0.0 -0.0008363984881139652 -0.000783652755289843 -0.0008205170750493797; 0.0 -0.0007836527552898414 -0.0008317159680564348 -0.0008055823376790271; 0.0 -0.0008205170750493951 -0.0008055823376790141 -0.0007730982908343673],[-1.530564706498156e-18 0.0 0.0 0.0; 0.0 0.03104059720350437 -2.6514130154108855e-5 0.00016806721908923042; 0.0 -2.6514130154108452e-5 0.031212760354115472 0.00025926237746954625; 0.0 0.00016806721908923077 0.00025926237746952565 0.031547770113531874],[9.378282501520451e-18 0.0 0.0 0.0; 0.0 -3.5575268799602275e-6 1.949287397253271e-6 -8.620807974056847e-6; 0.0 1.949287397253159e-6 -7.222878526123678e-6 1.4937779967476595e-6; 0.0 -8.620807974056157e-6 1.4937779967484866e-6 3.242613320600877e-5]
