L,J,Q,θ,μ,ϕx,ϕy,ϕz,ndims,T,Λ,χ_dwave,dχdlogT_dwave,χ_pwave,dχdlogT_pwave
23,0.1,0.6180339887498949,0.4487989505128276,0.75,1.573530448848193,4.436680002802441,0.6352908892784268,3,0.0016681005372000592,0.3,[0.747085430619207 0.0 0.0 0.0; 0.0 0.23045871507320767 -0.109139602187973 -0.09376213359723591; 0.0 -0.10913960218797364 0.2314638630657479 -0.09522705598813921; 0.0 -0.09376213359723612 -0.09522705598814052 0.23136640307476794],[-0.14097000736696655 0.0 0.0 0.0; 0.0 -0.009112241134806383 0.005512980421084995 0.0007207884499455446; 0.0 0.005512980421084952 -0.008569301326894107 0.0007262553169249603; 0.0 0.000720788449945558 0.0007262553169249377 -0.01428752486974648],[-3.361681780307889e-18 0.0 0.0 0.0; 0.0 0.2959491496841887 -0.027343890338200953 0.01841823851274485; 0.0 -0.027343890338201175 0.2967297015924319 -0.019491149940108133; 0.0 0.018418238512744392 -0.01949114994010816 0.30014016783735353],[7.16179720160498e-18 0.0 0.0 0.0; 0.0 -0.014066708827788888 0.006135134521817234 -0.0018356939437896944; 0.0 0.006135134521817326 -0.013312295545043852 0.0029651626801573587; 0.0 -0.0018356939437897634 0.002965162680157306 -0.013253576559577028]
