L,J,Q,θ,μ,ϕx,ϕy,ϕz,ndims,T,Λ,χ_dwave,dχdlogT_dwave,χ_pwave,dχdlogT_pwave
23,1.1,0.6180339887498949,0.4487989505128276,0.75,1.844230068945385,1.1274623114571236,4.291057478636419,3,0.0016681005372000592,0.3,[0.6652798742492028 0.0 0.0 0.0; 0.0 0.01743788526353012 -0.003603391998235772 -0.004138322783079143; 0.0 -0.0036033919982357263 0.017359184329893827 -0.003786918713078347; 0.0 -0.0041383227830791465 -0.0037869187130784143 0.017497052786310033],[-0.12753800664119272 0.0 0.0 0.0; 0.0 -0.0005387330739516162 -0.0005497626738577234 -0.00047684870601744127; 0.0 -0.0005497626738577223 -0.0005964889635853207 -0.0005235179829200248; 0.0 -0.00047684870601744756 -0.00052351798292003 -0.00047012462667012436],[-7.300928783147179e-18 0.0 0.0 0.0; 0.0 0.016811549448975827 8.239703377040359e-5 -0.0001209136215934227; 0.0 8.239703377040744e-5 0.01645301264627077 -5.658590024051743e-5; 0.0 -0.00012091362159342799 -5.6585900240515666e-5 0.016365412004512584],[3.2554505311651264e-18 0.0 0.0 0.0; 0.0 -1.4419363911913655e-5 -7.65089615784689e-6 4.507450539410325e-6; 0.0 -7.650896157847226e-6 1.1560325789084454e-5 6.298667309529109e-6; 0.0 4.50745053940983e-6 6.298667309528774e-6 -1.4881857276601023e-5]
