L,J,Q,θ,μ,ϕx,ϕy,ϕz,ndims,T,Λ,χ_dwave,dχdlogT_dwave,χ_pwave,dχdlogT_pwave
23,1.05,0.6180339887498949,0.4487989505128276,0.75,5.106330914882206,0.20684903641207408,4.563814702367097,3,0.05994842503189409,0.3,[0.21748620753154407 0.0 0.0 0.0; 0.0 0.014340288541797865 -0.005244827366284155 -0.0051007578802386815; 0.0 -0.005244827366284004 0.01435363263680639 -0.005081891554310881; 0.0 -0.005100757880238548 -0.00508189155431077 0.014270983979658444],[-0.12350298853184424 0.0 0.0 0.0; 0.0 -0.0037190972278916185 0.0009794840738861711 0.0009121196446040854; 0.0 0.0009794840738861568 -0.0037309135428436288 0.0009123583792366027; 0.0 0.0009121196446040808 0.0009123583792366234 -0.0036861735087713966],[-1.7542732187621986e-18 0.0 0.0 0.0; 0.0 0.01555026581091656 3.193319519184011e-5 -2.0037979759909323e-5; 0.0 3.193319519183926e-5 0.015379369524370136 -8.068584288712407e-6; 0.0 -2.0037979759911403e-5 -8.068584288711443e-6 0.0155996404098758],[7.65016572445369e-19 0.0 0.0 0.0; 0.0 -0.003517735338345453 -1.9996174747997258e-5 1.5012104910912117e-5; 0.0 -1.9996174747996953e-5 -0.0034610944884032476 -5.086839285146859e-6; 0.0 1.501210491091199e-5 -5.086839285147027e-6 -0.0034966332145114657]
