L,J,Q,θ,μ,ϕx,ϕy,ϕz,ndims,T,Λ,χ_dwave,dχdlogT_dwave,χ_pwave,dχdlogT_pwave
23,0.7,0.6180339887498949,0.4487989505128276,0.75,5.108608070790224,2.6269203188545354,3.014007765852682,3,0.1,0.3,[0.16728614379237236 0.0 0.0 0.0; 0.0 0.02106635450858652 -0.008462003839904482 -0.008348827082939098; 0.0 -0.00846200383990452 0.021092918556904032 -0.00829123137957946; 0.0 -0.008348827082939261 -0.008291231379579527 0.02097191261196919],[-0.12122845370614475 0.0 0.0 0.0; 0.0 -0.01122095989291831 0.0042168465927253755 0.0041280448416761446; 0.0 0.004216846592725321 -0.011226469192563955 0.004062276828227465; 0.0 0.0041280448416761255 0.004062276828227719 -0.011135729592602445],[-1.3558041819664588e-18 0.0 0.0 0.0; 0.0 0.025493745459766067 -0.0001447401872924624 -3.902944881641688e-5; 0.0 -0.0001447401872924513 0.02543049065287817 5.1762304463070515e-5; 0.0 -3.9029448816415316e-5 5.176230446307472e-5 0.025373912199880208],[7.147865167744517e-19 0.0 0.0 0.0; 0.0 -0.01311448394341555 0.00010333679555981475 3.9785732816233184e-5; 0.0 0.0001033367955598049 -0.01307173106956693 -2.7402098175030635e-5; 0.0 3.978573281623333e-5 -2.7402098175028487e-5 -0.013059550873436474]
