L,J,Q,θ,μ,ϕx,ϕy,ϕz,ndims,T,Λ,χ_dwave,dχdlogT_dwave,χ_pwave,dχdlogT_pwave
23,0.25,0.6180339887498949,0.4487989505128276,0.75,5.106330914882206,0.20684903641207408,4.563814702367097,3,0.004641588833612777,0.3,[0.5929497058622978 0.0 0.0 0.0; 0.0 0.12132642083903787 -0.05045093270191351 -0.04901767412799648; 0.0 -0.05045093270191594 0.1226356083502047 -0.05034019276820231; 0.0 -0.04901767412799451 -0.05034019276820211 0.12124911678163634],[-0.13245070000149117 0.0 0.0 0.0; 0.0 -0.0038581542174198134 -0.00016383335756937705 -0.0007372287392262793; 0.0 -0.0001638333575693704 -0.004052341952796071 -0.00046782083006839583; 0.0 -0.0007372287392262869 -0.0004678208300683953 -0.003606693316415313],[1.1665138370572265e-18 0.0 0.0 0.0; 0.0 0.14863321636840224 0.0016681954806193494 -0.0030585595641374618; 0.0 0.0016681954806193275 0.15047330716198423 0.0025932443349182604; 0.0 -0.003058559564137499 0.002593244334918289 0.15135118973800965],[-9.067768133118792e-19 0.0 0.0 0.0; 0.0 -0.0026006870909206906 9.18568015389817e-6 0.0002352267835964283; 0.0 9.185680153898142e-6 -0.002851951108275924 0.0004417715452491575; 0.0 0.00023522678359640573 0.0004417715452491731 -0.003300437351152159]
