L,J,Q,θ,μ,ϕx,ϕy,ϕz,ndims,T,Λ,χ_dwave,dχdlogT_dwave,χ_pwave,dχdlogT_pwave
23,0.4,0.6180339887498949,0.4487989505128276,0.75,5.2759666248411525,5.216572709691631,2.2183578985492427,3,0.01291549665014884,0.3,[0.4508806890694365 0.0 0.0 0.0; 0.0 0.06812941535867474 -0.026219110503062356 -0.026655695859344887; 0.0 -0.02621911050306087 0.0681853993617323 -0.027755744264304355; 0.0 -0.02665569585934631 -0.02775574426430513 0.0687979501085928],[-0.13603278793183504 0.0 0.0 0.0; 0.0 -0.0043752431619345535 -0.00023264100563561872 -5.832485808313889e-5; 0.0 -0.00023264100563560593 -0.003972995668408529 0.00021970227922737083; 0.0 -5.832485808313238e-5 0.00021970227922739395 -0.004045720713316523],[1.5556563519820613e-18 0.0 0.0 0.0; 0.0 0.08308782507925817 -0.0029955882772147464 -0.003949292900179279; 0.0 -0.0029955882772148864 0.08304870081906818 0.0008839460563479362; 0.0 -0.003949292900179187 0.0008839460563480093 0.08428986777553173],[-1.299158392325943e-18 0.0 0.0 0.0; 0.0 -0.003378731286711484 0.0005408906992915875 0.0006482940022664296; 0.0 0.0005408906992915968 -0.003408040984595972 -0.00026964293246703946; 0.0 0.0006482940022664454 -0.0002696429324670578 -0.0035420521651174735]
