L,J,Q,θ,μ,ϕx,ϕy,ϕz,ndims,T,Λ,χ_dwave,dχdlogT_dwave,χ_pwave,dχdlogT_pwave
23,0.45,0.6180339887498949,0.4487989505128276,0.75,5.2759666248411525,5.216572709691631,2.2183578985492427,3,0.01291549665014884,0.3,[0.44947155864465477 0.0 0.0 0.0; 0.0 0.058378739226511184 -0.02234823584670233 -0.022149053397634278; 0.0 -0.02234823584670226 0.058086673596964906 -0.02258721069756296; 0.0 -0.022149053397635177 -0.022587210697564596 0.057844995893151244],[-0.13567976321649905 0.0 0.0 0.0; 0.0 -0.0031334103832184627 -0.0005152905899994839 -0.0004458187811795324; 0.0 -0.0005152905899994602 -0.002832323598586807 -0.0002984993816958981; 0.0 -0.00044581878117951594 -0.0002984993816959146 -0.0028549879013534266],[-2.3023369582478296e-18 0.0 0.0 0.0; 0.0 0.07065079147845332 -0.0018487860738501706 -0.0024031295176797766; 0.0 -0.0018487860738502252 0.07117208659140321 0.0004868893276977216; 0.0 -0.002403129517679824 0.0004868893276977815 0.07034296695525702],[1.532669412123853e-18 0.0 0.0 0.0; 0.0 -0.0023148355478728134 0.0002442711081896063 0.0003523621157391491; 0.0 0.0002442711081895972 -0.0022181151423957303 -1.9762890530319562e-5; 0.0 0.00035236211573915676 -1.9762890530323553e-5 -0.0021219096552796838]
