L,J,Q,θ,μ,ϕx,ϕy,ϕz,ndims,T,Λ,χ_dwave,dχdlogT_dwave,χ_pwave,dχdlogT_pwave
23,0.75,0.6180339887498949,0.4487989505128276,0.75,2.0229416505316715,5.371743502297404,0.6056970094929207,3,0.05994842503189409,0.3,[0.23089735312745507 0.0 0.0 0.0; 0.0 0.023612301148881132 -0.008860994054248518 -0.009268343723344933; 0.0 -0.008860994054248237 0.023274540605047793 -0.009062302584637036; 0.0 -0.009268343723344832 -0.00906230258463714 0.023792219026325546],[-0.13099510285929258 0.0 0.0 0.0; 0.0 -0.006682912741899089 0.001854238235550223 0.002083810675774062; 0.0 0.001854238235550275 -0.0065332318127770865 0.00197230304303842; 0.0 0.002083810675773971 0.0019723030430384785 -0.006770042548221008],[-1.3816472547621774e-19 0.0 0.0 0.0; 0.0 0.027833340841564677 6.443804833331139e-5 -6.522431731627792e-5; 0.0 6.443804833331276e-5 0.027709113885329657 5.2159992723568686e-5; 0.0 -6.52243173162776e-5 5.215999272356673e-5 0.028026402725785358],[4.112477906376952e-19 0.0 0.0 0.0; 0.0 -0.007067561641098529 -2.2413614329652534e-5 2.145926133383533e-5; 0.0 -2.2413614329651318e-5 -0.0070169033134851325 -1.6162758082918924e-5; 0.0 2.145926133383401e-5 -1.616275808292008e-5 -0.007116762095013306]
