L,J,Q,θ,μ,ϕx,ϕy,ϕz,ndims,T,Λ,χ_dwave,dχdlogT_dwave,χ_pwave,dχdlogT_pwave
23,1.0,0.6180339887498949,0.4487989505128276,0.75,1.7147032833659617,1.1033524487318418,0.8149814849990139,3,0.004641588833612777,0.3,[0.5433848688424432 0.0 0.0 0.0; 0.0 0.01879396187959924 -0.005045543792897838 -0.005088331115329462; 0.0 -0.005045543792897843 0.018802408064559867 -0.004877595337878818; 0.0 -0.005088331115329501 -0.004877595337878804 0.019082894027730404],[-0.12615887625534217 0.0 0.0 0.0; 0.0 -0.0005553812743514892 -0.0005241509435780022 -0.0005600759261163846; 0.0 -0.0005241509435779914 -0.0006099043006149627 -0.0006047540557888823; 0.0 -0.0005600759261163991 -0.0006047540557888548 -0.0006164592564606889],[-5.133314663004726e-19 0.0 0.0 0.0; 0.0 0.01872241049658548 0.00017503974954602883 4.345115804934756e-5; 0.0 0.0001750397495460224 0.018944849170808808 4.381098092484451e-5; 0.0 4.345115804934713e-5 4.381098092484611e-5 0.01912974538417369],[-3.1679679040199493e-19 0.0 0.0 0.0; 0.0 6.197762454266457e-6 1.4097255548287015e-5 1.0281037108325371e-5; 0.0 1.4097255548286881e-5 -1.2581351165854323e-5 -1.0593877414459099e-5; 0.0 1.0281037108325809e-5 -1.059387741445909e-5 -1.409958109352542e-5]
