L,J,Q,θ,μ,ϕx,ϕy,ϕz,ndims,T,Λ,χ_dwave,dχdlogT_dwave,χ_pwave,dχdlogT_pwave
23,0.45,0.6180339887498949,0.4487989505128276,0.75,5.106330914882206,0.20684903641207408,4.563814702367097,3,0.0016681005372000592,0.3,[0.7397724983971855 0.0 0.0 0.0; 0.0 0.06226429722337937 -0.020463707857111386 -0.020449882634717104; 0.0 -0.020463707857111595 0.06332589423474448 -0.02097671248187429; 0.0 -0.020449882634716844 -0.02097671248187387 0.06257904259875559],[-0.1392973045897395 0.0 0.0 0.0; 0.0 -0.0012420723500845257 -0.00139889993247053 -0.0011767497736044977; 0.0 -0.0013988999324705195 -0.0014803967899683092 -0.0012224100550077008; 0.0 -0.0011767497736044834 -0.0012224100550076885 -0.0012676431824808414],[-8.188679010524776e-19 0.0 0.0 0.0; 0.0 0.0739259666727171 0.0013135562819054849 -0.0006827773178735853; 0.0 0.0013135562819054695 0.0739561240975909 0.0014267899594596438; 0.0 -0.000682777317873651 0.0014267899594596818 0.07350306555937602],[4.3454722840357795e-18 0.0 0.0 0.0; 0.0 -0.00015043147237030354 3.0040002218449576e-5 4.238183910162568e-5; 0.0 3.0040002218449573e-5 -0.00013215437166590681 -9.953079627288348e-5; 0.0 4.238183910162295e-5 -9.953079627287895e-5 -8.411713715277625e-5]
