L,J,Q,θ,μ,ϕx,ϕy,ϕz,ndims,T,Λ,χ_dwave,dχdlogT_dwave,χ_pwave,dχdlogT_pwave
23,1.1,0.6180339887498949,0.4487989505128276,0.75,1.573530448848193,4.436680002802441,0.6352908892784268,3,0.05994842503189409,0.3,[0.2168091916300871 0.0 0.0 0.0; 0.0 0.013868859897966851 -0.005138573062792404 -0.004819428924087569; 0.0 -0.005138573062792056 0.013876192025409084 -0.004803976577706089; 0.0 -0.004819428924087706 -0.004803976577706233 0.013622910257546845],[-0.12348215771476555 0.0 0.0 0.0; 0.0 -0.0036185249808100488 0.001016885019910928 0.000879810582262399; 0.0 0.0010168850199109435 -0.003628481874232086 0.0008687409437786167; 0.0 0.0008798105822624147 0.0008687409437785898 -0.003581208630791081],[1.035110631713188e-18 0.0 0.0 0.0; 0.0 0.014765238436600731 -3.7369185265276116e-5 9.53365166748613e-5; 0.0 -3.736918526527642e-5 0.014758914839492088 -1.3661770453111774e-5; 0.0 9.533651667486589e-5 -1.3661770453111215e-5 0.014528781149108638],[-7.206391396830238e-19 0.0 0.0 0.0; 0.0 -0.003339240500578581 -8.275349869083699e-7 -2.3747056210801267e-5; 0.0 -8.275349869084418e-7 -0.00340118512864513 3.2325568464042475e-6; 0.0 -2.3747056210800135e-5 3.232556846404435e-6 -0.0032589526091150126]
