L,J,Q,θ,μ,ϕx,ϕy,ϕz,ndims,T,Λ,χ_dwave,dχdlogT_dwave,χ_pwave,dχdlogT_pwave
23,0.7,0.6180339887498949,0.4487989505128276,0.75,0.8300692797416884,5.067530529285624,5.9941159353493925,3,0.05994842503189409,0.3,[0.23229421107307302 0.0 0.0 0.0; 0.0 0.025508502497726036 -0.010010806522797823 -0.00995989204721432; 0.0 -0.01001080652279849 0.025627217654989855 -0.010078510190300304; 0.0 -0.009959892047213854 -0.010078510190299782 0.02559621253399758],[-0.13188631949740795 0.0 0.0 0.0; 0.0 -0.00732916683524532 0.002279462574899369 0.002252752247431304; 0.0 0.0022794625748993992 -0.007387013859857547 0.0023207968949623395; 0.0 0.002252752247431208 0.002320796894962166 -0.007343610125650096],[-2.1084853424422964e-18 0.0 0.0 0.0; 0.0 0.03055231893128783 5.117784571415944e-5 8.347238367455926e-5; 0.0 5.117784571416649e-5 0.030406219937504374 0.00017548455350534028; 0.0 8.34723836745566e-5 0.00017548455350534575 0.030624176199477895],[9.920125032765255e-19 0.0 0.0 0.0; 0.0 -0.007947418103141972 -8.108256214721491e-5 -3.089967333887218e-5; 0.0 -8.108256214721581e-5 -0.0079147941318855 -4.572692898440228e-5; 0.0 -3.0899673338871764e-5 -4.5726928984400896e-5 -0.008044412235584357]
