L,J,Q,θ,μ,ϕx,ϕy,ϕz,ndims,T,Λ,χ_dwave,dχdlogT_dwave,χ_pwave,dχdlogT_pwave
23,0.9,0.6180339887498949,0.4487989505128276,0.75,5.106330914882206,0.20684903641207408,4.563814702367097,3,0.001,0.3,[0.7634035495158972 0.0 0.0 0.0; 0.0 0.022747655777642473 -0.005186114649627883 -0.005025193831688293; 0.0 -0.0051861146496281554 0.02248038258106616 -0.0052332740958604615; 0.0 -0.00502519383168813 -0.005233274095860839 0.023442081738437936],[-0.1427717683980299 0.0 0.0 0.0; 0.0 -0.0007650664881149245 -0.0006415656841742537 -0.00076436056589106; 0.0 -0.0006415656841742911 -0.0006051747664944203 -0.0006279718051308394; 0.0 -0.0007643605658910579 -0.0006279718051308217 -0.0008244475926629974],[1.4265162425993526e-17 0.0 0.0 0.0; 0.0 0.023063555986090927 0.00012316935743883134 -0.00024082039078492099; 0.0 0.00012316935743882776 0.0229777705500362 -4.864375564246329e-5; 0.0 -0.00024082039078491302 -4.864375564246075e-5 0.023294118634982007],[-6.681371965099491e-18 0.0 0.0 0.0; 0.0 -1.999236547395753e-5 2.427848616286397e-5 1.219314944158957e-5; 0.0 2.4278486162864195e-5 -1.450131718154182e-5 -2.0762294740023646e-6; 0.0 1.2193149441589613e-5 -2.0762294740027013e-6 -5.368235182654215e-6]
