L,J,Q,θ,μ,ϕx,ϕy,ϕz,ndims,T,Λ,χ_dwave,dχdlogT_dwave,χ_pwave,dχdlogT_pwave
23,0.55,0.6180339887498949,0.4487989505128276,0.75,5.108608070790224,2.6269203188545354,3.014007765852682,3,0.1,0.3,[0.17092062880925651 0.0 0.0 0.0; 0.0 0.028141190554619857 -0.01158145474440848 -0.011664022363569162; 0.0 -0.011581454744409258 0.02816681058274811 -0.01176823233367993; 0.0 -0.011664022363569898 -0.011768232333680316 0.02832944181847568],[-0.12390745784287421 0.0 0.0 0.0; 0.0 -0.015736849584206864 0.006130640589797001 0.006221427068726234; 0.0 0.00613064058979707 -0.015775716961695156 0.0063102769249470236; 0.0 0.006221427068726459 0.006310276924946925 -0.015913840587107476],[3.451980996018406e-20 0.0 0.0 0.0; 0.0 0.03538790504814166 -0.00013106564923946176 -3.637330684824119e-5; 0.0 -0.00013106564923940375 0.03523842796360993 2.5101716330421618e-5; 0.0 -3.637330684824113e-5 2.5101716330423058e-5 0.03538389195071098],[2.8650645214841264e-20 0.0 0.0 0.0; 0.0 -0.01947187655027052 0.00021841764360591747 8.712331477262038e-5; 0.0 0.00021841764360592346 -0.019355340654728253 -3.2217012566746396e-6; 0.0 8.712331477262433e-5 -3.2217012566744664e-6 -0.01942102023344225]
