L,J,Q,θ,μ,ϕx,ϕy,ϕz,ndims,T,Λ,χ_dwave,dχdlogT_dwave,χ_pwave,dχdlogT_pwave
23,0.55,0.6180339887498949,0.4487989505128276,0.75,2.810390175230641,1.0772819831490281,3.680682016823238,3,0.021544346900318832,0.3,[0.3793876511548101 0.0 0.0 0.0; 0.0 0.042654294266529676 -0.016478132562902814 -0.015972081051377884; 0.0 -0.016478132562903355 0.04368764089871918 -0.016490598026855516; 0.0 -0.015972081051377967 -0.016490598026855915 0.042829311588137964],[-0.13789963218510204 0.0 0.0 0.0; 0.0 -0.0033604121599800398 3.2358535477712665e-5 -6.0949943226413806e-5; 0.0 3.2358535477717876e-5 -0.003630845799029027 1.8783646320815203e-5; 0.0 -6.094994322641792e-5 1.8783646320821176e-5 -0.003404945784119552],[-2.967490371513155e-19 0.0 0.0 0.0; 0.0 0.05183108918924278 -0.00036992089356944373 -0.00019736740003815912; 0.0 -0.00036992089356948147 0.05303155024984329 -0.00010992468828797409; 0.0 -0.00019736740003813684 -0.00010992468828797013 0.05206674247689453],[5.53821264354243e-19 0.0 0.0 0.0; 0.0 -0.002914325309586762 0.00014462925322057007 6.420040945474646e-5; 0.0 0.00014462925322057582 -0.0029617162771706745 8.746393610521321e-5; 0.0 6.420040945473763e-5 8.746393610521262e-5 -0.0028927765064425594]
