L,J,Q,θ,μ,ϕx,ϕy,ϕz,ndims,T,Λ,χ_dwave,dχdlogT_dwave,χ_pwave,dχdlogT_pwave
23,0.4,0.6180339887498949,0.4487989505128276,0.75,1.844230068945385,1.1274623114571236,4.291057478636419,3,0.0027825594022071257,0.3,[0.6683580778945668 0.0 0.0 0.0; 0.0 0.07271128244383501 -0.02692807729413717 -0.025267488340163007; 0.0 -0.026928077294136415 0.07432147994091345 -0.02640188121112324; 0.0 -0.025267488340163437 -0.02640188121112328 0.0724021801720407],[-0.13551335446640086 0.0 0.0 0.0; 0.0 -0.001492873637246935 -0.0013468300491975402 -0.0013275237323570198; 0.0 -0.0013468300491975508 -0.00152418074785369 -0.0012683959339016373; 0.0 -0.001327523732357064 -0.0012683959339016612 -0.0012311189172956127],[5.866922713424057e-18 0.0 0.0 0.0; 0.0 0.08795841174210754 -0.0011445859891094313 -0.0055729952465099816; 0.0 -0.001144585989109429 0.0899230192106014 0.001224450269947933; 0.0 -0.005572995246509513 0.0012244502699478778 0.08847225484575931],[-1.1330800518129057e-18 0.0 0.0 0.0; 0.0 -5.064347407701417e-5 -5.505353292226665e-5 0.00010072865398490477; 0.0 -5.505353292226449e-5 -0.00014188730865814623 1.6674786620395554e-5; 0.0 0.00010072865398490638 1.6674786620395228e-5 -0.00016573591736042642]
