L,J,Q,θ,μ,ϕx,ϕy,ϕz,ndims,T,Λ,χ_dwave,dχdlogT_dwave,χ_pwave,dχdlogT_pwave
23,0.1,0.6180339887498949,0.4487989505128276,0.75,4.108575757591687,4.541751602016311,2.0408036799157285,3,0.1,0.3,[0.17849758638683005 0.0 0.0 0.0; 0.0 0.0729627238835735 -0.03276518437935755 -0.032323403967674455; 0.0 -0.03276518437935746 0.07397906136302623 -0.03357953682386038; 0.0 -0.032323403967673546 -0.033579536823858544 0.07363257135548695],[-0.132174697602314 0.0 0.0 0.0; 0.0 -0.05443637324000568 0.024443701140125142 0.02428425381430714; 0.0 0.024443701140123664 -0.052602144005175815 0.022601492643309597; 0.0 0.0242842538143068 0.022601492643309587 -0.0525217238969638],[-1.0241949091707066e-18 0.0 0.0 0.0; 0.0 0.09471643835647565 -0.00044566858126730943 0.0001494077189454619; 0.0 -0.0004456685812672797 0.09352799019370679 0.0003577536492754933; 0.0 0.0001494077189454034 0.0003577536492756016 0.09391314665088019],[7.303631675392266e-19 0.0 0.0 0.0; 0.0 -0.06919128552172407 0.0007586087109273372 -0.00016382377812633516; 0.0 0.0007586087109274779 -0.0708982761174359 -0.0007397735802736498; 0.0 -0.00016382377812629962 -0.0007397735802736502 -0.07103497820829961]
