L,J,Q,θ,μ,ϕx,ϕy,ϕz,ndims,T,Λ,χ_dwave,dχdlogT_dwave,χ_pwave,dχdlogT_pwave
23,0.8,0.6180339887498949,0.4487989505128276,0.75,3.7152326662553454,5.721680001447781,0.41513891803668856,3,0.001,0.3,[0.7633235386133376 0.0 0.0 0.0; 0.0 0.026809849528946855 -0.005931083346062489 -0.0062740880437171746; 0.0 -0.005931083346062411 0.026928395664990574 -0.006084074908659867; 0.0 -0.006274088043717029 -0.006084074908660071 0.026603687481274226],[-0.12900546386571377 0.0 0.0 0.0; 0.0 -0.0008418624081755849 -0.0007387007727461897 -0.000748024516330036; 0.0 -0.0007387007727461915 -0.0007897845198102487 -0.000770641453131571; 0.0 -0.0007480245163300377 -0.0007706414531315818 -0.0006489449243427906],[5.9650130717769454e-18 0.0 0.0 0.0; 0.0 0.027919067314613365 4.313315502349817e-5 -0.0001224855626711998; 0.0 4.31331550234937e-5 0.02765684404961115 0.0002505341413471209; 0.0 -0.00012248556267120496 0.00025053414134713187 0.027299901583822967],[-8.526935669685312e-20 0.0 0.0 0.0; 0.0 1.9000478890126875e-5 -2.235858487745933e-5 1.0042291322320267e-5; 0.0 -2.23585848774589e-5 1.6448651322282985e-5 -2.8181974090396563e-5; 0.0 1.004229132232091e-5 -2.81819740903953e-5 -2.297961239393291e-6]
