L,J,Q,θ,μ,ϕx,ϕy,ϕz,ndims,T,Λ,χ_dwave,dχdlogT_dwave,χ_pwave,dχdlogT_pwave
23,0.35,0.6180339887498949,0.4487989505128276,0.75,1.844230068945385,1.1274623114571236,4.291057478636419,3,0.007742636826811269,0.3,[0.5271876825354583 0.0 0.0 0.0; 0.0 0.0821163087718812 -0.033158288018280656 -0.031668387309503755; 0.0 -0.03315828801828347 0.08302125100167913 -0.0323114648993508; 0.0 -0.031668387309505046 -0.032311464899351126 0.08191919253258936],[-0.13712344778047056 0.0 0.0 0.0; 0.0 -0.0028050380518809823 -0.0006355567790025241 -0.0007573979035392869; 0.0 -0.0006355567790025122 -0.002991825004059275 -0.0008007782245519398; 0.0 -0.0007573979035393346 -0.0008007782245519831 -0.0029787943848202094],[3.789940639530824e-18 0.0 0.0 0.0; 0.0 0.1026965485991119 -0.0016632418522710107 -0.00806591519401215; 0.0 -0.0016632418522710875 0.1026602117558709 0.0015997596009698816; 0.0 -0.008065915194012917 0.001599759600969994 0.10321510319643266],[-4.606546108734906e-19 0.0 0.0 0.0; 0.0 -0.0019794024250682322 6.251081222613762e-5 0.0006170650667430435; 0.0 6.251081222614273e-5 -0.0020758581971434195 -9.112819812233158e-5; 0.0 0.0006170650667430285 -9.112819812233429e-5 -0.0020160978511957663]
