L,J,Q,θ,μ,ϕx,ϕy,ϕz,ndims,T,Λ,χ_dwave,dχdlogT_dwave,χ_pwave,dχdlogT_pwave
23,0.9,0.6180339887498949,0.4487989505128276,0.75,1.7147032833659617,1.1033524487318418,0.8149814849990139,3,0.0016681005372000592,0.3,[0.686423805002622 0.0 0.0 0.0; 0.0 0.022373493843839957 -0.005042148880154267 -0.005679055117565085; 0.0 -0.005042148880153943 0.022351294629698582 -0.005815837179327811; 0.0 -0.005679055117565084 -0.00581583717932775 0.0223580770320894],[-0.13109478453071913 0.0 0.0 0.0; 0.0 -0.0007677032738002514 -0.0007262444551317235 -0.0006369578141369467; 0.0 -0.000726244455131754 -0.0006925823247875282 -0.0005617840714880538; 0.0 -0.0006369578141369454 -0.0005617840714880635 -0.0005142534258276194],[4.105510980846312e-18 0.0 0.0 0.0; 0.0 0.02248822528381745 0.0003233769502650045 -0.00013166703801335386; 0.0 0.0003233769502649931 0.022900333652879565 5.89930913604328e-5; 0.0 -0.00013166703801335635 5.899309136043199e-5 0.022698023657461465],[-2.057913744738653e-18 0.0 0.0 0.0; 0.0 -1.972317019077941e-5 -2.2927887792006813e-5 6.839478763259101e-6; 0.0 -2.292788779200617e-5 1.0753012843712295e-5 2.2870778924154187e-5; 0.0 6.839478763259075e-6 2.287077892415343e-5 2.858943189091873e-5]
