L,J,Q,θ,μ,ϕx,ϕy,ϕz,ndims,T,Λ,χ_dwave,dχdlogT_dwave,χ_pwave,dχdlogT_pwave
23,0.45,0.6180339887498949,0.4487989505128276,0.75,4.108575757591687,4.541751602016311,2.0408036799157285,3,0.001,0.3,[0.8323956433033473 0.0 0.0 0.0; 0.0 0.06439540783518269 -0.020161598399357366 -0.01924605514957563; 0.0 -0.020161598399357442 0.06219761207778716 -0.019483588759513032; 0.0 -0.019246055149575912 -0.019483588759514173 0.06302806133779203],[-0.1458779514722205 0.0 0.0 0.0; 0.0 -0.0015104783493435586 -0.001184507597039046 -0.0015680805539016838; 0.0 -0.0011845075970390567 -0.000983477250732385 -0.001295624093421598; 0.0 -0.001568080553901649 -0.001295624093421602 -0.0015859059061012189],[-7.54972553084213e-18 0.0 0.0 0.0; 0.0 0.07432034037144994 -0.00043189997893100984 0.0002125534801875908; 0.0 -0.00043189997893098875 0.07631311492294118 0.00039430732243819045; 0.0 0.00021255348018758507 0.0003943073224381519 0.07480947990082185],[5.168731114271234e-18 0.0 0.0 0.0; 0.0 -0.00016430322583140273 -2.0349830232686146e-5 -7.619669288519177e-5; 0.0 -2.034983023268662e-5 -0.0002150641497044646 0.00011759881456795184; 0.0 -7.619669288519289e-5 0.00011759881456795411 9.871510485832667e-5]
