L,J,Q,θ,μ,ϕx,ϕy,ϕz,ndims,T,Λ,χ_dwave,dχdlogT_dwave,χ_pwave,dχdlogT_pwave
23,0.6,0.6180339887498949,0.4487989505128276,0.75,5.106330914882206,0.20684903641207408,4.563814702367097,3,0.05994842503189409,0.3,[0.23620836311400234 0.0 0.0 0.0; 0.0 0.0317553986541772 -0.012562985274478014 -0.01282414829642467; 0.0 -0.012562985274477962 0.0314802366494171 -0.012581581666794522; 0.0 -0.012824148296424703 -0.012581581666794524 0.03184725910989459],[-0.1341101550016948 0.0 0.0 0.0; 0.0 -0.00974659370626895 0.0031472229999760723 0.0032855693067542512; 0.0 0.0031472229999761313 -0.009659563575336441 0.003203202572257476; 0.0 0.0032855693067543063 0.00320320257225747 -0.009854400270245702],[7.010299021834311e-19 0.0 0.0 0.0; 0.0 0.039032596793876224 -0.00020984730396044054 2.108543312341962e-5; 0.0 -0.0002098473039604391 0.03891578535424219 0.00022718502869560254; 0.0 2.1085433123414964e-5 0.00022718502869562772 0.03939953511332046],[-3.066548050144807e-19 0.0 0.0 0.0; 0.0 -0.011224424645830065 3.433424851398397e-5 -4.170971241972919e-6; 0.0 3.433424851398508e-5 -0.011142778501183092 -0.00011133927388547342; 0.0 -4.170971241968552e-6 -0.00011133927388548317 -0.011344173422710617]
