L,J,Q,θ,μ,ϕx,ϕy,ϕz,ndims,T,Λ,χ_dwave,dχdlogT_dwave,χ_pwave,dχdlogT_pwave
23,0.35,0.6180339887498949,0.4487989505128276,0.75,5.108608070790224,2.6269203188545354,3.014007765852682,3,0.16681005372000587,0.3,[0.11646135354391801 0.0 0.0 0.0; 0.0 0.031577382767380785 -0.01381814348155743 -0.013722825110292155; 0.0 -0.01381814348155717 0.03157261214570266 -0.013652556850146162; 0.0 -0.01372282511029237 -0.01365255685014578 0.03144830906270277],[-0.10048400324528926 0.0 0.0 0.0; 0.0 -0.02582942072708892 0.011172937321914775 0.011236722384399891; 0.0 0.011172937321915766 -0.025818297164986032 0.011149362103802294; 0.0 0.01123672238440044 0.01114936210380307 -0.0258679209445545],[1.6214042796430746e-19 0.0 0.0 0.0; 0.0 0.04023519822075756 -0.0003344366371163556 -4.142658758035127e-5; 0.0 -0.00033443663711632825 0.040536714879813994 2.9803603127900063e-5; 0.0 -4.1426587580369776e-5 2.9803603127902445e-5 0.04049931468685821],[-1.3316095371146788e-19 0.0 0.0 0.0; 0.0 -0.03303518854741149 0.0007611227778650529 0.00014828462924749527; 0.0 0.0007611227778650384 -0.03333480989052459 6.825742153883508e-6; 0.0 0.0001482846292474747 6.825742153886365e-6 -0.033132535303463224]
