L,J,Q,θ,μ,ϕx,ϕy,ϕz,ndims,T,Λ,χ_dwave,dχdlogT_dwave,χ_pwave,dχdlogT_pwave
23,1.15,0.6180339887498949,0.4487989505128276,0.75,5.106330914882206,0.20684903641207408,4.563814702367097,3,0.05994842503189409,0.3,[0.21305536952986132 0.0 0.0 0.0; 0.0 0.01262545915584932 -0.00450968494762536 -0.004276560928032461; 0.0 -0.004509684947625103 0.01283726160198497 -0.0045762792846418595; 0.0 -0.004276560928032174 -0.004576279284641708 0.012517013252736986],[-0.12092312494799484 0.0 0.0 0.0; 0.0 -0.0032511565990477483 0.0008059069033572394 0.0007322164303429316; 0.0 0.0008059069033571798 -0.003298793539512262 0.0008657696048813891; 0.0 0.0007322164303429192 0.0008657696048813959 -0.0031717094235217246],[-4.2045390772920545e-19 0.0 0.0 0.0; 0.0 0.013150081655724294 3.412134391085441e-5 -3.3060617997287356e-5; 0.0 3.412134391085327e-5 0.013147903273999293 -1.113224461608152e-5; 0.0 -3.3060617997285404e-5 -1.1132244616080892e-5 0.013296461674596926],[2.0960245993959728e-19 0.0 0.0 0.0; 0.0 -0.002866433461665935 -2.550326635861701e-6 -1.4120555495171517e-5; 0.0 -2.5503266358614885e-6 -0.002874240932906954 -2.4398628850460697e-5; 0.0 -1.4120555495171838e-5 -2.4398628850461815e-5 -0.0029168910502843067]
