L,J,Q,θ,μ,ϕx,ϕy,ϕz,ndims,T,Λ,χ_dwave,dχdlogT_dwave,χ_pwave,dχdlogT_pwave
23,0.0,0.6180339887498949,0.4487989505128276,0.75,1.3595744307236286,1.6230091281990537,3.234476175330475,3,0.021544346900318832,0.3,[0.4018015092393792 0.0 0.0 0.0; 0.0 0.17448178095100675 -0.07859274109720941 -0.07662986766809574; 0.0 -0.0785927410972094 0.17455991549683927 -0.07646418573265264; 0.0 -0.07662986766809575 -0.07646418573265266 0.1709923380968776],[-0.1513036859089834 0.0 0.0 0.0; 0.0 -0.0638790551663276 0.028381437980807653 0.027705531833831367; 0.0 0.028381437980807653 -0.06300598756065105 0.026678811223627696; 0.0 0.027705531833831367 0.026678811223627703 -0.059859157670131544],[-2.0349575147866567e-41 0.0 0.0 0.0; 0.0 0.2273197282883716 -0.0032366071767912937 0.001034447217684299; 0.0 -0.0032366071767912985 0.2272415937425395 0.003949683141988007; 0.0 0.0010344472176842933 0.003949683141988001 0.23080917114250146],[-2.6296558743466302e-42 0.0 0.0 0.0; 0.0 -0.0874246307426556 0.0053558232649459385 -0.001525577621700974; 0.0 0.005355823264945939 -0.08829769834833219 -0.00515873556141634; 0.0 -0.0015255776217009778 -0.005158735561416342 -0.09144452823885192]
