L,J,Q,θ,μ,ϕx,ϕy,ϕz,ndims,T,Λ,χ_dwave,dχdlogT_dwave,χ_pwave,dχdlogT_pwave
23,0.8,0.6180339887498949,0.4487989505128276,0.75,5.108608070790224,2.6269203188545354,3.014007765852682,3,0.7742636826811271,0.3,[0.0254237371922451 0.0 0.0 0.0; 0.0 0.003086057138527656 -0.0012455996082281686 -0.001228760802328228; 0.0 -0.0012455996082281868 0.003106129889712818 -0.0012571298582281923; 0.0 -0.0012287608023282437 -0.001257129858228137 0.003092129113806811],[-0.025214052248627147 0.0 0.0 0.0; 0.0 -0.0030402745408098955 0.001225799979237047 0.0012091528058200574; 0.0 0.001225799979237062 -0.0030601417370106124 0.0012372169583453388; 0.0 0.0012091528058200622 0.0012372169583452803 -0.003046372997288309],[-1.015204608891549e-20 0.0 0.0 0.0; 0.0 0.0037225826388322734 5.889963710264598e-6 1.867460246549673e-5; 0.0 5.889963710263903e-6 0.0037318312514388967 8.076888457895221e-6; 0.0 1.8674602465495682e-5 8.076888457895079e-6 0.003734201917290158],[9.837732302474633e-21 0.0 0.0 0.0; 0.0 -0.003665165719232784 -5.871127444754016e-6 -1.8358222519316598e-5; 0.0 -5.871127444754884e-6 -0.0036741162957947752 -8.088164896034105e-6; 0.0 -1.8358222519316534e-5 -8.088164896034338e-6 -0.003676726228515889]
