L,J,Q,θ,μ,ϕx,ϕy,ϕz,ndims,T,Λ,χ_dwave,dχdlogT_dwave,χ_pwave,dχdlogT_pwave
23,0.1,0.6180339887498949,0.4487989505128276,0.75,2.810390175230641,1.0772819831490281,3.680682016823238,3,0.007742636826811269,0.3,[0.5314280566604186 0.0 0.0 0.0; 0.0 0.19424987338867084 -0.08918620094664399 -0.0838884086631119; 0.0 -0.08918620094664378 0.19959656349519964 -0.08478066380278383; 0.0 -0.08388840866310977 -0.08478066380277914 0.19079353912929284],[-0.13678635239771883 0.0 0.0 0.0; 0.0 -0.03268980943039743 0.014245932234973767 0.014760209068119022; 0.0 0.014245932234973412 -0.03438334386587261 0.011663915601146135; 0.0 0.014760209068119702 0.011663915601147068 -0.03169065018081504],[-1.7148776813137176e-18 0.0 0.0 0.0; 0.0 0.2606627449496076 -0.01937752276193684 -0.008791832408149469; 0.0 -0.019377522761937268 0.2527509892795533 0.00047399579574784924; 0.0 -0.008791832408149708 0.0004739957957479906 0.26178850274434756],[2.8994750276342656e-18 0.0 0.0 0.0; 0.0 -0.048025240798598164 0.010143370534586015 0.002920750382710661; 0.0 0.010143370534586395 -0.04287507982126349 0.0006176471629738563; 0.0 0.0029207503827106732 0.0006176471629738493 -0.04552871079219962]
