L,J,Q,θ,μ,ϕx,ϕy,ϕz,ndims,T,Λ,χ_dwave,dχdlogT_dwave,χ_pwave,dχdlogT_pwave
23,0.05,0.6180339887498949,0.4487989505128276,0.75,2.0229416505316715,5.371743502297404,0.6056970094929207,3,0.1,0.3,[0.17708090875565496 0.0 0.0 0.0; 0.0 0.07617692422847915 -0.03394662841173315 -0.034154155087750576; 0.0 -0.03394662841173186 0.07656016573377145 -0.03406108059834361; 0.0 -0.03415415508774879 -0.03406108059834353 0.07620503932923121],[-0.12999697357266832 0.0 0.0 0.0; 0.0 -0.05571605069978735 0.02449444744123646 0.02531190695413402; 0.0 0.024494447441235564 -0.05597354781238306 0.025435106432312875; 0.0 0.025311906954134364 0.025435106432313257 -0.05661054492310496],[7.150930658117427e-19 0.0 0.0 0.0; 0.0 0.09758576978203183 0.00016898122725832353 0.002046278084983781; 0.0 0.0001689812272584026 0.09716779692862154 0.00016936919290528725; 0.0 0.002046278084983802 0.00016936919290521944 0.09758380503939121],[-5.234272018806829e-19 0.0 0.0 0.0; 0.0 -0.07196542777113482 -0.0006505936858062507 -0.001174443301464782; 0.0 -0.0006505936858061829 -0.07168810802033235 0.0017190513447033204; 0.0 -0.0011744433014647404 0.0017190513447033796 -0.07108404052988537]
