L,J,Q,θ,μ,ϕx,ϕy,ϕz,ndims,T,Λ,χ_dwave,dχdlogT_dwave,χ_pwave,dχdlogT_pwave
23,0.8,0.6180339887498949,0.4487989505128276,0.75,1.443832753770895,3.6578363068123374,5.416836448526887,3,0.1,0.3,[0.16413197884635786 0.0 0.0 0.0; 0.0 0.017276621741907514 -0.006784594647217847 -0.006800006791853071; 0.0 -0.006784594647217927 0.017077656833149952 -0.0067777292347715856; 0.0 -0.006800006791853159 -0.006777729234771356 0.01715392062424502],[-0.11885012258655206 0.0 0.0 0.0; 0.0 -0.008931663882371635 0.003252805469363362 0.0032487593196653514; 0.0 0.003252805469363585 -0.008806255400078919 0.003228333931782667; 0.0 0.0032487593196652443 0.0032283339317826063 -0.008858908173610255],[-5.1240284565078483e-20 0.0 0.0 0.0; 0.0 0.020760925686032595 4.868472475268014e-6 -2.7922783378344833e-5; 0.0 4.868472475267862e-6 0.020451423172547948 5.014157058733138e-5; 0.0 -2.7922783378336465e-5 5.014157058733153e-5 0.02046174881151175],[8.441747590215015e-20 0.0 0.0 0.0; 0.0 -0.010404115562036487 -2.824233844943134e-5 1.210266599761912e-5; 0.0 -2.824233844943481e-5 -0.010182203313695199 -9.837506254089815e-6; 0.0 1.2102665997616524e-5 -9.837506254089278e-6 -0.01022159438817586]
