L,J,Q,θ,μ,ϕx,ϕy,ϕz,ndims,T,Λ,χ_dwave,dχdlogT_dwave,χ_pwave,dχdlogT_pwave
23,0.75,0.6180339887498949,0.4487989505128276,0.75,5.108608070790224,2.6269203188545354,3.014007765852682,3,0.1,0.3,[0.1662718537882477 0.0 0.0 0.0; 0.0 0.019181387038690555 -0.0076425446301394825 -0.00760005776433295; 0.0 -0.0076425446301393845 0.01918675274468865 -0.007560930981891884; 0.0 -0.0076000577643331015 -0.007560930981892061 0.019000632850707088],[-0.12054264405490413 0.0 0.0 0.0; 0.0 -0.010083378931290186 0.0037272474888839753 0.003710737592297953; 0.0 0.003727247488883984 -0.010069786874597794 0.0036809274370449116; 0.0 0.0037107375922978392 0.0036809274370450482 -0.009974745686285825],[-7.076422541297572e-20 0.0 0.0 0.0; 0.0 0.022934686126769403 -0.0001068914375470142 4.1034484483654936e-5; 0.0 -0.00010689143754701554 0.02317939086174332 -3.122860599700502e-5; 0.0 4.103448448365366e-5 -3.122860599700458e-5 0.022961770452650472],[-2.0404948632552255e-19 0.0 0.0 0.0; 0.0 -0.0116067355156303 6.976667391120915e-5 4.004579515851819e-6; 0.0 6.976667391120306e-5 -0.011791808708447949 3.068564866050457e-5; 0.0 4.0045795158518535e-6 3.0685648660508074e-5 -0.011640844375320836]
