L,J,Q,θ,μ,ϕx,ϕy,ϕz,ndims,T,Λ,χ_dwave,dχdlogT_dwave,χ_pwave,dχdlogT_pwave
23,0.45,0.6180339887498949,0.4487989505128276,0.75,2.810390175230641,1.0772819831490281,3.680682016823238,3,0.001,0.3,[0.8186761295271001 0.0 0.0 0.0; 0.0 0.06310559187202427 -0.020606431881776768 -0.019539662585209772; 0.0 -0.020606431881776303 0.0647331165964061 -0.01930924258726709; 0.0 -0.0195396625852099 -0.019309242587266767 0.06384991080465702],[-0.14940836223710147 0.0 0.0 0.0; 0.0 -0.001161471621402039 -0.0011806482486675415 -0.0012548210715708338; 0.0 -0.0011806482486675467 -0.0016909044034786025 -0.0016084098987931314; 0.0 -0.00125482107157082 -0.0016084098987931544 -0.0017588503068386163],[-1.5790665017805386e-17 0.0 0.0 0.0; 0.0 0.07517563185146843 -0.0022568682243628156 -0.0007443960730595525; 0.0 -0.0022568682243626656 0.074301287073433 0.00036451279644247804; 0.0 -0.0007443960730595282 0.000364512796442482 0.07411876729380798],[2.169828642955073e-18 0.0 0.0 0.0; 0.0 -0.00027716176537670635 2.102506127584886e-5 -3.877957557229331e-5; 0.0 2.102506127584897e-5 -0.00010709942383815556 3.9449733980806155e-5; 0.0 -3.877957557229381e-5 3.944973398080456e-5 -8.531691013283289e-5]
