L,J,Q,θ,μ,ϕx,ϕy,ϕz,ndims,T,Λ,χ_dwave,dχdlogT_dwave,χ_pwave,dχdlogT_pwave
23,0.15,0.6180339887498949,0.4487989505128276,0.75,5.106330914882206,0.20684903641207408,4.563814702367097,3,0.05994842503189409,0.3,[0.24716318465967263 0.0 0.0 0.0; 0.0 0.09389546104745473 -0.04201365354679355 -0.04137190606743436; 0.0 -0.042013653546795135 0.09437686102927648 -0.04208362502735759; 0.0 -0.04137190606743075 -0.042083625027359774 0.09389882652405022],[-0.1406679436732985 0.0 0.0 0.0; 0.0 -0.05067629824862837 0.022826776289726545 0.02198329117217427; 0.0 0.022826776289726843 -0.051490728660987195 0.022941590164242333; 0.0 0.021983291172173923 0.022941590164243044 -0.050725249255796655],[3.339907588310374e-19 0.0 0.0 0.0; 0.0 0.12062122699759857 0.000864031955808189 -0.0004649529955026221; 0.0 0.0008640319558080892 0.12023064820942142 0.0013828608429684343; 0.0 -0.00046495299550271106 0.0013828608429685167 0.12018828520288925],[-1.2130314130433437e-19 0.0 0.0 0.0; 0.0 -0.06498589387254279 -0.0011250991193186503 0.0018573340471509136; 0.0 -0.0011250991193186486 -0.06419681254832695 -0.002198266352535609; 0.0 0.0018573340471509613 -0.0021982663525353194 -0.06459430558117543]
