L,J,Q,θ,μ,ϕx,ϕy,ϕz,ndims,T,Λ,χ_dwave,dχdlogT_dwave,χ_pwave,dχdlogT_pwave
23,1.05,0.6180339887498949,0.4487989505128276,0.75,3.7152326662553454,5.721680001447781,0.41513891803668856,3,0.1,0.3,[0.1566082149019471 0.0 0.0 0.0; 0.0 0.011870302214447785 -0.0044673400861483005 -0.004288173801270071; 0.0 -0.004467340086148671 0.012037009677517618 -0.004444640548774225; 0.0 -0.004288173801270183 -0.004444640548774485 0.011828844974165184],[-0.1133875727657939 0.0 0.0 0.0; 0.0 -0.005968823273877328 0.0020530638498556667 0.0019279680173204577; 0.0 0.0020530638498556927 -0.006053194469690895 0.0020441768925851356; 0.0 0.0019279680173204768 0.0020441768925850566 -0.005954113109662704],[-4.042966617086025e-19 0.0 0.0 0.0; 0.0 0.013090506039483394 0.00011575185771147174 -0.00013771549250285418; 0.0 0.00011575185771146661 0.013227803488504665 5.48015442057695e-5; 0.0 -0.0001377154925028479 5.480154420576771e-5 0.012909353398340519],[4.3487984091428055e-19 0.0 0.0 0.0; 0.0 -0.006257411580414653 -5.152614861243987e-5 8.726760329615807e-5; 0.0 -5.152614861243826e-5 -0.0063506997172289225 -2.983455467829168e-5; 0.0 8.726760329615612e-5 -2.983455467829219e-5 -0.006193886718725853]
