L,J,Q,θ,μ,ϕx,ϕy,ϕz,ndims,T,Λ,χ_dwave,dχdlogT_dwave,χ_pwave,dχdlogT_pwave
23,0.4,0.6180339887498949,0.4487989505128276,0.75,2.0229416505316715,5.371743502297404,0.6056970094929207,3,0.05994842503189409,0.3,[0.24332802080429763 0.0 0.0 0.0; 0.0 0.052605659769185395 -0.02241007310326221 -0.02230524435784084; 0.0 -0.022410073103263022 0.05322703714455999 -0.022785263205670078; 0.0 -0.02230524435784142 -0.02278526320566944 0.05310271957140547],[-0.13895273387538631 0.0 0.0 0.0; 0.0 -0.020447770579609715 0.008049462737908512 0.008096945816380064; 0.0 0.008049462737908812 -0.02087170898431834 0.008495872986308738; 0.0 0.00809694581637967 0.00849587298630901 -0.02100588989808719],[-1.0375101133932994e-19 0.0 0.0 0.0; 0.0 0.0669892785670199 0.0004316467908036691 0.0008053437735761596; 0.0 0.00043164679080365015 0.0679448145843535 -0.0017789903827505772; 0.0 0.0008053437735761453 -0.0017789903827504347 0.06685806949674356],[2.7852764610992543e-19 0.0 0.0 0.0; 0.0 -0.02568183979200575 -0.0004705958376763571 -0.0007971768302430682; 0.0 -0.00047059583767631853 -0.02617171266610536 0.0021354837528898838; 0.0 -0.0007971768302430478 0.0021354837528898612 -0.02533764508137655]
