L,J,Q,θ,μ,ϕx,ϕy,ϕz,ndims,T,Λ,χ_dwave,dχdlogT_dwave,χ_pwave,dχdlogT_pwave
23,0.8,0.6180339887498949,0.4487989505128276,0.75,2.810390175230641,1.0772819831490281,3.680682016823238,3,0.1,0.3,[0.16384376227159728 0.0 0.0 0.0; 0.0 0.017033235952743635 -0.0066710656106928855 -0.0066369685472676175; 0.0 -0.0066710656106929835 0.016858556594564093 -0.006501812255755117; 0.0 -0.006636968547267856 -0.006501812255755202 0.016810849759394248],[-0.11871968406089944 0.0 0.0 0.0; 0.0 -0.008837913144184525 0.0031902346481865558 0.0031819304574721586; 0.0 0.0031902346481866954 -0.00872632765224255 0.0030791614117007186; 0.0 0.0031819304574721152 0.003079161411700865 -0.008689083142790778],[3.6006328141000923e-19 0.0 0.0 0.0; 0.0 0.020082045688085668 0.00012244048099402876 -7.817458279898798e-5; 0.0 0.00012244048099403293 0.019974545311648974 -2.5820067111470624e-5; 0.0 -7.817458279898911e-5 -2.582006711147119e-5 0.020069072243408956],[-3.5241217298497713e-19 0.0 0.0 0.0; 0.0 -0.01000231824639568 -9.324995746488792e-5 4.9095960073164215e-5; 0.0 -9.324995746489016e-5 -0.0099497857813323 1.2664760162606257e-5; 0.0 4.9095960073164066e-5 1.2664760162606968e-5 -0.009966650343013798]
