L,J,Q,θ,μ,ϕx,ϕy,ϕz,ndims,T,Λ,χ_dwave,dχdlogT_dwave,χ_pwave,dχdlogT_pwave
23,0.1,0.6180339887498949,0.4487989505128276,0.75,1.844230068945385,1.1274623114571236,4.291057478636419,3,0.001,0.3,[0.8229306057264094 0.0 0.0 0.0; 0.0 0.2384985571898075 -0.10989293681298379 -0.08929170833146267; 0.0 -0.10989293681298082 0.24180636250537962 -0.10554718321115851; 0.0 -0.08929170833146398 -0.10554718321116206 0.23483143899188022],[-0.1233963126409676 0.0 0.0 0.0; 0.0 -0.005993156667261251 0.0015332838941415812 -0.0030529132559705932; 0.0 0.0015332838941415352 -0.003197875601364716 0.0010240688909476637; 0.0 -0.003052913255970557 0.0010240688909476565 -0.005416855592953981],[-3.0166399139093964e-18 0.0 0.0 0.0; 0.0 0.30648865032899075 -0.01446234722533676 -0.05071911397741145; 0.0 -0.014462347225336833 0.302811346604282 0.016005851999125492; 0.0 -0.05071911397741092 0.01600585199912586 0.3046314796815463],[-9.57244161745338e-18 0.0 0.0 0.0; 0.0 -0.007570932212526403 0.004482550165098734 0.001300574070534821; 0.0 0.004482550165098609 -0.009693746198439974 2.9956489828566304e-5; 0.0 0.001300574070534812 2.9956489828567317e-5 -0.0037102519683761648]
