L,J,Q,θ,μ,ϕx,ϕy,ϕz,ndims,T,Λ,χ_dwave,dχdlogT_dwave,χ_pwave,dχdlogT_pwave
23,1.05,0.6180339887498949,0.4487989505128276,0.75,2.35825522373343,3.5083950570734084,5.211373871453545,3,0.021544346900318832,0.3,[0.34473474164582074 0.0 0.0 0.0; 0.0 0.016230987394246117 -0.005185121034048831 -0.005618719715421666; 0.0 -0.0051851210340487395 0.016100013232272274 -0.005481322907254722; 0.0 -0.005618719715421602 -0.0054813229072547655 0.016565744335068158],[-0.12431542507880732 0.0 0.0 0.0; 0.0 -0.0009649785796828855 -0.00029477990410399843 -0.00023508160472135575; 0.0 -0.00029477990410402326 -0.0009422070234989901 -0.00024154067926291352; 0.0 -0.00023508160472135583 -0.00024154067926292818 -0.0009162491883040996],[5.051743282973522e-18 0.0 0.0 0.0; 0.0 0.01681313907634426 -0.00013178889723580397 3.281311899142622e-5; 0.0 -0.0001317888972357972 0.01694397243229388 0.0001497159952563193; 0.0 3.281311899142904e-5 0.0001497159952563241 0.01731266868069429],[-1.7087710037228865e-18 0.0 0.0 0.0; 0.0 -0.00041451148282392434 1.3583784927567822e-5 -2.2217839505071926e-5; 0.0 1.3583784927567217e-5 -0.00040633932737610797 -1.544797794350556e-5; 0.0 -2.221783950507314e-5 -1.5447977943506208e-5 -0.0004122701630238366]
