L,J,Q,θ,μ,ϕx,ϕy,ϕz,ndims,T,Λ,χ_dwave,dχdlogT_dwave,χ_pwave,dχdlogT_pwave
23,0.95,0.6180339887498949,0.4487989505128276,0.75,3.7152326662553454,5.721680001447781,0.41513891803668856,3,0.007742636826811269,0.3,[0.483571147408311 0.0 0.0 0.0; 0.0 0.019796403416204533 -0.005521475845416668 -0.005994201771036052; 0.0 -0.005521475845416522 0.019743944585803003 -0.005892904790996691; 0.0 -0.005994201771035785 -0.005892904790996615 0.020029402606810433],[-0.12692801817038663 0.0 0.0 0.0; 0.0 -0.0006829622785490802 -0.0005878837019169297 -0.0005555606160480986; 0.0 -0.0005878837019170013 -0.000648717227137536 -0.0005422970813291127; 0.0 -0.0005555606160481308 -0.0005422970813291608 -0.0007001799448692984],[2.027092716524981e-18 0.0 0.0 0.0; 0.0 0.020946619974895754 -0.00021912972638679287 -9.634474833439285e-5; 0.0 -0.0002191297263867882 0.020767474681048913 0.0001471907178713127; 0.0 -9.634474833439091e-5 0.00014719071787131852 0.020899284707078827],[-2.6587090593644923e-18 0.0 0.0 0.0; 0.0 -4.9441918362736304e-5 2.010179935862058e-5 -9.500597034497055e-6; 0.0 2.010179935862106e-5 -6.140169752852328e-5 -4.614998321684214e-5; 0.0 -9.500597034496222e-6 -4.614998321684375e-5 -3.1863285728154166e-5]
