L,J,Q,θ,μ,ϕx,ϕy,ϕz,ndims,T,Λ,χ_dwave,dχdlogT_dwave,χ_pwave,dχdlogT_pwave
23,0.7,0.6180339887498949,0.4487989505128276,0.75,2.0229416505316715,5.371743502297404,0.6056970094929207,3,0.007742636826811269,0.3,[0.5063028434373856 0.0 0.0 0.0; 0.0 0.031002060125588912 -0.009972847891735304 -0.009959625297679653; 0.0 -0.00997284789173565 0.031259780760112425 -0.010126091376479986; 0.0 -0.009959625297679946 -0.010126091376480273 0.03160320742460038],[-0.13474760092551258 0.0 0.0 0.0; 0.0 -0.0010818002327242673 -0.0008047608244996373 -0.00078847168683057; 0.0 -0.00080476082449963 -0.0011311553967417705 -0.0007986392943165534; 0.0 -0.0007884716868305576 -0.0007986392943165723 -0.001150960268850612],[-7.331102591401849e-19 0.0 0.0 0.0; 0.0 0.03508805001722489 -0.00010107088585600646 0.00022217271038867765; 0.0 -0.00010107088585600179 0.035046867185630964 4.298516935670084e-5; 0.0 0.00022217271038868695 4.298516935669092e-5 0.03566894083116315],[-1.3923548178518038e-18 0.0 0.0 0.0; 0.0 -0.00022147964477448783 3.499089314526649e-5 2.7098154036881295e-6; 0.0 3.4990893145266406e-5 -0.00022210990053098695 2.015739483663971e-5; 0.0 2.709815403687979e-6 2.015739483663971e-5 -0.00013855326510141348]
