L,J,Q,θ,μ,ϕx,ϕy,ϕz,ndims,T,Λ,χ_dwave,dχdlogT_dwave,χ_pwave,dχdlogT_pwave
23,0.95,0.6180339887498949,0.4487989505128276,0.75,4.108575757591687,4.541751602016311,2.0408036799157285,3,0.0027825594022071257,0.3,[0.6149808094875593 0.0 0.0 0.0; 0.0 0.020502350470602993 -0.005053211842202512 -0.005217787016768478; 0.0 -0.005053211842202415 0.020295469615766518 -0.005488172104439025; 0.0 -0.005217787016768498 -0.005488172104439254 0.02089028891025195],[-0.12735244822411454 0.0 0.0 0.0; 0.0 -0.0006122832734391368 -0.0005816601689680993 -0.0006520539705737753; 0.0 -0.0005816601689680888 -0.0005283417826863697 -0.0005484535111346274; 0.0 -0.0006520539705738014 -0.0005484535111346264 -0.0006453722924346919],[-2.7908188311396234e-18 0.0 0.0 0.0; 0.0 0.020911662837444916 -1.1056137130781747e-5 -0.00012241362718797355; 0.0 -1.1056137130780927e-5 0.020804996336236663 0.0002089662991108699; 0.0 -0.00012241362718797607 0.00020896629911087617 0.020712296430770296],[1.4320984152176243e-18 0.0 0.0 0.0; 0.0 2.808115072695413e-5 -8.707539003315278e-6 1.4078310276378985e-5; 0.0 -8.707539003315576e-6 2.670686882186592e-7 -1.6649814793673825e-5; 0.0 1.407831027637817e-5 -1.6649814793673686e-5 -2.2195762345968596e-5]
