L,J,Q,θ,μ,ϕx,ϕy,ϕz,ndims,T,Λ,χ_dwave,dχdlogT_dwave,χ_pwave,dχdlogT_pwave
23,0.6,0.6180339887498949,0.4487989505128276,0.75,5.2759666248411525,5.216572709691631,2.2183578985492427,3,0.004641588833612777,0.3,[0.5836338078575296 0.0 0.0 0.0; 0.0 0.040955511206029145 -0.013083349023041637 -0.012888079159382296; 0.0 -0.01308334902304126 0.04020916617644868 -0.012556564724294705; 0.0 -0.012888079159382304 -0.012556564724294539 0.04023118983447808],[-0.13640791470884953 0.0 0.0 0.0; 0.0 -0.001251764914013894 -0.0009973196630613597 -0.0010290828844259632; 0.0 -0.0009973196630613708 -0.0011067435154746889 -0.0009765169941966575; 0.0 -0.0010290828844259857 -0.0009765169941966614 -0.001277519737958442],[-5.145282941582733e-19 0.0 0.0 0.0; 0.0 0.046548774258853426 2.547295011829736e-5 -0.0005671649057581107; 0.0 2.5472950118309955e-5 0.04585934452858444 -0.00047323878304812944; 0.0 -0.0005671649057581965 -0.00047323878304813356 0.0457830334510831],[4.571263576692703e-19 0.0 0.0 0.0; 0.0 -0.00015498293776122017 2.629364211062322e-5 2.31192939379011e-5; 0.0 2.629364211062396e-5 -0.00015705224908595016 5.249390993528065e-6; 0.0 2.3119293937900475e-5 5.2493909935278116e-6 -0.0001564731668286155]
