L,J,Q,θ,μ,ϕx,ϕy,ϕz,ndims,T,Λ,χ_dwave,dχdlogT_dwave,χ_pwave,dχdlogT_pwave
23,0.75,0.6180339887498949,0.4487989505128276,0.75,2.810390175230641,1.0772819831490281,3.680682016823238,3,0.03593813663804628,0.3,[0.29869438335693493 0.0 0.0 0.0; 0.0 0.025877277760455907 -0.00941726883601659 -0.009692604642503901; 0.0 -0.009417268836016011 0.025669245844646874 -0.009463824005787836; 0.0 -0.009692604642503773 -0.009463824005788305 0.026063652491010326],[-0.13304836893583855 0.0 0.0 0.0; 0.0 -0.0034770482671666707 0.0003989204256651102 0.0004335856020890834; 0.0 0.00039892042566510324 -0.0033667906614070933 0.0003861014010050575; 0.0 0.00043358560208908595 0.00038610140100506116 -0.0034658372789174597],[5.757230117427685e-19 0.0 0.0 0.0; 0.0 0.029647610784951563 0.0003618010790001694 -6.201910715700251e-5; 0.0 0.00036180107900015427 0.03011872368256447 -0.0002611828093418899; 0.0 -6.201910715699377e-5 -0.0002611828093419004 0.029958663677105753],[-1.0701253119351258e-18 0.0 0.0 0.0; 0.0 -0.0029258255306356825 -3.118089033699655e-5 -6.452659374385679e-7; 0.0 -3.11808903369983e-5 -0.0030303896145140526 5.375812900279251e-5; 0.0 -6.452659374395442e-7 5.375812900279226e-5 -0.0029460381842659937]
