L,J,Q,θ,μ,ϕx,ϕy,ϕz,ndims,T,Λ,χ_dwave,dχdlogT_dwave,χ_pwave,dχdlogT_pwave
23,1.25,0.6180339887498949,0.4487989505128276,0.75,1.3595744307236286,1.6230091281990537,3.234476175330475,3,0.0027825594022071257,0.3,[0.5781253867494884 0.0 0.0 0.0; 0.0 0.013773597345576163 -0.0035753111644170237 -0.0032467042780184737; 0.0 -0.0035753111644170315 0.013738186588782801 -0.003397201443388317; 0.0 -0.003246704278018433 -0.0033972014433881676 0.014042477685635445],[-0.12174518666257883 0.0 0.0 0.0; 0.0 -0.00040652313449386385 -0.0003402396945208128 -0.00038466892895434727; 0.0 -0.0003402396945208173 -0.0003078885051987123 -0.0003593598501027759; 0.0 -0.00038466892895433805 -0.0003593598501027699 -0.0004420912427293826],[1.3556519881689873e-18 0.0 0.0 0.0; 0.0 0.012783764086803364 -0.00019894151371767702 -2.3082059083117312e-5; 0.0 -0.00019894151371766704 0.012856656719564957 0.0001346954708666358; 0.0 -2.3082059083116048e-5 0.00013469547086664076 0.01258177045698473],[5.265118832247356e-19 0.0 0.0 0.0; 0.0 -2.3879067796945346e-6 7.293362891609049e-6 4.691599064072441e-6; 0.0 7.293362891609237e-6 -1.4558739295271298e-5 -2.0677582438325717e-5; 0.0 4.691599064072157e-6 -2.067758243832654e-5 -1.1727185771974726e-6]
