L,J,Q,θ,μ,ϕx,ϕy,ϕz,ndims,T,Λ,χ_dwave,dχdlogT_dwave,χ_pwave,dχdlogT_pwave
23,0.05,0.6180339887498949,0.4487989505128276,0.75,2.810390175230641,1.0772819831490281,3.680682016823238,3,0.0016681005372000592,0.3,[0.7522901287463821 0.0 0.0 0.0; 0.0 0.2807866990331211 -0.128309118141321 -0.12454266532974188; 0.0 -0.12830911814132356 0.2808624541766249 -0.10714579464098267; 0.0 -0.12454266532974252 -0.10714579464097768 0.2605197484665375],[-0.14302787673128367 0.0 0.0 0.0; 0.0 -0.03244854610772059 0.013471374048405796 0.015217208986131704; 0.0 0.013471374048405932 -0.03190335982029119 0.005138036485110507; 0.0 0.015217208986131775 0.005138036485110355 -0.022445691444059626],[-6.245281218747924e-18 0.0 0.0 0.0; 0.0 0.39147193459191326 -0.06509397945929489 -0.021263315670974534; 0.0 -0.06509397945929507 0.3886651175136838 0.03221924926392481; 0.0 -0.021263315670973264 0.03221924926392241 0.40596010145080313],[3.7442316563599895e-19 0.0 0.0 0.0; 0.0 -0.049521046740267034 0.02293606615237177 0.007842204335209282; 0.0 0.0229360661523718 -0.047752088449016475 -0.02106411656633438; 0.0 0.007842204335209014 -0.021064116566334383 -0.05266520735769637]
