L,J,Q,θ,μ,ϕx,ϕy,ϕz,ndims,T,Λ,χ_dwave,dχdlogT_dwave,χ_pwave,dχdlogT_pwave
23,0.45,0.6180339887498949,0.4487989505128276,0.75,1.7147032833659617,1.1033524487318418,0.8149814849990139,3,0.004641588833612777,0.3,[0.5897171689421641 0.0 0.0 0.0; 0.0 0.0607657176598213 -0.02104701903443718 -0.021591926956557473; 0.0 -0.02104701903443792 0.059274773217430965 -0.02180291360635979; 0.0 -0.02159192695655713 -0.021802913606358422 0.059655722349038494],[-0.1357557984959427 0.0 0.0 0.0; 0.0 -0.0018304030519021703 -0.0011885970466880278 -0.001108320521747504; 0.0 -0.0011885970466880282 -0.0013987303916192769 -0.0008989772917768992; 0.0 -0.0011083205217475146 -0.0008989772917769054 -0.0014038248320855117],[3.815612580172053e-18 0.0 0.0 0.0; 0.0 0.07211794928346468 -0.001041117568987467 0.0006241134140067443; 0.0 -0.001041117568987378 0.07174877464982186 0.0001593836074447203; 0.0 0.0006241134140067218 0.000159383607444711 0.07171857805575174],[-4.0987693151064894e-18 0.0 0.0 0.0; 0.0 -0.0005776094701869712 -1.6322743135274228e-5 -7.254226761968932e-5; 0.0 -1.6322743135273726e-5 -0.0003950671749610299 -9.998676032906484e-6; 0.0 -7.254226761968787e-5 -9.998676032906963e-6 -0.00016988387668165765]
