L,J,Q,θ,μ,ϕx,ϕy,ϕz,ndims,T,Λ,χ_dwave,dχdlogT_dwave,χ_pwave,dχdlogT_pwave
23,0.8,0.6180339887498949,0.4487989505128276,0.75,5.106330914882206,0.20684903641207408,4.563814702367097,3,0.004641588833612777,0.3,[0.5661001223432385 0.0 0.0 0.0; 0.0 0.026046339942382608 -0.007792839222970836 -0.007709969138986398; 0.0 -0.007792839222970648 0.02577006087714124 -0.007385138468795903; 0.0 -0.007709969138986031 -0.00738513846879587 0.026076459973813693],[-0.1305940398174768 0.0 0.0 0.0; 0.0 -0.0007467717460969968 -0.0006949085307287746 -0.0007446829748491333; 0.0 -0.0006949085307287742 -0.000766594536914217 -0.0007170943952917267; 0.0 -0.0007446829748491313 -0.0007170943952917747 -0.0007700509100855338],[7.690939905694788e-18 0.0 0.0 0.0; 0.0 0.028174802200203526 5.839150117800797e-5 1.383466705180993e-5; 0.0 5.8391501178006374e-5 0.027831104623362714 1.216703081524756e-6; 0.0 1.3834667051809796e-5 1.2167030815259295e-6 0.02837892062586212],[-2.7264442444046897e-18 0.0 0.0 0.0; 0.0 -2.781093835774781e-6 -3.454535188391742e-5 1.6036751244896837e-5; 0.0 -3.4545351883918897e-5 -3.0115651525825914e-5 4.553532648890028e-6; 0.0 1.6036751244896776e-5 4.553532648890133e-6 -1.9683201938228242e-5]
