L,J,Q,θ,μ,ϕx,ϕy,ϕz,ndims,T,Λ,χ_dwave,dχdlogT_dwave,χ_pwave,dχdlogT_pwave
23,0.0,0.6180339887498949,0.4487989505128276,0.75,5.106330914882206,0.20684903641207408,4.563814702367097,3,0.004641588833612777,0.3,[0.6912889378535162 0.0 0.0 0.0; 0.0 0.29060673026152123 -0.13079549978576868 -0.12778552657711495; 0.0 -0.13079549978576865 0.3018783715910896 -0.13554969998032665; 0.0 -0.12778552657711492 -0.13554969998032665 0.29486530309524345],[-0.206825902958294 0.0 0.0 0.0; 0.0 -0.07856915617833457 0.034654660318841984 0.03560209512492518; 0.0 0.034654660318842 -0.08773893059596219 0.037422767288768026; 0.0 0.035602095124925195 0.03742276728876804 -0.07827629174581227],[2.2632286604552022e-40 0.0 0.0 0.0; 0.0 0.4006822075919961 0.03735137068924669 0.030319260670328654; 0.0 0.037351370689246696 0.38941056626242626 0.05571209700254318; 0.0 0.03031926067032863 0.055712097002543204 0.3964236347582732],[-1.4336573890310375e-40 0.0 0.0 0.0; 0.0 -0.12825674677995944 -0.038889029145043746 -0.04256404441575963; 0.0 -0.03888902914504375 -0.11908697236233176 -0.061014229102501996; 0.0 -0.04256404441575963 -0.06101422910250198 -0.12854961121248198]
