L,J,Q,θ,μ,ϕx,ϕy,ϕz,ndims,T,Λ,χ_dwave,dχdlogT_dwave,χ_pwave,dχdlogT_pwave
23,0.95,0.6180339887498949,0.4487989505128276,0.75,5.2759666248411525,5.216572709691631,2.2183578985492427,3,0.03593813663804628,0.3,[0.28748251610861797 0.0 0.0 0.0; 0.0 0.018300783627547397 -0.006320218780447479 -0.006484852342871079; 0.0 -0.0063202187804476 0.018270983899580127 -0.006430283950696909; 0.0 -0.006484852342871056 -0.0064302839506965095 0.01846470057020154],[-0.12777599281002172 0.0 0.0 0.0; 0.0 -0.0022161817412531476 0.00010537773480794208 0.0001653723629930966; 0.0 0.00010537773480793503 -0.002159564100046398 0.00010815220953120732; 0.0 0.00016537236299310842 0.00010815220953121919 -0.0022319605414531153],[-6.780309336615279e-19 0.0 0.0 0.0; 0.0 0.02016720362033381 -8.898183289418714e-7 -8.136602838700003e-5; 0.0 -8.898183289415315e-7 0.020302716151280403 3.201022991245265e-5; 0.0 -8.13660283870003e-5 3.201022991244979e-5 0.020361970590147774],[2.883877873231987e-19 0.0 0.0 0.0; 0.0 -0.001686760945060844 -9.840558819195894e-6 -9.129333589338666e-6; 0.0 -9.840558819195725e-6 -0.001694170617503322 -2.1854864442045182e-5; 0.0 -9.1293335893378e-6 -2.1854864442043074e-5 -0.0017572193833188805]
