L,J,Q,θ,μ,ϕx,ϕy,ϕz,ndims,T,Λ,χ_dwave,dχdlogT_dwave,χ_pwave,dχdlogT_pwave
23,0.8,0.6180339887498949,0.4487989505128276,0.75,2.0229416505316715,5.371743502297404,0.6056970094929207,3,0.1,0.3,[0.16405129671303598 0.0 0.0 0.0; 0.0 0.017489981987179857 -0.006908651053077008 -0.006779798309086531; 0.0 -0.006908651053076625 0.017565049656473198 -0.006871678649851747; 0.0 -0.006779798309086891 -0.006871678649851803 0.01756447295576826],[-0.11890051773057969 0.0 0.0 0.0; 0.0 -0.00908603050593989 0.003324155510125077 0.0032325350229412374; 0.0 0.003324155510124922 -0.009131058324169107 0.003284629594655973; 0.0 0.0032325350229411706 0.003284629594656023 -0.009140875299460432],[1.6956104810012388e-18 0.0 0.0 0.0; 0.0 0.020641983666842393 9.983041259250462e-5 8.942444430319552e-5; 0.0 9.983041259250816e-5 0.02070834561057467 8.26742555772112e-5; 0.0 8.942444430320111e-5 8.267425557721422e-5 0.020811508975370735],[-9.526558816895211e-19 0.0 0.0 0.0; 0.0 -0.010317238412333687 -5.060026256568428e-5 -4.498525206505557e-5; 0.0 -5.0600262565684286e-5 -0.010335929678081513 -7.149683811832574e-5; 0.0 -4.498525206505471e-5 -7.149683811831838e-5 -0.01042533545339282]
