L,J,Q,θ,μ,ϕx,ϕy,ϕz,ndims,T,Λ,χ_dwave,dχdlogT_dwave,χ_pwave,dχdlogT_pwave
23,1.2,0.6180339887498949,0.4487989505128276,0.75,5.106330914882206,0.20684903641207408,4.563814702367097,3,0.0027825594022071257,0.3,[0.5891268584556073 0.0 0.0 0.0; 0.0 0.01520347509520391 -0.00362069931352569 -0.003586225510095424; 0.0 -0.0036206993135257277 0.014975095522065973 -0.00376741250488191; 0.0 -0.00358622551009545 -0.0037674125048817986 0.014815272202200955],[-0.1250235195549333 0.0 0.0 0.0; 0.0 -0.0005128236437269227 -0.00043663210477042715 -0.0004543219448666945; 0.0 -0.0004366321047704227 -0.0004033456640080275 -0.00038764869506915944; 0.0 -0.0004543219448666938 -0.0003876486950691576 -0.0003681076624835895],[-4.524928118124758e-18 0.0 0.0 0.0; 0.0 0.014092952014159187 -7.361513127517413e-5 0.00015421639035348563; 0.0 -7.36151312751744e-5 0.014162499370422806 3.1032257210514284e-5; 0.0 0.0001542163903534769 3.103225721051614e-5 0.014307313151427761],[-8.115150129707668e-20 0.0 0.0 0.0; 0.0 8.781480728945364e-6 2.7698746915920444e-6 -6.077275910040122e-6; 0.0 2.7698746915920923e-6 -3.294678205440807e-5 9.503498266930572e-6; 0.0 -6.077275910040218e-6 9.503498266930811e-6 1.2888991474623211e-5]
