L,J,Q,θ,μ,ϕx,ϕy,ϕz,ndims,T,Λ,χ_dwave,dχdlogT_dwave,χ_pwave,dχdlogT_pwave
23,0.2,0.6180339887498949,0.4487989505128276,0.75,1.443832753770895,3.6578363068123374,5.416836448526887,3,0.021544346900318832,0.3,[0.3922141436491672 0.0 0.0 0.0; 0.0 0.12208577759515966 -0.051829829802527976 -0.055248697891312024; 0.0 -0.05182982980252704 0.12100462732916031 -0.053032012940969805; 0.0 -0.05524869789131173 -0.05303201294096832 0.12356713143081792],[-0.1400744414334845 0.0 0.0 0.0; 0.0 -0.02667936606544666 0.009815600629041308 0.012276941126703148; 0.0 0.009815600629041988 -0.026203504222990844 0.010174038336774336; 0.0 0.012276941126701947 0.010174038336774613 -0.027707763137096268],[-2.5565852173336746e-18 0.0 0.0 0.0; 0.0 0.15863018699882656 -0.007386211856818817 -0.009974652824824333; 0.0 -0.0073862118568188305 0.1596131237808482 0.0025740897331379777; 0.0 -0.009974652824825007 0.002574089733137819 0.15586494882787238],[5.003444996637193e-19 0.0 0.0 0.0; 0.0 -0.035285901460395286 0.0068496747517186015 0.006740412550056439; 0.0 0.006849674751718306 -0.035908277266742096 -0.003780814115204525; 0.0 0.00674041255005632 -0.003780814115204532 -0.033745675255683595]
