L,J,Q,θ,μ,ϕx,ϕy,ϕz,ndims,T,Λ,χ_dwave,dχdlogT_dwave,χ_pwave,dχdlogT_pwave
23,0.3,0.6180339887498949,0.4487989505128276,0.75,5.108608070790224,2.6269203188545354,3.014007765852682,3,0.4641588833612779,0.3,[0.044826835906133 0.0 0.0 0.0; 0.0 0.013660993640150033 -0.005982281980315858 -0.0060050959804467865; 0.0 -0.005982281980315859 0.01357297727765091 -0.005916141011511604; 0.0 -0.006005095980446878 -0.005916141011512166 0.013594663570143545],[-0.04384381598764086 0.0 0.0 0.0; 0.0 -0.013287219882501812 0.00580769059398909 0.005846339026325159; 0.0 0.005807690593989066 -0.01320218899476748 0.00575950411510907; 0.0 0.005846339026324997 0.005759504115108989 -0.013240725785546829],[1.0044776576057837e-19 0.0 0.0 0.0; 0.0 0.017442569108063084 1.909112931879095e-5 4.261564990770303e-5; 0.0 1.9091129318765153e-5 0.01730466684931497 9.58158143952362e-6; 0.0 4.261564990770816e-5 9.58158143952864e-6 0.017482738357938316],[-9.98405185445191e-20 0.0 0.0 0.0; 0.0 -0.016991260113448828 2.1880632876722322e-5 -3.3217290102264304e-5; 0.0 2.1880632876704982e-5 -0.01685152542450675 -5.476080374295102e-6; 0.0 -3.321729010227373e-5 -5.4760803742956705e-6 -0.01701276888305764]
