L,J,Q,θ,μ,ϕx,ϕy,ϕz,ndims,T,Λ,χ_dwave,dχdlogT_dwave,χ_pwave,dχdlogT_pwave
23,0.75,0.6180339887498949,0.4487989505128276,0.75,5.108608070790224,2.6269203188545354,3.014007765852682,3,5.99484250318941,0.3,[0.003314171840930257 0.0 0.0 0.0; 0.0 0.0004394935115736923 -0.0001781287605140031 -0.00017779077159356193; 0.0 -0.00017812876051399713 0.00043593058082419756 -0.0001747641103760295; 0.0 -0.0001777907715935603 -0.00017476411037603136 0.0004352819051124893],[-0.0033137113695764285 0.0 0.0 0.0; 0.0 -0.00043938546606298376 0.00017808209850528692 0.0001777437265830278; 0.0 0.00017808209850528065 -0.00043582352750045565 0.00017471796684529666; 0.0 0.00017774372658304013 0.00017471796684530636 -0.0004351746111596553],[-3.633851733405207e-20 0.0 0.0 0.0; 0.0 0.0005317123987574668 2.067943773589572e-7 8.32817088690088e-7; 0.0 2.0679437735891053e-7 0.00052995434692463 2.2994335680420494e-6; 0.0 8.328170886900856e-7 2.2994335680419304e-6 0.0005223929437603932],[3.633431400953453e-20 0.0 0.0 0.0; 0.0 -0.0005315763711638153 -2.0665012887533536e-7 -8.324975224996848e-7; 0.0 -2.0665012887540405e-7 -0.00052981882722015 -2.299419836603168e-6; 0.0 -8.324975224996782e-7 -2.2994198366031873e-6 -0.0005222586826622757]
