L,J,Q,θ,μ,ϕx,ϕy,ϕz,ndims,T,Λ,χ_dwave,dχdlogT_dwave,χ_pwave,dχdlogT_pwave
23,0.85,0.6180339887498949,0.4487989505128276,0.75,5.2759666248411525,5.216572709691631,2.2183578985492427,3,0.01291549665014884,0.3,[0.42514307961861963 0.0 0.0 0.0; 0.0 0.02302464722115242 -0.007255723142851754 -0.007317385888038217; 0.0 -0.007255723142851641 0.02292316423426307 -0.007183814499113811; 0.0 -0.007317385888038358 -0.0071838144991138 0.023144003812065984],[-0.12897599003519541 0.0 0.0 0.0; 0.0 -0.0009977395413025636 -0.0006327941437713966 -0.0005512386896885086; 0.0 -0.0006327941437714349 -0.0009877179894768327 -0.000645500710575788; 0.0 -0.0005512386896885144 -0.0006455007105757685 -0.0009719476981518852],[-7.949011410284932e-19 0.0 0.0 0.0; 0.0 0.02526321381998776 -6.492971446283272e-5 5.810894723352043e-5; 0.0 -6.492971446283586e-5 0.02493324031104468 -0.00014914189022021437; 0.0 5.8108947233518226e-5 -0.000149141890220216 0.025501661590911925],[5.045327510182519e-19 0.0 0.0 0.0; 0.0 -0.0002448157540375777 3.642821336209058e-5 3.5260096839482774e-5; 0.0 3.642821336209241e-5 -0.0002449324067277198 1.0036443672284513e-5; 0.0 3.526009683948064e-5 1.0036443672284968e-5 -0.000276348935991461]
