L,J,Q,θ,μ,ϕx,ϕy,ϕz,ndims,T,Λ,χ_dwave,dχdlogT_dwave,χ_pwave,dχdlogT_pwave
23,0.7,0.6180339887498949,0.4487989505128276,0.75,3.7152326662553454,5.721680001447781,0.41513891803668856,3,0.03593813663804628,0.3,[0.2998617993788658 0.0 0.0 0.0; 0.0 0.02803307793318072 -0.010336457594251017 -0.010534849240286862; 0.0 -0.01033645759425106 0.028137959390298936 -0.010606151612251796; 0.0 -0.01053484924028665 -0.010606151612252479 0.028300048289324364],[-0.13345624638726844 0.0 0.0 0.0; 0.0 -0.0037835907597594913 0.000496155416163255 0.0005050474943537182; 0.0 0.0004961554161632763 -0.0038494220902381467 0.0005143320032845672; 0.0 0.0005050474943536985 0.000514332003284542 -0.0038601689060154183],[-7.762788237099479e-19 0.0 0.0 0.0; 0.0 0.0331798767220108 0.00020903722705729866 0.00013240557941620945; 0.0 0.0002090372270572975 0.03299816932838624 -0.0002996780442545152; 0.0 0.00013240557941620159 -0.0002996780442545279 0.03324264709583164],[5.008901157907361e-19 0.0 0.0 0.0; 0.0 -0.00341467041329426 -5.48628231891915e-5 -1.1690235162970866e-5; 0.0 -5.486282318919358e-5 -0.003422517041163996 6.119891964377725e-5; 0.0 -1.1690235162969608e-5 6.119891964377222e-5 -0.003502454295636641]
