L,J,Q,θ,μ,ϕx,ϕy,ϕz,ndims,T,Λ,χ_dwave,dχdlogT_dwave,χ_pwave,dχdlogT_pwave
23,0.45,0.6180339887498949,0.4487989505128276,0.75,1.443832753770895,3.6578363068123374,5.416836448526887,3,0.05994842503189409,0.3,[0.2416432848006691 0.0 0.0 0.0; 0.0 0.04644743254681756 -0.019540271346256237 -0.01949705154095513; 0.0 -0.01954027134625546 0.04688216939732944 -0.019777125814622522; 0.0 -0.019497051540954522 -0.019777125814623726 0.046838072912930906],[-0.13741949978802734 0.0 0.0 0.0; 0.0 -0.016939715277276186 0.006473933581979424 0.006556862180165909; 0.0 0.006473933581979594 -0.017177584702921987 0.0066179479534456105; 0.0 0.0065568621801658745 0.00661794795344588 -0.017287374371081403],[-4.464064789799379e-19 0.0 0.0 0.0; 0.0 0.05915635407398847 -0.0005653398762824798 -0.0010871663138115894; 0.0 -0.0005653398762824152 0.05907812105430023 -0.00011780485650517038; 0.0 -0.0010871663138117707 -0.00011780485650517524 0.05900006741414093],[4.590003559180071e-19 0.0 0.0 0.0; 0.0 -0.021004341973668236 0.0006640998401131705 0.0012910043140806533; 0.0 0.0006640998401131944 -0.021000150714040964 0.00017064561552133554; 0.0 0.0012910043140807192 0.00017064561552133136 -0.020866340569926724]
