L,J,Q,θ,μ,ϕx,ϕy,ϕz,ndims,T,Λ,χ_dwave,dχdlogT_dwave,χ_pwave,dχdlogT_pwave
23,1.1,0.6180339887498949,0.4487989505128276,0.75,5.108608070790224,2.6269203188545354,3.014007765852682,3,0.1,0.3,[0.1547145584761851 0.0 0.0 0.0; 0.0 0.011030106442539558 -0.004142480152652943 -0.004011717958127355; 0.0 -0.004142480152652699 0.011272089371945923 -0.004145698116763834; 0.0 -0.004011717958127508 -0.00414569811676406 0.011016737050187662],[-0.11203087673343104 0.0 0.0 0.0; 0.0 -0.005522638275654695 0.0019036772460772804 0.0018180324613331804; 0.0 0.0019036772460772368 -0.005680007222137747 0.0019076456522656594; 0.0 0.0018180324613332522 0.001907645652265737 -0.0055097832908431385],[-1.85321483852758e-18 0.0 0.0 0.0; 0.0 0.01197279750817321 -4.9077861588887086e-5 -0.00010707045950392566; 0.0 -4.9077861588885806e-5 0.012007291758624332 3.716638239080763e-5; 0.0 -0.00010707045950393179 3.7166382390808745e-5 0.01220670780419426],[1.439197848642455e-18 0.0 0.0 0.0; 0.0 -0.005725304941535093 4.243746531920678e-5 6.631259927510004e-5; 0.0 4.2437465319206195e-5 -0.005737326710383619 -2.13231678146786e-5; 0.0 6.631259927510358e-5 -2.1323167814678392e-5 -0.005833848590853263]
