L,J,Q,θ,μ,ϕx,ϕy,ϕz,ndims,T,Λ,χ_dwave,dχdlogT_dwave,χ_pwave,dχdlogT_pwave
23,1.0,0.6180339887498949,0.4487989505128276,0.75,5.106330914882206,0.20684903641207408,4.563814702367097,3,0.007742636826811269,0.3,[0.4784796418094639 0.0 0.0 0.0; 0.0 0.018837992500471776 -0.005590591847525312 -0.005826338852350875; 0.0 -0.005590591847525225 0.018829795317398933 -0.005568706202620562; 0.0 -0.005826338852351223 -0.005568706202620461 0.018865868096090824],[-0.1264744671162365 0.0 0.0 0.0; 0.0 -0.0006204213390380678 -0.0005141440382041885 -0.00044725525072221775; 0.0 -0.0005141440382042079 -0.0006610705912499145 -0.0005070674911484744; 0.0 -0.0004472552507222211 -0.0005070674911484605 -0.0005759462434130786],[-3.589721041531332e-18 0.0 0.0 0.0; 0.0 0.01922434907995471 0.00020177893615787695 -4.0627734192264814e-5; 0.0 0.00020177893615787982 0.019522612593709812 5.60380393580058e-5; 0.0 -4.062773419226679e-5 5.6038039358004995e-5 0.019459749717062737],[1.4120155781785497e-18 0.0 0.0 0.0; 0.0 -6.82098080615898e-5 -1.1586683043391226e-8 1.7378921954231727e-5; 0.0 -1.1586683042947781e-8 -0.0001009369709318865 -1.8595799486637362e-5; 0.0 1.7378921954231785e-5 -1.8595799486637216e-5 -8.061234346726097e-5]
