L,J,Q,θ,μ,ϕx,ϕy,ϕz,ndims,T,Λ,χ_dwave,dχdlogT_dwave,χ_pwave,dχdlogT_pwave
23,0.55,0.6180339887498949,0.4487989505128276,0.75,5.2759666248411525,5.216572709691631,2.2183578985492427,3,0.001,0.3,[0.7872863014681644 0.0 0.0 0.0; 0.0 0.04744784513034753 -0.013424503301540266 -0.014049769842651428; 0.0 -0.01342450330153993 0.04624767323060483 -0.013152128729142844; 0.0 -0.01404976984265092 -0.013152128729142657 0.04626422900806112],[-0.13829015721898444 0.0 0.0 0.0; 0.0 -0.0011520580575337743 -0.0010675151423351335 -0.0010063076003821575; 0.0 -0.001067515142335187 -0.0012419394897842603 -0.0010997968691885246; 0.0 -0.0010063076003821955 -0.0010997968691885767 -0.0010035865692714543],[-2.2314359220088474e-19 0.0 0.0 0.0; 0.0 0.05301140107392353 -0.0004935228490236636 -0.0012386111109058914; 0.0 -0.0004935228490236615 0.05250288973489394 -0.00011297779694696667; 0.0 -0.0012386111109058291 -0.00011297779694697532 0.05303471654553458],[-7.463992352868409e-18 0.0 0.0 0.0; 0.0 -4.440403185528386e-5 1.8542016211710796e-5 5.0320493659290013e-5; 0.0 1.8542016211710898e-5 -0.00012854615940050928 -4.493483391659776e-5; 0.0 5.0320493659289465e-5 -4.493483391659726e-5 -0.00012245415893892596]
