L,J,Q,θ,μ,ϕx,ϕy,ϕz,ndims,T,Λ,χ_dwave,dχdlogT_dwave,χ_pwave,dχdlogT_pwave
23,0.55,0.6180339887498949,0.4487989505128276,0.75,1.844230068945385,1.1274623114571236,4.291057478636419,3,0.0016681005372000592,0.3,[0.7232028852975191 0.0 0.0 0.0; 0.0 0.04704249805769029 -0.014456108228568607 -0.014396454106615953; 0.0 -0.014456108228568864 0.04725657933569085 -0.014308866934455282; 0.0 -0.014396454106615844 -0.014308866934454944 0.04720429648188003],[-0.12984623071195286 0.0 0.0 0.0; 0.0 -0.001060431597616904 -0.0011109081687123588 -0.0010074862187828045; 0.0 -0.001110908168712365 -0.0010304008039947366 -0.0010089345407462112; 0.0 -0.0010074862187827661 -0.0010089345407461828 -0.0009887447170890487],[5.215469156894732e-18 0.0 0.0 0.0; 0.0 0.05300843943454217 -7.358869277675078e-5 -0.0005602766846608713; 0.0 -7.3588692776744e-5 0.05417033401346551 0.00011299222401014174; 0.0 -0.0005602766846608779 0.00011299222401014978 0.053284603387487854],[-2.5883651843190012e-18 0.0 0.0 0.0; 0.0 5.5429776150000695e-5 -2.9167183343921232e-5 -4.492254008174961e-5; 0.0 -2.9167183343921402e-5 9.107993861790764e-5 4.599862735632322e-5; 0.0 -4.492254008175016e-5 4.599862735632267e-5 7.860117676799858e-5]
