L,J,Q,θ,μ,ϕx,ϕy,ϕz,ndims,T,Λ,χ_dwave,dχdlogT_dwave,χ_pwave,dχdlogT_pwave
23,0.8,0.6180339887498949,0.4487989505128276,0.75,1.844230068945385,1.1274623114571236,4.291057478636419,3,0.05994842503189409,0.3,[0.22861410502710386 0.0 0.0 0.0; 0.0 0.02129804900206344 -0.008116911323218293 -0.008058643306426982; 0.0 -0.008116911323218049 0.021389512066421954 -0.007929698649585497; 0.0 -0.008058643306427402 -0.007929698649585195 0.02119835148665012],[-0.1297944503358608 0.0 0.0 0.0; 0.0 -0.005917656243355077 0.0016848886223784006 0.0016810873797252995; 0.0 0.0016848886223783935 -0.0058914830939824124 0.0015844624277201367; 0.0 0.0016810873797253197 0.0015844624277201787 -0.005844197358098553],[-7.350874946949392e-19 0.0 0.0 0.0; 0.0 0.024420688707441705 -0.00012754324381407668 0.00014368997165282877; 0.0 -0.00012754324381406793 0.025298431769934113 -0.00012085838590939129; 0.0 0.00014368997165283462 -0.00012085838590938775 0.024623624065545302],[3.060347136104157e-19 0.0 0.0 0.0; 0.0 -0.0059615611982136146 4.962888380815233e-5 -5.0197634221384585e-5; 0.0 4.962888380815061e-5 -0.0063009391750695545 4.090320013401415e-5; 0.0 -5.019763422138608e-5 4.090320013401601e-5 -0.0060092469127325]
