L,J,Q,θ,μ,ϕx,ϕy,ϕz,ndims,T,Λ,χ_dwave,dχdlogT_dwave,χ_pwave,dχdlogT_pwave
23,0.45,0.6180339887498949,0.4487989505128276,0.75,2.810390175230641,1.0772819831490281,3.680682016823238,3,0.1,0.3,[0.17347534904837128 0.0 0.0 0.0; 0.0 0.03652771281710459 -0.015679133460785432 -0.015534837501896647; 0.0 -0.015679133460785883 0.03680218358030594 -0.01571312235098074; 0.0 -0.01553483750189674 -0.01571312235098044 0.03665686123935004],[-0.12599382934322018 0.0 0.0 0.0; 0.0 -0.021771633117890165 0.009166285209921708 0.008936376555653037; 0.0 0.009166285209922326 -0.022106019758479117 0.00912603644184403; 0.0 0.008936376555652971 0.009126036441844053 -0.02188721575122597],[4.908396062075512e-19 0.0 0.0 0.0; 0.0 0.046488365335191226 -0.0001249525476936605 -0.00013511940784194935; 0.0 -0.00012495254769367918 0.04655069694668905 0.00011695250907877088; 0.0 -0.00013511940784194317 0.00011695250907876783 0.04684444870219423],[-3.503531587048927e-19 0.0 0.0 0.0; 0.0 -0.027513617239270722 0.0003075026394944102 0.00019727422358013623; 0.0 0.0003075026394943835 -0.027492903676650717 -8.004864881905964e-5; 0.0 0.0001972742235801027 -8.00486488190562e-5 -0.027822572616208838]
