L,J,Q,θ,μ,ϕx,ϕy,ϕz,ndims,T,Λ,χ_dwave,dχdlogT_dwave,χ_pwave,dχdlogT_pwave
23,0.55,0.6180339887498949,0.4487989505128276,0.75,1.3595744307236286,1.6230091281990537,3.234476175330475,3,0.1,0.3,[0.1714029872187856 0.0 0.0 0.0; 0.0 0.028896689924237304 -0.011925709340639747 -0.011879906578557019; 0.0 -0.011925709340640328 0.02909386962764931 -0.011978294667248252; 0.0 -0.011879906578558443 -0.011978294667248363 0.028969751225554737],[-0.12448841531297195 0.0 0.0 0.0; 0.0 -0.016235542756805197 0.006332232186020188 0.006353086150485741; 0.0 0.0063322321860198065 -0.016326592120215058 0.006394233931706782; 0.0 0.00635308615048574 0.006394233931706751 -0.016329873132905116],[-5.027007620301242e-19 0.0 0.0 0.0; 0.0 0.0361577228016688 2.089293623465677e-5 -0.0001329392651106677; 0.0 2.0892936234658555e-5 0.036650961450339525 -5.4402771433073134e-5; 0.0 -0.00013293926511066147 -5.440277143306153e-5 0.03617072432019871],[3.3065905076251476e-19 0.0 0.0 0.0; 0.0 -0.02001850276440124 1.7243610376504654e-6 0.00012912637440665395; 0.0 1.7243610376507673e-6 -0.020382862255892826 0.0001215518243810999; 0.0 0.00012912637440665363 0.000121551824381092 -0.02000402436277317]
