L,J,Q,θ,μ,ϕx,ϕy,ϕz,ndims,T,Λ,χ_dwave,dχdlogT_dwave,χ_pwave,dχdlogT_pwave
23,1.15,0.6180339887498949,0.4487989505128276,0.75,1.844230068945385,1.1274623114571236,4.291057478636419,3,0.007742636826811269,0.3,[0.460456167781134 0.0 0.0 0.0; 0.0 0.014722026344032238 -0.004211753079857784 -0.004086630549767654; 0.0 -0.0042117530798579305 0.015296123259515864 -0.004407508895255044; 0.0 -0.004086630549767761 -0.004407508895255065 0.015168692376949776],[-0.12266061004660639 0.0 0.0 0.0; 0.0 -0.0004831619995711625 -0.0004079635957892201 -0.00040682032953059; 0.0 -0.0004079635957892157 -0.0005433266392472183 -0.00039764376618145995; 0.0 -0.0004068203295305875 -0.000397643766181443 -0.0005438990129392466],[7.435061463075029e-18 0.0 0.0 0.0; 0.0 0.01456175182577649 -1.3474663423242073e-5 -0.00017750672049898002; 0.0 -1.3474663423241671e-5 0.014832209102522354 -1.6846327510319104e-5; 0.0 -0.00017750672049898292 -1.684632751031657e-5 0.014900954992986635],[-4.990373779933426e-18 0.0 0.0 0.0; 0.0 -2.913129719339941e-5 -8.909893345157513e-6 2.459780185832722e-5; 0.0 -8.909893345157573e-6 -6.491798505216847e-5 1.3591589318993948e-5; 0.0 2.459780185832739e-5 1.3591589318993543e-5 -4.619422451915236e-5]
