L,J,Q,θ,μ,ϕx,ϕy,ϕz,ndims,T,Λ,χ_dwave,dχdlogT_dwave,χ_pwave,dχdlogT_pwave
23,0.05,0.6180339887498949,0.4487989505128276,0.75,5.2759666248411525,5.216572709691631,2.2183578985492427,3,0.01291549665014884,0.3,[0.45780610020403373 0.0 0.0 0.0; 0.0 0.19313292859584677 -0.086350585962598 -0.08675338219732759; 0.0 -0.08635058596259615 0.19545943417118214 -0.08776791433079816; 0.0 -0.08675338219732849 -0.08776791433079675 0.19674526204628942],[-0.13666236891745412 0.0 0.0 0.0; 0.0 -0.052734733943249346 0.024157423799969217 0.02468618616918841; 0.0 0.024157423799968217 -0.05365380390913123 0.023301391149114264; 0.0 0.024686186169189626 0.02330139114911162 -0.056164900282572296],[-3.68796646548118e-18 0.0 0.0 0.0; 0.0 0.2498173066742725 -0.016695389009535447 -0.019716444790822515; 0.0 -0.01669538900953599 0.2474511626014816 -0.0011799827484243132; 0.0 -0.01971644479082041 -0.0011799827484241542 0.24619334742401838],[3.63253418260123e-18 0.0 0.0 0.0; 0.0 -0.07194109970920437 0.014742175872287903 0.01611210807387975; 0.0 0.014742175872288273 -0.0709157161964726 -0.0018422295263422076; 0.0 0.016112108073880985 -0.0018422295263422063 -0.06852690083353048]
