L,J,Q,θ,μ,ϕx,ϕy,ϕz,ndims,T,Λ,χ_dwave,dχdlogT_dwave,χ_pwave,dχdlogT_pwave
23,1.05,0.6180339887498949,0.4487989505128276,0.75,2.0229416505316715,5.371743502297404,0.6056970094929207,3,0.03593813663804628,0.3,[0.281686768538331 0.0 0.0 0.0; 0.0 0.015733782703726534 -0.005439859187420207 -0.005576846788614755; 0.0 -0.005439859187420049 0.015487357355349375 -0.005356884543395859; 0.0 -0.005576846788614661 -0.0053568845433957886 0.015811210100415987],[-0.125683266205293 0.0 0.0 0.0; 0.0 -0.001851685468467308 0.00016031241142612106 8.941844082391431e-5; 0.0 0.00016031241142612417 -0.0017648265800447019 9.879118543036878e-5; 0.0 8.941844082391108e-5 9.879118543036569e-5 -0.00184526001247678],[-1.481432116780559e-18 0.0 0.0 0.0; 0.0 0.016643522097952883 0.0001364728827998479 0.0001824389866970864; 0.0 0.00013647288279985254 0.016913832886597938 8.431104014536952e-5; 0.0 0.00018243898669707912 8.431104014537597e-5 0.016742186657821297],[1.1089279393172388e-18 0.0 0.0 0.0; 0.0 -0.001324105135308978 -2.9387503465823534e-5 -4.028159424367181e-5; 0.0 -2.9387503465825625e-5 -0.0014084182709859902 -3.468093725073095e-5; 0.0 -4.028159424367111e-5 -3.468093725073315e-5 -0.001339477980287317]
