L,J,Q,θ,μ,ϕx,ϕy,ϕz,ndims,T,Λ,χ_dwave,dχdlogT_dwave,χ_pwave,dχdlogT_pwave
23,0.2,0.6180339887498949,0.4487989505128276,0.75,1.7147032833659617,1.1033524487318418,0.8149814849990139,3,0.05994842503189409,0.3,[0.24415816896413267 0.0 0.0 0.0; 0.0 0.0846245442836224 -0.03734041988644302 -0.037399212335063096; 0.0 -0.0373404198864394 0.08465895175308447 -0.03769041239278558; 0.0 -0.037399212335064685 -0.03769041239278471 0.08477933280264331],[-0.1355718381837758 0.0 0.0 0.0; 0.0 -0.04342709376175506 0.0188256864632651 0.01891695218381414; 0.0 0.018825686463264237 -0.04263947493036979 0.018745480316781443; 0.0 0.01891695218381464 0.018745480316782165 -0.04277536441512441],[1.5557802128647439e-18 0.0 0.0 0.0; 0.0 0.10875218199119085 -0.0008256869918424354 0.00026412786443648817; 0.0 -0.0008256869918423415 0.10744205168133959 -5.202053057621133e-6; 0.0 0.00026412786443644876 -5.2020530576327006e-6 0.1080397260854511],[-1.0747590444578414e-18 0.0 0.0 0.0; 0.0 -0.053872588297991374 0.0026434690227995147 -0.0011239110393952043; 0.0 0.002643469022799781 -0.05385573228178181 9.862280995683209e-5; 0.0 -0.0011239110393951146 9.862280995681624e-5 -0.05427023502472369]
