L,J,Q,θ,μ,ϕx,ϕy,ϕz,ndims,T,Λ,χ_dwave,dχdlogT_dwave,χ_pwave,dχdlogT_pwave
23,0.55,0.6180339887498949,0.4487989505128276,0.75,5.106330914882206,0.20684903641207408,4.563814702367097,3,0.007742636826811269,0.3,[0.5191693806952022 0.0 0.0 0.0; 0.0 0.044944146721036915 -0.015454106533988593 -0.015841796808771832; 0.0 -0.015454106533987962 0.04502606236434549 -0.01578871135590767; 0.0 -0.01584179680877218 -0.015788711355906787 0.04509607894266578],[-0.13854129856297404 0.0 0.0 0.0; 0.0 -0.001489542042386718 -0.0009935249613866669 -0.0009223480132882194; 0.0 -0.0009935249613867354 -0.0015606963706326564 -0.0009719218689308397; 0.0 -0.0009223480132882216 -0.0009719218689308109 -0.0013413257406227812],[-1.7700369818781115e-18 0.0 0.0 0.0; 0.0 0.052709158897800416 0.000361515582434438 -2.4144118278383433e-5; 0.0 0.0003615155824344153 0.05324317490503982 0.0005601824382566187; 0.0 -2.4144118278395156e-5 0.0005601824382566378 0.05362950749156499],[1.4136144843475948e-18 0.0 0.0 0.0; 0.0 -0.00035207824349510627 2.86383140603127e-5 3.023320664708257e-6; 0.0 2.863831406031156e-5 -0.0005094524920731048 -0.00011836686839666282; 0.0 3.0233206647077675e-6 -0.00011836686839666187 -0.00045457147966259065]
