L,J,Q,θ,μ,ϕx,ϕy,ϕz,ndims,T,Λ,χ_dwave,dχdlogT_dwave,χ_pwave,dχdlogT_pwave
23,0.85,0.6180339887498949,0.4487989505128276,0.75,6.043674416402162,2.160866292828208,3.5422051391873537,3,2.154434690031884,0.3,[0.009055517990612178 0.0 0.0 0.0; 0.0 0.0010300542018233413 -0.0004146474477159992 -0.00040746713689580015; 0.0 -0.00041464744771599023 0.0010314603621216932 -0.00041526708980671494; 0.0 -0.0004074671368958047 -0.0004152670898067076 0.001033750722923236],[-0.00904579025184574 0.0 0.0 0.0; 0.0 -0.0010280415635927928 0.0004137803911354295 0.0004066153463107847; 0.0 0.00041378039113542693 -0.001029447257722061 0.0004143946825181188; 0.0 0.000406615346310787 0.000414394682518122 -0.0010317349105913069],[5.828941108302902e-21 0.0 0.0 0.0; 0.0 0.0012290088701808633 2.9619756753711166e-6 -3.0249111525123955e-6; 0.0 2.96197567537106e-6 0.0012185292769149804 6.416806896194148e-6; 0.0 -3.024911152512503e-6 6.416806896194187e-6 0.0012393628411650852],[-5.839514313368021e-21 0.0 0.0 0.0; 0.0 -0.0012265007283120226 -2.9496280054438355e-6 3.0230156242674634e-6; 0.0 -2.9496280054436813e-6 -0.0012160397853101656 -6.407246516339239e-6; 0.0 3.02301562426743e-6 -6.407246516339051e-6 -0.0012368432928425827]
