L,J,Q,θ,μ,ϕx,ϕy,ϕz,ndims,T,Λ,χ_dwave,dχdlogT_dwave,χ_pwave,dχdlogT_pwave
23,0.65,0.6180339887498949,0.4487989505128276,0.75,2.35825522373343,3.5083950570734084,5.211373871453545,3,0.0016681005372000592,0.3,[0.7209332897418145 0.0 0.0 0.0; 0.0 0.03743964677316918 -0.010349488129657643 -0.010085854138740365; 0.0 -0.010349488129656912 0.03725440692849088 -0.009896890158779965; 0.0 -0.010085854138739936 -0.009896890158779632 0.03662040561359798],[-0.13510984170942922 0.0 0.0 0.0; 0.0 -0.0010390227923375245 -0.0010404621897739078 -0.0009349119948545032; 0.0 -0.0010404621897739026 -0.001090489939548321 -0.0009606449759297076; 0.0 -0.0009349119948545142 -0.0009606449759297058 -0.0008048980228412231],[2.2566997876841607e-18 0.0 0.0 0.0; 0.0 0.04074690598800125 -3.43909062602885e-5 -0.00012733943165478025; 0.0 -3.4390906260269805e-5 0.040751411565754625 0.00018954744453554716; 0.0 -0.00012733943165479412 0.0001895474445355431 0.04084197861575544],[-5.326737657448862e-18 0.0 0.0 0.0; 0.0 4.154289116706969e-5 -1.757510562060406e-5 1.3502572597123947e-5; 0.0 -1.757510562060444e-5 -1.422109906559536e-5 -1.1861748188276722e-5; 0.0 1.3502572597124113e-5 -1.1861748188277179e-5 2.0136827874892685e-5]
