L,J,Q,θ,μ,ϕx,ϕy,ϕz,ndims,T,Λ,χ_dwave,dχdlogT_dwave,χ_pwave,dχdlogT_pwave
23,0.45,0.6180339887498949,0.4487989505128276,0.75,2.35825522373343,3.5083950570734084,5.211373871453545,3,0.021544346900318832,0.3,[0.3796780786854624 0.0 0.0 0.0; 0.0 0.057227753840072684 -0.022595406043432947 -0.02272643485685065; 0.0 -0.022595406043434924 0.05632762521387838 -0.022507042305042576; 0.0 -0.022726434856849984 -0.02250704230504425 0.05667417225383681],[-0.13519903619297097 0.0 0.0 0.0; 0.0 -0.005768029338457092 0.0008171424166422088 0.0008611367812435128; 0.0 0.0008171424166421913 -0.005359432673034824 0.0009173918792759714; 0.0 0.0008611367812435161 0.0009173918792759672 -0.005458887863386332],[1.7837662738829345e-18 0.0 0.0 0.0; 0.0 0.06980695521957664 -0.0024147218418681996 0.0009041030237320358; 0.0 -0.0024147218418682326 0.06864938079583016 -0.0007383585253206409; 0.0 0.0009041030237320855 -0.0007383585253206733 0.06982959611680524],[-1.6828180659721343e-18 0.0 0.0 0.0; 0.0 -0.005304712956543328 0.0007250810024253727 -0.0002314440495758156; 0.0 0.0007250810024253632 -0.005137678522898473 0.0003023123623522703; 0.0 -0.00023144404957583367 0.00030231236235227834 -0.005310375769758414]
