L,J,Q,θ,μ,ϕx,ϕy,ϕz,ndims,T,Λ,χ_dwave,dχdlogT_dwave,χ_pwave,dχdlogT_pwave
23,0.75,0.6180339887498949,0.4487989505128276,0.75,1.3595744307236286,1.6230091281990537,3.234476175330475,3,0.01291549665014884,0.3,[0.4350360005892346 0.0 0.0 0.0; 0.0 0.028338777996770596 -0.009395652330115136 -0.00903311461010562; 0.0 -0.009395652330114777 0.028470874561117413 -0.009380379609203644; 0.0 -0.009033114610105829 -0.009380379609203255 0.02796652153758057],[-0.132541434029815 0.0 0.0 0.0; 0.0 -0.0012463757854787641 -0.0006909214160842485 -0.0007125896299938385; 0.0 -0.0006909214160842843 -0.0012514210980564253 -0.0007055185682118931; 0.0 -0.0007125896299938363 -0.0007055185682118743 -0.0011530015667571242],[3.5175050379426625e-18 0.0 0.0 0.0; 0.0 0.031822530076559025 -0.0001224280959949331 0.0001760317485534059; 0.0 -0.00012242809599492392 0.031677542343972714 -9.259290840412609e-5; 0.0 0.00017603174855340367 -9.2592908404124e-5 0.03155874282062684],[-1.4249376202310064e-18 0.0 0.0 0.0; 0.0 -0.00036736432547226325 -3.708564830490309e-5 -2.175578560753364e-6; 0.0 -3.7085648304900494e-5 -0.00034900929729196807 -2.238037396634785e-5; 0.0 -2.175578560753498e-6 -2.2380373966348986e-5 -0.0003928884747531089]
