L,J,Q,θ,μ,ϕx,ϕy,ϕz,ndims,T,Λ,χ_dwave,dχdlogT_dwave,χ_pwave,dχdlogT_pwave
23,0.2,0.6180339887498949,0.4487989505128276,0.75,1.844230068945385,1.1274623114571236,4.291057478636419,3,0.0027825594022071257,0.3,[0.6817674699441062 0.0 0.0 0.0; 0.0 0.14888093288549142 -0.06316661723368802 -0.05853076538303116; 0.0 -0.06316661723369085 0.15166073788450152 -0.06324370494916813; 0.0 -0.05853076538302962 -0.06324370494916842 0.14897084769426247],[-0.14354663514049662 0.0 0.0 0.0; 0.0 -0.004683597954768982 -0.0009760193370023975 -0.0005683289308729079; 0.0 -0.000976019337002411 -0.0034774192619295837 -0.0005107651298098299; 0.0 -0.0005683289308728809 -0.000510765129809829 -0.004136928534069113],[-4.732287998660884e-18 0.0 0.0 0.0; 0.0 0.18730522771178534 -0.006073674149176055 -0.022493557907338674; 0.0 -0.006073674149176036 0.18599703869967948 0.004666149964631056; 0.0 -0.022493557907337917 0.004666149964630702 0.187600817028932],[2.787310357925777e-19 0.0 0.0 0.0; 0.0 -0.0024468442242261404 0.0006752295767244648 0.0006195026785043528; 0.0 0.0006752295767244589 -0.0028531518912138 -2.048686588027277e-5; 0.0 0.0006195026785043237 -2.0486865880272265e-5 -0.002169839418824086]
