L,J,Q,θ,μ,ϕx,ϕy,ϕz,ndims,T,Λ,χ_dwave,dχdlogT_dwave,χ_pwave,dχdlogT_pwave
23,0.65,0.6180339887498949,0.4487989505128276,0.75,4.108575757591687,4.541751602016311,2.0408036799157285,3,0.004641588833612777,0.3,[0.5801027045571292 0.0 0.0 0.0; 0.0 0.03546369343259173 -0.010719450941599585 -0.010644879665771819; 0.0 -0.010719450941599585 0.03490870422369511 -0.01068242476456439; 0.0 -0.010644879665772267 -0.010682424764563962 0.03498789822963056],[-0.13402173322651603 0.0 0.0 0.0; 0.0 -0.001050359624437424 -0.000946319444646553 -0.0009673719819291852; 0.0 -0.000946319444646557 -0.0009563906907971894 -0.0009817292852751275; 0.0 -0.0009673719819291696 -0.0009817292852751566 -0.0010587644010437347],[-7.39937625819934e-19 0.0 0.0 0.0; 0.0 0.03976525953076205 5.533010719954597e-5 3.2394505956718035e-6; 0.0 5.5330107199548955e-5 0.04014568795003567 0.00019842606048101234; 0.0 3.239450595669352e-6 0.00019842606048100828 0.03981164188095375],[1.4783745111151714e-19 0.0 0.0 0.0; 0.0 5.333926953123247e-6 -1.5584711752523766e-5 3.194792039357923e-5; 0.0 -1.5584711752523535e-5 -0.00010832954031163785 1.884206986651244e-5; 0.0 3.1947920393581815e-5 1.8842069866512773e-5 -2.3212627481172007e-5]
