L,J,Q,θ,μ,ϕx,ϕy,ϕz,ndims,T,Λ,χ_dwave,dχdlogT_dwave,χ_pwave,dχdlogT_pwave
23,0.45,0.6180339887498949,0.4487989505128276,0.75,3.7152326662553454,5.721680001447781,0.41513891803668856,3,0.0027825594022071257,0.3,[0.6818197841856195 0.0 0.0 0.0; 0.0 0.06122116831788345 -0.020752273039509862 -0.02155490242891376; 0.0 -0.020752273039509633 0.06346574661894887 -0.021719686206640363; 0.0 -0.021554902428914204 -0.02171968620664083 0.06265803658700018],[-0.14225372587936538 0.0 0.0 0.0; 0.0 -0.001115953585222217 -0.0013102834786797527 -0.0011320079107336378; 0.0 -0.0013102834786797282 -0.0017287209978236414 -0.0014875252050290406; 0.0 -0.0011320079107336358 -0.0014875252050290534 -0.0012666196417004038],[-3.4978431087488405e-18 0.0 0.0 0.0; 0.0 0.07615610418259294 0.00033855671839622424 -0.0006117546735102414; 0.0 0.00033855671839624056 0.07565623647881671 -0.0005103599120355484; 0.0 -0.0006117546735102166 -0.0005103599120355511 0.07691081775924156],[1.8894087505661765e-20 0.0 0.0 0.0; 0.0 -0.0003530370183676567 0.00014344563094642355 8.536763776350623e-5; 0.0 0.00014344563094642558 -3.9618670010414736e-5 0.0001681694645723372; 0.0 8.536763776350272e-5 0.0001681694645723422 -3.2964348395906706e-5]
