L,J,Q,θ,μ,ϕx,ϕy,ϕz,ndims,T,Λ,χ_dwave,dχdlogT_dwave,χ_pwave,dχdlogT_pwave
23,0.15,0.6180339887498949,0.4487989505128276,0.75,2.35825522373343,3.5083950570734084,5.211373871453545,3,0.007742636826811269,0.3,[0.5091888126555091 0.0 0.0 0.0; 0.0 0.16605043925457083 -0.07267641050161555 -0.0717311853027833; 0.0 -0.07267641050161251 0.16838290346405196 -0.07444236033400127; 0.0 -0.07173118530278845 -0.07444236033400048 0.16692877096787578],[-0.12449062623847357 0.0 0.0 0.0; 0.0 -0.018405339370811603 0.007757485024903667 0.006287639990380127; 0.0 0.007757485024903988 -0.021164648287469303 0.007734542995559342; 0.0 0.006287639990380315 0.007734542995558992 -0.019024294945647526],[-2.7111941284818805e-18 0.0 0.0 0.0; 0.0 0.20855103471865394 -0.01584494467916461 0.009644291516565616; 0.0 -0.015844944679165574 0.20620164409859576 -0.006483207916359231; 0.0 0.009644291516565566 -0.006483207916358905 0.20659215787777008],[1.5416773202883379e-18 0.0 0.0 0.0; 0.0 -0.023375430549930975 0.003579461763868339 -0.002947585792788106; 0.0 0.003579461763868267 -0.020867297726116528 0.0016428740382432977; 0.0 -0.0029475857927880374 0.0016428740382432737 -0.02213584704747514]
