L,J,Q,θ,μ,ϕx,ϕy,ϕz,ndims,T,Λ,χ_dwave,dχdlogT_dwave,χ_pwave,dχdlogT_pwave
23,1.25,0.6180339887498949,0.4487989505128276,0.75,4.108575757591687,4.541751602016311,2.0408036799157285,3,0.001,0.3,[0.692596858099775 0.0 0.0 0.0; 0.0 0.014348084089724659 -0.0030949349422513556 -0.003214430080011606; 0.0 -0.003094934942251321 0.013929054329487678 -0.0030868942213150767; 0.0 -0.003214430080011585 -0.003086894221315116 0.013943576161945718],[-0.11326992585654734 0.0 0.0 0.0; 0.0 -0.0003270060264768167 -0.0003331472614673566 -0.00030652754325149805; 0.0 -0.00033314726146735997 -0.00033061559901383813 -0.00032568143596561623; 0.0 -0.0003065275432515053 -0.00032568143596561715 -0.0003097732002165812],[9.226098832507867e-18 0.0 0.0 0.0; 0.0 0.012888235651926042 7.569937963232984e-5 -1.997637095597197e-5; 0.0 7.569937963233275e-5 0.012912300319539056 -8.32598436384083e-5; 0.0 -1.997637095597399e-5 -8.32598436384122e-5 0.012731628861739331],[-4.928635161352365e-18 0.0 0.0 0.0; 0.0 1.3075176675998665e-5 4.554640510604134e-6 1.3431142648525753e-7; 0.0 4.554640510604135e-6 3.177216507766818e-5 -3.688886669452209e-6; 0.0 1.3431142648543056e-7 -3.6888866694522328e-6 2.6859749809650836e-5]
