L,J,Q,θ,μ,ϕx,ϕy,ϕz,ndims,T,Λ,χ_dwave,dχdlogT_dwave,χ_pwave,dχdlogT_pwave
23,0.7,0.6180339887498949,0.4487989505128276,0.75,1.844230068945385,1.1274623114571236,4.291057478636419,3,0.004641588833612777,0.3,[0.5741916663418964 0.0 0.0 0.0; 0.0 0.031938568237182025 -0.00944931903697256 -0.009141020714057072; 0.0 -0.009449319036973342 0.032250630210954166 -0.009456444708798702; 0.0 -0.00914102071405697 -0.009456444708798991 0.03203549448549641],[-0.13302859530609187 0.0 0.0 0.0; 0.0 -0.0009370612884406548 -0.0009137813021600636 -0.0009232447676662408; 0.0 -0.0009137813021600805 -0.0010101558014966026 -0.0009306435395439227; 0.0 -0.0009232447676662902 -0.0009306435395438894 -0.001042420383673863],[4.327683188859241e-18 0.0 0.0 0.0; 0.0 0.03486566117704943 5.101287537450292e-5 -0.00041990588760374835; 0.0 5.10128753745075e-5 0.035320103163501475 -7.06747092541661e-5; 0.0 -0.0004199058876037689 -7.067470925416117e-5 0.034804250417981825],[-1.9054761402111248e-18 0.0 0.0 0.0; 0.0 -5.602393170303526e-5 3.453032759305545e-6 2.553629358643374e-5; 0.0 3.4530327593054436e-6 -4.395340448780751e-5 1.1681271226320414e-5; 0.0 2.5536293586432825e-5 1.1681271226318864e-5 -2.255081457674313e-5]
