L,J,Q,θ,μ,ϕx,ϕy,ϕz,ndims,T,Λ,χ_dwave,dχdlogT_dwave,χ_pwave,dχdlogT_pwave
23,0.45,0.6180339887498949,0.4487989505128276,0.75,0.8300692797416884,5.067530529285624,5.9941159353493925,3,0.0027825594022071257,0.3,[0.6501629236529278 0.0 0.0 0.0; 0.0 0.06144198093988281 -0.02083623791804794 -0.022752762521675744; 0.0 -0.020836237918048086 0.06238159708105982 -0.02076083082572691; 0.0 -0.02275276252167592 -0.020760830825726932 0.06122142407926088],[-0.13585569029244335 0.0 0.0 0.0; 0.0 -0.0013328941241121583 -0.0012797686807392667 -0.0008581806888106741; 0.0 -0.0012797686807391876 -0.0019350329506641578 -0.0012150683789316132; 0.0 -0.0008581806888106484 -0.0012150683789315824 -0.0011016238483677596],[-3.802819093255531e-18 0.0 0.0 0.0; 0.0 0.07029881808442921 0.0001924620628965443 -0.0002956303151513689; 0.0 0.00019246206289655815 0.06979253502647828 -0.0004025550784231654; 0.0 -0.00029563031515132286 -0.0004025550784231292 0.07084976735336465],[3.3698341680788043e-18 0.0 0.0 0.0; 0.0 -0.00015187479609335086 1.5532079330390225e-5 4.644640633417627e-5; 0.0 1.5532079330390916e-5 -9.56433602348501e-5 1.1317053490946243e-5; 0.0 4.6446406334175036e-5 1.1317053490946173e-5 -0.00016477326300124866]
