L,J,Q,θ,μ,ϕx,ϕy,ϕz,ndims,T,Λ,χ_dwave,dχdlogT_dwave,χ_pwave,dχdlogT_pwave
23,1.1,0.6180339887498949,0.4487989505128276,0.75,3.7152326662553454,5.721680001447781,0.41513891803668856,3,0.0027825594022071257,0.3,[0.5928688901726402 0.0 0.0 0.0; 0.0 0.016532662373932167 -0.004085320663942354 -0.004187895919010716; 0.0 -0.004085320663942429 0.016849597609332814 -0.0041962042021544445; 0.0 -0.004187895919010776 -0.004196204202154414 0.016506234191195727],[-0.12269094273283858 0.0 0.0 0.0; 0.0 -0.00044921687455808904 -0.00047170440910277367 -0.0004233224325008467; 0.0 -0.00047170440910277605 -0.0005586598894505041 -0.00045915197089954813; 0.0 -0.00042332243250085274 -0.00045915197089953615 -0.00039492816171286555],[2.7092456283251177e-18 0.0 0.0 0.0; 0.0 0.016390570621790414 0.0001099201654232449 -0.00014203096928230513; 0.0 0.00010992016542324257 0.01604043265754778 -1.763436859925433e-5; 0.0 -0.0001420309692822984 -1.763436859925469e-5 0.01617507079054976],[-1.006540953835817e-19 0.0 0.0 0.0; 0.0 2.217071106464185e-6 -1.0912075820455947e-5 3.334636446551833e-5; 0.0 -1.0912075820456077e-5 2.795589381900461e-6 1.0898878616938477e-7; 0.0 3.3346364465519135e-5 1.0898878616975259e-7 1.5419049039760604e-5]
