L,J,Q,θ,μ,ϕx,ϕy,ϕz,ndims,T,Λ,χ_dwave,dχdlogT_dwave,χ_pwave,dχdlogT_pwave
23,1.25,0.6180339887498949,0.4487989505128276,0.75,2.810390175230641,1.0772819831490281,3.680682016823238,3,0.0027825594022071257,0.3,[0.5819480415881467 0.0 0.0 0.0; 0.0 0.013994381443417707 -0.0033967041446542434 -0.003964171079010062; 0.0 -0.0033967041446543397 0.014088929742360827 -0.0036011931538317992; 0.0 -0.003964171079009997 -0.0036011931538317654 0.013843639418906106],[-0.11979759574379398 0.0 0.0 0.0; 0.0 -0.0002965570846789526 -0.0003513203392666042 -0.0002751484229597372; 0.0 -0.0003513203392665885 -0.00043496401965894746 -0.0003577921037280982; 0.0 -0.00027514842295972325 -0.0003577921037281217 -0.00029551412679780666],[-1.8078651260520605e-18 0.0 0.0 0.0; 0.0 0.01325858408721554 -8.975179075894319e-5 -4.042727627840621e-5; 0.0 -8.975179075894605e-5 0.012988208224629502 0.00017674613208242004; 0.0 -4.042727627840432e-5 0.0001767461320824264 0.013070375222473722],[1.6630938631591933e-18 0.0 0.0 0.0; 0.0 2.5306917288407075e-5 1.1031512512197043e-5 3.486097262132655e-6; 0.0 1.1031512512197002e-5 1.527084387614733e-5 -6.609151907637741e-7; 0.0 3.4860972621324586e-6 -6.609151907639525e-7 1.1904080588382286e-5]
