L,J,Q,θ,μ,ϕx,ϕy,ϕz,ndims,T,Λ,χ_dwave,dχdlogT_dwave,χ_pwave,dχdlogT_pwave
23,0.9,0.6180339887498949,0.4487989505128276,0.75,2.0229416505316715,5.371743502297404,0.6056970094929207,3,0.007742636826811269,0.3,[0.4868718306130035 0.0 0.0 0.0; 0.0 0.021355213864753815 -0.006427983183990695 -0.006261815655267212; 0.0 -0.006427983183990695 0.021529110524909793 -0.006481804566936652; 0.0 -0.006261815655267148 -0.006481804566936531 0.021055058148783445],[-0.12796338488225112 0.0 0.0 0.0; 0.0 -0.0007517819069629302 -0.0005914263138391027 -0.0006209332298295961; 0.0 -0.0005914263138390376 -0.0006933274683433056 -0.0005372305891751635; 0.0 -0.0006209332298295956 -0.0005372305891751683 -0.0006891008881285868],[-5.334815673614429e-18 0.0 0.0 0.0; 0.0 0.02231028677827187 4.302690515135039e-5 0.00015237370491119436; 0.0 4.302690515135358e-5 0.022776626466210523 -0.00022445541708161003; 0.0 0.00015237370491118858 -0.00022445541708161166 0.02211199011341902],[3.272996929464894e-18 0.0 0.0 0.0; 0.0 -8.123906172619745e-5 9.09203675893112e-6 1.3716154917260574e-5; 0.0 9.092036758930576e-6 -3.7619350620667984e-5 1.9381452663336027e-5; 0.0 1.3716154917260607e-5 1.9381452663335997e-5 -6.603990167035364e-5]
