L,J,Q,θ,μ,ϕx,ϕy,ϕz,ndims,T,Λ,χ_dwave,dχdlogT_dwave,χ_pwave,dχdlogT_pwave
23,0.6,0.6180339887498949,0.4487989505128276,0.75,2.35825522373343,3.5083950570734084,5.211373871453545,3,0.021544346900318832,0.3,[0.37422839831197385 0.0 0.0 0.0; 0.0 0.03731172910824618 -0.013540345759833082 -0.013769809646201735; 0.0 -0.01354034575983308 0.03712831600794423 -0.01418258567429298; 0.0 -0.01376980964620039 -0.01418258567429281 0.03751188164831943],[-0.1351503022820942 0.0 0.0 0.0; 0.0 -0.002817089868613098 -0.00023382581029399312 -0.00024850948711371075; 0.0 -0.00023382581029399944 -0.0026957673537346045 -9.949057008752539e-5; 0.0 -0.0002485094871137132 -9.949057008752238e-5 -0.002728965266408609],[-2.7895767926944755e-19 0.0 0.0 0.0; 0.0 0.0446783879494633 -0.0001989479130552222 0.0001013318029147985; 0.0 -0.00019894791305517914 0.04386281289375497 -0.00030635227334915746; 0.0 0.0001013318029148049 -0.00030635227334916413 0.0440675978176298],[1.3549727165543019e-18 0.0 0.0 0.0; 0.0 -0.002230935594061176 2.97176622462349e-5 -0.00013940995489017773; 0.0 2.9717662246234674e-5 -0.0020003210916676208 4.709293479092701e-5; 0.0 -0.00013940995489017418 4.7092934790925374e-5 -0.002044638136092787]
