L,J,Q,θ,μ,ϕx,ϕy,ϕz,ndims,T,Λ,χ_dwave,dχdlogT_dwave,χ_pwave,dχdlogT_pwave
23,0.6,0.6180339887498949,0.4487989505128276,0.75,0.8300692797416884,5.067530529285624,5.9941159353493925,3,0.01291549665014884,0.3,[0.44361874980208393 0.0 0.0 0.0; 0.0 0.03841759985061288 -0.01367460915311589 -0.013691071947205374; 0.0 -0.013674609153116059 0.039019489691621556 -0.013880626202349462; 0.0 -0.013691071947205655 -0.013880626202350275 0.03861141821683433],[-0.13479385050246095 0.0 0.0 0.0; 0.0 -0.0017364817749487538 -0.0006721649464157105 -0.000648019827232537; 0.0 -0.0006721649464157152 -0.0017798200790772308 -0.0006964131057246736; 0.0 -0.0006480198272325412 -0.0006964131057246554 -0.0016053429431397452],[-5.734179369939414e-19 0.0 0.0 0.0; 0.0 0.04477048630487838 2.1164197251705023e-6 -0.0003005926214801361; 0.0 2.1164197251682572e-6 0.04532327656018163 -0.0003028978596372646; 0.0 -0.00030059262148015263 -0.00030289785963727765 0.04543708007169074],[3.7657689099463548e-19 0.0 0.0 0.0; 0.0 -0.0007442318945783816 2.0845303005180396e-5 2.9783477097425117e-6; 0.0 2.0845303005180667e-5 -0.0007818986232996072 1.954830160584308e-5; 0.0 2.9783477097427773e-6 1.9548301605844554e-5 -0.0008941170663351813]
