L,J,Q,θ,μ,ϕx,ϕy,ϕz,ndims,T,Λ,χ_dwave,dχdlogT_dwave,χ_pwave,dχdlogT_pwave
23,1.1,0.6180339887498949,0.4487989505128276,0.75,3.7152326662553454,5.721680001447781,0.41513891803668856,3,0.01291549665014884,0.3,[0.40338043207319846 0.0 0.0 0.0; 0.0 0.015841885649901497 -0.0048041913010892605 -0.004654762593619973; 0.0 -0.004804191301089266 0.016125160658088958 -0.004694258922580615; 0.0 -0.004654762593620067 -0.00469425892258075 0.01608624403111755],[-0.12287104953440076 0.0 0.0 0.0; 0.0 -0.0006659563867485747 -0.00043029552745392795 -0.00040425900037930815; 0.0 -0.0004302955274539348 -0.0006748775866515298 -0.00040928678850737; 0.0 -0.00040425900037927855 -0.00040928678850735216 -0.0007400318876527245],[2.6839003488068794e-18 0.0 0.0 0.0; 0.0 0.01575587243428643 -1.8724036480378043e-5 -4.3195420380432615e-5; 0.0 -1.87240364803779e-5 0.01641099544024536 0.00011786021562360866; 0.0 -4.31954203804331e-5 0.00011786021562361101 0.0161625654514661],[1.984767332021669e-19 0.0 0.0 0.0; 0.0 -0.00011240574326410348 8.572981270472643e-6 2.0470866581576577e-5; 0.0 8.572981270473707e-6 -0.0001297330424670385 1.356937474591587e-6; 0.0 2.047086658157617e-5 1.3569374745918955e-6 -0.00012004244572325395]
