L,J,Q,θ,μ,ϕx,ϕy,ϕz,ndims,T,Λ,χ_dwave,dχdlogT_dwave,χ_pwave,dχdlogT_pwave
23,0.1,0.6180339887498949,0.4487989505128276,0.75,1.573530448848193,4.436680002802441,0.6352908892784268,3,0.001,0.3,[0.8071618330485243 0.0 0.0 0.0; 0.0 0.23058729619486065 -0.10806498441608269 -0.09341319524156606; 0.0 -0.10806498441608503 0.2322365801238713 -0.09606528555235044; 0.0 -0.09341319524156494 -0.09606528555233988 0.23694197454367494],[-0.12248346789825464 0.0 0.0 0.0; 0.0 -0.002204018607110476 0.0010460771690939397 -0.0015372642628892347; 0.0 0.0010460771690939336 -0.00330284987296159 6.54419825907269e-6; 0.0 -0.001537264262889244 6.544198259069903e-6 -0.00921934504085881],[-5.052679086457944e-18 0.0 0.0 0.0; 0.0 0.29934593718060865 -0.02787865300827932 0.01808153668208788; 0.0 -0.02787865300827736 0.2962237149288816 -0.020242798684602492; 0.0 0.018081536682087437 -0.020242798684602763 0.2997172416105327],[5.746397980063688e-18 0.0 0.0 0.0; 0.0 -0.005395089787464758 0.0028196817832232984 0.00022089164099963805; 0.0 0.002819681783223249 -0.0037008220621339584 0.0009098082318492479; 0.0 0.00022089164099963824 0.0009098082318492631 -0.002619367700540277]
