L,J,Q,θ,μ,ϕx,ϕy,ϕz,ndims,T,Λ,χ_dwave,dχdlogT_dwave,χ_pwave,dχdlogT_pwave
23,0.8,0.6180339887498949,0.4487989505128276,0.75,1.7147032833659617,1.1033524487318418,0.8149814849990139,3,0.05994842503189409,0.3,[0.22928734596043038 0.0 0.0 0.0; 0.0 0.02128215712558199 -0.008041754784518382 -0.007894375984932245; 0.0 -0.00804175478451888 0.021580615526849253 -0.008200613512997832; 0.0 -0.007894375984931987 -0.008200613512998016 0.021455436584977245],[-0.13009081195560412 0.0 0.0 0.0; 0.0 -0.005826072762231797 0.001618230233647302 0.001558369273676595; 0.0 0.0016182302336473482 -0.005956702908807378 0.0016803018033628722; 0.0 0.0015583692736766538 0.0016803018033628525 -0.005897584011599133],[3.226248056277404e-19 0.0 0.0 0.0; 0.0 0.02499146955523219 0.0002310984092664406 0.0001316051537146104; 0.0 0.0002310984092664475 0.024969215768020976 4.687910997298666e-6; 0.0 0.00013160515371460793 4.68791099729855e-6 0.025122162772616783],[-6.245130451007077e-20 0.0 0.0 0.0; 0.0 -0.006159919114330257 -7.364257690739775e-5 -2.9451820828582323e-5; 0.0 -7.36425769073981e-5 -0.006116116689800487 -2.693759397030998e-5; 0.0 -2.9451820828580822e-5 -2.6937593970312225e-5 -0.006229282676003659]
