L,J,Q,θ,μ,ϕx,ϕy,ϕz,ndims,T,Λ,χ_dwave,dχdlogT_dwave,χ_pwave,dχdlogT_pwave
23,0.25,0.6180339887498949,0.4487989505128276,0.75,1.3595744307236286,1.6230091281990537,3.234476175330475,3,0.05994842503189409,0.3,[0.24600407972256427 0.0 0.0 0.0; 0.0 0.07615323342578464 -0.0334625214341323 -0.03348060198428483; 0.0 -0.03346252143413212 0.0759177981760618 -0.03327185107666458; 0.0 -0.033480601984285194 -0.03327185107666442 0.07619276712978275],[-0.14608430644493567 0.0 0.0 0.0; 0.0 -0.036786543257782696 0.015744690950104917 0.015774329762252605; 0.0 0.015744690950104608 -0.036639502914440535 0.015627233204191675; 0.0 0.015774329762252588 0.015627233204192296 -0.03695669811328202],[2.0519249146070613e-19 0.0 0.0 0.0; 0.0 0.10007105708498783 -0.00015131267100508864 -0.0007632240435155326; 0.0 -0.0001513126710050989 0.10000169494773693 -0.002176008001583865; 0.0 -0.0007632240435155416 -0.002176008001583793 0.10013747845721849],[-3.988486415976169e-19 0.0 0.0 0.0; 0.0 -0.05138899630401987 0.00032534667829284183 0.0013495996486916839; 0.0 0.0003253466782928405 -0.051293913083151586 0.003565609465482578; 0.0 0.0013495996486916654 0.003565609465482588 -0.05136274923477713]
