L,J,Q,θ,μ,ϕx,ϕy,ϕz,ndims,T,Λ,χ_dwave,dχdlogT_dwave,χ_pwave,dχdlogT_pwave
23,0.75,0.6180339887498949,0.4487989505128276,0.75,2.35825522373343,3.5083950570734084,5.211373871453545,3,0.004641588833612777,0.3,[0.5722601795085884 0.0 0.0 0.0; 0.0 0.02924283455605893 -0.00877323568996088 -0.008526458752578547; 0.0 -0.008773235689961382 0.02928720389571127 -0.00869804308981716; 0.0 -0.008526458752578165 -0.008698043089816936 0.02952122885188522],[-0.13520608297172487 0.0 0.0 0.0; 0.0 -0.0009323310700473191 -0.0007684708146824474 -0.0008402499531709586; 0.0 -0.0007684708146825187 -0.0008941848601141204 -0.0008182022789030216; 0.0 -0.0008402499531709425 -0.0008182022789030105 -0.0009712804814094764],[4.781010567101027e-18 0.0 0.0 0.0; 0.0 0.03156158281640579 0.00012354918378733998 9.426293355982931e-5; 0.0 0.00012354918378734822 0.0320672661360217 0.00014414514302589363; 0.0 9.426293355983778e-5 0.00014414514302590203 0.03249705096709592],[-2.4667223221958444e-18 0.0 0.0 0.0; 0.0 -6.101550255076508e-5 -3.3108920725106893e-6 -1.1715079734403373e-5; 0.0 -3.310892072510858e-6 -5.2395515499615965e-5 -3.0488755915206406e-5; 0.0 -1.1715079734403183e-5 -3.0488755915208415e-5 -8.561595005947056e-5]
