L,J,Q,θ,μ,ϕx,ϕy,ϕz,ndims,T,Λ,χ_dwave,dχdlogT_dwave,χ_pwave,dχdlogT_pwave
23,0.95,0.6180339887498949,0.4487989505128276,0.75,1.844230068945385,1.1274623114571236,4.291057478636419,3,0.0027825594022071257,0.3,[0.6149506101302558 0.0 0.0 0.0; 0.0 0.02051884484466833 -0.0054253906715165555 -0.005215004717770847; 0.0 -0.005425390671516395 0.020550930079055455 -0.005133250074107159; 0.0 -0.005215004717770864 -0.005133250074107313 0.020482332236984833],[-0.1252084407703229 0.0 0.0 0.0; 0.0 -0.0005112821873060432 -0.000553111821844011 -0.0005746231907365234; 0.0 -0.0005531118218440188 -0.0005555889559382995 -0.0006075647161679115; 0.0 -0.0005746231907365335 -0.0006075647161678549 -0.0006331026646933428],[-5.196751185203172e-19 0.0 0.0 0.0; 0.0 0.02093737137775086 -5.458338302695069e-6 0.00010457164379315401; 0.0 -5.4583383026945096e-6 0.020918456248321456 6.813700126312585e-5; 0.0 0.0001045716437931601 6.813700126312566e-5 0.020903732107448645],[-3.837319690593746e-18 0.0 0.0 0.0; 0.0 -4.626747855187202e-6 1.6199493140836243e-5 1.3780208947763284e-5; 0.0 1.619949314083604e-5 4.084872830697065e-5 9.475027839387577e-6; 0.0 1.3780208947763128e-5 9.475027839387239e-6 -8.911121136713888e-7]
