L,J,Q,θ,μ,ϕx,ϕy,ϕz,ndims,T,Λ,χ_dwave,dχdlogT_dwave,χ_pwave,dχdlogT_pwave
23,0.4,0.6180339887498949,0.4487989505128276,0.75,2.35825522373343,3.5083950570734084,5.211373871453545,3,0.007742636826811269,0.3,[0.517404415400034 0.0 0.0 0.0; 0.0 0.07065614945227888 -0.026128869128765327 -0.026777678411357763; 0.0 -0.026128869128765164 0.0693234387922928 -0.027516569325096846; 0.0 -0.026777678411357333 -0.02751656932509629 0.07043799578131592],[-0.13397578390164805 0.0 0.0 0.0; 0.0 -0.0027407529471606875 -0.0009862521070118583 -0.0009309367602126419; 0.0 -0.0009862521070118455 -0.002081574337394001 -0.000554776821083949; 0.0 -0.0009309367602126403 -0.0005547768210839225 -0.0023943352466309856],[7.501689583837965e-19 0.0 0.0 0.0; 0.0 0.08495490184398417 -0.004336138429952836 0.001354231931315018; 0.0 -0.004336138429952482 0.0840516786382853 -0.0014112486222302176; 0.0 0.0013542319313150737 -0.0014112486222301313 0.08383744891093713],[-2.0840471528479187e-18 0.0 0.0 0.0; 0.0 -0.001324912492370382 0.00034943327836677544 -0.00012160522595311397; 0.0 0.00034943327836675577 -0.00134583553708048 0.0001620162791535712; 0.0 -0.00012160522595310808 0.00016201627915355887 -0.001273128979972239]
