L,J,Q,θ,μ,ϕx,ϕy,ϕz,ndims,T,Λ,χ_dwave,dχdlogT_dwave,χ_pwave,dχdlogT_pwave
23,0.95,0.6180339887498949,0.4487989505128276,0.75,1.3595744307236286,1.6230091281990537,3.234476175330475,3,0.01291549665014884,0.3,[0.4203857573414676 0.0 0.0 0.0; 0.0 0.01980001389946448 -0.0062141590015671235 -0.0062968288248773895; 0.0 -0.006214159001567414 0.019730430858055543 -0.006350083717834891; 0.0 -0.006296828824877372 -0.006350083717834567 0.019959818343617094],[-0.12816831554639696 0.0 0.0 0.0; 0.0 -0.0008653106314301087 -0.0004904455570324273 -0.0005167749272988075; 0.0 -0.0004904455570324301 -0.0007817377111193976 -0.00046078197950729505; 0.0 -0.0005167749272988061 -0.00046078197950731077 -0.0008065824018059814],[-8.543760286373205e-19 0.0 0.0 0.0; 0.0 0.020729469501622105 -2.5907543645351865e-5 -5.278806550396866e-5; 0.0 -2.590754364535277e-5 0.021340630798790474 0.00023012970501995665; 0.0 -5.278806550396501e-5 0.00023012970501996773 0.021572234516856525],[-1.429107705913498e-19 0.0 0.0 0.0; 0.0 -0.00020468728019239777 -1.895483897322976e-5 -1.5615258326346847e-5; 0.0 -1.895483897322894e-5 -0.0001483295784269733 -5.2357706469399054e-5; 0.0 -1.561525832634637e-5 -5.235770646939611e-5 -0.0002100083452986167]
