L,J,Q,θ,μ,ϕx,ϕy,ϕz,ndims,T,Λ,χ_dwave,dχdlogT_dwave,χ_pwave,dχdlogT_pwave
23,0.2,0.6180339887498949,0.4487989505128276,0.75,2.810390175230641,1.0772819831490281,3.680682016823238,3,0.0027825594022071257,0.3,[0.6499054176411778 0.0 0.0 0.0; 0.0 0.14667156740112278 -0.06413213026083897 -0.057596587830159765; 0.0 -0.06413213026083575 0.15001957966212923 -0.06231961480990341; 0.0 -0.057596587830164005 -0.06231961480990792 0.14663907068720822],[-0.12463334213597946 0.0 0.0 0.0; 0.0 -0.00362827901700299 -0.000570568425774095 -0.0009507011249152374; 0.0 -0.0005705684257740841 -0.0027606458518905307 -0.0004155408582432279; 0.0 -0.00095070112491521 -0.00041554085824322665 -0.003889692701718825],[5.693130168087789e-18 0.0 0.0 0.0; 0.0 0.18802481726336298 -0.009446307903576359 -0.008982054480987874; 0.0 -0.00944630790357638 0.18424816482924633 0.0016391817177874995; 0.0 -0.008982054480987984 0.0016391817177874683 0.19195475155889086],[1.1484843456151522e-18 0.0 0.0 0.0; 0.0 -0.003652431185721335 0.0005021018533995893 0.0008389258624299716; 0.0 0.0005021018533995914 -0.002664402436870335 -0.00016031466872737328; 0.0 0.0008389258624299802 -0.00016031466872737512 -0.0028458068958181065]
