L,J,Q,θ,μ,ϕx,ϕy,ϕz,ndims,T,Λ,χ_dwave,dχdlogT_dwave,χ_pwave,dχdlogT_pwave
23,1.1,0.6180339887498949,0.4487989505128276,0.75,2.35825522373343,3.5083950570734084,5.211373871453545,3,0.004641588833612777,0.3,[0.5295076866980732 0.0 0.0 0.0; 0.0 0.01694687588470601 -0.004347522335517303 -0.004277885381791275; 0.0 -0.004347522335517293 0.016588589661687955 -0.004451153111632693; 0.0 -0.004277885381791085 -0.004451153111633034 0.016544020526810952],[-0.12042703368699542 0.0 0.0 0.0; 0.0 -0.0005095169185797983 -0.0004660821295735703 -0.00048549856019980544; 0.0 -0.00046608212957358693 -0.0004362911300905107 -0.000491808118438282; 0.0 -0.00048549856019979677 -0.0004918081184383067 -0.0004903760007499075],[2.085065424544573e-18 0.0 0.0 0.0; 0.0 0.016262128420075652 4.981294759746535e-5 -7.63775546501889e-5; 0.0 4.9812947597468676e-5 0.01619056437276482 -9.246600438294906e-5; 0.0 -7.637755465018685e-5 -9.246600438295426e-5 0.016125599358915298],[-3.8914099483008855e-18 0.0 0.0 0.0; 0.0 -4.603588782399684e-6 -1.30917053454546e-5 2.266281413439223e-6; 0.0 -1.3091705345454231e-5 -6.1015010672796374e-6 1.8431530764138888e-5; 0.0 2.266281413438802e-6 1.8431530764140165e-5 -2.7605950888975545e-5]
