L,J,Q,θ,μ,ϕx,ϕy,ϕz,ndims,T,Λ,χ_dwave,dχdlogT_dwave,χ_pwave,dχdlogT_pwave
23,0.35,0.6180339887498949,0.4487989505128276,0.75,5.2759666248411525,5.216572709691631,2.2183578985492427,3,0.03593813663804628,0.3,[0.312905585763525 0.0 0.0 0.0; 0.0 0.07038475437619472 -0.03001594559825198 -0.029399440757203025; 0.0 -0.030015945598252138 0.07053124422894272 -0.030104370880296903; 0.0 -0.029399440757203247 -0.030104370880297843 0.06990964083836325],[-0.13606581657106964 0.0 0.0 0.0; 0.0 -0.017382923426271662 0.00642932401078731 0.006111260388951975; 0.0 0.006429324010787084 -0.017235647941353155 0.0066894329401252705; 0.0 0.006111260388951869 0.006689432940124987 -0.0168972172335511],[-1.5485139782045957e-18 0.0 0.0 0.0; 0.0 0.08872383851616579 -0.0029539020142478317 -0.003276946675300045; 0.0 -0.0029539020142483365 0.08886829456424833 0.0011095556954436093; 0.0 -0.0032769466752998974 0.0011095556954435557 0.08833279547271584],[5.813914160481954e-19 0.0 0.0 0.0; 0.0 -0.020275160849657796 0.0023118033640787145 0.002760099500373765; 0.0 0.0023118033640787796 -0.02040705025403107 -0.0012524736421274348; 0.0 0.0027600995003737683 -0.0012524736421275313 -0.020205807797082878]
