L,J,Q,θ,μ,ϕx,ϕy,ϕz,ndims,T,Λ,χ_dwave,dχdlogT_dwave,χ_pwave,dχdlogT_pwave
23,1.0,0.6180339887498949,0.4487989505128276,0.75,1.3595744307236286,1.6230091281990537,3.234476175330475,3,0.0016681005372000592,0.3,[0.6767950930937638 0.0 0.0 0.0; 0.0 0.019730625388901125 -0.004695653974688872 -0.004703701086198206; 0.0 -0.00469565397468887 0.01933664711701624 -0.004783862574820959; 0.0 -0.004703701086198435 -0.0047838625748210005 0.01957531129921992],[-0.12891334055368242 0.0 0.0 0.0; 0.0 -0.000525327903106773 -0.0005478200180402133 -0.0005308561206370276; 0.0 -0.000547820018040214 -0.0006483261056415283 -0.0005458765446910179; 0.0 -0.0005308561206370252 -0.0005458765446910334 -0.0005484954023023498],[1.2159622859615533e-17 0.0 0.0 0.0; 0.0 0.019397604923069838 -9.786849204344718e-5 7.562934140264649e-5; 0.0 -9.786849204344793e-5 0.018967233927926208 -1.3647785530440584e-5; 0.0 7.562934140264821e-5 -1.3647785530440438e-5 0.019347114239527664],[-6.250585143118563e-18 0.0 0.0 0.0; 0.0 -6.167448841968057e-6 -7.210750289773627e-6 -1.4111031715256147e-6; 0.0 -7.210750289773613e-6 -3.843940904941057e-5 7.997463825228118e-6; 0.0 -1.411103171525594e-6 7.997463825227607e-6 -2.042626391557057e-5]
