L,J,Q,θ,μ,ϕx,ϕy,ϕz,ndims,T,Λ,χ_dwave,dχdlogT_dwave,χ_pwave,dχdlogT_pwave
23,0.6,0.6180339887498949,0.4487989505128276,0.75,2.0229416505316715,5.371743502297404,0.6056970094929207,3,0.007742636826811269,0.3,[0.5152019567250191 0.0 0.0 0.0; 0.0 0.03959681454984538 -0.013547033018417452 -0.013007748558206987; 0.0 -0.01354703301841766 0.039848589387468325 -0.013552636077843778; 0.0 -0.013007748558207207 -0.013552636077844082 0.039675502629255115],[-0.13685390398181238 0.0 0.0 0.0; 0.0 -0.001361428567181037 -0.0009240375114908235 -0.0010033755761330657; 0.0 -0.0009240375114908213 -0.0012265965780513912 -0.0008968682396328239; 0.0 -0.001003375576133212 -0.0008968682396327657 -0.0013668332883907334],[-2.3266126210894407e-18 0.0 0.0 0.0; 0.0 0.04594137038734234 0.00039993809638804297 -5.108360740163525e-5; 0.0 0.00039993809638804096 0.04611330647339078 -0.0005249085296035133; 0.0 -5.108360740163458e-5 -0.0005249085296035052 0.0452244022976588],[-4.014081644892907e-19 0.0 0.0 0.0; 0.0 -0.00026643802837608406 1.6618426422637648e-5 3.565769055252242e-5; 0.0 1.6618426422638667e-5 -0.0002667177153749255 2.3049499899797507e-5; 0.0 3.5657690552523984e-5 2.30494998997978e-5 -0.0003077552688926369]
