L,J,Q,θ,μ,ϕx,ϕy,ϕz,ndims,T,Λ,χ_dwave,dχdlogT_dwave,χ_pwave,dχdlogT_pwave
23,0.05,0.6180339887498949,0.4487989505128276,0.75,5.106330914882206,0.20684903641207408,4.563814702367097,3,0.007742636826811269,0.3,[0.5407287219678983 0.0 0.0 0.0; 0.0 0.22391074053082582 -0.10077007977206852 -0.09794562195692762; 0.0 -0.10077007977206423 0.2259420375327989 -0.10221607012494746; 0.0 -0.09794562195692817 -0.10221607012494742 0.22620283767432842],[-0.1269592870522616 0.0 0.0 0.0; 0.0 -0.04558276875789227 0.021433304238654794 0.018434070574180998; 0.0 0.02143330423865369 -0.046693951638623124 0.02202860613853429; 0.0 0.01843407057418155 0.0220286061385344 -0.04870302343688429],[2.739349419562659e-18 0.0 0.0 0.0; 0.0 0.2924692146040799 0.0075008019779625465 -0.0004922143181224276; 0.0 0.007500801977962644 0.2903251544706563 0.013296834141385966; 0.0 -0.0004922143181227718 0.01329683414138703 0.2905675569530295],[-9.43294847271468e-19 0.0 0.0 0.0; 0.0 -0.0619658456235028 -0.004764783737263828 -0.0006871224545111469; 0.0 -0.004764783737263872 -0.06078519566635682 -0.005320264156141302; 0.0 -0.0006871224545111048 -0.005320264156141435 -0.05942162479593551]
