L,J,Q,θ,μ,ϕx,ϕy,ϕz,ndims,T,Λ,χ_dwave,dχdlogT_dwave,χ_pwave,dχdlogT_pwave
23,0.7,0.6180339887498949,0.4487989505128276,0.75,0.8300692797416884,5.067530529285624,5.9941159353493925,3,0.0016681005372000592,0.3,[0.7139454939630074 0.0 0.0 0.0; 0.0 0.03310516560754358 -0.009126519260757927 -0.008818055231399223; 0.0 -0.009126519260757629 0.033442841182691085 -0.009064379185555258; 0.0 -0.008818055231399963 -0.009064379185554965 0.03283636769639151],[-0.1303334176641766 0.0 0.0 0.0; 0.0 -0.0008908247240487416 -0.0008223094493511555 -0.0009114770946823583; 0.0 -0.0008223094493511574 -0.0007584244257398198 -0.00084612170721291; 0.0 -0.0009114770946823675 -0.0008461217072129167 -0.000818097157792293],[-4.4572885580578634e-18 0.0 0.0 0.0; 0.0 0.03578924824446092 2.249792396958908e-5 0.0002151058255284755; 0.0 2.2497923969592235e-5 0.03627495598291301 -0.0002803192938205207; 0.0 0.0002151058255284795 -0.00028031929382051903 0.03580348431028455],[-1.7210096257384719e-18 0.0 0.0 0.0; 0.0 2.3706594817672866e-5 1.4127476485828126e-5 -1.3379441379096482e-5; 0.0 1.4127476485826891e-5 6.901393909363251e-5 -1.7465953582475396e-5; 0.0 -1.3379441379096926e-5 -1.746595358247449e-5 -1.893051977340224e-5]
