L,J,Q,θ,μ,ϕx,ϕy,ϕz,ndims,T,Λ,χ_dwave,dχdlogT_dwave,χ_pwave,dχdlogT_pwave
23,0.9,0.6180339887498949,0.4487989505128276,0.75,1.3595744307236286,1.6230091281990537,3.234476175330475,3,0.0016681005372000592,0.3,[0.6828481677056232 0.0 0.0 0.0; 0.0 0.02287094099276454 -0.005096540460708324 -0.004985245698970876; 0.0 -0.005096540460708148 0.022674230883230558 -0.005007838479641492; 0.0 -0.004985245698970325 -0.005007838479641849 0.022618379231318948],[-0.12547298639329568 0.0 0.0 0.0; 0.0 -0.0007881102410372987 -0.000692146541516122 -0.0006745760799917371; 0.0 -0.0006921465415161338 -0.000667799260918374 -0.000656482045939245; 0.0 -0.0006745760799917084 -0.000656482045939213 -0.0006667851468518348],[-9.294527508461803e-18 0.0 0.0 0.0; 0.0 0.02257824962240524 -0.0002027511462366878 0.00022251887683434518; 0.0 -0.00020275114623668957 0.02277715496085733 -8.741802919855687e-5; 0.0 0.0002225188768343522 -8.741802919855374e-5 0.022946357667065542],[2.2730109788485004e-18 0.0 0.0 0.0; 0.0 7.474063557998315e-6 1.3110027127547451e-5 -2.2307416649583583e-5; 0.0 1.3110027127547148e-5 2.393685555772405e-5 -1.7254294329566234e-5; 0.0 -2.230741664958398e-5 -1.725429432956719e-5 -2.353078490180749e-5]
