L,J,Q,θ,μ,ϕx,ϕy,ϕz,ndims,T,Λ,χ_dwave,dχdlogT_dwave,χ_pwave,dχdlogT_pwave
23,1.15,0.6180339887498949,0.4487989505128276,0.75,6.043674416402162,2.160866292828208,3.5422051391873537,3,5.99484250318941,0.3,[0.00306055367413246 0.0 0.0 0.0; 0.0 0.00024345897448937247 -8.912458882900763e-5 -8.945390725855985e-5; 0.0 -8.9124588829009e-5 0.0002471420338651496 -9.158606774897548e-5; 0.0 -8.94539072585578e-5 -9.158606774897744e-5 0.0002435207333565709],[-0.003060128335031076 0.0 0.0 0.0; 0.0 -0.00024339534959260485 8.909910228400614e-5 8.942858411431135e-5; 0.0 8.90991022840059e-5 -0.0002470774777064231 9.156030566875377e-5; 0.0 8.942858411431319e-5 9.156030566874993e-5 -0.00024345723799664386],[6.279126729373775e-21 0.0 0.0 0.0; 0.0 0.00026535730018375445 -8.998873231834351e-7 1.1791466055183067e-6; 0.0 -8.998873231834579e-7 0.0002639589797451004 2.5741064489515023e-6; 0.0 1.1791466055182864e-6 2.574106448951708e-6 0.0002654987133947385],[-6.279888183471638e-21 0.0 0.0 0.0; 0.0 -0.00026528436511712356 8.997468056238672e-7 -1.1790511820262832e-6; 0.0 8.997468056238829e-7 -0.00026388596000997863 -2.573684157484501e-6; 0.0 -1.1790511820263252e-6 -2.573684157484574e-6 -0.0002654255784196095]
