L,J,Q,θ,μ,ϕx,ϕy,ϕz,ndims,T,Λ,χ_dwave,dχdlogT_dwave,χ_pwave,dχdlogT_pwave
23,1.05,0.6180339887498949,0.4487989505128276,0.75,3.7152326662553454,5.721680001447781,0.41513891803668856,3,0.05994842503189409,0.3,[0.2173182391686225 0.0 0.0 0.0; 0.0 0.01423529027499455 -0.00521933167594357 -0.005236448065081279; 0.0 -0.005219331675943525 0.014291019350454098 -0.005112015382923263; 0.0 -0.005236448065081371 -0.005112015382923043 0.01421145572513189],[-0.12349753817140292 0.0 0.0 0.0; 0.0 -0.0036946076801385444 0.0010085068634554505 0.0009944706642598228; 0.0 0.001008506863455436 -0.0037042780362927645 0.0009337079897663479; 0.0 0.0009944706642598692 0.0009337079897662879 -0.0036759445264888183],[1.782262744018957e-18 0.0 0.0 0.0; 0.0 0.015179182751962506 -8.124453176927346e-5 1.2882588179334312e-5; 0.0 -8.124453176927302e-5 0.01554702897276096 -5.8820600617318795e-5; 0.0 1.2882588179333526e-5 -5.882060061732083e-5 0.015303668711958757],[-1.0114558637524331e-18 0.0 0.0 0.0; 0.0 -0.003369412951624245 1.7782790162491183e-5 5.775785939121883e-6; 0.0 1.7782790162491773e-5 -0.003527237006494049 9.982804383769574e-6; 0.0 5.7757859391222105e-6 9.982804383769174e-6 -0.003428169452012971]
