L,J,Q,θ,μ,ϕx,ϕy,ϕz,ndims,T,Λ,χ_dwave,dχdlogT_dwave,χ_pwave,dχdlogT_pwave
23,1.2,0.6180339887498949,0.4487989505128276,0.75,2.0229416505316715,5.371743502297404,0.6056970094929207,3,0.03593813663804628,0.3,[0.27230491272046226 0.0 0.0 0.0; 0.0 0.013008165879810235 -0.004272282822514639 -0.004343098553728116; 0.0 -0.004272282822514573 0.01290582141279216 -0.004168408098354497; 0.0 -0.004343098553728065 -0.0041684080983545105 0.013035267462439857],[-0.12108001040358071 0.0 0.0 0.0; 0.0 -0.0014839166900462559 5.344569114351323e-5 6.010100972969539e-5; 0.0 5.344569114352205e-5 -0.0014415004383579151 3.3544512563898215e-5; 0.0 6.010100972969755e-5 3.354451256390397e-5 -0.0015295985141311867],[-1.447549430779255e-18 0.0 0.0 0.0; 0.0 0.013270118140708978 -0.00011279619110254996 -9.86614777940474e-5; 0.0 -0.00011279619110254732 0.013264324317623971 8.592793644766718e-6; 0.0 -9.86614777940419e-5 8.592793644765541e-6 0.013019390835386451],[-5.09398374859417e-19 0.0 0.0 0.0; 0.0 -0.001029610785710734 3.130094488759266e-5 3.165306324344029e-5; 0.0 3.1300944887592494e-5 -0.001033619038083574 6.856520742364091e-6; 0.0 3.1653063243439914e-5 6.856520742364486e-6 -0.0009650660101807142]
