L,J,Q,θ,μ,ϕx,ϕy,ϕz,ndims,T,Λ,χ_dwave,dχdlogT_dwave,χ_pwave,dχdlogT_pwave
23,1.1,0.6180339887498949,0.4487989505128276,0.75,1.7147032833659617,1.1033524487318418,0.8149814849990139,3,0.1,0.3,[0.15551370116036434 0.0 0.0 0.0; 0.0 0.011211451801482381 -0.00429242693885097 -0.004123924576363265; 0.0 -0.0042924269388511585 0.011254357040720002 -0.00414008149282288; 0.0 -0.004123924576363439 -0.004140081492822911 0.011108830425173181],[-0.11275001191311552 0.0 0.0 0.0; 0.0 -0.005638471902609728 0.0020083110920547926 0.0018833090826469686; 0.0 0.002008311092054671 -0.005675817866703654 0.001919742167596361; 0.0 0.001883309082647039 0.001919742167596385 -0.005585134151808553],[1.4914638359867493e-18 0.0 0.0 0.0; 0.0 0.01231703092490076 9.221146020393337e-5 5.138406272948725e-5; 0.0 9.221146020393335e-5 0.012189728626816458 4.809269043361465e-5; 0.0 5.13840627294896e-5 4.80926904336155e-5 0.0121034617573341],[-1.0714874397145956e-18 0.0 0.0 0.0; 0.0 -0.005924198528343729 -4.4591254841977315e-5 -2.282421805023807e-5; 0.0 -4.4591254841977355e-5 -0.005840202540479099 -3.127837252762662e-5; 0.0 -2.2824218050238368e-5 -3.127837252762658e-5 -0.005779407230925275]
