L,J,Q,θ,μ,ϕx,ϕy,ϕz,ndims,T,Λ,χ_dwave,dχdlogT_dwave,χ_pwave,dχdlogT_pwave
23,0.9,0.6180339887498949,0.4487989505128276,0.75,2.0229416505316715,5.371743502297404,0.6056970094929207,3,0.1,0.3,[0.16162632934981203 0.0 0.0 0.0; 0.0 0.014671023333739803 -0.005687384156259932 -0.0056535500636641966; 0.0 -0.005687384156260013 0.014840052373674658 -0.005786855641410551; 0.0 -0.005653550063664327 -0.005786855641410741 0.014729067450202896],[-0.11713207409425411 0.0 0.0 0.0; 0.0 -0.007464067762044474 0.002680701544763742 0.0026293262855058034; 0.0 0.002680701544763748 -0.007579615274563717 0.0027235101762908007; 0.0 0.00262932628550579 0.002723510176290772 -0.007517172629315008],[-1.0280112975075336e-18 0.0 0.0 0.0; 0.0 0.017169699904094938 -4.916492400322659e-5 8.207336317164095e-5; 0.0 -4.9164924003226904e-5 0.017175829211193486 2.4567213612784312e-5; 0.0 8.207336317164057e-5 2.4567213612783624e-5 0.017125555401987246],[8.939317904309944e-19 0.0 0.0 0.0; 0.0 -0.00843360024330501 4.163905587975216e-5 -2.794616968234262e-5; 0.0 4.163905587975181e-5 -0.008434628847197952 -2.4069757439391084e-5; 0.0 -2.7946169682343683e-5 -2.4069757439391006e-5 -0.008405446582507824]
