L,J,Q,θ,μ,ϕx,ϕy,ϕz,ndims,T,Λ,χ_dwave,dχdlogT_dwave,χ_pwave,dχdlogT_pwave
23,1.0,0.6180339887498949,0.4487989505128276,0.75,5.106330914882206,0.20684903641207408,4.563814702367097,3,0.03593813663804628,0.3,[0.28463183946328 0.0 0.0 0.0; 0.0 0.01683627819283845 -0.006023659587534333 -0.00578577321246038; 0.0 -0.0060236595875341435 0.017079511995961392 -0.005836403912888704; 0.0 -0.005785773212460717 -0.005836403912888753 0.01686096296156697],[-0.12659334979958903 0.0 0.0 0.0; 0.0 -0.001970683138998251 0.00014266830339834395 6.427829569360785e-5; 0.0 0.00014266830339833365 -0.0020101273074287908 9.086827911332667e-5; 0.0 6.42782956936114e-5 9.086827911331683e-5 -0.001935503392758793],[-6.438233802797711e-19 0.0 0.0 0.0; 0.0 0.01813113770920988 -8.109887237194247e-5 9.29667414756937e-5; 0.0 -8.10988723719329e-5 0.018196983174613365 -2.2834103880563065e-5; 0.0 9.2966741475692e-5 -2.2834103880562405e-5 0.01841689757684488],[-3.1813493148941806e-19 0.0 0.0 0.0; 0.0 -0.0014614910854076953 3.062992196873023e-5 -1.8313251494650452e-5; 0.0 3.0629921968730366e-5 -0.0014258052890926225 1.540289483944e-5; 0.0 -1.831325149464925e-5 1.5402894839439837e-5 -0.0015162049747236219]
