L,J,Q,θ,μ,ϕx,ϕy,ϕz,ndims,T,Λ,χ_dwave,dχdlogT_dwave,χ_pwave,dχdlogT_pwave
23,0.6,0.6180339887498949,0.4487989505128276,0.75,2.35825522373343,3.5083950570734084,5.211373871453545,3,0.0016681005372000592,0.3,[0.7204235772135028 0.0 0.0 0.0; 0.0 0.04087582272687589 -0.0121211944020151 -0.011421102455683691; 0.0 -0.012121194402014729 0.041348106103692196 -0.012340245879570078; 0.0 -0.01142110245568393 -0.012340245879570095 0.04098940585214188],[-0.14109340270370996 0.0 0.0 0.0; 0.0 -0.001055354403380992 -0.0010023043101007954 -0.0010536144200588807; 0.0 -0.0010023043101007952 -0.0010222950870269402 -0.001061908028518016; 0.0 -0.0010536144200588812 -0.0010619080285179875 -0.0011315812660274123],[-6.216047417889275e-18 0.0 0.0 0.0; 0.0 0.045795829675463834 -0.0003136802650774897 -0.00028069122867408765; 0.0 -0.00031368026507750047 0.046671156415999074 -0.0004354206264139536; 0.0 -0.0002806912286740775 -0.00043542062641399327 0.04591005683946315],[3.937527885211415e-18 0.0 0.0 0.0; 0.0 -8.53636591023316e-5 1.3618511682351718e-5 7.002339501687989e-5; 0.0 1.3618511682352344e-5 -3.501070819117654e-5 7.570124821143449e-5; 0.0 7.00233950168772e-5 7.570124821143266e-5 -3.917272544951041e-5]
