L,J,Q,θ,μ,ϕx,ϕy,ϕz,ndims,T,Λ,χ_dwave,dχdlogT_dwave,χ_pwave,dχdlogT_pwave
23,0.15,0.6180339887498949,0.4487989505128276,0.75,5.106330914882206,0.20684903641207408,4.563814702367097,3,0.001,0.3,[0.7866467038467623 0.0 0.0 0.0; 0.0 0.18390471348739876 -0.07756901986122021 -0.07405561914385146; 0.0 -0.07756901986121822 0.18797855547296627 -0.0778958005961124; 0.0 -0.07405561914384734 -0.07789580059611224 0.18335972224855404],[-0.1347386537473316 0.0 0.0 0.0; 0.0 -0.0017475954096551065 -0.0016167841707218865 -0.0017016268790128514; 0.0 -0.0016167841707219043 -0.002918353720311625 -0.001523139797632977; 0.0 -0.0017016268790128566 -0.0015231397976329737 -0.0018447508997775303],[6.159118816174669e-18 0.0 0.0 0.0; 0.0 0.23071660280472203 0.0007248131014316797 -0.008405464608419313; 0.0 0.0007248131014316078 0.23047118073061892 0.007470857149010489; 0.0 -0.00840546460841917 0.007470857149010373 0.22724688638734789],[-5.985416730925878e-18 0.0 0.0 0.0; 0.0 -0.001949933711592737 -0.0004430267513311944 -0.00021308592361546938; 0.0 -0.00044302675133119025 -0.004463516939563773 -0.0019325505652211; 0.0 -0.00021308592361545943 -0.0019325505652211328 -0.001352499012059553]
