L,J,Q,θ,μ,ϕx,ϕy,ϕz,ndims,T,Λ,χ_dwave,dχdlogT_dwave,χ_pwave,dχdlogT_pwave
23,0.9,0.6180339887498949,0.4487989505128276,0.75,5.106330914882206,0.20684903641207408,4.563814702367097,3,0.01291549665014884,0.3,[0.42375103639015815 0.0 0.0 0.0; 0.0 0.0211894631730071 -0.006761788712824638 -0.0068904465506650185; 0.0 -0.006761788712824706 0.020737440660624856 -0.006555541621258408; 0.0 -0.006890446550665245 -0.006555541621258567 0.020919816567963552],[-0.1300968058723032 0.0 0.0 0.0; 0.0 -0.0008676228268486835 -0.0004873851804394832 -0.0004967100257642286; 0.0 -0.0004873851804394941 -0.0008509708104398083 -0.0005271356620594486; 0.0 -0.0004967100257641968 -0.0005271356620594823 -0.0009084162541270705],[-3.9143612101799605e-19 0.0 0.0 0.0; 0.0 0.02275705837235077 -0.00010153244191797628 7.342021764377315e-5; 0.0 -0.00010153244191797422 0.022661010124417014 -0.0002274063356177931; 0.0 7.342021764377137e-5 -0.00022740633561778634 0.022606047192676768],[9.759868030458542e-20 0.0 0.0 0.0; 0.0 -0.0002344028034116061 -5.658924266972706e-7 -1.549490735449285e-6; 0.0 -5.658924266970001e-7 -0.0002620864366600892 4.89217537026355e-6; 0.0 -1.5494907354498028e-6 4.892175370262833e-6 -0.00025263744880687795]
