L,J,Q,θ,μ,ϕx,ϕy,ϕz,ndims,T,Λ,χ_dwave,dχdlogT_dwave,χ_pwave,dχdlogT_pwave
23,0.45,0.6180339887498949,0.4487989505128276,0.75,1.844230068945385,1.1274623114571236,4.291057478636419,3,0.1,0.3,[0.1733402240899743 0.0 0.0 0.0; 0.0 0.03580855083704457 -0.015048707432717816 -0.015222363071724; 0.0 -0.015048707432717686 0.035866915618282 -0.015274935345740974; 0.0 -0.015222363071723172 -0.01527493534574113 0.036077314610136406],[-0.12548822819092828 0.0 0.0 0.0; 0.0 -0.02120293062183166 0.008628034198978903 0.00871269049809574; 0.0 0.008628034198978878 -0.02130648456123472 0.008818935732047853; 0.0 0.00871269049809617 0.008818935732047705 -0.021439280226988187],[-6.017728712988894e-19 0.0 0.0 0.0; 0.0 0.04528493215266147 -9.336732033554104e-5 -0.0009161377340598531; 0.0 -9.336732033555947e-5 0.045366224362123696 2.297547560326261e-5; 0.0 -0.0009161377340599169 2.2975475603271338e-5 0.045486687060632684],[4.978409798845206e-19 0.0 0.0 0.0; 0.0 -0.026497199898782436 0.0001807102502709145 0.0012171400594034485; 0.0 0.00018071025027090263 -0.02652131287771516 -3.664196826566375e-5; 0.0 0.00121714005940343 -3.6641968265665506e-5 -0.02664248740345797]
