L,J,Q,θ,μ,ϕx,ϕy,ϕz,ndims,T,Λ,χ_dwave,dχdlogT_dwave,χ_pwave,dχdlogT_pwave
23,0.85,0.6180339887498949,0.4487989505128276,0.75,5.106330914882206,0.20684903641207408,4.563814702367097,3,0.007742636826811269,0.3,[0.49481115214431204 0.0 0.0 0.0; 0.0 0.02389859286579162 -0.007469973319157638 -0.007295821655692433; 0.0 -0.0074699733191579175 0.02392482549082774 -0.0072875277369213835; 0.0 -0.007295821655692383 -0.0072875277369217175 0.023730229972443617],[-0.1312082530744594 0.0 0.0 0.0; 0.0 -0.0007962252514007887 -0.00067487376412858 -0.0006077195597520788; 0.0 -0.0006748737641285602 -0.0008403829539938143 -0.000644271142037181; 0.0 -0.0006077195597520486 -0.0006442711420371603 -0.0007793567517146298],[-3.698932199976548e-18 0.0 0.0 0.0; 0.0 0.02588199805577076 -0.00023369917195352775 8.109190570840705e-5; 0.0 -0.0002336991719535255 0.025791024623938695 -1.49235634564538e-5; 0.0 8.109190570840662e-5 -1.4923563456450811e-5 0.026279589278546137],[1.1120078214134677e-18 0.0 0.0 0.0; 0.0 -0.00011569398331923834 -3.9110065077375383e-5 3.0159441288235335e-6; 0.0 -3.911006507737305e-5 -0.00010690426942578918 2.0887986542710322e-5; 0.0 3.0159441288233196e-6 2.088798654270945e-5 -0.0001307859965183258]
