L,J,Q,θ,μ,ϕx,ϕy,ϕz,ndims,T,Λ,χ_dwave,dχdlogT_dwave,χ_pwave,dχdlogT_pwave
23,0.9,0.6180339887498949,0.4487989505128276,0.75,5.2759666248411525,5.216572709691631,2.2183578985492427,3,0.004641588833612777,0.3,[0.5541080767162955 0.0 0.0 0.0; 0.0 0.022769645574431275 -0.006137564095780303 -0.0061653885389580405; 0.0 -0.00613756409578084 0.02210513489599047 -0.00568330343701814; 0.0 -0.006165388538958051 -0.005683303437018383 0.022056821539175323],[-0.1276387380424952 0.0 0.0 0.0; 0.0 -0.0007328319844963512 -0.0007006418094779495 -0.0006863906176391955; 0.0 -0.0007006418094780024 -0.0006935240489681508 -0.0006626669557524085; 0.0 -0.0006863906176391967 -0.0006626669557524495 -0.000672148660383423],[-9.18683257567616e-18 0.0 0.0 0.0; 0.0 0.023604783528433038 0.00012260463813990567 0.00021315363635163927; 0.0 0.00012260463813990703 0.023025216565072986 -7.371123339063283e-5; 0.0 0.0002131536363516442 -7.371123339063107e-5 0.022805504903910093],[2.0862631053947495e-18 0.0 0.0 0.0; 0.0 2.7362139236168896e-5 1.2230921251729243e-5 2.9381278220486263e-5; 0.0 1.2230921251729004e-5 1.7706113468701008e-5 6.8497462486045205e-6; 0.0 2.93812782204848e-5 6.8497462486043045e-6 -2.2758816560176705e-5]
