L,J,Q,θ,μ,ϕx,ϕy,ϕz,ndims,T,Λ,χ_dwave,dχdlogT_dwave,χ_pwave,dχdlogT_pwave
23,0.05,0.6180339887498949,0.4487989505128276,0.75,3.7152326662553454,5.721680001447781,0.41513891803668856,3,0.05994842503189409,0.3,[0.2499635662213321 0.0 0.0 0.0; 0.0 0.10699763953897765 -0.048342124774567986 -0.04748720234439758; 0.0 -0.048342124774570235 0.1074866707741522 -0.04800093849056143; 0.0 -0.04748720234439759 -0.04800093849056133 0.10670772433734767],[-0.1481227123471178 0.0 0.0 0.0; 0.0 -0.0597050904989931 0.029336628145987656 0.02375396410116106; 0.0 0.02933662814598812 -0.06494547773195769 0.02937952051474973; 0.0 0.023753964101161422 0.029379520514750457 -0.059688619324550635],[1.1107204108812987e-18 0.0 0.0 0.0; 0.0 0.13830177281258588 0.0009225456813496353 -0.00047959243233068545; 0.0 0.000922545681349444 0.1378541184403895 -7.086720177833335e-5; 0.0 -0.0004795924323307765 -7.086720177820882e-5 0.13859179792684545],[-4.958901674332323e-19 0.0 0.0 0.0; 0.0 -0.08503564815223295 -0.0010169540374565104 0.000592996032420619; 0.0 -0.001016954037456439 -0.07980312512421242 -0.00026715362527148895; 0.0 0.0005929960324206693 -0.00026715362527153996 -0.08506713762150366]
