L,J,Q,θ,μ,ϕx,ϕy,ϕz,ndims,T,Λ,χ_dwave,dχdlogT_dwave,χ_pwave,dχdlogT_pwave
23,1.0,0.6180339887498949,0.4487989505128276,0.75,1.573530448848193,4.436680002802441,0.6352908892784268,3,0.03593813663804628,0.3,[0.2842553850442915 0.0 0.0 0.0; 0.0 0.017243764664337937 -0.005878656781890727 -0.00598798487947472; 0.0 -0.005878656781890833 0.016865443391736196 -0.005702703257938235; 0.0 -0.005987984879474909 -0.00570270325793825 0.017046022826139613],[-0.1262358709774926 0.0 0.0 0.0; 0.0 -0.0020301937416816167 8.74901990422267e-5 8.766428491357206e-5; 0.0 8.749019904222377e-5 -0.001958297422024519 3.692968610734767e-5; 0.0 8.766428491357572e-5 3.6929686107358744e-5 -0.0020053245565720456],[7.223609728649132e-19 0.0 0.0 0.0; 0.0 0.018493402757526152 1.5295353144647712e-5 -8.914209633508715e-5; 0.0 1.5295353144651276e-5 0.018487678395680884 -9.567881328070531e-6; 0.0 -8.914209633508335e-5 -9.56788132807145e-6 0.01822024064718275],[-5.033812105549539e-19 0.0 0.0 0.0; 0.0 -0.0014809990726271877 1.409361364489821e-5 1.0530967853997924e-5; 0.0 1.4093613644898555e-5 -0.0014826174810405777 1.2078399311254408e-5; 0.0 1.0530967853997631e-5 1.207839931125535e-5 -0.0014588491781432815]
