L,J,Q,θ,μ,ϕx,ϕy,ϕz,ndims,T,Λ,χ_dwave,dχdlogT_dwave,χ_pwave,dχdlogT_pwave
23,1.2,0.6180339887498949,0.4487989505128276,0.75,5.106330914882206,0.20684903641207408,4.563814702367097,3,0.004641588833612777,0.3,[0.5193882731899981 0.0 0.0 0.0; 0.0 0.01410596274179141 -0.0037743297773549134 -0.0037744326811139485; 0.0 -0.0037743297773548128 0.014179860807879297 -0.004180688154951959; 0.0 -0.0037744326811139568 -0.00418068815495204 0.01495581852446018],[-0.12009473550177842 0.0 0.0 0.0; 0.0 -0.0004169565261806728 -0.00035265272713900353 -0.0003860493045906273; 0.0 -0.00035265272713900484 -0.00029955632658681237 -0.0003656336296943208; 0.0 -0.0003860493045906172 -0.0003656336296943107 -0.0004432897017677979],[-2.8762052878575522e-18 0.0 0.0 0.0; 0.0 0.013745370567441574 -2.267832175642817e-5 4.687308695019616e-5; 0.0 -2.2678321756426633e-5 0.013870772570842509 -5.638437532315787e-5; 0.0 4.6873086950195596e-5 -5.638437532316081e-5 0.014013931195991192],[2.7794891534859925e-18 0.0 0.0 0.0; 0.0 -3.100601716345235e-6 1.4834863108222108e-5 1.085820620953215e-5; 0.0 1.4834863108221786e-5 5.230881260756862e-6 -2.3315573519858733e-6; 0.0 1.085820620953112e-5 -2.331557351985809e-6 -7.978327764853489e-7]
