L,J,Q,θ,μ,ϕx,ϕy,ϕz,ndims,T,Λ,χ_dwave,dχdlogT_dwave,χ_pwave,dχdlogT_pwave
23,0.5,0.6180339887498949,0.4487989505128276,0.75,1.443832753770895,3.6578363068123374,5.416836448526887,3,0.0027825594022071257,0.3,[0.6658696149077907 0.0 0.0 0.0; 0.0 0.05261463241876783 -0.01677615581415891 -0.01772443148231607; 0.0 -0.01677615581415968 0.05247299434200594 -0.01666764393166235; 0.0 -0.017724431482315818 -0.01666764393166198 0.05314533037061529],[-0.139739891731125 0.0 0.0 0.0; 0.0 -0.0011218628140211354 -0.0011555428170510966 -0.0011642775496472691; 0.0 -0.001155542817051183 -0.001424538737650297 -0.0013312242675272488; 0.0 -0.0011642775496471692 -0.0013312242675272048 -0.0013493812373866275],[-6.3726360401239174e-18 0.0 0.0 0.0; 0.0 0.061354990151926594 -0.0007287296656024186 -0.0015083451655829082; 0.0 -0.000728729665602419 0.06131632018131319 -0.0006726894440575616; 0.0 -0.0015083451655828342 -0.0006726894440575639 0.062319123342143165],[4.656088622412794e-18 0.0 0.0 0.0; 0.0 -0.00020428217503786026 -9.886291301105777e-5 -3.30374470293596e-5; 0.0 -9.886291301105569e-5 -0.00011627180929428327 1.6350335262774012e-5; 0.0 -3.30374470293586e-5 1.6350335262773395e-5 1.803336102303295e-5]
