L,J,Q,θ,μ,ϕx,ϕy,ϕz,ndims,T,Λ,χ_dwave,dχdlogT_dwave,χ_pwave,dχdlogT_pwave
23,1.0,0.6180339887498949,0.4487989505128276,0.75,1.3595744307236286,1.6230091281990537,3.234476175330475,3,0.001,0.3,[0.7355118096092716 0.0 0.0 0.0; 0.0 0.020300021136872307 -0.003975911612370239 -0.004464349217815301; 0.0 -0.003975911612370232 0.019785217934298452 -0.004141274420114146; 0.0 -0.004464349217815243 -0.004141274420114075 0.0199014773990163],[-0.13063095141583747 0.0 0.0 0.0; 0.0 -0.0007151665139044378 -0.0005871027634481396 -0.0006280841913484033; 0.0 -0.0005871027634481337 -0.000567928727691685 -0.000560193604977759; 0.0 -0.0006280841913484129 -0.0005601936049777637 -0.0005594752045055899],[-8.495208116459947e-18 0.0 0.0 0.0; 0.0 0.019381969070070233 -3.100412582557212e-5 -5.439824662055827e-5; 0.0 -3.1004125825571957e-5 0.019257972290405247 0.00010135135342719432; 0.0 -5.439824662055802e-5 0.00010135135342719562 0.019540559108848114],[-1.1228261288707173e-18 0.0 0.0 0.0; 0.0 -5.499362056378613e-6 2.1532245915372534e-5 -1.016258154906284e-5; 0.0 2.153224591537246e-5 -5.316906743281607e-6 1.3456388477350738e-5; 0.0 -1.0162581549062685e-5 1.3456388477350917e-5 -1.7482769937352165e-5]
