L,J,Q,θ,μ,ϕx,ϕy,ϕz,ndims,T,Λ,χ_dwave,dχdlogT_dwave,χ_pwave,dχdlogT_pwave
23,0.35,0.6180339887498949,0.4487989505128276,0.75,1.844230068945385,1.1274623114571236,4.291057478636419,3,0.021544346900318832,0.3,[0.3861289014211773 0.0 0.0 0.0; 0.0 0.07704059136820514 -0.0324775166515242 -0.03186269859830671; 0.0 -0.03247751665152501 0.0773963526604857 -0.03218729727851107; 0.0 -0.03186269859830706 -0.032187297278512036 0.0769316273963946],[-0.13920952243931065 0.0 0.0 0.0; 0.0 -0.009803799774990917 0.0029303569483113473 0.00261044045896805; 0.0 0.0029303569483115767 -0.010124166309341076 0.002800943380124278; 0.0 0.002610440458968026 0.0028009433801244087 -0.009838899368691648],[-8.039574756106556e-19 0.0 0.0 0.0; 0.0 0.09803581835592462 -0.0007535375656041477 -0.006497121899547965; 0.0 -0.0007535375656041359 0.09701344695263293 0.0008805574897756383; 0.0 -0.006497121899548456 0.0008805574897756378 0.0979650257077787],[1.2190558233752902e-18 0.0 0.0 0.0; 0.0 -0.011521553337051509 0.00038451138685060903 0.0027742131408117496; 0.0 0.00038451138685061684 -0.011133238078909868 -0.0005242277876322068; 0.0 0.0027742131408119743 -0.0005242277876322573 -0.01155353904148942]
