L,J,Q,θ,μ,ϕx,ϕy,ϕz,ndims,T,Λ,χ_dwave,dχdlogT_dwave,χ_pwave,dχdlogT_pwave
23,1.05,0.6180339887498949,0.4487989505128276,0.75,1.844230068945385,1.1274623114571236,4.291057478636419,3,0.05994842503189409,0.3,[0.21791141161917835 0.0 0.0 0.0; 0.0 0.01472833144633357 -0.005289867452972526 -0.005331930027495954; 0.0 -0.005289867452972669 0.014356486732684467 -0.0050921190226829605; 0.0 -0.005331930027496006 -0.005092119022683039 0.014460697810375378],[-0.12375696851172038 0.0 0.0 0.0; 0.0 -0.003864025186854293 0.0010150226961704342 0.000977658157017535; 0.0 0.001015022696170454 -0.003733001063739415 0.0009362116433088456; 0.0 0.0009776581570176408 0.0009362116433089023 -0.003739416123303537],[9.587453141423099e-19 0.0 0.0 0.0; 0.0 0.015656854713592003 0.00014286249359408946 2.7288566163874555e-5; 0.0 0.00014286249359408406 0.015732824496696475 -6.358746941885996e-5; 0.0 2.728856616387587e-5 -6.358746941885878e-5 0.015833497844821555],[-6.233651724483449e-19 0.0 0.0 0.0; 0.0 -0.0035121858848363185 -5.8215062389510514e-5 -8.62289274299322e-6; 0.0 -5.82150623895127e-5 -0.0035760327626557817 5.312936746166638e-5; 0.0 -8.622892742993644e-6 5.312936746166601e-5 -0.003631020252584144]
