L,J,Q,θ,μ,ϕx,ϕy,ϕz,ndims,T,Λ,χ_dwave,dχdlogT_dwave,χ_pwave,dχdlogT_pwave
23,0.35,0.6180339887498949,0.4487989505128276,0.75,5.106330914882206,0.20684903641207408,4.563814702367097,3,0.007742636826811269,0.3,[0.5292540276797132 0.0 0.0 0.0; 0.0 0.0853083361254188 -0.03366374149324562 -0.03387925244015619; 0.0 -0.03366374149324548 0.08500062646257783 -0.03357697415067548; 0.0 -0.03387925244015447 -0.03357697415067664 0.08515158360785607],[-0.13755896952567817 0.0 0.0 0.0; 0.0 -0.00320651903107098 -0.0007059459114987478 -0.0004926424802341978; 0.0 -0.0007059459114988015 -0.003120399574677333 -0.0006687980170645345; 0.0 -0.0004926424802342395 -0.0006687980170645345 -0.00315094216686012],[-3.141958276202611e-18 0.0 0.0 0.0; 0.0 0.10580524179653741 0.0015818038241371718 -0.0002491204389948695; 0.0 0.001581803824137216 0.1045828994685885 0.0025058288880843113; 0.0 -0.0002491204389948358 0.00250582888808453 0.10443420727906061],[9.408291402302835e-19 0.0 0.0 0.0; 0.0 -0.0024083510689129504 -0.00010833508190418284 -0.0001375192136976683; 0.0 -0.00010833508190418362 -0.002103293091243981 -0.00011477546719592257; 0.0 -0.00013751921369765753 -0.00011477546719592317 -0.0019001799622729864]
