L,J,Q,θ,μ,ϕx,ϕy,ϕz,ndims,T,Λ,χ_dwave,dχdlogT_dwave,χ_pwave,dχdlogT_pwave
23,0.8,0.6180339887498949,0.4487989505128276,0.75,5.2759666248411525,5.216572709691631,2.2183578985492427,3,0.001,0.3,[0.7627237045456892 0.0 0.0 0.0; 0.0 0.028150769567215378 -0.006453762551465193 -0.006667727789200554; 0.0 -0.00645376255146536 0.02812115247317524 -0.006401911424729256; 0.0 -0.00666772778920063 -0.006401911424729153 0.028242705913923027],[-0.12226451706288759 0.0 0.0 0.0; 0.0 -0.0007300756569418652 -0.000726583124838259 -0.0007510904208937732; 0.0 -0.0007265831248382548 -0.0006484510395454317 -0.0007741631806528282; 0.0 -0.0007510904208937821 -0.0007741631806528289 -0.0008741878435606511],[-1.953120021951018e-17 0.0 0.0 0.0; 0.0 0.02899117784253351 0.00023155091393184437 -0.0002564138627995621; 0.0 0.00023155091393184981 0.028173947654796982 5.2309311802580754e-5; 0.0 -0.0002564138627995707 5.2309311802576695e-5 0.029052403616094256],[9.173264588989276e-18 0.0 0.0 0.0; 0.0 1.8831041326989238e-5 -2.017294806083521e-5 8.815558810649354e-6; 0.0 -2.01729480608347e-5 7.6209487536741e-5 -1.3072857797258051e-5; 0.0 8.815558810650103e-6 -1.3072857797256982e-5 3.917125714428903e-5]
