L,J,Q,θ,μ,ϕx,ϕy,ϕz,ndims,T,Λ,χ_dwave,dχdlogT_dwave,χ_pwave,dχdlogT_pwave
23,0.9,0.6180339887498949,0.4487989505128276,0.75,1.844230068945385,1.1274623114571236,4.291057478636419,3,0.0016681005372000592,0.3,[0.6948983075650398 0.0 0.0 0.0; 0.0 0.023437383559149646 -0.005361871023350462 -0.005192427319078014; 0.0 -0.005361871023350694 0.022917985066861022 -0.005543700384227803; 0.0 -0.005192427319078034 -0.005543700384227924 0.023070416608679846],[-0.1306821231507388 0.0 0.0 0.0; 0.0 -0.0007642142964317082 -0.0006798861767867267 -0.0007164501109361186; 0.0 -0.0006798861767867048 -0.0006485017914073807 -0.0006454579071565478; 0.0 -0.0007164501109360964 -0.0006454579071565504 -0.0006838603060499055],[1.0192467825769106e-17 0.0 0.0 0.0; 0.0 0.023440316346183144 1.8282675384823306e-5 -3.660798741368853e-5; 0.0 1.828267538482375e-5 0.023164293605987814 -2.3826917117040584e-5; 0.0 -3.660798741368661e-5 -2.382691711703938e-5 0.023352920206628387],[-3.301920536975112e-18 0.0 0.0 0.0; 0.0 -3.5290808837356646e-5 1.5568186720343072e-5 -2.6663253873135077e-6; 0.0 1.5568186720343235e-5 1.7930778889334072e-5 -8.723342172930243e-6; 0.0 -2.6663253873142904e-6 -8.723342172930589e-6 2.7869658109606253e-5]
