L,J,Q,θ,μ,ϕx,ϕy,ϕz,ndims,T,Λ,χ_dwave,dχdlogT_dwave,χ_pwave,dχdlogT_pwave
23,0.3,0.6180339887498949,0.4487989505128276,0.75,5.2759666248411525,5.216572709691631,2.2183578985492427,3,0.0027825594022071257,0.3,[0.6561683858431236 0.0 0.0 0.0; 0.0 0.10221113977245652 -0.038328761388029216 -0.038481792164128496; 0.0 -0.03832876138802851 0.10023833318415216 -0.03986644044142151; 0.0 -0.038481792164129454 -0.03986644044142215 0.10033851982145277],[-0.13421251272409354 0.0 0.0 0.0; 0.0 -0.0026998469275454416 -0.001472336578818039 -0.0013390730517270448; 0.0 -0.001472336578818092 -0.0015761912853466298 -0.0010840190474426872; 0.0 -0.0013390730517270513 -0.001084019047442625 -0.0017021071531928235],[1.1325401200501475e-17 0.0 0.0 0.0; 0.0 0.12215102397058519 -0.005761730388581597 -0.007939980912845507; 0.0 -0.005761730388581549 0.12146704080299839 0.0030826121063401587; 0.0 -0.007939980912845654 0.0030826121063400186 0.12279340548546006],[-7.713616046437299e-18 0.0 0.0 0.0; 0.0 -0.00047755155321842083 -6.939418828910429e-5 4.446670380680829e-5; 0.0 -6.939418828910705e-5 -0.00042707140454218773 -9.903298976667564e-5; 0.0 4.4466703806808295e-5 -9.903298976667766e-5 -0.0003765946048991117]
