L,J,Q,θ,μ,ϕx,ϕy,ϕz,ndims,T,Λ,χ_dwave,dχdlogT_dwave,χ_pwave,dχdlogT_pwave
23,0.95,0.6180339887498949,0.4487989505128276,0.75,2.35825522373343,3.5083950570734084,5.211373871453545,3,0.1,0.3,[0.1598364467140411 0.0 0.0 0.0; 0.0 0.013613981664679928 -0.005184691799916371 -0.005126585437614281; 0.0 -0.005184691799916369 0.01360904570098849 -0.005140942569610192; 0.0 -0.005126585437614324 -0.005140942569610054 0.013440113233991071],[-0.11571951832150912 0.0 0.0 0.0; 0.0 -0.006902551089529224 0.0024044308340376097 0.0023589561541255467; 0.0 0.002404430834037572 -0.00688653499188914 0.0023854005186478263; 0.0 0.002358956154125579 0.002385400518647908 -0.0067947312898792855],[-1.2387317990493995e-20 0.0 0.0 0.0; 0.0 0.01547538998182846 0.00013879768507342143 -2.427371016829053e-5; 0.0 0.00013879768507343214 0.015605970704752035 -0.00010714108080684041; 0.0 -2.4273710168290463e-5 -0.00010714108080682939 0.015338560456568269],[1.0970420716243106e-19 0.0 0.0 0.0; 0.0 -0.007518794454937231 -7.21358094035906e-5 3.4976879821842075e-5; 0.0 -7.213580940358986e-5 -0.007561410279785217 5.257157142753808e-5; 0.0 3.4976879821840984e-5 5.257157142753834e-5 -0.007429017430177593]
