L,J,Q,θ,μ,ϕx,ϕy,ϕz,ndims,T,Λ,χ_dwave,dχdlogT_dwave,χ_pwave,dχdlogT_pwave
23,1.25,0.6180339887498949,0.4487989505128276,0.75,3.7152326662553454,5.721680001447781,0.41513891803668856,3,0.0016681005372000592,0.3,[0.6410453861142491 0.0 0.0 0.0; 0.0 0.014363423926233182 -0.00316420607694763 -0.0028318148857519668; 0.0 -0.0031642060769476173 0.01412553069225824 -0.0028063254896587148; 0.0 -0.002831814885752007 -0.0028063254896587117 0.014202440995446814],[-0.12271729261762407 0.0 0.0 0.0; 0.0 -0.00042534115911778354 -0.0003733212992737047 -0.00046248966036571237; 0.0 -0.00037332129927370925 -0.00037707134278936155 -0.0004198536970393197; 0.0 -0.00046248966036570126 -0.00041985369703931687 -0.0005114903075884135],[1.0978720232127065e-17 0.0 0.0 0.0; 0.0 0.012961535556397903 8.589486812304165e-5 -7.923945101585653e-6; 0.0 8.589486812304444e-5 0.012753204975358952 -5.339594647577224e-5; 0.0 -7.923945101586994e-6 -5.3395946475774416e-5 0.012709938148338097],[-3.132501815144404e-18 0.0 0.0 0.0; 0.0 -9.707933538855613e-6 -1.2119352913447757e-5 1.2236511448176878e-5; 0.0 -1.211935291344792e-5 9.966176089267251e-6 3.2193833955130056e-6; 0.0 1.2236511448176875e-5 3.21938339551316e-6 -2.337300420681462e-5]
