L,J,Q,θ,μ,ϕx,ϕy,ϕz,ndims,T,Λ,χ_dwave,dχdlogT_dwave,χ_pwave,dχdlogT_pwave
23,1.05,0.6180339887498949,0.4487989505128276,0.75,5.2759666248411525,5.216572709691631,2.2183578985492427,3,0.05994842503189409,0.3,[0.21697309710760174 0.0 0.0 0.0; 0.0 0.01428676695230464 -0.005200354223247362 -0.005082193271316573; 0.0 -0.005200354223247276 0.014290043496269883 -0.005251524062381611; 0.0 -0.005082193271316457 -0.005251524062381759 0.014485693932117323],[-0.12317168503600523 0.0 0.0 0.0; 0.0 -0.0037034883966756433 0.000951178916791085 0.000946546542612048; 0.0 0.0009511789167911214 -0.003695590431762712 0.0009714457904434446; 0.0 0.000946546542612039 0.0009714457904435233 -0.0037681401260651823],[-9.41138504546811e-19 0.0 0.0 0.0; 0.0 0.015710207561669277 -2.1489772694242202e-5 -8.245815168256915e-5; 0.0 -2.1489772694242832e-5 0.01547121784092544 -1.466991007803987e-5; 0.0 -8.245815168257442e-5 -1.4669910078041407e-5 0.015754980373877268],[5.396834035816379e-19 0.0 0.0 0.0; 0.0 -0.003514793558766792 1.963355853245768e-5 2.8588708324675394e-5; 0.0 1.9633558532457548e-5 -0.0034582409335810966 1.7647217410250202e-5; 0.0 2.858870832467766e-5 1.764721741025072e-5 -0.0035373562091468224]
