L,J,Q,θ,μ,ϕx,ϕy,ϕz,ndims,T,Λ,χ_dwave,dχdlogT_dwave,χ_pwave,dχdlogT_pwave
23,0.65,0.6180339887498949,0.4487989505128276,0.75,5.106330914882206,0.20684903641207408,4.563814702367097,3,0.001,0.3,[0.7881463796519207 0.0 0.0 0.0; 0.0 0.03763777622332923 -0.00913199977697529 -0.009501502277320537; 0.0 -0.009131999776975581 0.03691492796737831 -0.00931907570552874; 0.0 -0.009501502277320823 -0.009319075705528878 0.03728499216869986],[-0.13767343406591392 0.0 0.0 0.0; 0.0 -0.0011009036736928264 -0.0011232712858310345 -0.0010388589786353094; 0.0 -0.001123271285831055 -0.0009977403962840518 -0.0009059767119545838; 0.0 -0.001038858978635318 -0.0009059767119545607 -0.0010477366192377458],[3.3342405607261356e-18 0.0 0.0 0.0; 0.0 0.04034584519749578 -1.544134070962557e-5 -1.0342891914893379e-5; 0.0 -1.544134070962734e-5 0.04007597156471157 0.0001189665113563888; 0.0 -1.0342891914891204e-5 0.00011896651135639999 0.04030054718043068],[4.0765026892628514e-18 0.0 0.0 0.0; 0.0 -4.9513526852217376e-5 1.7750354288461752e-5 -2.870607552362848e-6; 0.0 1.775035428846195e-5 -1.6663576565293616e-5 1.0663700144334378e-5; 0.0 -2.8706075523623255e-6 1.0663700144334215e-5 -2.3920857154881623e-5]
