L,J,Q,θ,μ,ϕx,ϕy,ϕz,ndims,T,Λ,χ_dwave,dχdlogT_dwave,χ_pwave,dχdlogT_pwave
23,0.8,0.6180339887498949,0.4487989505128276,0.75,1.443832753770895,3.6578363068123374,5.416836448526887,3,0.01291549665014884,0.3,[0.4300821149198959 0.0 0.0 0.0; 0.0 0.02522418264641325 -0.008343173448987244 -0.008009994939488717; 0.0 -0.008343173448987445 0.02499941885188313 -0.008194846916097044; 0.0 -0.008009994939489173 -0.008194846916097237 0.02485029492898169],[-0.1316690595265135 0.0 0.0 0.0; 0.0 -0.0011294883297503192 -0.000556831322039481 -0.0006477048863048035; 0.0 -0.000556831322039454 -0.001085003838107766 -0.0005868818874729517; 0.0 -0.0006477048863048077 -0.0005868818874729804 -0.0010604936200607012],[1.3826056140196444e-18 0.0 0.0 0.0; 0.0 0.0279964434266872 8.107655376040417e-5 -0.00016877243382630035; 0.0 8.107655376040924e-5 0.02790478667285195 0.0001566040444669339; 0.0 -0.00016877243382629398 0.0001566040444669343 0.027641528867100272],[-9.341932737824794e-19 0.0 0.0 0.0; 0.0 -0.0002772765738697401 -2.055857007076275e-5 4.829922805858447e-6; 0.0 -2.0558570070762635e-5 -0.00034960855956710734 1.7256789100027968e-5; 0.0 4.829922805859544e-6 1.7256789100030106e-5 -0.00031661071656931305]
