L,J,Q,θ,μ,ϕx,ϕy,ϕz,ndims,T,Λ,χ_dwave,dχdlogT_dwave,χ_pwave,dχdlogT_pwave
23,0.95,0.6180339887498949,0.4487989505128276,0.75,5.2759666248411525,5.216572709691631,2.2183578985492427,3,0.0027825594022071257,0.3,[0.6164522384384917 0.0 0.0 0.0; 0.0 0.02091305734165121 -0.005334599703430103 -0.005395537548676322; 0.0 -0.005334599703430165 0.021167598306339935 -0.004888004507549215; 0.0 -0.005395537548676454 -0.004888004507549101 0.021479017703686033],[-0.12696033073329002 0.0 0.0 0.0; 0.0 -0.0005704949695271664 -0.0005782241378263635 -0.000642075245741174; 0.0 -0.0005782241378263273 -0.0006385382310850325 -0.0006703539755302175; 0.0 -0.0006420752457411805 -0.000670353975530225 -0.0006922631175831178],[-6.2592530797981764e-18 0.0 0.0 0.0; 0.0 0.020946886127373523 1.1811549112151825e-5 7.628877592725559e-5; 0.0 1.181154911215097e-5 0.02164341217144586 5.270396992228948e-6; 0.0 7.628877592725657e-5 5.2703969922276076e-6 0.021221874192047137],[-7.979990041889395e-20 0.0 0.0 0.0; 0.0 -7.713993300700984e-6 2.1803546832413126e-5 5.7349752886581584e-6; 0.0 2.1803546832412896e-5 -3.214599819292562e-5 -1.965276310304897e-5; 0.0 5.734975288658699e-6 -1.965276310304786e-5 -8.596274786632297e-6]
