L,J,Q,θ,μ,ϕx,ϕy,ϕz,ndims,T,Λ,χ_dwave,dχdlogT_dwave,χ_pwave,dχdlogT_pwave
23,0.2,0.6180339887498949,0.4487989505128276,0.75,5.108608070790224,2.6269203188545354,3.014007765852682,3,0.7742636826811271,0.3,[0.027197635090666066 0.0 0.0 0.0; 0.0 0.00984902561374078 -0.004465592167286832 -0.004292676240060806; 0.0 -0.004465592167286563 0.009836335308774043 -0.004267902974423256; 0.0 -0.004292676240060858 -0.004267902974423107 0.009695347031403194],[-0.02697970001871036 0.0 0.0 0.0; 0.0 -0.009760837843929098 0.0044222431410830655 0.004257109365410458; 0.0 0.004422243141083234 -0.009748930483344515 0.0042330937363452845; 0.0 0.004257109365410813 0.0042330937363454085 -0.009615070278100253],[-3.0746214905888235e-22 0.0 0.0 0.0; 0.0 0.012460402264535295 0.0001175102945609361 6.254158135499231e-5; 0.0 0.00011751029456089903 0.012438554770310521 3.033247579554997e-6; 0.0 6.254158135499676e-5 3.0332475795548565e-6 0.01254649036721606],[9.142012033708416e-22 0.0 0.0 0.0; 0.0 -0.0123588454532778 -0.00010477673624121029 -5.9216936733017695e-5; 0.0 -0.00010477673624121921 -0.012336670217798475 -2.2415231243449445e-6; 0.0 -5.921693673301807e-5 -2.241523124339457e-6 -0.012437686297802836]
