L,J,Q,θ,μ,ϕx,ϕy,ϕz,ndims,T,Λ,χ_dwave,dχdlogT_dwave,χ_pwave,dχdlogT_pwave
23,0.3,0.6180339887498949,0.4487989505128276,0.75,2.35825522373343,3.5083950570734084,5.211373871453545,3,0.004641588833612777,0.3,[0.583970146207666 0.0 0.0 0.0; 0.0 0.10119324561659607 -0.03919831495172938 -0.03983286669410501; 0.0 -0.03919831495173199 0.09988451421167265 -0.04121909895678395; 0.0 -0.03983286669410619 -0.04121909895678275 0.1004831290445504],[-0.13517340922233945 0.0 0.0 0.0; 0.0 -0.0037946164996230883 -0.000815975176750353 -0.0007221458480337432; 0.0 -0.0008159751767503903 -0.002684350813322594 -0.0005834486369491686; 0.0 -0.0007221458480337415 -0.0005834486369491608 -0.0028953254086837733],[1.3808591079679912e-18 0.0 0.0 0.0; 0.0 0.12104398836556485 -0.007817325029552652 0.0038188429310679166; 0.0 -0.007817325029552857 0.12316306093306806 -0.0038755006351631175; 0.0 0.003818842931067955 -0.0038755006351633274 0.12078228530900484],[2.6782864331576657e-18 0.0 0.0 0.0; 0.0 -0.0020320814764954453 0.0004021981812536625 -0.0003950154504710353; 0.0 0.0004021981812536549 -0.0019527040943141292 0.0002031978221504212; 0.0 -0.0003950154504710348 0.00020319782215042764 -0.002070381517798743]
