L,J,Q,θ,ϕx,ϕy,ϕz,ndims,λ,E₀,α₀,ipr_real,ipr_k,disorder
10,4.689655172413794,0.6180339887498949,0.4487989505128276,3.222876232498557,5.646932338460586,2.9316069027836775,3,0.2,0.75,6.545017939634131,0.15499195934409682,0.001966004812093894,false
