L,J,Q,θ,ϕx,ϕy,ϕz,ndims,λ,E₀,α₀,ipr_real,ipr_k,disorder
10,4.827586206896552,0.6180339887498949,0.4487989505128276,5.923847810460218,4.065684141834883,4.635881944024608,3,0.2,0.75,5.500216829993805,0.12502199689804333,0.0020299630593553137,false
