L,J,Q,θ,ϕx,ϕy,ϕz,ndims,λ,E₀,α₀,ipr_real,ipr_k,disorder
10,4.96551724137931,0.6180339887498949,0.4487989505128276,3.222876232498557,5.646932338460586,2.9316069027836775,3,0.2,0.75,6.860102726095509,0.20587623343333789,0.002107013192454187,false
