L,J,Q,θ,ϕx,ϕy,ϕz,ndims,λ,E₀,α₀,ipr_real,ipr_k,disorder
10,4.827586206896552,0.6180339887498949,0.4487989505128276,3.1540906110393947,5.525898011746757,2.3923251775669025,3,0.2,0.75,6.252150125558439,0.17330344576653584,0.0020195584707706498,false
