L,J,Q,θ,ϕx,ϕy,ϕz,ndims,λ,E₀,α₀,ipr_real,ipr_k,disorder
10,4.96551724137931,0.6180339887498949,0.4487989505128276,5.216150627419489,3.5098389997344244,5.185031064795596,3,0.2,0.75,5.0521489608135255,0.12470407644270869,0.0020810952739871106,false
