L,J,Q,θ,ϕx,ϕy,ϕz,ndims,λ,E₀,α₀,ipr_real,ipr_k,disorder
10,4.551724137931035,0.6180339887498949,0.4487989505128276,5.824864536309696,4.342860394261938,4.630356876122316,3,0.2,0.75,5.430322625792144,0.12940973001496398,0.0021851335304516823,false
