L,J,Q,θ,ϕx,ϕy,ϕz,ndims,λ,E₀,α₀,ipr_real,ipr_k,disorder
10,4.172413793103448,0.6180339887498949,0.4487989505128276,3.717035193655517,3.043834307981739,6.121932475083062,3,0.2,0.75,5.294551415906407,0.16662331681027828,0.00216407761488917,false
