L,J,Q,θ,ϕx,ϕy,ϕz,ndims,λ,E₀,α₀,ipr_real,ipr_k
10,1.896551724137931,0.6180339887498949,0.4487989505128276,0.0,0.0,3.1315926535897933,3,0.2,1.0,3.289216083486452,0.005524200859032551,0.002907310182642969
