L,J,Q,θ,ϕx,ϕy,ϕz,ndims,λ,E₀,α₀,ipr_real,ipr_k,disorder
10,4.758620689655173,0.6180339887498949,0.4487989505128276,3.623283328314846,0.3360033635748034,1.4531281703878172,3,0.2,0.75,5.29396184757409,0.1375222323368701,0.0019796929825462296,false
