L,J,Q,θ,ϕx,ϕy,ϕz,ndims,λ,E₀,α₀,ipr_real,ipr_k
10,1.896551724137931,0.6180339887498949,0.4487989505128276,0.0,0.0,1.5657963267948967,3,0.2,0.0,3.2913091169168256,0.004641690572592262,0.002486915150159697
