L,J,Q,θ,ϕx,ϕy,ϕz,ndims,λ,E₀,α₀,ipr_real,ipr_k,disorder
10,5.0,0.6180339887498949,0.4487989505128276,1.231069065758111,0.04118700814475757,1.0322521283972463,3,0.2,0.75,5.968764552933294,0.1738227688608216,0.0021065095161975525,false
