L,J,Q,θ,ϕx,ϕy,ϕz,ndims,λ,E₀,α₀,ipr_real,ipr_k,disorder
10,4.0,0.6180339887498949,0.4487989505128276,5.971404371256397,1.8488101159626638,1.617665250376219,3,0.2,0.75,4.740187929945115,0.07183656217546627,0.0022185705359110044,false
