L,J,Q,θ,ϕx,ϕy,ϕz,ndims,λ,E₀,α₀,ipr_real,ipr_k,disorder
10,4.517241379310345,0.6180339887498949,0.4487989505128276,5.637895911831503,2.476223868304745,2.906906204506551,3,0.2,0.75,5.507487167453718,0.14133308924803406,0.0021681815996442604,false
