L,J,Q,θ,ϕx,ϕy,ϕz,ndims,ℓ,E₀,α₀,ipr_real,ipr_k
10,5.517241379310344,0.6180339887498949,0.4487989505128276,0.0,1.6207963267948966,0.0,3,5.0,0.0,15.101611130273024,0.3074454102952506,0.002179897237560316
