L,J,Q,θ,ϕx,ϕy,ϕz,ndims,λ,E₀,α₀,ipr_real,ipr_k,disorder
10,4.758620689655173,0.6180339887498949,0.4487989505128276,5.728282435927294,5.955180038510295,3.085013306421612,3,0.2,0.75,5.928862807890624,0.14936084464240618,0.00196303563312478,false
