L,J,Q,θ,ϕx,ϕy,ϕz,ndims,λ,E₀,α₀,ipr_real,ipr_k,disorder
10,5.0,0.6180339887498949,0.4487989505128276,4.384909838805947,4.469644234223903,2.2085644571003265,3,0.2,0.75,5.263321402856835,0.07512956910555771,0.0021093694118092727,false
