L,J,Q,θ,ϕx,ϕy,ϕz,ndims,ℓ,E₀,α₀,ipr_real,ipr_k
10,1.7241379310344829,0.6180339887498949,0.4487989505128276,3.151592653589793,1.6207963267948966,3.1315926535897933,3,5.0,0.0,4.041250923138563,0.022534916397815855,0.008620914716783548
