L,J,Q,θ,ϕx,ϕy,ϕz,ndims,λ,E₀,α₀,ipr_real,ipr_k,disorder
10,4.310344827586207,0.6180339887498949,0.4487989505128276,3.222876232498557,5.646932338460586,2.9316069027836775,3,0.2,0.75,5.40886396863732,0.11198903972399883,0.0020737865126257086,false
