L,J,Q,θ,ϕx,ϕy,ϕz,ndims,λ,E₀,α₀,ipr_real,ipr_k,disorder
10,4.0,0.6180339887498949,0.4487989505128276,5.98915254047668,1.8310407857333042,2.427640740290106,3,0.2,0.75,5.5828512916636885,0.10053538294026079,0.0020111060794322268,false
