L,J,Q,θ,ϕx,ϕy,ϕz,ndims,λ,E₀,α₀,ipr_real,ipr_k,disorder
10,3.6206896551724137,0.6180339887498949,0.4487989505128276,5.0919351706630875,4.43771511667392,3.9252749477141067,3,0.2,0.75,4.527605512536583,0.06967303025061042,0.0021914412074039804,false
