L,J,Q,θ,ϕx,ϕy,ϕz,ndims,λ,E₀,α₀,ipr_real,ipr_k,disorder
10,5.0,0.6180339887498949,0.4487989505128276,2.30058202939347,0.18083728192482784,0.1490639055536485,3,0.2,0.75,6.515564918291716,0.17102357633630869,0.0018929668763123242,false
