L,J,Q,θ,ϕx,ϕy,ϕz,ndims,λ,E₀,α₀,ipr_real,ipr_k,disorder
10,4.0,0.6180339887498949,0.4487989505128276,3.1540906110393947,5.525898011746757,2.3923251775669025,3,0.2,0.75,4.99130581171927,0.08243831900244837,0.002099713269025513,false
