L,J,Q,θ,ϕx,ϕy,ϕz,ndims,λ,E₀,α₀,ipr_real,ipr_k,disorder
10,4.413793103448276,0.6180339887498949,0.4487989505128276,5.216150627419489,3.5098389997344244,5.185031064795596,3,0.2,0.75,5.184392509367056,0.129002022543601,0.002059115014437083,false
