L,J,Q,θ,ϕx,ϕy,ϕz,ndims,λ,E₀,α₀,ipr_real,ipr_k,disorder
10,4.068965517241379,0.6180339887498949,0.4487989505128276,3.28972912575536,5.547651957212554,3.1762811533707884,3,0.2,0.75,5.075408853646552,0.1528970917738156,0.0020076840367181303,false
