L,J,Q,θ,ϕx,ϕy,ϕz,ndims,λ,E₀,α₀,ipr_real,ipr_k,disorder
15,3.103448275862069,0.6180339887498949,0.4487989505128276,0.6694040751885294,4.907371315550293,0.9138645987545053,3,0.2,0.75,3.806098929855392,0.012442760891777482,0.0007016922005597107,false
