L,J,Q,θ,ϕx,ϕy,ϕz,ndims,λ,E₀,α₀,ipr_real,ipr_k,disorder
15,2.586206896551724,0.6180339887498949,0.4487989505128276,0.056306775745203694,0.07886406049493969,4.901981644759346,3,0.2,0.75,3.5102281478023825,0.006979720138034243,0.0007898098880556997,false
