L,J,Q,θ,ϕx,ϕy,ϕz,ndims,λ,E₀,α₀,ipr_real,ipr_k,disorder
15,0.1724137931034483,0.6180339887498949,0.4487989505128276,0.8782901897170798,3.519723608862575,0.09213371294089641,3,0.2,0.75,3.041245179122315,0.0009124550149511596,0.0044471700370870655,false
