L,J,Q,θ,ϕx,ϕy,ϕz,ndims,λ,E₀,α₀,ipr_real,ipr_k,disorder
15,4.275862068965518,0.6180339887498949,0.4487989505128276,0.09253170436942633,5.213877792951693,4.8680392522793685,3,0.2,0.75,4.662995187456724,0.040258354399097245,0.0006747324617901895,false
