L,J,Q,θ,ϕx,ϕy,ϕz,ndims,λ,E₀,α₀,ipr_real,ipr_k,disorder
15,4.344827586206897,0.6180339887498949,0.4487989505128276,1.2621415927917148,4.40443038316835,0.12878642049548106,3,0.2,0.75,4.436543338370398,0.04176912554109524,0.0006394327172549807,false
