L,J,Q,θ,ϕx,ϕy,ϕz,ndims,λ,E₀,α₀,ipr_real,ipr_k,disorder
15,4.0344827586206895,0.6180339887498949,0.4487989505128276,2.107126256023977,5.7942859156018605,5.204163656708724,3,0.2,0.75,4.819140566507654,0.049390936801563576,0.0006757727854651664,false
