L,J,Q,θ,ϕx,ϕy,ϕz,ndims,ℓ,E₀,α₀,ipr_real,ipr_k
15,0.6896551724137931,0.6180339887498949,0.4487989505128276,1.5757963267948965,0.0,3.1315926535897933,3,5.0,0.0,3.3947414356821413,0.0022444219352244295,0.016532441026867795
