L,J,Q,θ,ϕx,ϕy,ϕz,ndims,λ,E₀,α₀,ipr_real,ipr_k
15,4.137931034482759,0.6180339887498949,0.4487989505128276,3.151592653589793,3.241592653589793,3.1315926535897933,3,0.2,1.0,5.016200053494484,0.03888409051539933,0.0006690291685497507
