L,J,Q,θ,ϕx,ϕy,ϕz,ndims,λ,E₀,α₀,ipr_real,ipr_k
15,3.9655172413793105,0.6180339887498949,0.4487989505128276,1.5757963267948965,0.0,0.0,3,0.2,0.0,3.9261375079171,0.010640148911760678,0.0006458202431205054
