L,J,Q,θ,ϕx,ϕy,ϕz,ndims,λ,E₀,α₀,ipr_real,ipr_k,disorder
15,4.724137931034482,0.6180339887498949,0.4487989505128276,0.5598165941921515,3.623773106624683,3.39479967378969,3,0.2,0.75,6.0679981680660315,0.10039519632136532,0.00060812090347741,false
