L,J,Q,θ,ϕx,ϕy,ϕz,ndims,λ,E₀,α₀,ipr_real,ipr_k,disorder
15,0.8620689655172414,0.6180339887498949,0.4487989505128276,3.1934482070253623,3.662641770833585,2.2355151168703324,3,0.2,0.75,3.0749791710290078,0.0010686062865433135,0.0015221771282843343,false
