L,J,Q,θ,ϕx,ϕy,ϕz,ndims,λ,E₀,α₀,ipr_real,ipr_k,disorder
15,2.7586206896551726,0.6180339887498949,0.4487989505128276,3.1934482070253623,3.662641770833585,2.2355151168703324,3,0.2,0.75,3.6490216564136824,0.009365365736144002,0.0007476749250206683,false
