L,J,Q,θ,ϕx,ϕy,ϕz,ndims,λ,E₀,α₀,ipr_real,ipr_k,disorder
15,4.896551724137931,0.6180339887498949,0.4487989505128276,0.4503233062473174,2.630976939947081,3.0883572354050166,3,0.2,0.75,6.035296225850196,0.09103738382702617,0.0006464973579122055,false
