L,J,Q,θ,ϕx,ϕy,ϕz,ndims,λ,E₀,α₀,ipr_real,ipr_k
15,4.655172413793103,0.6180339887498949,0.4487989505128276,1.5757963267948965,1.6207963267948966,1.5657963267948967,3,0.2,0.0,4.435671505788226,0.026069602586737663,0.0006021074092728166
