L,J,Q,θ,ϕx,ϕy,ϕz,ndims,λ,E₀,α₀,ipr_real,ipr_k
15,2.9310344827586206,0.6180339887498949,0.4487989505128276,1.5757963267948965,0.0,0.0,3,0.2,1.0,3.6124481427169384,0.009517698305536495,0.0007450047776915458
