L,J,Q,θ,ϕx,ϕy,ϕz,ndims,ℓ,E₀,α₀,ipr_real,ipr_k
15,7.758620689655173,0.6180339887498949,0.4487989505128276,3.151592653589793,3.241592653589793,3.1315926535897933,3,5.0,0.0,20.33615381303836,0.3733591380732319,0.0005922418625511712
