L,J,Q,θ,ϕx,ϕy,ϕz,ndims,λ,E₀,α₀,ipr_real,ipr_k,disorder
15,4.931034482758621,0.6180339887498949,0.4487989505128276,1.5578898775182533,4.915371755892533,6.2266232353709166,3,0.2,0.75,6.01640468662899,0.0941292612024054,0.0006032220585122127,false
