L,J,Q,θ,ϕx,ϕy,ϕz,ndims,λ,E₀,α₀,ipr_real,ipr_k,disorder
15,4.448275862068965,0.6180339887498949,0.4487989505128276,4.42688862945705,2.3453285428917425,1.9814022491417103,3,0.2,0.75,4.829476985114644,0.05897805235687724,0.0006193403653318563,false
