L,J,Q,θ,ϕx,ϕy,ϕz,ndims,λ,E₀,α₀,ipr_real,ipr_k
15,3.103448275862069,0.6180339887498949,0.4487989505128276,0.0,1.6207963267948966,3.1315926535897933,3,0.2,0.0,3.4199447975165413,0.005174919265980982,0.0006405174409432311
