L,J,Q,θ,ϕx,ϕy,ϕz,ndims,λ,E₀,α₀,ipr_real,ipr_k
15,1.206896551724138,0.6180339887498949,0.4487989505128276,3.151592653589793,1.6207963267948966,3.1315926535897933,3,0.2,1.0,3.0859556209722303,0.001211625865013328,0.0012254741166689888
