L,J,Q,θ,ϕx,ϕy,ϕz,ndims,λ,E₀,α₀,ipr_real,ipr_k,disorder
15,4.724137931034482,0.6180339887498949,0.4487989505128276,5.0919351706630875,4.43771511667392,3.9252749477141067,3,0.2,0.75,5.9614302523250595,0.09661355431489292,0.0006029669757552958,false
