L,J,Q,θ,ϕx,ϕy,ϕz,ndims,λ,E₀,α₀,ipr_real,ipr_k
15,1.7241379310344829,0.6180339887498949,0.4487989505128276,3.151592653589793,0.0,1.5657963267948967,3,0.2,1.0,3.149446193447185,0.00170564154277942,0.0009465980248011416
