L,J,Q,θ,ϕx,ϕy,ϕz,ndims,λ,E₀,α₀,ipr_real,ipr_k,disorder
15,0.8620689655172414,0.6180339887498949,0.4487989505128276,3.7305983583217563,0.9853135189160772,5.572237434055728,3,0.2,0.75,3.0671767498059586,0.0010751404346143827,0.0015382053558105483,false
