L,J,Q,θ,ϕx,ϕy,ϕz,ndims,λ,E₀,α₀,ipr_real,ipr_k,disorder
15,1.896551724137931,0.6180339887498949,0.4487989505128276,4.283994390651572,2.361892075294164,0.5209442633808395,3,0.2,0.75,3.195302999480047,0.0021044327407212992,0.0008744289845391731,false
