L,J,Q,θ,ϕx,ϕy,ϕz,ndims,λ,E₀,α₀,ipr_real,ipr_k,disorder
15,1.7241379310344829,0.6180339887498949,0.4487989505128276,1.749118836196624,0.23704160190125842,2.434878678884507,3,0.2,0.75,3.1574414772105293,0.0016962350530460516,0.0009703129368225748,false
