L,J,Q,θ,ϕx,ϕy,ϕz,ndims,ℓ,E₀,α₀,ipr_real,ipr_k
15,5.689655172413793,0.6180339887498949,0.4487989505128276,0.0,1.6207963267948966,1.5657963267948967,3,5.0,0.0,18.155639052874523,0.3931012860520685,0.0005703315341701956
