L,J,Q,θ,ϕx,ϕy,ϕz,ndims,λ,E₀,α₀,ipr_real,ipr_k,disorder
15,4.379310344827586,0.6180339887498949,0.4487989505128276,6.131242322615887,5.87798778912269,6.2164416602567,3,0.2,0.75,5.596696236901204,0.07997597200879994,0.0006157765161072021,false
