L,J,Q,θ,ϕx,ϕy,ϕz,ndims,λ,E₀,α₀,ipr_real,ipr_k
15,2.413793103448276,0.6180339887498949,0.4487989505128276,1.5757963267948965,0.0,3.1315926535897933,3,0.2,0.0,3.279770285484563,0.0024152489653345996,0.0006848421409805882
