L,J,Q,θ,ϕx,ϕy,ϕz,ndims,λ,E₀,α₀,ipr_real,ipr_k,disorder
15,4.586206896551724,0.6180339887498949,0.4487989505128276,5.923847810460218,4.065684141834883,4.635881944024608,3,0.2,0.75,5.1556126219545195,0.07110527117127921,0.0006601056782182703,false
