L,J,Q,θ,ϕx,ϕy,ϕz,ndims,λ,E₀,α₀,ipr_real,ipr_k
15,2.2413793103448274,0.6180339887498949,0.4487989505128276,1.5757963267948965,1.6207963267948966,1.5657963267948967,3,0.2,1.0,3.2871386046327267,0.0028274703155021764,0.0008397406297222214
