L,J,Q,θ,ϕx,ϕy,ϕz,ndims,λ,E₀,α₀,ipr_real,ipr_k,disorder
15,2.2413793103448274,0.6180339887498949,0.4487989505128276,3.4091323288358217,0.04941926552356421,2.082507790371694,3,0.2,0.75,3.2973120530471705,0.0033018547900998648,0.0007807655153053431,false
