L,J,Q,θ,ϕx,ϕy,ϕz,ndims,λ,E₀,α₀,ipr_real,ipr_k,disorder
15,3.103448275862069,0.6180339887498949,0.4487989505128276,6.257704834956981,2.1536486616820927,2.7841474465139986,3,0.2,0.75,3.663694800775965,0.011467384871728471,0.000742018542997083,false
