L,J,Q,θ,ϕx,ϕy,ϕz,ndims,λ,E₀,α₀,ipr_real,ipr_k
15,4.482758620689655,0.6180339887498949,0.4487989505128276,1.5757963267948965,3.241592653589793,1.5657963267948967,3,0.2,1.0,4.602600719012065,0.08240948253173087,0.0006286217988800311
