L,J,Q,θ,ϕx,ϕy,ϕz,ndims,λ,E₀,α₀,ipr_real,ipr_k
15,4.827586206896552,0.6180339887498949,0.4487989505128276,1.5757963267948965,0.0,1.5657963267948967,3,0.2,0.0,4.670144031018226,0.0430990803572682,0.0005808803597705291
