L,J,Q,θ,ϕx,ϕy,ϕz,ndims,λ,E₀,α₀,ipr_real,ipr_k,disorder
15,2.586206896551724,0.6180339887498949,0.4487989505128276,4.352484356900437,5.567866454772918,0.42777446117801754,3,0.2,0.75,3.458528584347963,0.005010727718041156,0.0007975556810897189,false
