L,J,Q,θ,ϕx,ϕy,ϕz,ndims,ℓ,E₀,α₀,ipr_real,ipr_k
15,10.0,0.6180339887498949,0.4487989505128276,1.5757963267948965,0.0,0.0,3,5.0,0.0,24.69569145488394,0.5803276639748901,0.00045892634443521615
