L,J,Q,θ,ϕx,ϕy,ϕz,ndims,ℓ,E₀,α₀,ipr_real,ipr_k
15,1.3793103448275863,0.6180339887498949,0.4487989505128276,0.0,1.6207963267948966,1.5657963267948967,3,5.0,0.0,4.176981109400015,0.008541794560470235,0.006330510109002568
