L,J,Q,θ,ϕx,ϕy,ϕz,ndims,ℓ,E₀,α₀,ipr_real,ipr_k
15,3.6206896551724137,0.6180339887498949,0.4487989505128276,3.151592653589793,0.0,0.0,3,5.0,0.0,11.533723551396148,0.13914815581620074,0.0010320618360006118
