L,J,Q,θ,ϕx,ϕy,ϕz,ndims,λ,E₀,α₀,ipr_real,ipr_k
15,0.6896551724137931,0.6180339887498949,0.4487989505128276,1.5757963267948965,1.6207963267948966,3.1315926535897933,3,0.2,1.0,3.058732872046529,0.0009610311496676153,0.0019514710817073876
