L,J,Q,θ,ϕx,ϕy,ϕz,ndims,λ,E₀,α₀,ipr_real,ipr_k,disorder
15,4.96551724137931,0.6180339887498949,0.4487989505128276,0.6404027203257185,5.747086433743907,4.372760684784265,3,0.2,0.75,6.303023396414434,0.08529687203127798,0.0006248201194054928,false
