L,J,Q,θ,ϕx,ϕy,ϕz,ndims,λ,E₀,α₀,ipr_real,ipr_k,disorder
15,2.2413793103448274,0.6180339887498949,0.4487989505128276,4.07052885775966,0.2600317719546049,5.163038022508725,3,0.2,0.75,3.3113620516986586,0.0038373747101404085,0.0008413135923273374,false
