L,J,Q,θ,ϕx,ϕy,ϕz,ndims,λ,E₀,α₀,ipr_real,ipr_k,disorder
15,1.896551724137931,0.6180339887498949,0.4487989505128276,1.1262853346784467,3.9359161851291944,0.2779765486032872,3,0.2,0.75,3.1963294134817763,0.0019145815004688745,0.0008970266780666831,false
