L,J,Q,θ,ϕx,ϕy,ϕz,ndims,λ,E₀,α₀,ipr_real,ipr_k
15,3.793103448275862,0.6180339887498949,0.4487989505128276,1.5757963267948965,1.6207963267948966,3.1315926535897933,3,0.2,0.0,3.5670836021661954,0.010623481242468352,0.0006179762243718019
