L,J,Q,θ,ϕx,ϕy,ϕz,ndims,λ,E₀,α₀,ipr_real,ipr_k,disorder
15,4.758620689655173,0.6180339887498949,0.4487989505128276,5.637895911831503,2.476223868304745,2.906906204506551,3,0.2,0.75,5.2501790418262235,0.06054173283865716,0.0006172779856107128,false
