L,J,Q,θ,ϕx,ϕy,ϕz,ndims,λ,E₀,α₀,ipr_real,ipr_k,disorder
15,4.862068965517241,0.6180339887498949,0.4487989505128276,3.717035193655517,3.043834307981739,6.121932475083062,3,0.2,0.75,5.648306283844919,0.056544903026675516,0.0006115266783512948,false
