L,J,Q,θ,ϕx,ϕy,ϕz,ndims,λ,E₀,α₀,ipr_real,ipr_k,disorder
15,3.4482758620689657,0.6180339887498949,0.4487989505128276,4.247774910788687,2.1675920621602347,3.7746072201844516,3,0.2,0.75,4.059053193612045,0.02757207119239244,0.0006933823491482563,false
