L,J,Q,θ,ϕx,ϕy,ϕz,ndims,ℓ,E₀,α₀,ipr_real,ipr_k
15,9.655172413793103,0.6180339887498949,0.4487989505128276,0.0,3.241592653589793,1.5657963267948967,3,5.0,0.0,28.087965174795194,0.6071769305179575,0.00044740760347905604
