L,J,Q,θ,ϕx,ϕy,ϕz,ndims,λ,E₀,α₀,ipr_real,ipr_k,disorder
15,4.931034482758621,0.6180339887498949,0.4487989505128276,1.6761053306896132,3.943922186740605,6.240525560285734,3,0.2,0.75,5.978886922618111,0.07167873577056308,0.0006232190630621593,false
