L,J,Q,θ,ϕx,ϕy,ϕz,ndims,λ,E₀,α₀,ipr_real,ipr_k
15,1.7241379310344829,0.6180339887498949,0.4487989505128276,1.5757963267948965,1.6207963267948966,0.0,3,0.2,1.0,3.176375928401484,0.0019952609575900914,0.0009429052108462748
