L,J,Q,θ,ϕx,ϕy,ϕz,ndims,λ,E₀,α₀,ipr_real,ipr_k,disorder
15,4.103448275862069,0.6180339887498949,0.4487989505128276,0.38378665623663816,3.9059719724898643,6.2214400742394345,3,0.2,0.75,4.510704111835525,0.030310652730416155,0.0006758255813661859,false
