L,J,Q,θ,ϕx,ϕy,ϕz,ndims,λ,E₀,α₀,ipr_real,ipr_k,disorder
15,4.413793103448276,0.6180339887498949,0.4487989505128276,4.426531663481776,1.1339519844745116,4.834741400758739,3,0.2,0.75,5.155277856836891,0.04956611588643515,0.0006538673187544044,false
