L,J,Q,θ,ϕx,ϕy,ϕz,ndims,λ,E₀,α₀,ipr_real,ipr_k,disorder
15,4.758620689655173,0.6180339887498949,0.4487989505128276,1.831887230320934,1.1853707252238053,4.40969972576368,3,0.2,0.75,6.22590857558753,0.1061224892925658,0.0006093540042206326,false
