L,J,Q,θ,ϕx,ϕy,ϕz,ndims,λ,E₀,α₀,ipr_real,ipr_k,disorder
15,4.137931034482758,0.6180339887498949,0.4487989505128276,5.728282435927294,5.955180038510295,3.085013306421612,3,0.2,0.75,5.023891448373651,0.043429135782665246,0.0006371171657744074,false
