L,J,Q,θ,ϕx,ϕy,ϕz,ndims,ℓ,E₀,α₀,ipr_real,ipr_k
15,6.551724137931035,0.6180339887498949,0.4487989505128276,0.0,3.241592653589793,3.1315926535897933,3,5.0,0.0,18.900131156686058,0.26348749525474874,0.0007276950929049665
