L,J,Q,θ,ϕx,ϕy,ϕz,ndims,λ,E₀,α₀,ipr_real,ipr_k,disorder
15,1.3793103448275863,0.6180339887498949,0.4487989505128276,4.139492050556373,3.44229932159053,0.7945526982637859,3,0.2,0.75,3.1223805123611217,0.0014347279470863516,0.0011925351654379869,false
