L,J,Q,θ,ϕx,ϕy,ϕz,ndims,λ,E₀,α₀,ipr_real,ipr_k,disorder
15,4.758620689655173,0.6180339887498949,0.4487989505128276,0.5598165941921515,3.623773106624683,3.39479967378969,3,0.2,0.75,6.442748602448981,0.11687487280371647,0.0006190727334203287,false
