L,J,Q,θ,ϕx,ϕy,ϕz,ndims,λ,E₀,α₀,ipr_real,ipr_k
15,1.896551724137931,0.6180339887498949,0.4487989505128276,0.0,3.241592653589793,0.0,3,0.2,1.0,3.1799448165155946,0.002170108889865966,0.0009024745260192921
