L,J,Q,θ,ϕx,ϕy,ϕz,ndims,λ,E₀,α₀,ipr_real,ipr_k
15,2.413793103448276,0.6180339887498949,0.4487989505128276,1.5757963267948965,0.0,1.5657963267948967,3,0.2,1.0,3.323814455207163,0.003073870126538797,0.0008123336480074693
