L,J,Q,θ,ϕx,ϕy,ϕz,ndims,ℓ,E₀,α₀,ipr_real,ipr_k
15,1.206896551724138,0.6180339887498949,0.4487989505128276,0.0,0.0,0.0,3,5.0,0.0,3.7932546984045494,0.0052387859169000135,0.0073956654408762045
