L,J,Q,θ,ϕx,ϕy,ϕz,ndims,λ,E₀,α₀,ipr_real,ipr_k,disorder
15,4.758620689655173,0.6180339887498949,0.4487989505128276,1.2621415927917148,4.40443038316835,0.12878642049548106,3,0.2,0.75,5.479913618911164,0.06978662093425539,0.0006092059080915504,false
