L,J,Q,θ,ϕx,ϕy,ϕz,ndims,λ,E₀,α₀,ipr_real,ipr_k
15,5.0,0.6180339887498949,0.4487989505128276,0.0,3.241592653589793,3.1315926535897933,3,0.2,0.0,4.279099020201324,0.031195420549526297,0.0005841288862237704
