L,J,Q,θ,ϕx,ϕy,ϕz,ndims,λ,E₀,α₀,ipr_real,ipr_k,disorder
15,4.620689655172414,0.6180339887498949,0.4487989505128276,5.728282435927294,5.955180038510295,3.085013306421612,3,0.2,0.75,5.261908147765474,0.06703571337170276,0.0006014596839556196,false
