L,J,Q,θ,ϕx,ϕy,ϕz,ndims,λ,E₀,α₀,ipr_real,ipr_k,disorder
15,4.379310344827586,0.6180339887498949,0.4487989505128276,4.351911502471134,4.124960008042089,1.668836619926259,3,0.2,0.75,5.161863342152379,0.05958235622671486,0.0006498101216931024,false
