L,J,Q,θ,ϕx,ϕy,ϕz,ndims,λ,E₀,α₀,ipr_real,ipr_k
15,4.137931034482759,0.6180339887498949,0.4487989505128276,1.5757963267948965,3.241592653589793,3.1315926535897933,3,0.2,1.0,4.896911038174655,0.05932681392577634,0.0006417645598258767
