L,J,Q,θ,ϕx,ϕy,ϕz,ndims,λ,E₀,α₀,ipr_real,ipr_k,disorder
15,1.5517241379310345,0.6180339887498949,0.4487989505128276,4.13206562500045,2.820006126261869,3.740506470678591,3,0.2,0.75,3.159358491275413,0.0015998788926339734,0.0010774244991900255,false
