L,J,Q,θ,ϕx,ϕy,ϕz,ndims,ℓ,E₀,α₀,ipr_real,ipr_k
15,5.0,0.6180339887498949,0.4487989505128276,3.151592653589793,0.0,1.5657963267948967,3,5.0,0.0,15.573303998384711,0.3107380668471862,0.0006018623254276264
