L,J,Q,θ,ϕx,ϕy,ϕz,ndims,λ,E₀,α₀,ipr_real,ipr_k,disorder
15,4.172413793103448,0.6180339887498949,0.4487989505128276,2.30058202939347,0.18083728192482784,0.1490639055536485,3,0.2,0.75,5.346865237624416,0.049821303379453806,0.000636977098545233,false
