L,J,Q,θ,ϕx,ϕy,ϕz,ndims,λ,E₀,α₀,ipr_real,ipr_k,disorder
15,4.482758620689655,0.6180339887498949,0.4487989505128276,3.834936400969228,5.39158571104351,1.8457287419798294,3,0.2,0.75,5.3988664302094875,0.08031772437603543,0.0006461897445671285,false
