L,J,Q,θ,ϕx,ϕy,ϕz,ndims,λ,E₀,α₀,ipr_real,ipr_k,disorder
15,4.689655172413794,0.6180339887498949,0.4487989505128276,4.400861328339708,1.2552597417418712,3.0021182003261293,3,0.2,0.75,6.151900879181478,0.08797327938817467,0.0006401249919181591,false
