L,J,Q,θ,ϕx,ϕy,ϕz,ndims,λ,E₀,α₀,ipr_real,ipr_k
15,4.310344827586206,0.6180339887498949,0.4487989505128276,0.0,1.6207963267948966,1.5657963267948967,3,0.2,1.0,4.9703336400853475,0.051003681378989266,0.0006433697540908165
