L,J,Q,θ,ϕx,ϕy,ϕz,ndims,λ,E₀,α₀,ipr_real,ipr_k,disorder
15,4.862068965517241,0.6180339887498949,0.4487989505128276,3.0174236928466707,0.9436686073487932,5.157555483941545,3,0.2,0.75,5.5644138717878855,0.11576227092908645,0.0006210231178533746,false
