L,J,Q,θ,ϕx,ϕy,ϕz,ndims,ℓ,E₀,α₀,ipr_real,ipr_k
15,5.517241379310344,0.6180339887498949,0.4487989505128276,0.0,0.0,3.1315926535897933,3,5.0,0.0,13.968561062788288,0.2339322975038851,0.0007430245050982218
