L,J,Q,θ,ϕx,ϕy,ϕz,ndims,λ,E₀,α₀,ipr_real,ipr_k,disorder
15,1.7241379310344829,0.6180339887498949,0.4487989505128276,5.949666008516492,0.8902578104918087,1.8636147933228644,3,0.2,0.75,3.195587652733431,0.0019453410078579167,0.0009167326496126947,false
