L,J,Q,θ,ϕx,ϕy,ϕz,ndims,λ,E₀,α₀,ipr_real,ipr_k,disorder
15,4.448275862068965,0.6180339887498949,0.4487989505128276,1.2621415927917148,4.40443038316835,0.12878642049548106,3,0.2,0.75,4.8020758551382485,0.06333805518212496,0.0006276207890729669,false
