L,J,Q,θ,ϕx,ϕy,ϕz,ndims,λ,E₀,α₀,ipr_real,ipr_k
15,3.6206896551724137,0.6180339887498949,0.4487989505128276,1.5757963267948965,0.0,1.5657963267948967,3,0.2,1.0,4.192147018539829,0.033754650056161614,0.0006834645377273846
