L,J,Q,θ,ϕx,ϕy,ϕz,ndims,λ,E₀,α₀,ipr_real,ipr_k,disorder
15,0.6896551724137931,0.6180339887498949,0.4487989505128276,2.688152920179917,4.137098202632447,3.2980085568013355,3,0.2,0.75,3.0534337279182724,0.0009673876966632423,0.00188591621814949,false
