L,J,Q,θ,ϕx,ϕy,ϕz,ndims,λ,E₀,α₀,ipr_real,ipr_k,disorder
15,3.6206896551724137,0.6180339887498949,0.4487989505128276,0.8782901897170798,3.519723608862575,0.09213371294089641,3,0.2,0.75,4.39197911821873,0.019883614463298997,0.0006767826186854204,false
