L,J,Q,θ,ϕx,ϕy,ϕz,ndims,λ,E₀,α₀,ipr_real,ipr_k,disorder
15,5.0,0.6180339887498949,0.4487989505128276,0.09253170436942633,5.213877792951693,4.8680392522793685,3,0.2,0.75,6.138936842819665,0.09709728850468577,0.0006238379358421742,false
