L,J,Q,θ,ϕx,ϕy,ϕz,ndims,λ,E₀,α₀,ipr_real,ipr_k,disorder
15,4.655172413793103,0.6180339887498949,0.4487989505128276,1.1262853346784467,3.9359161851291944,0.2779765486032872,3,0.2,0.75,5.380998934240842,0.062381925739297336,0.0006385442556112225,false
