L,J,Q,θ,ϕx,ϕy,ϕz,ndims,ℓ,E₀,α₀,ipr_real,ipr_k
15,0.1724137931034483,0.6180339887498949,0.4487989505128276,3.151592653589793,3.241592653589793,3.1315926535897933,3,5.0,0.0,3.1138089809678133,0.0013390623552921037,0.032274798436061174
