L,J,Q,θ,ϕx,ϕy,ϕz,ndims,ℓ,E₀,α₀,ipr_real,ipr_k
15,7.931034482758621,0.6180339887498949,0.4487989505128276,1.5757963267948965,3.241592653589793,3.1315926535897933,3,5.0,0.0,19.68740477606557,0.4650915823206206,0.0005368786062664326
