L,J,Q,θ,ϕx,ϕy,ϕz,ndims,λ,E₀,α₀,ipr_real,ipr_k,disorder
15,0.5172413793103449,0.6180339887498949,0.4487989505128276,4.352484356900437,5.567866454772918,0.42777446117801754,3,0.2,0.75,3.0498752810279366,0.0009575318802878775,0.0020056386232115467,false
