L,J,Q,θ,ϕx,ϕy,ϕz,ndims,λ,E₀,α₀,ipr_real,ipr_k
15,1.896551724137931,0.6180339887498949,0.4487989505128276,1.5757963267948965,3.241592653589793,0.0,3,0.2,1.0,3.173230378371806,0.0018961221278739823,0.0009307366697649486
