L,J,Q,θ,ϕx,ϕy,ϕz,ndims,λ,E₀,α₀,ipr_real,ipr_k
15,2.0689655172413794,0.6180339887498949,0.4487989505128276,3.151592653589793,1.6207963267948966,3.1315926535897933,3,0.2,1.0,3.2232244467852906,0.002531715212844018,0.0008860058514882755
