L,J,Q,θ,ϕx,ϕy,ϕz,ndims,λ,E₀,α₀,ipr_real,ipr_k,disorder
15,2.0689655172413794,0.6180339887498949,0.4487989505128276,3.3059223692782087,0.2758649195032969,3.3656921915730753,3,0.2,0.75,3.266242957364316,0.002865618112468888,0.0008837194946844501,false
