L,J,Q,θ,ϕx,ϕy,ϕz,ndims,λ,E₀,α₀,ipr_real,ipr_k,disorder
15,5.0,0.6180339887498949,0.4487989505128276,0.6484048261283016,3.418824543154854,0.8141039799241729,3,0.2,0.75,5.486389941457593,0.049394016271185684,0.0006232904637668704,false
