L,J,Q,θ,ϕx,ϕy,ϕz,ndims,λ,E₀,α₀,ipr_real,ipr_k
15,0.6896551724137931,0.6180339887498949,0.4487989505128276,0.0,1.6207963267948966,3.1315926535897933,3,0.2,1.0,3.0541417976112335,0.0009432129708574561,0.0018077675317628762
