L,J,Q,θ,ϕx,ϕy,ϕz,ndims,λ,E₀,α₀,ipr_real,ipr_k,disorder
15,4.137931034482759,0.6180339887498949,0.4487989505128276,4.223857747841037,3.7194434825798117,6.154863406256554,3,0.2,0.75,5.2047848486869865,0.0641646264738088,0.0006402682435177402,false
