L,J,Q,θ,ϕx,ϕy,ϕz,ndims,λ,E₀,α₀,ipr_real,ipr_k,disorder
15,4.0344827586206895,0.6180339887498949,0.4487989505128276,6.029560278529224,2.097175488909699,4.768410395906155,3,0.2,0.75,4.5806299451355805,0.03496658026852213,0.0006564100945567025,false
