L,J,Q,θ,ϕx,ϕy,ϕz,ndims,λ,E₀,α₀,ipr_real,ipr_k,disorder
15,3.9655172413793105,0.6180339887498949,0.4487989505128276,6.281562296798062,3.9582994765443846,3.1840861129258946,3,0.2,0.75,4.428815563548598,0.030144544187834292,0.0006688015187888129,false
