L,J,Q,θ,ϕx,ϕy,ϕz,ndims,λ,E₀,α₀,ipr_real,ipr_k,disorder
15,4.689655172413794,0.6180339887498949,0.4487989505128276,1.831887230320934,1.1853707252238053,4.40969972576368,3,0.2,0.75,6.067009978158644,0.09890976812962632,0.00060589633085473,false
