L,J,Q,θ,ϕx,ϕy,ϕz,ndims,ℓ,E₀,α₀,ipr_real,ipr_k
20,8.10344827586207,0.6180339887498949,0.4487989505128276,0.0,0.0,0.0,3,5.0,0.0,25.116252663897516,0.48899582805109737,0.00023259519521983118
