L,J,Q,θ,ϕx,ϕy,ϕz,ndims,λ,E₀,α₀,ipr_real,ipr_k,disorder
20,0.8620689655172414,0.6180339887498949,0.4487989505128276,2.2096855529914423,5.247051405812074,4.732748674237234,3,0.2,0.75,3.046427979373228,0.0004470606036169957,0.0007711464402720535,false
