L,J,Q,θ,ϕx,ϕy,ϕz,ndims,λ,E₀,α₀,ipr_real,ipr_k,disorder
20,3.103448275862069,0.6180339887498949,0.4487989505128276,3.7074229487648784,1.4776034552437776,4.713132443207249,3,0.2,0.75,3.8691764555274846,0.009837931109086085,0.00033827238082816526,false
