L,J,Q,θ,ϕx,ϕy,ϕz,ndims,λ,E₀,α₀,ipr_real,ipr_k,disorder
20,1.7241379310344829,0.6180339887498949,0.4487989505128276,2.688152920179917,4.137098202632447,3.2980085568013355,3,0.2,0.75,3.1419597094505898,0.0007647824854065913,0.00043953579864796386,false
