L,J,Q,θ,ϕx,ϕy,ϕz,ndims,λ,E₀,α₀,ipr_real,ipr_k,disorder
20,4.517241379310345,0.6180339887498949,0.4487989505128276,1.6761053306896132,3.943922186740605,6.240525560285734,3,0.2,0.75,5.055477396269131,0.035649361196466736,0.0002710605512526715,false
