L,J,Q,θ,ϕx,ϕy,ϕz,ndims,λ,E₀,α₀,ipr_real,ipr_k,disorder
20,2.9310344827586206,0.6180339887498949,0.4487989505128276,5.317167482382889,2.4356998845732942,5.080139728482214,3,0.2,0.75,3.472039568000389,0.004065621265710903,0.00033203088747458246,false
