L,J,Q,θ,ϕx,ϕy,ϕz,ndims,ℓ,E₀,α₀,ipr_real,ipr_k
20,6.379310344827586,0.6180339887498949,0.4487989505128276,0.0,0.0,1.5657963267948967,3,5.0,0.0,22.384925162208205,0.37395641632769994,0.0002423067088870488
