L,J,Q,θ,ϕx,ϕy,ϕz,ndims,λ,E₀,α₀,ipr_real,ipr_k,disorder
20,4.206896551724138,0.6180339887498949,0.4487989505128276,5.824864536309696,4.342860394261938,4.630356876122316,3,0.2,0.75,4.747104443885463,0.06302396405729091,0.00026913231257046696,false
