L,J,Q,θ,ϕx,ϕy,ϕz,ndims,λ,E₀,α₀,ipr_real,ipr_k
20,3.4482758620689657,0.6180339887498949,0.4487989505128276,0.0,1.6207963267948966,0.0,3,0.2,0.0,3.484861582332796,0.002721163345525129,0.0002754309358629745
