L,J,Q,θ,ϕx,ϕy,ϕz,ndims,λ,E₀,α₀,ipr_real,ipr_k,disorder
20,4.896551724137931,0.6180339887498949,0.4487989505128276,4.3948772689672015,2.936162328686073,4.349020393013806,3,0.2,0.75,5.6323548768431495,0.038206811753073035,0.0002723361554290108,false
