L,J,Q,θ,ϕx,ϕy,ϕz,ndims,λ,E₀,α₀,ipr_real,ipr_k,disorder
20,4.241379310344827,0.6180339887498949,0.4487989505128276,3.717035193655517,3.043834307981739,6.121932475083062,3,0.2,0.75,5.466852409032638,0.031627761913286444,0.0002755067617416164,false
