L,J,Q,θ,ϕx,ϕy,ϕz,ndims,λ,E₀,α₀,ipr_real,ipr_k,disorder
20,2.586206896551724,0.6180339887498949,0.4487989505128276,2.688152920179917,4.137098202632447,3.2980085568013355,3,0.2,0.75,3.319099752868282,0.0019886063300696257,0.0003496694900706336,false
