L,J,Q,θ,ϕx,ϕy,ϕz,ndims,λ,E₀,α₀,ipr_real,ipr_k,disorder
20,1.5517241379310345,0.6180339887498949,0.4487989505128276,3.895371834074638,4.5447064312161665,5.113632135542093,3,0.2,0.75,3.0860549629203353,0.0006324973352683274,0.00047956762121731546,false
