L,J,Q,θ,ϕx,ϕy,ϕz,ndims,λ,E₀,α₀,ipr_real,ipr_k,disorder
20,4.758620689655173,0.6180339887498949,0.4487989505128276,6.281562296798062,3.9582994765443846,3.1840861129258946,3,0.2,0.75,6.3396819268342615,0.10194185974702379,0.00026475127662206784,false
