L,J,Q,θ,ϕx,ϕy,ϕz,ndims,λ,E₀,α₀,ipr_real,ipr_k
20,2.7586206896551726,0.6180339887498949,0.4487989505128276,1.5757963267948965,0.0,1.5657963267948967,3,0.2,1.0,3.3514986835777996,0.0030102971293792095,0.0003288190596877509
