L,J,Q,θ,ϕx,ϕy,ϕz,ndims,λ,E₀,α₀,ipr_real,ipr_k,disorder
20,3.793103448275862,0.6180339887498949,0.4487989505128276,4.223857747841037,3.7194434825798117,6.154863406256554,3,0.2,0.75,4.1012441155920225,0.016893412939106338,0.0002935650271641673,false
