L,J,Q,θ,ϕx,ϕy,ϕz,ndims,λ,E₀,α₀,ipr_real,ipr_k
20,0.6896551724137931,0.6180339887498949,0.4487989505128276,1.5757963267948965,1.6207963267948966,1.5657963267948967,3,0.2,1.0,3.0333185205110125,0.00040575120795638306,0.0009237303200015144
