L,J,Q,θ,ϕx,ϕy,ϕz,ndims,λ,E₀,α₀,ipr_real,ipr_k,disorder
20,4.172413793103448,0.6180339887498949,0.4487989505128276,0.4503233062473174,2.630976939947081,3.0883572354050166,3,0.2,0.75,5.713285034513463,0.06214675951611398,0.00026933267401446816,false
