L,J,Q,θ,ϕx,ϕy,ϕz,ndims,λ,E₀,α₀,ipr_real,ipr_k
20,3.9655172413793105,0.6180339887498949,0.4487989505128276,1.5757963267948965,1.6207963267948966,1.5657963267948967,3,0.2,0.0,3.6878830099128033,0.006391636207345041,0.0002565606841148586
