L,J,Q,θ,ϕx,ϕy,ϕz,ndims,λ,E₀,α₀,ipr_real,ipr_k,disorder
20,1.206896551724138,0.6180339887498949,0.4487989505128276,1.749118836196624,0.23704160190125842,2.434878678884507,3,0.2,0.75,3.070324109203175,0.0005316147972518573,0.0006015747108052453,false
