L,J,Q,θ,ϕx,ϕy,ϕz,ndims,λ,E₀,α₀,ipr_real,ipr_k,disorder
20,3.9655172413793105,0.6180339887498949,0.4487989505128276,0.6066144965541813,2.3964441690963283,3.1727564981020024,3,0.2,0.75,4.0410954794477,0.019543388480127787,0.00029545575756940876,false
