L,J,Q,θ,ϕx,ϕy,ϕz,ndims,λ,E₀,α₀,ipr_real,ipr_k,disorder
20,4.0344827586206895,0.6180339887498949,0.4487989505128276,4.139492050556373,3.44229932159053,0.7945526982637859,3,0.2,0.75,5.295740189558386,0.03207576293497041,0.0002768132755114946,false
