L,J,Q,θ,ϕx,ϕy,ϕz,ndims,λ,E₀,α₀,ipr_real,ipr_k,disorder
20,1.0344827586206897,0.6180339887498949,0.4487989505128276,0.5085616458890518,4.61173152341658,3.4068681866928086,3,0.2,0.75,3.055991293193719,0.0004805577283875081,0.0007180342850962839,false
