L,J,Q,θ,ϕx,ϕy,ϕz,ndims,λ,E₀,α₀,ipr_real,ipr_k,disorder
20,4.896551724137931,0.6180339887498949,0.4487989505128276,0.38378665623663816,3.9059719724898643,6.2214400742394345,3,0.2,0.75,6.126341134830328,0.11705262519859616,0.00025871847088427,false
