L,J,Q,θ,ϕx,ϕy,ϕz,ndims,λ,E₀,α₀,ipr_real,ipr_k,disorder
20,4.586206896551724,0.6180339887498949,0.4487989505128276,4.703513350784469,2.4632940626456996,5.166709889173292,3,0.2,0.75,5.742048239489312,0.11857976017749286,0.00026346366613673553,false
