L,J,Q,θ,ϕx,ϕy,ϕz,ndims,λ,E₀,α₀,ipr_real,ipr_k
20,3.793103448275862,0.6180339887498949,0.4487989505128276,1.5757963267948965,3.241592653589793,3.1315926535897933,3,0.2,1.0,4.5375963796957315,0.01980377076676007,0.00029029431701722033
