L,J,Q,θ,ϕx,ϕy,ϕz,ndims,ℓ,E₀,α₀,ipr_real,ipr_k
20,8.275862068965516,0.6180339887498949,0.4487989505128276,1.5757963267948965,1.6207963267948966,3.1315926535897933,3,5.0,0.0,27.808136836436546,0.472863748838597,0.00021221108617766425
