L,J,Q,θ,ϕx,ϕy,ϕz,ndims,λ,E₀,α₀,ipr_real,ipr_k,disorder
20,4.482758620689655,0.6180339887498949,0.4487989505128276,1.6761053306896132,3.943922186740605,6.240525560285734,3,0.2,0.75,4.8884908615246605,0.03781017269936492,0.000276103638987776,false
