L,J,Q,θ,ϕx,ϕy,ϕz,ndims,λ,E₀,α₀,ipr_real,ipr_k,disorder
20,1.896551724137931,0.6180339887498949,0.4487989505128276,4.07052885775966,0.2600317719546049,5.163038022508725,3,0.2,0.75,3.1391548625106322,0.0009152624670999297,0.0003995920306334308,false
