L,J,Q,θ,ϕx,ϕy,ϕz,ndims,λ,E₀,α₀,ipr_real,ipr_k
20,0.6896551724137931,0.6180339887498949,0.4487989505128276,0.0,3.241592653589793,1.5657963267948967,3,0.2,0.0,3.026807421154536,0.0003891113367766448,0.000758867053627172
