L,J,Q,θ,ϕx,ϕy,ϕz,ndims,λ,E₀,α₀,ipr_real,ipr_k
20,1.5517241379310345,0.6180339887498949,0.4487989505128276,0.0,3.241592653589793,1.5657963267948967,3,0.2,0.0,3.068429104097379,0.0004921985740312413,0.000377812683914888
