L,J,Q,θ,ϕx,ϕy,ϕz,ndims,λ,E₀,α₀,ipr_real,ipr_k,disorder
20,5.0,0.6180339887498949,0.4487989505128276,5.207769820197978,5.806797106451551,4.10524334813165,3,0.2,0.75,7.389915965810189,0.109916799905973,0.00027310767673094437,false
