L,J,Q,θ,ϕx,ϕy,ϕz,ndims,λ,E₀,α₀,ipr_real,ipr_k,disorder
20,2.0689655172413794,0.6180339887498949,0.4487989505128276,5.316248585627395,2.1023593744021225,3.4437784862283745,3,0.2,0.75,3.178533504032219,0.001038375716735936,0.0003862370663456695,false
