L,J,Q,θ,ϕx,ϕy,ϕz,ndims,λ,E₀,α₀,ipr_real,ipr_k,disorder
20,4.482758620689655,0.6180339887498949,0.4487989505128276,3.7545821600195937,2.33749478741838,1.723688756799854,3,0.2,0.75,6.087034283323211,0.06352037485654298,0.00026358980742346327,false
