L,J,Q,θ,ϕx,ϕy,ϕz,ndims,λ,E₀,α₀,ipr_real,ipr_k,disorder
20,4.310344827586206,0.6180339887498949,0.4487989505128276,3.915660674401407,1.6569261018171249,4.929866739092316,3,0.2,0.75,4.372246062142801,0.02268519408652011,0.00029975221195271615,false
