L,J,Q,θ,ϕx,ϕy,ϕz,ndims,ℓ,E₀,α₀,ipr_real,ipr_k
20,3.275862068965517,0.6180339887498949,0.4487989505128276,3.151592653589793,3.241592653589793,1.5657963267948967,3,5.0,0.0,10.154320302068248,0.08084755398257028,0.00044376535821703567
