L,J,Q,θ,ϕx,ϕy,ϕz,ndims,ℓ,E₀,α₀,ipr_real,ipr_k
20,2.2413793103448274,0.6180339887498949,0.4487989505128276,3.151592653589793,3.241592653589793,0.0,3,5.0,0.0,5.736392502850801,0.021040746614768846,0.0009377836350768786
