L,J,Q,θ,ϕx,ϕy,ϕz,ndims,ℓ,E₀,α₀,ipr_real,ipr_k
20,7.06896551724138,0.6180339887498949,0.4487989505128276,1.5757963267948965,1.6207963267948966,3.1315926535897933,3,5.0,0.0,24.894546005024107,0.4174164977384841,0.00021881982808408113
