L,J,Q,θ,ϕx,ϕy,ϕz,ndims,λ,E₀,α₀,ipr_real,ipr_k,disorder
20,3.103448275862069,0.6180339887498949,0.4487989505128276,5.033159520894303,1.6030640867512376,5.036900807777231,3,0.2,0.75,3.729931218370253,0.0062800875292927105,0.00030576351269630687,false
