L,J,Q,θ,ϕx,ϕy,ϕz,ndims,λ,E₀,α₀,ipr_real,ipr_k,disorder
20,4.620689655172414,0.6180339887498949,0.4487989505128276,5.31347111157293,1.2416711124700235,3.221742091837521,3,0.2,0.75,5.890667877215673,0.06497878917686181,0.0002682965431434648,false
