L,J,Q,θ,ϕx,ϕy,ϕz,ndims,λ,E₀,α₀,ipr_real,ipr_k,disorder
20,0.3448275862068966,0.6180339887498949,0.4487989505128276,4.801533190575,2.2106112661742023,4.706095217449797,3,0.2,0.75,3.0258225868594226,0.00038911967178586646,0.0014519139293861067,false
