L,J,Q,θ,ϕx,ϕy,ϕz,ndims,λ,E₀,α₀,ipr_real,ipr_k
20,3.4482758620689657,0.6180339887498949,0.4487989505128276,0.0,3.241592653589793,1.5657963267948967,3,0.2,1.0,4.005966277665414,0.011519915968384236,0.0002969907296449151
