L,J,Q,θ,ϕx,ϕy,ϕz,ndims,λ,E₀,α₀,ipr_real,ipr_k,disorder
20,3.4482758620689657,0.6180339887498949,0.4487989505128276,1.5417579535157493,0.24122574504806657,2.7114165705123283,3,0.2,0.75,3.7804603795604215,0.009123291717830417,0.00029146929827672725,false
