L,J,Q,θ,ϕx,ϕy,ϕz,ndims,ℓ,E₀,α₀,ipr_real,ipr_k
20,9.827586206896552,0.6180339887498949,0.4487989505128276,0.0,0.0,1.5657963267948967,3,5.0,0.0,28.266990523385715,0.5743634242379154,0.0001976072889902934
