L,J,Q,θ,ϕx,ϕy,ϕz,ndims,λ,E₀,α₀,ipr_real,ipr_k,disorder
20,4.758620689655173,0.6180339887498949,0.4487989505128276,3.0174236928466707,0.9436686073487932,5.157555483941545,3,0.2,0.75,6.40201992816168,0.06429082534254096,0.00026390653142338745,false
