L,J,Q,θ,ϕx,ϕy,ϕz,ndims,λ,E₀,α₀,ipr_real,ipr_k
20,3.793103448275862,0.6180339887498949,0.4487989505128276,0.0,1.6207963267948966,3.1315926535897933,3,0.2,1.0,4.931871687762127,0.04496156029109745,0.0002933770994070387
