L,J,Q,θ,ϕx,ϕy,ϕz,ndims,ℓ,E₀,α₀,ipr_real,ipr_k
20,7.06896551724138,0.6180339887498949,0.4487989505128276,0.0,1.6207963267948966,0.0,3,5.0,0.0,24.122887610874066,0.45825702531606866,0.00022267322341850258
