L,J,Q,θ,ϕx,ϕy,ϕz,ndims,λ,E₀,α₀,ipr_real,ipr_k
20,2.413793103448276,0.6180339887498949,0.4487989505128276,3.151592653589793,0.0,1.5657963267948967,3,0.2,0.0,3.137607595006665,0.0008420231590843784,0.0002962700528952128
