L,J,Q,θ,ϕx,ϕy,ϕz,ndims,λ,E₀,α₀,ipr_real,ipr_k,disorder
20,5.0,0.6180339887498949,0.4487989505128276,6.172593392094437,0.1268287457928197,3.2964182908318995,3,0.2,0.75,7.1872306833762964,0.09059769486105129,0.00025634108882937386,false
