L,J,Q,θ,ϕx,ϕy,ϕz,ndims,λ,E₀,α₀,ipr_real,ipr_k
20,1.0344827586206897,0.6180339887498949,0.4487989505128276,0.0,1.6207963267948966,0.0,3,0.2,0.0,3.0537552018362337,0.0004275052994394062,0.0005626040071983134
