L,J,Q,θ,ϕx,ϕy,ϕz,ndims,λ,E₀,α₀,ipr_real,ipr_k,disorder
20,4.0,0.6180339887498949,0.4487989505128276,0.006675018766630748,1.5345192512354546,1.2391587499595698,3,0.2,0.75,4.720783719883065,0.03103883678268433,0.0002943317449314916,false
