L,J,Q,θ,ϕx,ϕy,ϕz,ndims,λ,E₀,α₀,ipr_real,ipr_k,disorder
20,4.448275862068965,0.6180339887498949,0.4487989505128276,0.4503233062473174,2.630976939947081,3.0883572354050166,3,0.2,0.75,6.141708199916698,0.07009371530387562,0.0002774042207484884,false
