L,J,Q,θ,ϕx,ϕy,ϕz,ndims,λ,E₀,α₀,ipr_real,ipr_k,disorder
20,2.2413793103448274,0.6180339887498949,0.4487989505128276,5.6770114345523295,1.100759411937976,1.8634673782918598,3,0.2,0.75,3.285343553968297,0.001514402283779612,0.0003741858127196315,false
