L,J,Q,θ,ϕx,ϕy,ϕz,ndims,ℓ,E₀,α₀,ipr_real,ipr_k
20,4.482758620689655,0.6180339887498949,0.4487989505128276,3.151592653589793,3.241592653589793,0.0,3,5.0,0.0,16.043243549851717,0.2567338765875583,0.00030413331289037946
