L,J,Q,θ,ϕx,ϕy,ϕz,ndims,λ,E₀,α₀,ipr_real,ipr_k,disorder
20,3.103448275862069,0.6180339887498949,0.4487989505128276,2.2096855529914423,5.247051405812074,4.732748674237234,3,0.2,0.75,3.5831056932169068,0.006706757158049503,0.00032860373760257994,false
