L,J,Q,θ,ϕx,ϕy,ϕz,ndims,λ,E₀,α₀,ipr_real,ipr_k,disorder
20,2.2413793103448274,0.6180339887498949,0.4487989505128276,5.949666008516492,0.8902578104918087,1.8636147933228644,3,0.2,0.75,3.247762151421669,0.002093405716315208,0.0003617446489830165,false
