L,J,Q,θ,ϕx,ϕy,ϕz,ndims,λ,E₀,α₀,ipr_real,ipr_k,disorder
20,4.379310344827586,0.6180339887498949,0.4487989505128276,0.8838001346929476,0.878022390221201,3.792745147404113,3,0.2,0.75,5.904324227759151,0.080564462095839,0.00028561101373753565,false
