L,J,Q,θ,ϕx,ϕy,ϕz,ndims,λ,E₀,α₀,ipr_real,ipr_k,disorder
20,3.275862068965517,0.6180339887498949,0.4487989505128276,1.5982850949535905,0.23495937485355348,0.07119492365841723,3,0.2,0.75,3.7925068352555313,0.009120072037587232,0.0003057373756558937,false
