L,J,Q,θ,ϕx,ϕy,ϕz,ndims,λ,E₀,α₀,ipr_real,ipr_k,disorder
20,0.6896551724137931,0.6180339887498949,0.4487989505128276,4.1472498688696735,0.5301090609184191,0.8946980584639826,3,0.2,0.75,3.0344200707054942,0.0004155913058935195,0.0008935721420054689,false
