L,J,Q,θ,ϕx,ϕy,ϕz,ndims,λ,E₀,α₀,ipr_real,ipr_k
20,3.793103448275862,0.6180339887498949,0.4487989505128276,0.0,3.241592653589793,0.0,3,0.2,1.0,4.179920947441326,0.02406643848736368,0.0002830792402629944
