L,J,Q,θ,ϕx,ϕy,ϕz,ndims,λ,E₀,α₀,ipr_real,ipr_k,disorder
20,2.7586206896551726,0.6180339887498949,0.4487989505128276,3.1934482070253623,3.662641770833585,2.2355151168703324,3,0.2,0.75,3.4847521253271836,0.002935665088675901,0.0003315668132604638,false
