L,J,Q,θ,ϕx,ϕy,ϕz,ndims,λ,E₀,α₀,ipr_real,ipr_k,disorder
20,4.068965517241379,0.6180339887498949,0.4487989505128276,6.281562296798062,3.9582994765443846,3.1840861129258946,3,0.2,0.75,4.2711545553261026,0.030397061696008875,0.0002889914499426771,false
