L,J,Q,θ,ϕx,ϕy,ϕz,ndims,λ,E₀,α₀,ipr_real,ipr_k,disorder
20,2.0689655172413794,0.6180339887498949,0.4487989505128276,2.3522908936356637,6.1738480999452,0.6088762825553892,3,0.2,0.75,3.1685593867815363,0.0009777875470158594,0.0003976440108812708,false
