L,J,Q,θ,ϕx,ϕy,ϕz,ndims,λ,E₀,α₀,ipr_real,ipr_k,disorder
20,4.586206896551724,0.6180339887498949,0.4487989505128276,5.987781830065541,2.3891143328409408,5.9532917186112755,3,0.2,0.75,6.636787184994508,0.07459709365499487,0.00026338008871770225,false
