L,J,Q,θ,ϕx,ϕy,ϕz,ndims,λ,E₀,α₀,ipr_real,ipr_k,disorder
20,2.586206896551724,0.6180339887498949,0.4487989505128276,5.033159520894303,1.6030640867512376,5.036900807777231,3,0.2,0.75,3.3315724795027526,0.0019774976681192083,0.0003375973922494365,false
