L,J,Q,θ,ϕx,ϕy,ϕz,ndims,λ,E₀,α₀,ipr_real,ipr_k
20,4.482758620689655,0.6180339887498949,0.4487989505128276,3.151592653589793,0.0,3.1315926535897933,3,0.2,1.0,4.927148294694176,0.03621106794401188,0.00027910166770987895
