L,J,Q,θ,ϕx,ϕy,ϕz,ndims,λ,E₀,α₀,ipr_real,ipr_k,disorder
20,4.724137931034482,0.6180339887498949,0.4487989505128276,1.6761053306896132,3.943922186740605,6.240525560285734,3,0.2,0.75,5.466350839214881,0.044913058897743184,0.00027590871841221394,false
