L,J,Q,θ,ϕx,ϕy,ϕz,ndims,λ,E₀,α₀,ipr_real,ipr_k,disorder
20,4.0344827586206895,0.6180339887498949,0.4487989505128276,2.646661913804683,4.904697864612732,4.819408005409294,3,0.2,0.75,4.734034377666882,0.041949697423509305,0.00027016369298610445,false
