L,J,Q,θ,ϕx,ϕy,ϕz,ndims,λ,E₀,α₀,ipr_real,ipr_k,disorder
20,4.0344827586206895,0.6180339887498949,0.4487989505128276,2.4831421828600613,0.35366648068678436,3.6321154832070666,3,0.2,0.75,4.11757853617487,0.009880303142672497,0.00028836769302720717,false
