L,J,Q,θ,ϕx,ϕy,ϕz,ndims,λ,E₀,α₀,ipr_real,ipr_k
20,1.896551724137931,0.6180339887498949,0.4487989505128276,0.0,3.241592653589793,0.0,3,0.2,0.0,3.124450085360283,0.0006114901316208899,0.000321579814868305
