L,J,Q,θ,ϕx,ϕy,ϕz,ndims,λ,E₀,α₀,ipr_real,ipr_k,disorder
20,0.1724137931034483,0.6180339887498949,0.4487989505128276,6.226196590119228,5.168663978384286,3.1789564443613076,3,0.2,0.75,3.0238332835050374,0.0003885774114246559,0.002438271523455891,false
