L,J,Q,θ,ϕx,ϕy,ϕz,ndims,ℓ,E₀,α₀,ipr_real,ipr_k
20,5.344827586206897,0.6180339887498949,0.4487989505128276,0.0,0.0,1.5657963267948967,3,5.0,0.0,20.758155538212726,0.21199034103666953,0.0003119895210415639
