L,J,Q,θ,ϕx,ϕy,ϕz,ndims,λ,E₀,α₀,ipr_real,ipr_k,disorder
20,4.310344827586206,0.6180339887498949,0.4487989505128276,3.7545821600195937,2.33749478741838,1.723688756799854,3,0.2,0.75,5.542454652918941,0.04230440236089823,0.00026906903714201075,false
