L,J,Q,θ,ϕx,ϕy,ϕz,ndims,λ,E₀,α₀,ipr_real,ipr_k,disorder
20,3.4482758620689657,0.6180339887498949,0.4487989505128276,3.7305983583217563,0.9853135189160772,5.572237434055728,3,0.2,0.75,4.177304347247247,0.013595159678460655,0.0002971899438231441,false
