L,J,Q,θ,ϕx,ϕy,ϕz,ndims,λ,E₀,α₀,ipr_real,ipr_k,disorder
20,4.379310344827586,0.6180339887498949,0.4487989505128276,3.1540906110393947,5.525898011746757,2.3923251775669025,3,0.2,0.75,4.6719413176843,0.03730759894817405,0.0002738492619435176,false
