L,J,Q,θ,ϕx,ϕy,ϕz,ndims,λ,E₀,α₀,ipr_real,ipr_k,disorder
20,1.206896551724138,0.6180339887498949,0.4487989505128276,6.281562296798062,3.9582994765443846,3.1840861129258946,3,0.2,0.75,3.0682070308640403,0.0005330992016268817,0.0006309580943262074,false
