L,J,Q,θ,ϕx,ϕy,ϕz,ndims,λ,E₀,α₀,ipr_real,ipr_k,disorder
20,4.827586206896552,0.6180339887498949,0.4487989505128276,5.824864536309696,4.342860394261938,4.630356876122316,3,0.2,0.75,6.115659262459255,0.08441289779759042,0.0002701295160245929,false
