L,J,Q,θ,ϕx,ϕy,ϕz,ndims,ℓ,E₀,α₀,ipr_real,ipr_k
20,9.482758620689655,0.6180339887498949,0.4487989505128276,1.5757963267948965,0.0,0.0,3,5.0,0.0,26.0077554105822,0.5368768229657298,0.00019718434049687737
