L,J,Q,θ,ϕx,ϕy,ϕz,ndims,λ,E₀,α₀,ipr_real,ipr_k,disorder
20,4.96551724137931,0.6180339887498949,0.4487989505128276,4.400861328339708,1.2552597417418712,3.0021182003261293,3,0.2,0.75,5.9841000710852414,0.06457678208236753,0.0002809639986644094,false
