L,J,Q,θ,ϕx,ϕy,ϕz,ndims,λ,E₀,α₀,ipr_real,ipr_k
20,3.6206896551724137,0.6180339887498949,0.4487989505128276,3.151592653589793,0.0,0.0,3,0.2,0.0,3.517032503147368,0.002914835973220667,0.00027375115094044767
