L,J,Q,θ,ϕx,ϕy,ϕz,ndims,λ,E₀,α₀,ipr_real,ipr_k,disorder
20,3.103448275862069,0.6180339887498949,0.4487989505128276,5.285626580384605,1.9601744568294606,1.7868648979459114,3,0.2,0.75,3.535299510829783,0.0046952263619169255,0.00030907468249748735,false
