L,J,Q,θ,ϕx,ϕy,ϕz,ndims,λ,E₀,α₀,ipr_real,ipr_k,disorder
20,4.862068965517241,0.6180339887498949,0.4487989505128276,2.30058202939347,0.18083728192482784,0.1490639055536485,3,0.2,0.75,5.878765355372634,0.0599891772667317,0.0002689338754957387,false
