L,J,Q,θ,ϕx,ϕy,ϕz,ndims,λ,E₀,α₀,ipr_real,ipr_k
20,0.3448275862068966,0.6180339887498949,0.4487989505128276,0.0,0.0,0.0,3,0.2,0.0,3.054072141869141,0.0004337725875171428,0.0018817068154130974
