L,J,Q,θ,ϕx,ϕy,ϕz,ndims,λ,E₀,α₀,ipr_real,ipr_k,disorder
20,2.586206896551724,0.6180339887498949,0.4487989505128276,3.9730232033664215,0.9139425816698247,3.403706318357129,3,0.2,0.75,3.444488840948034,0.003225787505571775,0.0003312660853833932,false
