L,J,Q,θ,ϕx,ϕy,ϕz,ndims,λ,E₀,α₀,ipr_real,ipr_k,disorder
20,4.655172413793103,0.6180339887498949,0.4487989505128276,6.226196590119228,5.168663978384286,3.1789564443613076,3,0.2,0.75,5.1733153857380705,0.031208242793519282,0.000289764882641253,false
