L,J,Q,θ,ϕx,ϕy,ϕz,ndims,λ,E₀,α₀,ipr_real,ipr_k,disorder
20,4.827586206896552,0.6180339887498949,0.4487989505128276,6.029560278529224,2.097175488909699,4.768410395906155,3,0.2,0.75,6.459117998455376,0.08042630960692539,0.0002743205955274636,false
