L,J,Q,θ,ϕx,ϕy,ϕz,ndims,λ,E₀,α₀,ipr_real,ipr_k,disorder
20,4.310344827586207,0.6180339887498949,0.4487989505128276,2.257585903517528,2.859662874537686,2.627485697506109,3,0.2,0.75,4.862390617641438,0.05126356122277894,0.0002825719837847674,false
