L,J,Q,θ,ϕx,ϕy,ϕz,ndims,λ,E₀,α₀,ipr_real,ipr_k,disorder
20,4.620689655172414,0.6180339887498949,0.4487989505128276,0.9400256477872619,4.997335869378316,0.6810117306401763,3,0.2,0.75,4.875788559756325,0.0735009097126486,0.000274250648721057,false
