L,J,Q,θ,ϕx,ϕy,ϕz,ndims,λ,E₀,α₀,ipr_real,ipr_k,disorder
20,4.413793103448276,0.6180339887498949,0.4487989505128276,2.922658181886755,3.23152054074851,4.684694619043658,3,0.2,0.75,5.335628860582931,0.06113625689617176,0.00027571776635121554,false
