L,J,Q,θ,ϕx,ϕy,ϕz,ndims,λ,E₀,α₀,ipr_real,ipr_k,disorder
20,4.551724137931035,0.6180339887498949,0.4487989505128276,5.341224320472995,0.742406838451589,5.34102773241996,3,0.2,0.75,5.1455669890560305,0.0401307907747951,0.00026800750592145334,false
