L,J,Q,θ,ϕx,ϕy,ϕz,ndims,λ,E₀,α₀,ipr_real,ipr_k,disorder
20,2.9310344827586206,0.6180339887498949,0.4487989505128276,3.895371834074638,4.5447064312161665,5.113632135542093,3,0.2,0.75,3.598720512141868,0.004221957862845003,0.0003248445396992325,false
