L,J,Q,θ,ϕx,ϕy,ϕz,ndims,λ,E₀,α₀,ipr_real,ipr_k,disorder
20,0.6896551724137931,0.6180339887498949,0.4487989505128276,5.086325597038762,4.430587767899091,6.098547300005786,3,0.2,0.75,3.035570310608646,0.00041665526309639524,0.0009200706431652537,false
