L,J,Q,θ,ϕx,ϕy,ϕz,ndims,λ,E₀,α₀,ipr_real,ipr_k,disorder
20,4.620689655172414,0.6180339887498949,0.4487989505128276,5.341224320472995,0.742406838451589,5.34102773241996,3,0.2,0.75,4.930064098360182,0.03843127845201757,0.0002617181428831522,false
