L,J,Q,θ,ϕx,ϕy,ϕz,ndims,λ,E₀,α₀,ipr_real,ipr_k
20,3.275862068965517,0.6180339887498949,0.4487989505128276,0.0,0.0,0.0,3,0.2,1.0,3.928988414525673,0.014557776838433905,0.0003052489021513036
