L,J,Q,θ,ϕx,ϕy,ϕz,ndims,λ,E₀,α₀,ipr_real,ipr_k,disorder
20,1.896551724137931,0.6180339887498949,0.4487989505128276,3.7305983583217563,0.9853135189160772,5.572237434055728,3,0.2,0.75,3.130056900325556,0.0008166535056169764,0.00041566268861550643,false
