L,J,Q,θ,ϕx,ϕy,ϕz,ndims,λ,E₀,α₀,ipr_real,ipr_k,disorder
20,3.275862068965517,0.6180339887498949,0.4487989505128276,3.3059223692782087,0.2758649195032969,3.3656921915730753,3,0.2,0.75,4.193673331132464,0.01898151438038544,0.00031325987916927496,false
