L,J,Q,θ,ϕx,ϕy,ϕz,ndims,λ,E₀,α₀,ipr_real,ipr_k
20,1.896551724137931,0.6180339887498949,0.4487989505128276,3.151592653589793,0.0,0.0,3,0.2,0.0,3.118337506243943,0.0006262298092066161,0.0003214114019523041
