L,J,Q,θ,ϕx,ϕy,ϕz,ndims,ℓ,E₀,α₀,ipr_real,ipr_k
20,6.896551724137931,0.6180339887498949,0.4487989505128276,0.0,1.6207963267948966,0.0,3,5.0,0.0,22.905513479809294,0.4320174195088112,0.00022621218665279068
