L,J,Q,θ,ϕx,ϕy,ϕz,ndims,λ,E₀,α₀,ipr_real,ipr_k
20,2.586206896551724,0.6180339887498949,0.4487989505128276,3.151592653589793,0.0,1.5657963267948967,3,0.2,1.0,3.297893538107781,0.002052043580275853,0.0003375308251070342
