L,J,Q,θ,ϕx,ϕy,ϕz,ndims,λ,E₀,α₀,ipr_real,ipr_k,disorder
20,4.172413793103448,0.6180339887498949,0.4487989505128276,4.42688862945705,2.3453285428917425,1.9814022491417103,3,0.2,0.75,4.952398586529441,0.054308080582460685,0.00027982593467575984,false
