L,J,Q,θ,ϕx,ϕy,ϕz,ndims,ℓ,E₀,α₀,ipr_real,ipr_k
20,3.275862068965517,0.6180339887498949,0.4487989505128276,3.151592653589793,0.0,1.5657963267948967,3,5.0,0.0,11.290548455786858,0.10062028534380789,0.0004468665243663454
