L,J,Q,θ,ϕx,ϕy,ϕz,ndims,λ,E₀,α₀,ipr_real,ipr_k,disorder
20,4.172413793103448,0.6180339887498949,0.4487989505128276,3.0174236928466707,0.9436686073487932,5.157555483941545,3,0.2,0.75,4.947817839290681,0.0672317353035482,0.00026972273563574017,false
