L,J,Q,θ,ϕx,ϕy,ϕz,ndims,ℓ,E₀,α₀,ipr_real,ipr_k
20,5.862068965517242,0.6180339887498949,0.4487989505128276,0.0,3.241592653589793,3.1315926535897933,3,5.0,0.0,20.017950151881855,0.2518810240548602,0.0002788939589569629
