L,J,Q,θ,ϕx,ϕy,ϕz,ndims,λ,E₀,α₀,ipr_real,ipr_k
20,2.413793103448276,0.6180339887498949,0.4487989505128276,3.151592653589793,1.6207963267948966,0.0,3,0.2,1.0,3.2234369860881116,0.0014906278396138943,0.000354381983460323
