L,J,Q,θ,ϕx,ϕy,ϕz,ndims,λ,E₀,α₀,ipr_real,ipr_k,disorder
20,4.724137931034482,0.6180339887498949,0.4487989505128276,4.188250266137973,5.2372104617754625,3.895932715871009,3,0.2,0.75,6.208356659753609,0.08878629799430174,0.0002643801247308564,false
