L,J,Q,θ,ϕx,ϕy,ϕz,ndims,λ,E₀,α₀,ipr_real,ipr_k
20,0.6896551724137931,0.6180339887498949,0.4487989505128276,1.5757963267948965,1.6207963267948966,0.0,3,0.2,1.0,3.032958416321333,0.00039949973444475853,0.0011908482374377622
