L,J,Q,θ,ϕx,ϕy,ϕz,ndims,λ,E₀,α₀,ipr_real,ipr_k,disorder
20,1.206896551724138,0.6180339887498949,0.4487989505128276,3.3059223692782087,0.2758649195032969,3.3656921915730753,3,0.2,0.75,3.0699164782541257,0.000516420420129635,0.000613113214729057,false
