L,J,Q,θ,ϕx,ϕy,ϕz,ndims,λ,E₀,α₀,ipr_real,ipr_k
20,1.896551724137931,0.6180339887498949,0.4487989505128276,1.5757963267948965,1.6207963267948966,0.0,3,0.2,0.0,3.0977467012249957,0.0005898530755024797,0.0003192852548566639
