L,J,Q,θ,ϕx,ϕy,ϕz,ndims,λ,E₀,α₀,ipr_real,ipr_k,disorder
20,4.931034482758621,0.6180339887498949,0.4487989505128276,3.222876232498557,5.646932338460586,2.9316069027836775,3,0.2,0.75,6.47588376373124,0.11631384477516801,0.00026335057526701434,false
