L,J,Q,θ,ϕx,ϕy,ϕz,ndims,λ,E₀,α₀,ipr_real,ipr_k
20,5.0,0.6180339887498949,0.4487989505128276,3.151592653589793,3.241592653589793,1.5657963267948967,3,0.2,1.0,5.686385292947196,0.07864224571270029,0.000261338514362766
