L,J,Q,θ,ϕx,ϕy,ϕz,ndims,λ,E₀,α₀,ipr_real,ipr_k,disorder
20,0.1724137931034483,0.6180339887498949,0.4487989505128276,2.2096855529914423,5.247051405812074,4.732748674237234,3,0.2,0.75,3.02610420094522,0.00039108751853284923,0.002611584779133231,false
