L,J,Q,θ,ϕx,ϕy,ϕz,ndims,λ,E₀,α₀,ipr_real,ipr_k,disorder
20,4.482758620689655,0.6180339887498949,0.4487989505128276,6.257704834956981,2.1536486616820927,2.7841474465139986,3,0.2,0.75,5.781287222333785,0.04549583537766149,0.00026808598765793335,false
