L,J,Q,θ,ϕx,ϕy,ϕz,ndims,λ,E₀,α₀,ipr_real,ipr_k,disorder
20,2.9310344827586206,0.6180339887498949,0.4487989505128276,5.422378433459985,2.769777993531071,1.190763171554095,3,0.2,0.75,3.659505788499344,0.006234495596881417,0.00032585751774749514,false
