L,J,Q,θ,ϕx,ϕy,ϕz,ndims,ℓ,E₀,α₀,ipr_real,ipr_k
25,5.517241379310344,0.6180339887498949,0.4487989505128276,1.5757963267948965,1.6207963267948966,1.5657963267948967,3,5.0,0.0,7.6021560227690745,0.10142277043345752,0.00012959745969410682
