L,J,Q,θ,ϕx,ϕy,ϕz,ndims,λ,E₀,α₀,ipr_real,ipr_k,disorder
25,4.310344827586207,0.6180339887498949,0.4487989505128276,0.6404027203257185,5.747086433743907,4.372760684784265,3,0.2,0.75,5.196765033216744,0.04813884564302725,0.00014205425340086308,false
