L,J,Q,θ,ϕx,ϕy,ϕz,ndims,λ,E₀,α₀,ipr_real,ipr_k,disorder
25,4.172413793103448,0.6180339887498949,0.4487989505128276,1.372816643850626,4.041012983781032,6.223134005658261,3,0.2,0.75,4.443514251604462,0.025601645568374132,0.00014522439380526176,false
