L,J,Q,θ,ϕx,ϕy,ϕz,ndims,λ,E₀,α₀,ipr_real,ipr_k,disorder
25,4.655172413793103,0.6180339887498949,0.4487989505128276,4.384909838805947,4.469644234223903,2.2085644571003265,3,0.2,0.75,5.21685761534019,0.06376246162939223,0.00014457535859878744,false
