L,J,Q,θ,ϕx,ϕy,ϕz,ndims,ℓ,E₀,α₀,ipr_real,ipr_k
25,7.758620689655173,0.6180339887498949,0.4487989505128276,3.151592653589793,1.6207963267948966,0.0,3,5.0,0.0,17.03084401429428,0.2746534976437374,0.0001227806986676704
