L,J,Q,θ,ϕx,ϕy,ϕz,ndims,λ,E₀,α₀,ipr_real,ipr_k,disorder
25,1.3793103448275863,0.6180339887498949,0.4487989505128276,2.2096855529914423,5.247051405812074,4.732748674237234,3,0.2,0.75,3.06028290681655,0.0002913935043852512,0.0003006245742550475,false
