L,J,Q,θ,ϕx,ϕy,ϕz,ndims,λ,E₀,α₀,ipr_real,ipr_k,disorder
25,4.448275862068965,0.6180339887498949,0.4487989505128276,5.430563643873052,1.372133380777871,0.8488597828403242,3,0.2,0.75,6.370698360749413,0.045080963496257,0.0001400387047175206,false
