L,J,Q,θ,ϕx,ϕy,ϕz,ndims,λ,E₀,α₀,ipr_real,ipr_k,disorder
25,4.206896551724138,0.6180339887498949,0.4487989505128276,4.595314754136687,0.5165497449959824,5.236454611452583,3,0.2,0.75,5.2003344677389105,0.03483361987063889,0.00013936588801270492,false
