L,J,Q,θ,ϕx,ϕy,ϕz,ndims,λ,E₀,α₀,ipr_real,ipr_k,disorder
25,4.310344827586207,0.6180339887498949,0.4487989505128276,1.831887230320934,1.1853707252238053,4.40969972576368,3,0.2,0.75,4.9243688082934876,0.029875557885944166,0.00014545612167135628,false
