L,J,Q,θ,ϕx,ϕy,ϕz,ndims,λ,E₀,α₀,ipr_real,ipr_k,disorder
25,4.068965517241379,0.6180339887498949,0.4487989505128276,4.400861328339708,1.2552597417418712,3.0021182003261293,3,0.2,0.75,4.415709821474079,0.05039256718238594,0.00014611857649005918,false
