L,J,Q,θ,ϕx,ϕy,ϕz,ndims,ℓ,E₀,α₀,ipr_real,ipr_k
25,5.344827586206897,0.6180339887498949,0.4487989505128276,1.5757963267948965,0.0,0.0,3,5.0,0.0,6.157191205624352,0.08735472864812155,0.00013418620449094336
