L,J,Q,θ,ϕx,ϕy,ϕz,ndims,λ,E₀,α₀,ipr_real,ipr_k,disorder
25,1.5517241379310345,0.6180339887498949,0.4487989505128276,5.033159520894303,1.6030640867512376,5.036900807777231,3,0.2,0.75,3.0685841503034017,0.0003181164447872314,0.0002602211410395306,false
