L,J,Q,θ,ϕx,ϕy,ϕz,ndims,λ,E₀,α₀,ipr_real,ipr_k,disorder
25,2.0689655172413794,0.6180339887498949,0.4487989505128276,5.086325597038762,4.430587767899091,6.098547300005786,3,0.2,0.75,3.1769791083439634,0.0006712329339591518,0.00020346148201819732,false
