L,J,Q,θ,ϕx,ϕy,ϕz,ndims,ℓ,E₀,α₀,ipr_real,ipr_k
25,1.3793103448275863,0.6180339887498949,0.4487989505128276,3.151592653589793,0.0,0.0,3,5.0,0.0,3.7144329565082415,0.0017542004176813232,0.003347420038324611
