L,J,Q,θ,ϕx,ϕy,ϕz,ndims,λ,E₀,α₀,ipr_real,ipr_k
25,1.0344827586206897,0.6180339887498949,0.4487989505128276,0.0,0.0,3.1315926535897933,3,0.2,0.0,3.0357559143866317,0.00022165552758115462,0.0003123088110816442
