L,J,Q,θ,ϕx,ϕy,ϕz,ndims,λ,E₀,α₀,ipr_real,ipr_k,disorder
25,4.103448275862069,0.6180339887498949,0.4487989505128276,1.4140265527927827,0.055038081417665106,5.45539876583272,3,0.2,0.75,4.695673055848287,0.017553528468490617,0.00014716441893631994,false
