L,J,Q,θ,ϕx,ϕy,ϕz,ndims,ℓ,E₀,α₀,ipr_real,ipr_k
25,7.586206896551724,0.6180339887498949,0.4487989505128276,0.0,0.0,3.1315926535897933,3,5.0,0.0,17.813953061387682,0.42537131104178555,0.00011079237477656225
