L,J,Q,θ,ϕx,ϕy,ϕz,ndims,λ,E₀,α₀,ipr_real,ipr_k,disorder
25,0.0,0.6180339887498949,0.4487989505128276,3.9991370306171268,4.970340882440753,1.6186578928805195,3,0.2,0.75,3.0095573330105148,0.00021769369523347198,0.018977968950456246,false
