L,J,Q,θ,ϕx,ϕy,ϕz,ndims,ℓ,E₀,α₀,ipr_real,ipr_k
25,9.310344827586206,0.6180339887498949,0.4487989505128276,3.151592653589793,0.0,3.1315926535897933,3,5.0,0.0,20.55054746014188,0.47835410520294463,9.636742904608774e-5
