L,J,Q,θ,ϕx,ϕy,ϕz,ndims,ℓ,E₀,α₀,ipr_real,ipr_k
25,1.0344827586206897,0.6180339887498949,0.4487989505128276,3.151592653589793,0.0,1.5657963267948967,3,5.0,0.0,3.7835409452961777,0.00140071112034213,0.005798980165615657
