L,J,Q,θ,ϕx,ϕy,ϕz,ndims,λ,E₀,α₀,ipr_real,ipr_k,disorder
25,1.7241379310344829,0.6180339887498949,0.4487989505128276,0.23996719620733442,4.658157203758181,0.9952457164262045,3,0.2,0.75,3.0983061529724387,0.00041154936075599326,0.00023400659519555176,false
