L,J,Q,θ,ϕx,ϕy,ϕz,ndims,λ,E₀,α₀,ipr_real,ipr_k,disorder
25,1.0344827586206897,0.6180339887498949,0.4487989505128276,0.6694040751885294,4.907371315550293,0.9138645987545053,3,0.2,0.75,3.0437467815847232,0.0002457776484347103,0.00039713256716739017,false
