L,J,Q,θ,ϕx,ϕy,ϕz,ndims,λ,E₀,α₀,ipr_real,ipr_k,disorder
25,4.517241379310345,0.6180339887498949,0.4487989505128276,4.7760656873994485,5.199432732505086,1.1419947702376287,3,0.2,0.75,5.882263711119281,0.05226078101691485,0.0001382039390299268,false
