L,J,Q,θ,ϕx,ϕy,ϕz,ndims,ℓ,E₀,α₀,ipr_real,ipr_k
25,8.620689655172413,0.6180339887498949,0.4487989505128276,0.0,0.0,0.0,3,5.0,0.0,16.13043416841451,0.30369014716372017,0.00011185284436921874
