L,J,Q,θ,ϕx,ϕy,ϕz,ndims,λ,E₀,α₀,ipr_real,ipr_k,disorder
25,4.586206896551724,0.6180339887498949,0.4487989505128276,4.181962681762154,5.146517047186962,1.056807722946309,3,0.2,0.75,5.806022612180614,0.06002675976556045,0.00013748412211402164,false
