L,J,Q,θ,ϕx,ϕy,ϕz,ndims,λ,E₀,α₀,ipr_real,ipr_k,disorder
25,4.310344827586207,0.6180339887498949,0.4487989505128276,2.378768636319055,5.869136538452466,2.349331861710985,3,0.2,0.75,5.465858442561572,0.08716459980980154,0.00013513633044738427,false
