L,J,Q,θ,ϕx,ϕy,ϕz,ndims,λ,E₀,α₀,ipr_real,ipr_k,disorder
25,4.137931034482758,0.6180339887498949,0.4487989505128276,5.74963352246241,5.416509881192343,4.582723518021478,3,0.2,0.75,4.471324465722431,0.02235729915819468,0.00014766407772810966,false
