L,J,Q,θ,ϕx,ϕy,ϕz,ndims,λ,E₀,α₀,ipr_real,ipr_k,disorder
25,4.137931034482758,0.6180339887498949,0.4487989505128276,4.139492050556373,3.44229932159053,0.7945526982637859,3,0.2,0.75,5.074849125699665,0.0384154125906094,0.00014203680028025995,false
