L,J,Q,θ,ϕx,ϕy,ϕz,ndims,λ,E₀,α₀,ipr_real,ipr_k,disorder
25,4.068965517241379,0.6180339887498949,0.4487989505128276,4.342171845519046,0.5926655260229222,3.093441358451815,3,0.2,0.75,4.308786261332921,0.02706139201863862,0.00015769289059194816,false
