L,J,Q,θ,ϕx,ϕy,ϕz,ndims,λ,E₀,α₀,ipr_real,ipr_k,disorder
25,4.137931034482758,0.6180339887498949,0.4487989505128276,4.384909838805947,4.469644234223903,2.2085644571003265,3,0.2,0.75,4.4133554056876285,0.020148140975758365,0.00014649472811201116,false
