L,J,Q,θ,ϕx,ϕy,ϕz,ndims,ℓ,E₀,α₀,ipr_real,ipr_k
25,9.482758620689655,0.6180339887498949,0.4487989505128276,1.5757963267948965,3.241592653589793,0.0,3,5.0,0.0,18.620997271934847,0.41554749104195726,0.00010438811467056691
