L,J,Q,θ,ϕx,ϕy,ϕz,ndims,λ,E₀,α₀,ipr_real,ipr_k,disorder
25,1.5517241379310345,0.6180339887498949,0.4487989505128276,4.58894515395738,4.6743572703892164,2.764540261604561,3,0.2,0.75,3.0646492490140593,0.0003079951343299394,0.0002724324217636946,false
