L,J,Q,θ,ϕx,ϕy,ϕz,ndims,λ,E₀,α₀,ipr_real,ipr_k,disorder
25,4.379310344827586,0.6180339887498949,0.4487989505128276,1.8727562237694106,2.8496528814491167,3.161259220709986,3,0.2,0.75,6.2135927268848565,0.11329086622182136,0.00013671329760555977,false
