L,J,Q,θ,ϕx,ϕy,ϕz,ndims,λ,E₀,α₀,ipr_real,ipr_k,disorder
25,1.3793103448275863,0.6180339887498949,0.4487989505128276,6.098228496605542,1.456952736021436,4.867959916365489,3,0.2,0.75,3.055364540793893,0.000284889679174451,0.00030382587885260275,false
