L,J,Q,θ,ϕx,ϕy,ϕz,ndims,λ,E₀,α₀,ipr_real,ipr_k,disorder
25,4.241379310344827,0.6180339887498949,0.4487989505128276,0.7092970480995184,3.1065997010770108,4.63536009338821,3,0.2,0.75,4.7416048907050765,0.017224692488861895,0.00014863127598469176,false
