L,J,Q,θ,ϕx,ϕy,ϕz,ndims,λ,E₀,α₀,ipr_real,ipr_k,disorder
25,4.482758620689655,0.6180339887498949,0.4487989505128276,5.637895911831503,2.476223868304745,2.906906204506551,3,0.2,0.75,5.401097883873063,0.029122163715357773,0.00014098573184178047,false
