L,J,Q,θ,ϕx,ϕy,ϕz,ndims,λ,E₀,α₀,ipr_real,ipr_k,disorder
25,2.7586206896551726,0.6180339887498949,0.4487989505128276,2.547601917611193,1.4719107632631463,0.20859762118220895,3,0.2,0.75,3.4672000559756584,0.0019154363497389131,0.0001736695823883155,false
