L,J,Q,θ,ϕx,ϕy,ϕz,ndims,λ,E₀,α₀,ipr_real,ipr_k,disorder
25,4.275862068965518,0.6180339887498949,0.4487989505128276,5.571505886543249,1.1824874274171864,0.618089197445099,3,0.2,0.75,5.446193477625886,0.04061897838854857,0.0001395988751341281,false
