L,J,Q,θ,ϕx,ϕy,ϕz,ndims,λ,E₀,α₀,ipr_real,ipr_k,disorder
25,4.724137931034482,0.6180339887498949,0.4487989505128276,4.342171845519046,0.5926655260229222,3.093441358451815,3,0.2,0.75,6.021711338131807,0.04971382458539572,0.00013513389514947484,false
