L,J,Q,θ,ϕx,ϕy,ϕz,ndims,λ,E₀,α₀,ipr_real,ipr_k,disorder
25,4.0344827586206895,0.6180339887498949,0.4487989505128276,3.5342364478169066,2.3756470900300446,0.3503920155603876,3,0.2,0.75,4.226917364481511,0.014753801065399284,0.00014839183383583593,false
