L,J,Q,θ,ϕx,ϕy,ϕz,ndims,λ,E₀,α₀,ipr_real,ipr_k
25,2.2413793103448274,0.6180339887498949,0.4487989505128276,0.0,3.241592653589793,0.0,3,0.2,0.0,3.120306193495076,0.00037265750558051276,0.00016158355990596258
