L,J,Q,θ,ϕx,ϕy,ϕz,ndims,λ,E₀,α₀,ipr_real,ipr_k,disorder
25,4.448275862068965,0.6180339887498949,0.4487989505128276,3.4091323288358217,0.04941926552356421,2.082507790371694,3,0.2,0.75,6.119340211781141,0.06867142482698621,0.00013308850508063987,false
