L,J,Q,θ,ϕx,ϕy,ϕz,ndims,λ,E₀,α₀,ipr_real,ipr_k,disorder
25,4.172413793103448,0.6180339887498949,0.4487989505128276,0.6484048261283016,3.418824543154854,0.8141039799241729,3,0.2,0.75,5.2977891761766,0.04668517624483598,0.00014253258977287367,false
