L,J,Q,θ,ϕx,ϕy,ϕz,ndims,ℓ,E₀,α₀,ipr_real,ipr_k
25,6.379310344827586,0.6180339887498949,0.4487989505128276,1.5757963267948965,1.6207963267948966,3.1315926535897933,3,5.0,0.0,11.616952804329554,0.22332379392110163,0.00011589191947665406
