L,J,Q,θ,ϕx,ϕy,ϕz,ndims,λ,E₀,α₀,ipr_real,ipr_k,disorder
25,1.896551724137931,0.6180339887498949,0.4487989505128276,3.3059223692782087,0.2758649195032969,3.3656921915730753,3,0.2,0.75,3.1320789889377503,0.0005188841475647093,0.00021318601563856447,false
