L,J,Q,θ,ϕx,ϕy,ϕz,ndims,λ,E₀,α₀,ipr_real,ipr_k,disorder
25,0.1724137931034483,0.6180339887498949,0.4487989505128276,5.801724098641668,1.3254589722368608,0.7215859671443036,3,0.2,0.75,3.014272905793499,0.0001959899977180144,0.0018579232732174916,false
