L,J,Q,θ,ϕx,ϕy,ϕz,ndims,λ,E₀,α₀,ipr_real,ipr_k,disorder
25,4.103448275862069,0.6180339887498949,0.4487989505128276,6.257704834956981,2.1536486616820927,2.7841474465139986,3,0.2,0.75,4.403335260510366,0.01284864631917168,0.00014886580144697815,false
