L,J,Q,θ,ϕx,ϕy,ϕz,ndims,λ,E₀,α₀,ipr_real,ipr_k,disorder
25,4.551724137931035,0.6180339887498949,0.4487989505128276,4.42688862945705,2.3453285428917425,1.9814022491417103,3,0.2,0.75,4.852751318403824,0.0307410723342183,0.00013490916764079508,false
