L,J,Q,θ,ϕx,ϕy,ϕz,ndims,λ,E₀,α₀,ipr_real,ipr_k,disorder
25,4.655172413793103,0.6180339887498949,0.4487989505128276,0.14654465349543824,4.992550478309527,4.286172205899265,3,0.2,0.75,6.378394245812367,0.06374416107047964,0.00013858112258129535,false
