L,J,Q,θ,ϕx,ϕy,ϕz,ndims,λ,E₀,α₀,ipr_real,ipr_k,disorder
25,0.1724137931034483,0.6180339887498949,0.4487989505128276,1.3395880217147202,0.9273898263379585,6.205372488874177,3,0.2,0.75,3.014286059477247,0.0001946179021027883,0.0015990789060039226,false
