L,J,Q,θ,ϕx,ϕy,ϕz,ndims,λ,E₀,α₀,ipr_real,ipr_k,disorder
25,0.6896551724137931,0.6180339887498949,0.4487989505128276,0.3075683141038372,6.012100269209889,0.7192806397231924,3,0.2,0.75,3.027133052454116,0.00021633404629654027,0.0005533153250362864,false
