L,J,Q,θ,ϕx,ϕy,ϕz,ndims,λ,E₀,α₀,ipr_real,ipr_k,disorder
25,1.3793103448275863,0.6180339887498949,0.4487989505128276,6.172593392094437,0.1268287457928197,3.2964182908318995,3,0.2,0.75,3.0625124989463695,0.00029320931463676315,0.00030185919699757073,false
