L,J,Q,θ,ϕx,ϕy,ϕz,ndims,λ,E₀,α₀,ipr_real,ipr_k,disorder
25,4.275862068965518,0.6180339887498949,0.4487989505128276,2.203494215816056,5.797069168959676,4.057948493217388,3,0.2,0.75,5.389045755392244,0.02163251913689891,0.00014765416556062483,false
