L,J,Q,θ,ϕx,ϕy,ϕz,ndims,λ,E₀,α₀,ipr_real,ipr_k,disorder
25,4.551724137931035,0.6180339887498949,0.4487989505128276,5.637895911831503,2.476223868304745,2.906906204506551,3,0.2,0.75,5.741745928018035,0.03799952852933014,0.0001385998456797633,false
