L,J,Q,θ,ϕx,ϕy,ϕz,ndims,λ,E₀,α₀,ipr_real,ipr_k
25,0.0,0.6180339887498949,0.4487989505128276,0.0,3.241592653589793,1.5657963267948967,3,0.2,0.0,3.019727944259589,0.00023976172929761184,0.0029655108469223562
