L,J,Q,θ,ϕx,ϕy,ϕz,ndims,λ,E₀,α₀,ipr_real,ipr_k,disorder
25,4.241379310344827,0.6180339887498949,0.4487989505128276,2.4528944875025553,5.741218997231685,6.176372610360393,3,0.2,0.75,5.47921384470818,0.03564485424647094,0.0001419658749301765,false
