L,J,Q,θ,ϕx,ϕy,ϕz,ndims,λ,E₀,α₀,ipr_real,ipr_k,disorder
25,4.827586206896552,0.6180339887498949,0.4487989505128276,2.257585903517528,2.859662874537686,2.627485697506109,3,0.2,0.75,5.2885301890977825,0.0704823622339916,0.000130192184959315,false
