L,J,Q,θ,ϕx,ϕy,ϕz,ndims,ℓ,E₀,α₀,ipr_real,ipr_k
25,8.96551724137931,0.6180339887498949,0.4487989505128276,3.151592653589793,1.6207963267948966,3.1315926535897933,3,5.0,0.0,19.326817561723608,0.34783068301635484,0.00010674003133647088
