L,J,Q,θ,ϕx,ϕy,ϕz,ndims,λ,E₀,α₀,ipr_real,ipr_k,disorder
25,0.3448275862068966,0.6180339887498949,0.4487989505128276,3.915660674401407,1.6569261018171249,4.929866739092316,3,0.2,0.75,3.016633613660276,0.00019765730039280013,0.000773672433116195,false
