L,J,Q,θ,ϕx,ϕy,ϕz,ndims,λ,E₀,α₀,ipr_real,ipr_k,disorder
25,4.275862068965518,0.6180339887498949,0.4487989505128276,3.5342364478169066,2.3756470900300446,0.3503920155603876,3,0.2,0.75,4.593144789973225,0.018812849732211534,0.00014552922615119538,false
