L,J,Q,θ,ϕx,ϕy,ϕz,ndims,λ,E₀,α₀,ipr_real,ipr_k,disorder
25,2.586206896551724,0.6180339887498949,0.4487989505128276,0.5085616458890518,4.61173152341658,3.4068681866928086,3,0.2,0.75,3.321424010337909,0.0015366868864173763,0.00017484791702261995,false
