L,J,Q,θ,ϕx,ϕy,ϕz,ndims,λ,E₀,α₀,ipr_real,ipr_k,disorder
25,4.724137931034482,0.6180339887498949,0.4487989505128276,3.834936400969228,5.39158571104351,1.8457287419798294,3,0.2,0.75,4.915234976473956,0.03498091254742121,0.00013815494612384488,false
