L,J,Q,θ,ϕx,ϕy,ϕz,ndims,λ,E₀,α₀,ipr_real,ipr_k,disorder
25,4.0344827586206895,0.6180339887498949,0.4487989505128276,1.1459952233848087,3.5830295178533973,0.7080584729455488,3,0.2,0.75,4.5586830145757675,0.01747363395040859,0.0001460280202736541,false
