L,J,Q,θ,ϕx,ϕy,ϕz,ndims,λ,E₀,α₀,ipr_real,ipr_k,disorder
25,4.137931034482758,0.6180339887498949,0.4487989505128276,5.98915254047668,1.8310407857333042,2.427640740290106,3,0.2,0.75,5.175730294928254,0.02896214582057276,0.0001414471706527955,false
