L,J,Q,θ,ϕx,ϕy,ϕz,ndims,λ,E₀,α₀,ipr_real,ipr_k,disorder
25,4.0344827586206895,0.6180339887498949,0.4487989505128276,2.203494215816056,5.797069168959676,4.057948493217388,3,0.2,0.75,5.047892212721295,0.025372932401806596,0.00014635533003033886,false
