L,J,Q,θ,ϕx,ϕy,ϕz,ndims,λ,E₀,α₀,ipr_real,ipr_k,disorder
25,4.0344827586206895,0.6180339887498949,0.4487989505128276,3.240854145345067,4.783722391012191,5.019532227504807,3,0.2,0.75,4.616832019310082,0.018444949153461482,0.00014910660684110252,false
