L,J,Q,θ,ϕx,ϕy,ϕz,ndims,T,χ,dχdlogT,Λ
17,0.4,0.6180339887498949,0.4487989505128276,0.0,0.0,0.0,3,2.807216203941177,[0.08393291351046571 0.0 0.0 0.0; 0.0 0.04152613370361893 -0.0014154371646432034 -0.001415156905790642; 0.0 -0.0014154371646436664 0.04153128222493981 -0.0014152743679075334; 0.0 -0.001415156905790391 -0.001415274367908941 0.041530514423101406],[-0.07523891094473951 0.0 0.0 0.0; 0.0 -0.03651171180511539 0.003548396415699584 0.003547181687947691; 0.0 0.0035483964156990187 -0.03652573389728518 0.0035477051673436103; 0.0 0.0035471816879476654 0.0035477051673438627 -0.036523629607292954],0.3
