L,J,Q,θ,ϕx,ϕy,ϕz,ndims,T,χ,dχdlogT,Λ
17,0.0,0.6180339887498949,0.4487989505128276,1.5158078287217425,4.901191387130327,2.9168282193752284,3,2.043359717856942,[0.11127257108624865 0.0 0.0 0.0; 0.0 0.054901995936451994 -0.0031186795984370253 -0.0031186795984370313; 0.0 -0.00311867959843703 0.05490199593645189 -0.0031186795984370313; 0.0 -0.0031186795984370374 -0.0031186795984370296 0.054901995936452064],[-0.09408425366461981 0.0 0.0 0.0; 0.0 -0.04541961692504149 0.007114110414410986 0.00711411041441097; 0.0 0.007114110414410991 -0.045419616925041706 0.007114110414410994; 0.0 0.0071141104144109716 0.007114110414410989 -0.04541961692504158],0.3
