L,J,Q,θ,ϕx,ϕy,ϕz,ndims,T,χ,dχdlogT,Λ
17,4.0,0.6180339887498949,0.4487989505128276,3.2506503860507765,6.246303904614146,0.8058848358978701,3,0.06210169418915616,[0.3016655028917854 0.0 0.0 0.0; 0.0 0.04790265599031323 -0.002819725472015232 -0.003187762536809099; 0.0 -0.0028197254720150784 0.04891483881903432 -0.0034372266630249594; 0.0 -0.003187762536809884 -0.0034372266630266633 0.048966375877077986],[-0.056149215399595755 0.0 0.0 0.0; 0.0 -0.0005693748744165835 -2.5465742440567668e-5 0.00013018561683684826; 0.0 -2.546574244057238e-5 -0.0008318107556759666 0.00023826816766329612; 0.0 0.00013018561683688374 0.0002382681676632666 -0.0007060937940895878],0.3
