L,J,Q,θ,ϕx,ϕy,ϕz,ndims,T,χ,dχdlogT,Λ
17,0.1,0.6180339887498949,0.4487989505128276,0.0,0.0,0.0,3,0.006723357536499335,[0.9832563472685669 0.0 0.0 0.0; 0.0 0.3498463803997435 -0.12523302796067823 -0.1256168999857411; 0.0 -0.12523302796066244 0.3508874277485211 -0.12649968713195656; 0.0 -0.12561689998574052 -0.12649968713194498 0.3509303251899225],[-0.14068597542494587 0.0 0.0 0.0; 0.0 -0.026377832964665948 0.01160556169423914 0.011962244527998113; 0.0 0.011605561694239075 -0.02803608006257928 0.013177311552286413; 0.0 0.011962244527998237 0.013177311552286347 -0.027651071883050767],0.3
