L,J,Q,θ,ϕx,ϕy,ϕz,ndims,T,χ,dχdlogT,Λ
17,0.7,0.6180339887498949,0.4487989505128276,0.975433469066235,2.1003823359897447,5.9587063662815645,3,5.298316906283709,[0.04629186878674507 0.0 0.0 0.0; 0.0 0.02303245280897638 -0.0002556327292340127 -0.0002556566295343304; 0.0 -0.0002556327292342637 0.023034332198357526 -0.0002556579896347206; 0.0 -0.00025565662953361447 -0.00025565798963479323 0.02303271085330701],[-0.04459950803403234 0.0 0.0 0.0; 0.0 -0.02197665224475271 0.0007222146219311027 0.0007223281804161484; 0.0 0.0007222146219312002 -0.021982111697268252 0.0007223352777042096; 0.0 0.0007223281804165802 0.0007223352777045423 -0.021977395489255487],0.3
