L,J,Q,θ,ϕx,ϕy,ϕz,ndims,T,χ,dχdlogT,Λ
17,1.0,0.6180339887498949,0.4487989505128276,2.2750170878289144,4.006470792403746,0.8682898873624744,3,2.807216203941177,[0.08322147945495557 0.0 0.0 0.0; 0.0 0.040705023859604755 -0.0013625403170939253 -0.0013626905759323122; 0.0 -0.0013625403170945646 0.04070309382631118 -0.0013631761579389137; 0.0 -0.0013626905759321218 -0.0013631761579371662 0.040693740998093995],[-0.07345072071596742 0.0 0.0 0.0; 0.0 -0.03440012150362899 0.0033275594127489512 0.003328242134941368; 0.0 0.0033275594127509635 -0.034395038639027875 0.003330221563111159; 0.0 0.0033282421349420587 0.0033302215631089978 -0.034370612664954954],0.3
