L,J,Q,θ,ϕx,ϕy,ϕz,ndims,T,χ,dχdlogT,Λ
17,0.0,0.6180339887498949,0.4487989505128276,4.571891130660917,3.9650079737185084,3.712601445936258,3,0.16102620275609392,[0.4477592087665448 0.0 0.0 0.0; 0.0 0.2050776306455327 -0.06104401282024209 -0.06100029710942257; 0.0 -0.06104401282024209 0.20507441226275108 -0.0610299404336925; 0.0 -0.0610002971094226 -0.06102994043369252 0.20507760472495376],[-0.14290682185501838 0.0 0.0 0.0; 0.0 -0.059848701628644474 0.029510765668743933 0.029301318065599297; 0.0 0.02951076566874392 -0.059862393318338314 0.029440293829445553; 0.0 0.029301318065599286 0.029440293829445553 -0.059830559249581375],0.3
