L,J,Q,θ,ϕx,ϕy,ϕz,ndims,T,χ,dχdlogT,Λ
17,2.8,0.6180339887498949,0.4487989505128276,0.0,0.0,0.0,3,0.001,[0.6888628096499928 0.0 0.0 0.0; 0.0 0.06539448869281674 -0.00663498930685088 -0.006628845675337124; 0.0 -0.006634989306850197 0.06726847176338194 -0.005852161922175016; 0.0 -0.006628845675335139 -0.005852161922173718 0.06660857267173716],[-0.05039559542970512 0.0 0.0 0.0; 0.0 3.244433379841322e-5 -5.933036698122279e-5 -6.639918976055553e-5; 0.0 -5.933036698122231e-5 -0.0001133997852487483 -1.0993811479680264e-5; 0.0 -6.6399189760553e-5 -1.099381147968014e-5 -1.0449801971570143e-6],0.3
