L,J,Q,θ,ϕx,ϕy,ϕz,ndims,T,χ,dχdlogT,Λ
17,0.0,0.6180339887498949,0.4487989505128276,0.7302732427812232,5.37220361778202,0.10690750510233056,3,2.807216203941177,[0.08426211455739624 0.0 0.0 0.0; 0.0 0.04178297068679638 -0.0014475416635621212 -0.001447541663562114; 0.0 -0.0014475416635621229 0.04178297068679648 -0.0014475416635621277; 0.0 -0.0014475416635621168 -0.0014475416635621277 0.041782970686796476],[-0.07604820765687398 0.0 0.0 0.0; 0.0 -0.037160320297202 0.003677336241747874 0.0036773362417478594; 0.0 0.0036773362417478763 -0.03716032029720198 0.0036773362417478715; 0.0 0.003677336241747861 0.0036773362417478785 -0.03716032029720186],0.3
