L,J,Q,θ,ϕx,ϕy,ϕz,ndims,T,χ,dχdlogT,Λ
17,1.4,0.6180339887498949,0.4487989505128276,5.572737511802221,5.611028785571096,4.947555202131609,3,0.06210169418915616,[0.49126585896032265 0.0 0.0 0.0; 0.0 0.1124319572694245 -0.019920539116725883 -0.020731044700879945; 0.0 -0.01992053911672282 0.11305481894770036 -0.020628982997667224; 0.0 -0.02073104470088167 -0.020628982997668938 0.11362234906942024],[-0.11246255080920993 0.0 0.0 0.0; 0.0 -0.0016300361342892653 0.00015889897537336542 0.00026616791861405807; 0.0 0.00015889897537331226 -0.0017645591975010539 0.0002468020758807053; 0.0 0.00026616791861401335 0.00024680207588073715 -0.0016914223662195887],0.3
