L,J,Q,θ,ϕx,ϕy,ϕz,ndims,T,χ,dχdlogT,Λ
17,1.5,0.6180339887498949,0.4487989505128276,5.572737511802221,5.611028785571096,4.947555202131609,3,0.002592943797404667,[0.7757706127924578 0.0 0.0 0.0; 0.0 0.10455300970821083 -0.01682510289959282 -0.016690265283103228; 0.0 -0.016825102899597252 0.10474560238421064 -0.01670677743083359; 0.0 -0.016690265283107474 -0.016706777430829652 0.10562968046069068],[-0.06932513893209111 0.0 0.0 0.0; 0.0 -0.00014595602666582326 -0.00011598046288444555 -0.00019414513936531972; 0.0 -0.00011598046288444625 -0.00016226130332076762 -0.000176889503854722; 0.0 -0.0001941451393653088 -0.00017688950385473263 -0.0002533143025315174],0.3
