L,J,Q,θ,ϕx,ϕy,ϕz,ndims,T,χ,dχdlogT,Λ
17,1.0,0.6180339887498949,0.4487989505128276,5.572737511802221,5.611028785571096,4.947555202131609,3,0.7880462815669912,[0.21015803363087768 0.0 0.0 0.0; 0.0 0.09256970746047329 -0.01249080214379133 -0.012524627162680687; 0.0 -0.012490802143792272 0.09251896308738243 -0.012517099804018607; 0.0 -0.012524627162687832 -0.012517099804017884 0.09234468874836296],[-0.1191791408718094 0.0 0.0 0.0; 0.0 -0.0400448600666804 0.013137867240158281 0.013229645737441797; 0.0 0.013137867240155698 -0.039985391312363304 0.013204593828972652; 0.0 0.013229645737438074 0.013204593828974178 -0.039760831775898675],0.3
