L,J,Q,θ,ϕx,ϕy,ϕz,ndims,T,χ,dχdlogT,Λ
17,2.5,0.6180339887498949,0.4487989505128276,0.0,0.0,0.0,3,0.0013738237958832624,[0.7114860021299099 0.0 0.0 0.0; 0.0 0.07434465580538928 -0.00816004297127422 -0.007550422492096387; 0.0 -0.00816004297127623 0.07344225644795849 -0.007526513568734242; 0.0 -0.007550422492097966 -0.007526513568735127 0.07473190617289953],[-0.06963961495491668 0.0 0.0 0.0; 0.0 -0.00027647014631605206 -8.058258825832113e-5 -8.277529856864385e-5; 0.0 -8.058258825832125e-5 -6.261569829613538e-6 -7.171135872649764e-6; 0.0 -8.27752985686434e-5 -7.1711358726498635e-6 -8.411402685037765e-5],0.3
