L,J,Q,θ,ϕx,ϕy,ϕz,ndims,T,χ,dχdlogT,Λ
17,4.0,0.6180339887498949,0.4487989505128276,0.975433469066235,2.1003823359897447,5.9587063662815645,3,7.27895384398315,[0.03288453632621406 0.0 0.0 0.0; 0.0 0.01584949262168988 -8.771182724295583e-5 -8.761029731391101e-5; 0.0 -8.771182724289811e-5 0.015860077503152156 -8.750288678933453e-5; 0.0 -8.76102973141099e-5 -8.750288678929043e-5 0.015854283760097006],[-0.03027980976678174 0.0 0.0 0.0; 0.0 -0.013540641831813817 0.00022975170449776974 0.0002293401064796493; 0.0 0.00022975170449792868 -0.013568406776508767 0.00022881600064068581; 0.0 0.00022934010647987857 0.000228816000640642 -0.013553518102836098],0.3
