L,J,Q,θ,ϕx,ϕy,ϕz,ndims,T,χ,dχdlogT,Λ
17,0.5,0.6180339887498949,0.4487989505128276,5.572737511802221,5.611028785571096,4.947555202131609,3,2.043359717856942,[0.11033677636757899 0.0 0.0 0.0; 0.0 0.0541197788974552 -0.002977360493221887 -0.002977373169745335; 0.0 -0.002977360493222559 0.054120258481219645 -0.0029760923161378564; 0.0 -0.002977373169746647 -0.002976092316137006 0.05411556376244116],[-0.09202274718210608 0.0 0.0 0.0; 0.0 -0.043607105528842435 0.0066135108018566206 0.006614763108645636; 0.0 0.00661351080185689 -0.0436086786051403 0.0066105987949154656; 0.0 0.006614763108644202 0.006610598794914326 -0.04359639240733102],0.3
