L,J,Q,θ,ϕx,ϕy,ϕz,ndims,T,χ,dχdlogT,Λ
17,0.7,0.6180339887498949,0.4487989505128276,0.0,0.0,0.0,3,0.01268961003167922,[0.7710043007328085 0.0 0.0 0.0; 0.0 0.17582469899023823 -0.0439487063621317 -0.04354125335027494; 0.0 -0.04394870636213534 0.1744994483753033 -0.04306532123376077; 0.0 -0.04354125335025723 -0.04306532123376745 0.1740280003576663],[-0.1381268314307153 0.0 0.0 0.0; 0.0 -0.0013157573889502905 -0.0005870769905802004 -0.0005321224527580794; 0.0 -0.0005870769905802188 -0.0011765678615399048 -0.0004211953535693048; 0.0 -0.0005321224527580866 -0.0004211953535693021 -0.0010956958612116001],0.3
