L,J,Q,θ,ϕx,ϕy,ϕz,ndims,T,χ,dχdlogT,Λ
17,2.0,0.6180339887498949,0.4487989505128276,4.456599043704854,2.9805378224675785,3.682840390565854,3,7.27895384398315,[0.03372414847530436 0.0 0.0 0.0; 0.0 0.016676987208829 -9.902253116832223e-5 -9.897043101080453e-5; 0.0 -9.902253116869365e-5 0.016683167772896693 -9.896102842865292e-5; 0.0 -9.897043101083467e-5 -9.896102842845735e-5 0.016682636443101657],[-0.032539772239035494 0.0 0.0 0.0; 0.0 -0.01573783581775517 0.0002804683574083059 0.00028022321659255603; 0.0 0.0002804683574083577 -0.015755471431794784 0.0002801793581835974; 0.0 0.0002802232165924832 0.0002801793581833829 -0.015754146301162883],0.3
