L,J,Q,θ,ϕx,ϕy,ϕz,ndims,T,χ,dχdlogT,Λ
17,0.2,0.6180339887498949,0.4487989505128276,0.7365435587447934,3.6243560658763303,4.167565752063626,3,1.4873521072935114,[0.1437471710410708 0.0 0.0 0.0; 0.0 0.07034552171391545 -0.006087399010225453 -0.006087507951658972; 0.0 -0.00608739901023094 0.07034570737949608 -0.00608790942363715; 0.0 -0.006087507951661176 -0.006087909423635582 0.07034635428009448],[-0.11085764838907711 0.0 0.0 0.0; 0.0 -0.052462762648409225 0.01190092388716636 0.011901331525955109; 0.0 0.011900923887165443 -0.052463241055652574 0.0119026970991104; 0.0 0.011901331525955986 0.011902697099111466 -0.05246491385175219],0.3
