L,J,Q,θ,ϕx,ϕy,ϕz,ndims,T,χ,dχdlogT,Λ
17,2.2,0.6180339887498949,0.4487989505128276,0.0,0.0,0.0,3,0.003562247890262444,[0.6955680826094802 0.0 0.0 0.0; 0.0 0.08247028987363514 -0.010287616240811998 -0.009590103710202436; 0.0 -0.010287616240810211 0.08283179697092251 -0.010825315731571614; 0.0 -0.009590103710201667 -0.010825315731572317 0.0834461914982584],[-0.08869748535665826 0.0 0.0 0.0; 0.0 -0.0002213925572432354 -0.00018819302412292812 -0.00019065379884925846; 0.0 -0.00018819302412293267 -0.00013703981589235467 -0.00011056809232441573; 0.0 -0.00019065379884926613 -0.00011056809232441514 -0.00017619562016948006],0.3
