L,J,Q,θ,ϕx,ϕy,ϕz,ndims,T,χ,dχdlogT,Λ
17,1.1,0.6180339887498949,0.4487989505128276,0.0,0.0,0.0,3,10.0,[0.024834452713332535 0.0 0.0 0.0; 0.0 0.012388652405721321 -4.033995126270468e-5 -4.0337365642721955e-5; 0.0 -4.033995126274643e-5 0.01238844786314382 -4.033704754646234e-5; 0.0 -4.033736564288685e-5 -4.0337047546883026e-5 0.012388598575582633],[-0.024509491067619127 0.0 0.0 0.0; 0.0 -0.012170417108506292 0.00011845160886924816 0.00011843899180833315; 0.0 0.00011845160886916747 -0.012169812900664028 0.00011843733799586347; 0.0 0.00011843899180867122 0.0001184373379956401 -0.012170263395718691],0.3
