L,J,Q,θ,ϕx,ϕy,ϕz,ndims,T,χ,dχdlogT,Λ
17,0.7,0.6180339887498949,0.4487989505128276,2.334957266572675,2.0640807455703567,3.4400352447763876,3,0.04520353656360243,[0.5966102071602382 0.0 0.0 0.0; 0.0 0.16966101217089827 -0.04548662911122647 -0.04544233108427947; 0.0 -0.045486629111219125 0.16942530590809157 -0.045311824021979044; 0.0 -0.04544233108428668 -0.04531182402198245 0.16878551584236415],[-0.13336017726528482 0.0 0.0 0.0; 0.0 -0.004004511797013906 0.001968777613484134 0.001964467904563954; 0.0 0.001968777613484364 -0.00394196442435526 0.0018806578200795327; 0.0 0.0019644679045640458 0.0018806578200797174 -0.0038870478414362005],0.3
