L,J,Q,θ,ϕx,ϕy,ϕz,ndims,T,χ,dχdlogT,Λ
17,4.0,0.6180339887498949,0.4487989505128276,1.3671401970101145,1.80299839676772,1.5291577654657318,3,5.298316906283709,[0.04374159340464187 0.0 0.0 0.0; 0.0 0.020531740680483822 -0.00019427567081784617 -0.000194553584674155; 0.0 -0.0001942756708177025 0.020575582865007252 -0.0001946987435218359; 0.0 -0.00019455358467412634 -0.00019469874352168661 0.020559962696747508],[-0.03807485020086414 0.0 0.0 0.0; 0.0 -0.01567612045585081 0.00046103658113735006 0.00046225463609398033; 0.0 0.00046103658113710264 -0.0157840719506598 0.00046281935531211166; 0.0 0.00046225463609376706 0.000462819355311939 -0.015757055546399064],0.3
