L,J,Q,θ,ϕx,ϕy,ϕz,ndims,T,χ,dχdlogT,Λ
17,0.2,0.6180339887498949,0.4487989505128276,1.3671401970101145,1.80299839676772,1.5291577654657318,3,0.003562247890262444,[0.964308510899313 0.0 0.0 0.0; 0.0 0.30076317469846836 -0.10849257544261197 -0.10883723450583399; 0.0 -0.10849257544261924 0.3010113986420195 -0.10967272392776113; 0.0 -0.10883723450581782 -0.10967272392774437 0.30141421871698626],[-0.1250337105494006 0.0 0.0 0.0; 0.0 -0.0034471556228791132 0.0019498962162974953 0.001504029069773928; 0.0 0.001949896216297471 -0.0027469112069431747 0.0007976352917772262; 0.0 0.0015040290697740154 0.000797635291777248 -0.002309695659656788],0.3
