L,J,Q,θ,ϕx,ϕy,ϕz,ndims,T,χ,dχdlogT,Λ
17,0.2,0.6180339887498949,0.4487989505128276,1.0093168362909395,0.33689438195597865,5.770913800445461,3,0.03290344562312668,[0.6340251419129943 0.0 0.0 0.0; 0.0 0.2568934863056445 -0.08142793124336428 -0.08395843607774967; 0.0 -0.08142793124334545 0.2577250806286264 -0.0848842083466396; 0.0 -0.08395843607774937 -0.0848842083466468 0.2604685896071609],[-0.085073057631011 0.0 0.0 0.0; 0.0 -0.017769340985818935 0.006825678722143239 0.009298832382626184; 0.0 0.006825678722142768 -0.018600103056331523 0.010241625729943419; 0.0 0.00929883238262764 0.010241625729941055 -0.02124463481899691],0.3
006211878796014024],0.3
