L,J,Q,θ,ϕx,ϕy,ϕz,ndims,T,χ,dχdlogT,Λ
17,1.9,0.6180339887498949,0.4487989505128276,0.0,0.0,0.0,3,0.5736152510448679,[0.22206089677961588 0.0 0.0 0.0; 0.0 0.07824395184442566 -0.009229065890832987 -0.009269921742337253; 0.0 -0.009229065890831513 0.0781621168970588 -0.0092644546334494; 0.0 -0.009269921742339666 -0.009264454633454837 0.07817077730220062],[-0.10011355131997952 0.0 0.0 0.0; 0.0 -0.014846704454396 0.004703622564008416 0.0047862620422669455; 0.0 0.004703622564006488 -0.014750977427831304 0.004754186676179299; 0.0 0.004786262042265251 0.004754186676180039 -0.014806846981516209],0.3
