L,J,Q,θ,ϕx,ϕy,ϕz,ndims,T,χ,dχdlogT,Λ
17,2.9,0.6180339887498949,0.4487989505128276,0.0,0.0,0.0,3,0.003562247890262444,[0.6309249814105578 0.0 0.0 0.0; 0.0 0.06548103044947862 -0.007071360880995146 -0.005429988608434873; 0.0 -0.0070713608809971715 0.06617158459815387 -0.0067716841268985915; 0.0 -0.005429988608434967 -0.006771684126898761 0.0664091780243215],[-0.09829901181575303 0.0 0.0 0.0; 0.0 1.037134561851909e-5 -1.3248336396764248e-5 -4.002602089704813e-6; 0.0 -1.3248336396764588e-5 -0.00011496897504426338 -0.0001062913997355304; 0.0 -4.002602089704828e-6 -0.00010629139973552798 -0.00019212705250554307],0.3
