L,J,Q,θ,ϕx,ϕy,ϕz,ndims,T,χ,dχdlogT,Λ
17,2.2,0.6180339887498949,0.4487989505128276,0.0,0.0,0.0,3,0.0013738237958832624,[0.8177907763295903 0.0 0.0 0.0; 0.0 0.08384266446030719 -0.010715464236436864 -0.010722380950604654; 0.0 -0.0107154642364354 0.08206584705719559 -0.010203026847034415; 0.0 -0.010722380950602706 -0.010203026847033916 0.08305786789871572],[-0.12214146859315554 0.0 0.0 0.0; 0.0 -4.531584083563945e-5 -0.0001567677136226551 -0.00012649671936713243; 0.0 -0.0001567677136226528 -0.00022964421070280062 -0.00016590980654554972; 0.0 -0.00012649671936713645 -0.0001659098065455593 -0.00019326724841389406],0.3
