L,J,Q,θ,ϕx,ϕy,ϕz,ndims,T,χ,dχdlogT,Λ
17,1.3,0.6180339887498949,0.4487989505128276,0.0,0.0,0.0,3,2.807216203941177,[0.08238150675519665 0.0 0.0 0.0; 0.0 0.03994525230508275 -0.001293728158310601 -0.0012917923309119764; 0.0 -0.0012937281583104076 0.039939575250351356 -0.001292433248973875; 0.0 -0.0012917923309128765 -0.001292433248974711 0.0399417583755229],[-0.07146550236462937 0.0 0.0 0.0; 0.0 -0.032575773563177916 0.0030615696339914285 0.003053473916899074; 0.0 0.003061569633990795 -0.03256351364188354 0.003055824919338908; 0.0 0.0030534739168997464 0.0030558249193387292 -0.0325681649664828],0.3
