L,J,Q,θ,ϕx,ϕy,ϕz,ndims,T,χ,dχdlogT,Λ
17,1.6,0.6180339887498949,0.4487989505128276,0.0,0.0,0.0,3,0.2212216291070449,[0.33381872239650795 0.0 0.0 0.0; 0.0 0.09760817081448976 -0.015125756711175525 -0.015441521095823014; 0.0 -0.015125756711169822 0.09657387563007433 -0.015340578686393143; 0.0 -0.015441521095832546 -0.015340578686392934 0.0969755334871783],[-0.10919639815915902 0.0 0.0 0.0; 0.0 -0.006932497920875518 0.0022004226459988456 0.0026041906982004694; 0.0 0.0022004226459982745 -0.006362609408947064 0.002390358252047666; 0.0 0.002604190698200883 0.0023903582520479437 -0.006858631966992994],0.3
