L,J,Q,θ,ϕx,ϕy,ϕz,ndims,T,χ,dχdlogT,Λ
17,0.7,0.6180339887498949,0.4487989505128276,0.0,0.0,0.0,3,0.2212216291070449,[0.3827891036331803 0.0 0.0 0.0; 0.0 0.14925670982190187 -0.03425965578429998 -0.0341731301227658; 0.0 -0.03425965578431035 0.1489175926629865 -0.034171592166874244; 0.0 -0.03417313012277068 -0.034171592166882196 0.14845358499935374],[-0.13355300709255918 0.0 0.0 0.0; 0.0 -0.027281818961097395 0.011777125649372115 0.011711230093827768; 0.0 0.011777125649368517 -0.027040575525131023 0.011583832228488722; 0.0 0.01171123009382135 0.011583832228490012 -0.026741584430862345],0.3
