L,J,Q,θ,ϕx,ϕy,ϕz,ndims,T,χ,dχdlogT,Λ
17,4.0,0.6180339887498949,0.4487989505128276,3.2506503860507765,6.246303904614146,0.8058848358978701,3,2.043359717856942,[0.0901039866241648 0.0 0.0 0.0; 0.0 0.035238521344865166 -0.0011182321891665885 -0.0011201457419779037; 0.0 -0.0011182321891663558 0.03539657699836633 -0.0011162188849827618; 0.0 -0.0011201457419782656 -0.0011162188849833479 0.035330634743318046],[-0.05689167663910221 0.0 0.0 0.0; 0.0 -0.012521272317771408 0.0013693580764491814 0.0013674043688081978; 0.0 0.0013693580764494527 -0.012830553816698422 0.0013704815350384606; 0.0 0.0013674043688086642 0.0013704815350382307 -0.012758950835386718],0.3
