L,J,Q,θ,ϕx,ϕy,ϕz,ndims,T,χ,dχdlogT,Λ
17,1.8,0.6180339887498949,0.4487989505128276,0.0,0.0,0.0,3,0.2212216291070449,[0.3249895908795074 0.0 0.0 0.0; 0.0 0.09085110629601585 -0.013266051225760503 -0.013101260253814771; 0.0 -0.013266051225762425 0.09096493472181845 -0.01350857737663471; 0.0 -0.013101260253813871 -0.013508577376636247 0.09069703229695454],[-0.10605990681074852 0.0 0.0 0.0; 0.0 -0.0059976649813498345 0.002004637186197912 0.0018421446893234347; 0.0 0.002004637186199393 -0.006063977844650055 0.0020764455992266758; 0.0 0.0018421446893232536 0.002076445599226025 -0.005754232402722133],0.3
