L,J,Q,θ,ϕx,ϕy,ϕz,ndims,T,χ,dχdlogT,Λ
17,0.9,0.6180339887498949,0.4487989505128276,1.0093168362909395,0.33689438195597865,5.770913800445461,3,2.043359717856942,[0.10915434035306823 0.0 0.0 0.0; 0.0 0.052841515352539475 -0.0028255346748236217 -0.0028238480021540117; 0.0 -0.0028255346748244847 0.052847264110121965 -0.002825183609669101; 0.0 -0.0028238480021549888 -0.002825183609667084 0.052834173892786905],[-0.0894132844518697 0.0 0.0 0.0; 0.0 -0.04064899736552977 0.006065756137873713 0.006060330248074982; 0.0 0.006065756137873145 -0.04066359920075541 0.00606649223172869; 0.0 0.0060603302480742765 0.006066492231728772 -0.04062971112809065],0.3
