L,J,Q,θ,ϕx,ϕy,ϕz,ndims,T,χ,dχdlogT,Λ
17,4.0,0.6180339887498949,0.4487989505128276,3.2506503860507765,6.246303904614146,0.8058848358978701,3,1.4873521072935114,[0.10865354659813607 0.0 0.0 0.0; 0.0 0.038681766543414264 -0.0015513971664100504 -0.0015516222364719205; 0.0 -0.0015513971664099374 0.03895206979400974 -0.0015519128761044688; 0.0 -0.0015516222364723134 -0.001551912876104508 0.03886740443155576],[-0.05963732249628578 0.0 0.0 0.0; 0.0 -0.009168321748677027 0.001315765864940985 0.0013075414200592347; 0.0 0.0013157658649411434 -0.009553958212287514 0.0013335989899637673; 0.0 0.001307541420059531 0.0013335989899637695 -0.009509946484115916],0.3
