L,J,Q,θ,ϕx,ϕy,ϕz,ndims,T,χ,dχdlogT,Λ
17,0.1,0.6180339887498949,0.4487989505128276,5.572737511802221,5.611028785571096,4.947555202131609,3,0.16102620275609392,[0.4424743509342281 0.0 0.0 0.0; 0.0 0.2030748971524409 -0.05762098033396905 -0.05785003517141472; 0.0 -0.057620980333979624 0.20321505570324064 -0.05797335952528017; 0.0 -0.05785003517142342 -0.05797335952527448 0.20351382518396233],[-0.13826391250410672 0.0 0.0 0.0; 0.0 -0.05630798123822337 0.026023948854440645 0.02647380890632424; 0.0 0.026023948854442393 -0.05654736097578156 0.026712173210001793; 0.0 0.026473808906316364 0.026712173210004356 -0.05702110909634781],0.3
