L,J,Q,θ,ϕx,ϕy,ϕz,ndims,T,χ,dχdlogT,Λ
17,2.0,0.6180339887498949,0.4487989505128276,1.3809604034735412,3.7302144483448822,2.4533353079360674,3,0.002592943797404667,[0.767714336621543 0.0 0.0 0.0; 0.0 0.0888817524768681 -0.01381796258953788 -0.012837768080532622; 0.0 -0.013817962589534659 0.08747917099041669 -0.0126197944808639; 0.0 -0.01283776808053296 -0.012619794480863953 0.08797401537431625],[-0.11414432655904633 0.0 0.0 0.0; 0.0 -8.549643549301339e-5 6.021718593847796e-5 1.3157237193287888e-5; 0.0 6.021718593848138e-5 -4.555420452976019e-5 3.5966620081312766e-6; 0.0 1.3157237193287446e-5 3.5966620081315443e-6 -4.842610708152603e-5],0.3
