L,J,Q,θ,ϕx,ϕy,ϕz,ndims,T,χ,dχdlogT,Λ
17,0.0,0.6180339887498949,0.4487989505128276,3.2506503860507765,6.246303904614146,0.8058848358978701,3,0.002592943797404667,[0.9754343392325507 0.0 0.0 0.0; 0.0 0.4207409978813399 -0.16705961646758224 -0.1700752109853108; 0.0 -0.16705961646758224 0.4251333915070128 -0.1747040753089423; 0.0 -0.17007521098531078 -0.17470407530894227 0.4284248655417347],[-0.10313528562885182 0.0 0.0 0.0; 0.0 -0.03514672639088957 0.01902560614896775 0.016125556458609434; 0.0 0.019025606148967745 -0.05046290960311306 0.03143999703187437; 0.0 0.016125556458609427 0.03143999703187435 -0.04757339019681663],0.3
