L,J,Q,θ,ϕx,ϕy,ϕz,ndims,T,χ,dχdlogT,Λ
17,0.7,0.6180339887498949,0.4487989505128276,4.571891130660917,3.9650079737185084,3.712601445936258,3,0.04520353656360243,[0.5985886574664758 0.0 0.0 0.0; 0.0 0.1687832335984843 -0.044948755933678315 -0.045423626676725; 0.0 -0.04494875593366922 0.16793871428544016 -0.04502766258497975; 0.0 -0.045423626676731624 -0.04502766258499657 0.16937039109546648],[-0.1351950991790482 0.0 0.0 0.0; 0.0 -0.003918066304372682 0.0018272800734154577 0.0020058011315371997; 0.0 0.0018272800734155368 -0.00375127286999191 0.0019152620784705738; 0.0 0.0020058011315366793 0.0019152620784708583 -0.004042955385610316],0.3
