L,J,Q,θ,ϕx,ϕy,ϕz,ndims,T,χ,dχdlogT,Λ
17,0.2,0.6180339887498949,0.4487989505128276,1.58613121749902,6.272471583936918,1.2663383650493674,3,0.2212216291070449,[0.4007901035476143 0.0 0.0 0.0; 0.0 0.18157982453945673 -0.04975353439197788 -0.04975197047244902; 0.0 -0.04975353439197395 0.18172840313769917 -0.049798039220864385; 0.0 -0.04975197047245957 -0.04979803922087409 0.18168560612220683],[-0.1419433511616405 0.0 0.0 0.0; 0.0 -0.05504292543920092 0.02660591565855562 0.026621218106398108; 0.0 0.026605915658557418 -0.05523938464874812 0.026688934189210364; 0.0 0.02662121810640208 0.026688934189205784 -0.055197559677001226],0.3
