L,J,Q,θ,ϕx,ϕy,ϕz,ndims,T,χ,dχdlogT,Λ
17,0.5,0.6180339887498949,0.4487989505128276,5.572737511802221,5.611028785571096,4.947555202131609,3,0.5736152510448679,[0.2604078752727423 0.0 0.0 0.0; 0.0 0.11996747093708966 -0.021730688452627746 -0.02174727261392956; 0.0 -0.021730688452629585 0.11999199017690099 -0.021713147972954556; 0.0 -0.021747272613927022 -0.021713147972950535 0.11987751581392221],[-0.13416312606919806 0.0 0.0 0.0; 0.0 -0.05302206308375301 0.02063367724836303 0.02066053735397786; 0.0 0.020633677248360474 -0.05305134234468997 0.020611577008450465; 0.0 0.020660537353975435 0.020611577008445656 -0.05288603859966906],0.3
