L,J,Q,θ,ϕx,ϕy,ϕz,ndims,T,χ,dχdlogT,Λ
17,0.7,0.6180339887498949,0.4487989505128276,1.0093168362909395,0.33689438195597865,5.770913800445461,3,0.02395026619987486,[0.6538509727004302 0.0 0.0 0.0; 0.0 0.17401864047119792 -0.04362791284706024 -0.04389233362522691; 0.0 -0.0436279128470488 0.17356165372939047 -0.043885714903451445; 0.0 -0.043892333625225745 -0.0438857149034445 0.17372277320662055],[-0.10240640545393458 0.0 0.0 0.0; 0.0 -0.0017190874120755221 2.6890411904454906e-5 -3.3901797815469177e-6; 0.0 2.689041190443938e-5 -0.0018793088977993601 7.855469174077835e-5; 0.0 -3.390179781541739e-6 7.855469174077872e-5 -0.0017811719458089713],0.3
