L,J,Q,θ,ϕx,ϕy,ϕz,ndims,T,χ,dχdlogT,Λ
17,0.7,0.6180339887498949,0.4487989505128276,0.7233906048363254,1.6829337341980497,0.2497552779680679,3,10.0,[0.024861888049748378 0.0 0.0 0.0; 0.0 0.012413140918242688 -4.057363490204655e-5 -4.0574781190100754e-5; 0.0 -4.057363490207924e-5 0.012413408892765036 -4.057451929470024e-5; 0.0 -4.0574781190521824e-5 -4.05745192951872e-5 0.012413206035273587],[-0.024590009985459862 0.0 0.0 0.0; 0.0 -0.012242420317216302 0.0001195931583412512 0.00011959879664242072; 0.0 0.00011959315834135631 -0.012243217858725003 0.00011959751564681545; 0.0 0.00011959879664223074 0.0001195975156466669 -0.01224261391966349],0.3
