L,J,Q,θ,ϕx,ϕy,ϕz,ndims,T,χ,dχdlogT,Λ
17,1.0,0.6180339887498949,0.4487989505128276,0.975433469066235,2.1003823359897447,5.9587063662815645,3,0.16102620275609392,[0.4097179993574098 0.0 0.0 0.0; 0.0 0.1319003453152882 -0.028764249607105438 -0.028971553359714904; 0.0 -0.02876424960710275 0.13077757939590737 -0.0286101384917931; 0.0 -0.028971553359712354 -0.028610138491796312 0.13182307920312958],[-0.12680630751810995 0.0 0.0 0.0; 0.0 -0.010931576319365815 0.004930102790914923 0.005123403613393835; 0.0 0.004930102790915596 -0.010268904216838336 0.004732066513723307; 0.0 0.005123403613391658 0.00473206651372156 -0.010704166838339082],0.3
