L,J,Q,θ,ϕx,ϕy,ϕz,ndims,T,χ,dχdlogT,Λ
17,1.0,0.6180339887498949,0.4487989505128276,3.6540229264158075,2.230154543646478,5.566754032719168,3,0.16102620275609392,[0.40990161879747516 0.0 0.0 0.0; 0.0 0.1320607859149047 -0.028815721910503522 -0.029104619666306314; 0.0 -0.02881572191050222 0.1321348955133174 -0.02939292799685583; 0.0 -0.02910461966632237 -0.029392927996855313 0.13328197813330808],[-0.12647328036508654 0.0 0.0 0.0; 0.0 -0.010652469340321633 0.004877937881561953 0.0049742359129410565; 0.0 0.004877937881560618 -0.01074119706267685 0.005200574883769399; 0.0 0.004974235912940874 0.005200574883769857 -0.011108241873624563],0.3
