L,J,Q,θ,ϕx,ϕy,ϕz,ndims,T,χ,dχdlogT,Λ
17,1.9,0.6180339887498949,0.4487989505128276,0.0,0.0,0.0,3,0.0853167852417281,[0.4184873966944074 0.0 0.0 0.0; 0.0 0.09000382220725442 -0.013627435804284976 -0.01321146469305112; 0.0 -0.013627435804282268 0.08991570398736856 -0.013087999450726744; 0.0 -0.013211464693051466 -0.013087999450729325 0.09039039032500075],[-0.10380062605521656 0.0 0.0 0.0; 0.0 -0.0015055342895397932 0.00041425217391441433 0.0004138116028365206; 0.0 0.00041425217391456167 -0.0015912859918399244 0.0003663894755953098; 0.0 0.00041381160283650943 0.000366389475595396 -0.0014784970098601037],0.3
