L,J,Q,θ,ϕx,ϕy,ϕz,ndims,T,χ,dχdlogT,Λ
17,1.0,0.6180339887498949,0.4487989505128276,5.572737511802221,5.611028785571096,4.947555202131609,3,0.11721022975334802,[0.4456420595370411 0.0 0.0 0.0; 0.0 0.1357315503884055 -0.02861604763698207 -0.028861346291266365; 0.0 -0.028616047636985106 0.13481703376767537 -0.028507217340838085; 0.0 -0.028861346291275874 -0.028507217340841162 0.13580443842301393],[-0.12323080615886514 0.0 0.0 0.0; 0.0 -0.007769942237885267 0.002744621192916893 0.0026727694546875742; 0.0 0.0027446211929169737 -0.007418970635927738 0.002479612183808399; 0.0 0.002672769454687828 0.0024796121838077784 -0.007495060606942214],0.3
