L,J,Q,θ,ϕx,ϕy,ϕz,ndims,T,χ,dχdlogT,Λ
17,0.9,0.6180339887498949,0.4487989505128276,0.0,0.0,0.0,3,0.017433288221999882,[0.6991469449889497 0.0 0.0 0.0; 0.0 0.14940504786319542 -0.03325950021345264 -0.03309671083813313; 0.0 -0.03325950021344798 0.1507179844075019 -0.0342738001092446; 0.0 -0.03309671083813462 -0.03427380010925254 0.15005502768741005],[-0.12776188221366402 0.0 0.0 0.0; 0.0 -0.0010030408549246757 -0.0003765098314741712 -0.00046261194950808834; 0.0 -0.0003765098314741562 -0.0010517985627047782 -0.00038811646663046944; 0.0 -0.00046261194950803755 -0.00038811646663052056 -0.000977834586327202],0.3
