L,J,Q,θ,ϕx,ϕy,ϕz,ndims,T,χ,dχdlogT,Λ
17,2.8,0.6180339887498949,0.4487989505128276,0.0,0.0,0.0,3,1.0826367338740543,[0.1460936072816912 0.0 0.0 0.0; 0.0 0.054163255041345955 -0.0037000328312492762 -0.00362810624068894; 0.0 -0.0037000328312476777 0.053781274890150735 -0.0036470393658707056; 0.0 -0.0036281062406893294 -0.0036470393658721355 0.05427821352507695],[-0.07908286272839328 0.0 0.0 0.0; 0.0 -0.014552228205100532 0.0031476196990472944 0.0030060990893111426; 0.0 0.0031476196990484332 -0.014117614248975336 0.0030328263556032267; 0.0 0.003006099089312477 0.003032826355602915 -0.014597896573633046],0.3
