L,J,Q,θ,ϕx,ϕy,ϕz,ndims,T,χ,dχdlogT,Λ
17,2.3,0.6180339887498949,0.4487989505128276,5.572737511802221,5.611028785571096,4.947555202131609,3,0.006723357536499335,[0.5988541124776556 0.0 0.0 0.0; 0.0 0.07869797314668905 -0.009732529195985619 -0.00913904853981298; 0.0 -0.009732529195983218 0.07897086618922197 -0.009456548868092099; 0.0 -0.009139048539814648 -0.00945654886809454 0.07958162097101712],[-0.0742715226841095 0.0 0.0 0.0; 0.0 -0.00022538392098782556 -0.00010766480756994843 -0.0001703516914445304; 0.0 -0.00010766480756994691 -2.5177838938815817e-5 -8.875109289426527e-5; 0.0 -0.0001703516914445271 -8.87510928942735e-5 -0.00017085821952520696],0.3
