L,J,Q,θ,ϕx,ϕy,ϕz,ndims,T,χ,dχdlogT,Λ
17,2.0,0.6180339887498949,0.4487989505128276,3.6540229264158075,2.230154543646478,5.566754032719168,3,0.002592943797404667,[0.7635068196650935 0.0 0.0 0.0; 0.0 0.08832625678839354 -0.013108881308627333 -0.013382908031998203; 0.0 -0.01310888130862855 0.08849076544776845 -0.013532745395865678; 0.0 -0.013382908031995178 -0.0135327453958653 0.08795651810467423],[-0.09233049435117933 0.0 0.0 0.0; 0.0 2.7015358379056944e-6 -2.506783545383095e-5 -3.5331888844157016e-6; 0.0 -2.5067835453831186e-5 3.588362913379755e-5 -1.164623060520979e-5; 0.0 -3.53318888441569e-6 -1.1646230605209519e-5 4.25142019641796e-5],0.3
