L,J,Q,θ,ϕx,ϕy,ϕz,ndims,T,χ,dχdlogT,Λ
17,0.2,0.6180339887498949,0.4487989505128276,2.2750170878289144,4.006470792403746,0.8682898873624744,3,7.27895384398315,[0.03402725590168636 0.0 0.0 0.0; 0.0 0.016986455715797787 -0.00010332350358264111 -0.00010332341022405408; 0.0 -0.00010332350358279177 0.01698642384097243 -0.0001033231260562528; 0.0 -0.00010332341022443186 -0.00010332312605613652 0.016986438053168372],[-0.03340783922849832 0.0 0.0 0.0; 0.0 -0.016625059437099455 0.0003009689966383968 0.0003009685436951995; 0.0 0.00030096899663802675 -0.016624964928182766 0.0003009671531803584; 0.0 0.0003009685436956891 0.00030096715318066804 -0.01662500707577456],0.3
