L,J,Q,θ,ϕx,ϕy,ϕz,ndims,T,χ,dχdlogT,Λ
17,0.2,0.6180339887498949,0.4487989505128276,4.571891130660917,3.9650079737185084,3.712601445936258,3,2.807216203941177,[0.08421713144243599 0.0 0.0 0.0; 0.0 0.04173576717432076 -0.001443793279029046 -0.0014438170157322664; 0.0 -0.001443793279027949 0.041736406810027445 -0.0014438196727039009; 0.0 -0.001443817015730568 -0.0014438196727040201 0.041735558505225465],[-0.07593337404476255 0.0 0.0 0.0; 0.0 -0.03703589028840049 0.0036615581851043915 0.003661663341929736; 0.0 0.0036615581851050577 -0.037037655286292395 0.0036616749398524066; 0.0 0.0036616633419299326 0.0036616749398515227 -0.03703533995685491],0.3
