L,J,Q,θ,ϕx,ϕy,ϕz,ndims,T,χ,dχdlogT,Λ
17,4.0,0.6180339887498949,0.4487989505128276,1.985927615047579,6.231216029106446,1.9734735852915235,3,7.27895384398315,[0.03288273437850012 0.0 0.0 0.0; 0.0 0.015850856807429557 -8.768005876921244e-5 -8.76466079047862e-5; 0.0 -8.768005876916399e-5 0.015860778960556692 -8.767068341719975e-5; 0.0 -8.764660790471933e-5 -8.767068341712823e-5 0.01585835966745413],[-0.03027905362095942 0.0 0.0 0.0; 0.0 -0.01355053348933346 0.00022969249958046725 0.0002295917809996815; 0.0 0.0002296924995804518 -0.013574319902843142 0.00022965720429037257; 0.0 0.0002295917809998884 0.00022965720429041618 -0.013569070917712416],0.3
