L,J,Q,θ,ϕx,ϕy,ϕz,ndims,T,χ,dχdlogT,Λ
17,2.0,0.6180339887498949,0.4487989505128276,1.985927615047579,6.231216029106446,1.9734735852915235,3,0.7880462815669912,[0.188982245391764 0.0 0.0 0.0; 0.0 0.07070407913842215 -0.007335164894829377 -0.007320769717682067; 0.0 -0.007335164894828211 0.07115299418373688 -0.007310528665245088; 0.0 -0.0073207697176849405 -0.00731052866524505 0.07093362723358149],[-0.09700040932220201 0.0 0.0 0.0; 0.0 -0.018434538036440316 0.005506593111961071 0.005477438990393964; 0.0 0.0055065931119585 -0.018741804299745687 0.005463203287133206; 0.0 0.005477438990392511 0.005463203287132066 -0.018695376667371942],0.3
