L,J,Q,θ,ϕx,ϕy,ϕz,ndims,T,χ,dχdlogT,Λ
17,2.2,0.6180339887498949,0.4487989505128276,0.0,0.0,0.0,3,0.0018873918221350976,[0.7406876912407996 0.0 0.0 0.0; 0.0 0.08101797444458074 -0.010204242513724584 -0.010028765161652665; 0.0 -0.010204242513724749 0.08130095579045826 -0.009958112883758075; 0.0 -0.01002876516164912 -0.009958112883759054 0.08092334796728855],[-0.08997351371132113 0.0 0.0 0.0; 0.0 -8.343191229653102e-5 -3.2039229514947354e-5 -0.00010148334655909628; 0.0 -3.203922951494845e-5 -2.822088983338664e-5 -4.2903968719747016e-5; 0.0 -0.00010148334655909809 -4.290396871974671e-5 -0.00030863372406082437],0.3
