L,J,Q,θ,ϕx,ϕy,ϕz,ndims,T,χ,dχdlogT,Λ
17,0.2,0.6180339887498949,0.4487989505128276,1.985927615047579,6.231216029106446,1.9734735852915235,3,0.03290344562312668,[0.6722826169333141 0.0 0.0 0.0; 0.0 0.27090330593568496 -0.093133096946391 -0.09484695383388107; 0.0 -0.09313309694639094 0.2693220749184155 -0.09288806483117877; 0.0 -0.09484695383385756 -0.09288806483118474 0.2706484867130734],[-0.14198587434536333 0.0 0.0 0.0; 0.0 -0.034785339451419026 0.016741606652469185 0.018055562816633824; 0.0 0.016741606652471503 -0.03302355647076357 0.016114868118188175; 0.0 0.018055562816636596 0.016114868118191503 -0.03414350982220294],0.3
