L,J,Q,θ,ϕx,ϕy,ϕz,ndims,T,χ,dχdlogT,Λ
17,2.0,0.6180339887498949,0.4487989505128276,5.777654552917204,2.2493788666760794,4.562467618004743,3,0.017433288221999882,[0.5590466722099221 0.0 0.0 0.0; 0.0 0.08596059380345437 -0.012325370990673705 -0.011895206374326527; 0.0 -0.012325370990676068 0.08571000014126466 -0.012911897643095784; 0.0 -0.01189520637433114 -0.012911897643096332 0.08573479849735059],[-0.09727575855722176 0.0 0.0 0.0; 0.0 -0.00012817079342187002 8.097035135394897e-5 3.9750399667447575e-6; 0.0 8.09703513539544e-5 -0.00018074396382380186 4.791619677985447e-5; 0.0 3.975039966741834e-6 4.791619677985565e-5 -0.00018315721898190879],0.3
