L,J,Q,θ,ϕx,ϕy,ϕz,ndims,T,χ,dχdlogT,Λ
17,2.6,0.6180339887498949,0.4487989505128276,5.572737511802221,5.611028785571096,4.947555202131609,3,0.004893900918477494,[0.5907779438845895 0.0 0.0 0.0; 0.0 0.07258596006770536 -0.00793273078295317 -0.007791200511025208; 0.0 -0.007932730782951626 0.07127612658519611 -0.007754941646097294; 0.0 -0.007791200511024742 -0.007754941646094797 0.0715837898896531],[-0.07802936644266495 0.0 0.0 0.0; 0.0 -0.0001871079531532542 -4.299251468504115e-5 -8.780816189949641e-5; 0.0 -4.2992514685036125e-5 -0.00014967535794737358 -4.4694680594457646e-5; 0.0 -8.78081618995032e-5 -4.469468059445677e-5 -0.00015029124450768175],0.3
