L,J,Q,θ,ϕx,ϕy,ϕz,ndims,T,χ,dχdlogT,Λ
17,0.6,0.6180339887498949,0.4487989505128276,5.572737511802221,5.611028785571096,4.947555202131609,3,0.001,[0.7816087575585646 0.0 0.0 0.0; 0.0 0.188327772133467 -0.04897246473274952 -0.049004254684188155; 0.0 -0.04897246473275952 0.18777859080103843 -0.04950920027701406; 0.0 -0.04900425468420122 -0.04950920027701843 0.18801447776281754],[-0.001905807797841592 0.0 0.0 0.0; 0.0 -8.123654194490152e-5 0.00011481112129732702 -3.059567364302764e-5; 0.0 0.00011481112129733101 -5.572762670351927e-5 -3.5398557768996506e-5; 0.0 -3.059567364302794e-5 -3.5398557768996885e-5 -8.606285795542707e-5],0.3
