L,J,Q,θ,ϕx,ϕy,ϕz,ndims,T,χ,dχdlogT,Λ
17,0.8,0.6180339887498949,0.4487989505128276,0.0,0.0,0.0,3,0.7880462815669912,[0.21386254523475184 0.0 0.0 0.0; 0.0 0.0969414184812686 -0.013699288206391198 -0.013703931523226503; 0.0 -0.01369928820639263 0.09688163783911234 -0.013683062405975359; 0.0 -0.013703931523225762 -0.013683062405973886 0.09689784118932152],[-0.12367269647958257 0.0 0.0 0.0; 0.0 -0.04589865321539633 0.015401060019295228 0.015413304845716633; 0.0 0.015401060019296907 -0.045801600013679354 0.015355353736857926; 0.0 0.015413304845709316 0.015355353736856378 -0.04582834272836836],0.3
