L,J,Q,θ,ϕx,ϕy,ϕz,ndims,T,χ,dχdlogT,Λ
17,4.0,0.6180339887498949,0.4487989505128276,1.985927615047579,6.231216029106446,1.9734735852915235,3,0.02395026619987486,[0.37885011421015974 0.0 0.0 0.0; 0.0 0.05167714570484997 -0.003980761808773201 -0.003342995662977177; 0.0 -0.003980761808774998 0.050790550418683404 -0.003445147870681042; 0.0 -0.0033429956629776572 -0.0034451478706798272 0.0506041239879747],[-0.07112725351336766 0.0 0.0 0.0; 0.0 -0.0008191079749723895 0.00017979410438451727 0.00012873611255353372; 0.0 0.00017979410438450052 -0.000663117554691656 -1.2993013413553823e-5; 0.0 0.00012873611255352602 -1.2993013413554216e-5 -0.000570144528735675],0.3
