L,J,Q,θ,ϕx,ϕy,ϕz,ndims,T,χ,dχdlogT,Λ
17,2.0,0.6180339887498949,0.4487989505128276,6.0932096011301455,2.6992127513822024,0.2863842222811503,3,0.01268961003167922,[0.6072676908677582 0.0 0.0 0.0; 0.0 0.08744836018018647 -0.012388214590158595 -0.013083631155466848; 0.0 -0.012388214590160328 0.08735972356132365 -0.014505317356669385; 0.0 -0.013083631155470534 -0.014505317356670018 0.09033223710919533],[-0.10328714034472813 0.0 0.0 0.0; 0.0 -5.655976390511828e-5 3.9416048583747414e-5 2.7574124891016976e-5; 0.0 3.9416048583747055e-5 -9.00647964022659e-5 1.3184585411214606e-5; 0.0 2.7574124891017352e-5 1.3184585411212397e-5 -8.425030441815169e-5],0.3
