L,J,Q,θ,ϕx,ϕy,ϕz,ndims,T,χ,dχdlogT,Λ
17,1.9,0.6180339887498949,0.4487989505128276,0.0,0.0,0.0,3,0.04520353656360243,[0.4766228922193144 0.0 0.0 0.0; 0.0 0.08898231277174506 -0.012466411607017213 -0.012914279628121144; 0.0 -0.012466411607012484 0.08938838711148138 -0.012867372451784397; 0.0 -0.012914279628121497 -0.012867372451783888 0.08882473183746212],[-0.09951811555345964 0.0 0.0 0.0; 0.0 -0.0005861215024718887 -2.1752031872704628e-5 -3.975859414922811e-5; 0.0 -2.175203187270138e-5 -0.0007582009011406542 3.6688945964473635e-5; 0.0 -3.975859414922938e-5 3.668894596448952e-5 -0.0004921947048615481],0.3
