L,J,Q,θ,ϕx,ϕy,ϕz,ndims,T,χ,dχdlogT,Λ
17,0.2,0.6180339887498949,0.4487989505128276,1.985927615047579,6.231216029106446,1.9734735852915235,3,0.009236708571873866,[0.8488512157645877 0.0 0.0 0.0; 0.0 0.3018247822864377 -0.10935503966520962 -0.10968662712486524; 0.0 -0.10935503966520109 0.30026981271963654 -0.10729481314388122; 0.0 -0.10968662712487846 -0.10729481314389155 0.29981799771517376],[-0.13482466822106648 0.0 0.0 0.0; 0.0 -0.012515083403347763 0.006419690445940355 0.0060990981055195365; 0.0 0.006419690445941045 -0.012530361195804595 0.006063062856468374; 0.0 0.006099098105520321 0.006063062856468426 -0.012129958835486596],0.3
