L,J,Q,θ,ϕx,ϕy,ϕz,ndims,T,χ,dχdlogT,Λ
17,0.2,0.6180339887498949,0.4487989505128276,5.572737511802221,5.611028785571096,4.947555202131609,3,0.006723357536499335,[0.698020083526006 0.0 0.0 0.0; 0.0 0.26599333328089475 -0.08427891458788898 -0.08890250858733917; 0.0 -0.08427891458789225 0.267711331381995 -0.09122575672193713; 0.0 -0.08890250858732698 -0.09122575672194311 0.2727269026818465],[-0.009346905817161183 0.0 0.0 0.0; 0.0 -0.001568721181480375 0.00014675610158752296 0.0008929608313091082; 0.0 0.0001467561015875327 -0.0012920583339475517 0.0011545939018935954; 0.0 0.0008929608313092156 0.0011545939018934898 -0.0020128738548235484],0.3
