L,J,Q,θ,ϕx,ϕy,ϕz,ndims,T,χ,dχdlogT,Λ
17,4.0,0.6180339887498949,0.4487989505128276,1.985927615047579,6.231216029106446,1.9734735852915235,3,0.5736152510448679,[0.1683802309544211 0.0 0.0 0.0; 0.0 0.04503661372688833 -0.0026502939846937386 -0.0025163349869679196; 0.0 -0.0026502939846935326 0.04476967161325164 -0.002608799715680932; 0.0 -0.002516334986968421 -0.0026087997156810485 0.045155013951303107],[-0.06272727379476703 0.0 0.0 0.0; 0.0 -0.003449579346947627 0.0007589144001157924 0.0006272170254802607; 0.0 0.0007589144001157031 -0.003386067401114786 0.0007440337025543898; 0.0 0.000627217025480523 0.0007440337025543352 -0.003658203434895747],0.3
