L,J,Q,θ,ϕx,ϕy,ϕz,ndims,T,χ,dχdlogT,Λ
17,1.4,0.6180339887498949,0.4487989505128276,0.0,0.0,0.0,3,10.0,[0.024811704936216903 0.0 0.0 0.0; 0.0 0.01236521307387159 -4.0160960427236474e-5 -4.016634412157914e-5; 0.0 -4.0160960427260896e-5 0.01236632115020655 -4.016203460884945e-5; 0.0 -4.016634412155384e-5 -4.016203460874599e-5 0.012365209228770657],[-0.024442875794148243 0.0 0.0 0.0; 0.0 -0.012101674640957294 0.00011757888046945084 0.00011760532738042465; 0.0 0.00011757888046937249 -0.012104940182367505 0.00011758411475795726; 0.0 0.00011760532738062598 0.00011758411475762958 -0.01210167482370529],0.3
