L,J,Q,θ,ϕx,ϕy,ϕz,ndims,T,χ,dχdlogT,Λ
17,0.7,0.6180339887498949,0.4487989505128276,5.777654552917204,2.2493788666760794,4.562467618004743,3,0.004893900918477494,[0.8962413454507879 0.0 0.0 0.0; 0.0 0.17388797120028093 -0.04729667765114519 -0.047617187257915305; 0.0 -0.047296677651139936 0.17322507297141182 -0.04692052475486612; 0.0 -0.04761718725792225 -0.04692052475486632 0.17272881395217138],[-0.1327656739879965 0.0 0.0 0.0; 0.0 0.00010518761472731969 -3.197342353528716e-5 -8.657553472141046e-5; 0.0 -3.197342353529048e-5 -6.538526853114319e-6 3.007406015193382e-5; 0.0 -8.657553472139591e-5 3.007406015193227e-5 6.955089684963142e-5],0.3
