L,J,Q,θ,ϕx,ϕy,ϕz,ndims,T,χ,dχdlogT,Λ
17,1.7,0.6180339887498949,0.4487989505128276,0.0,0.0,0.0,3,0.01268961003167922,[0.6344799668493262 0.0 0.0 0.0; 0.0 0.09794840857304997 -0.015040756813162567 -0.01566830069445703; 0.0 -0.01504075681316157 0.0976899092081083 -0.014437688340463762; 0.0 -0.01566830069445656 -0.014437688340461857 0.09853187469235591],[-0.1046222147063963 0.0 0.0 0.0; 0.0 -0.00027421531335586124 -0.00029459126738003513 -0.00019185553047781464; 0.0 -0.00029459126738002364 -0.0003033070272659022 -0.00013699857744349495; 0.0 -0.00019185553047782147 -0.00013699857744351067 -0.00026414039776588864],0.3
