L,J,Q,θ,ϕx,ϕy,ϕz,ndims,T,χ,dχdlogT,Λ
17,2.0,0.6180339887498949,0.4487989505128276,4.571891130660917,3.9650079737185084,3.712601445936258,3,0.16102620275609392,[0.34642523325308594 0.0 0.0 0.0; 0.0 0.0855105461339666 -0.012020585639722452 -0.012167353696141822; 0.0 -0.012020585639726062 0.08447535662674512 -0.01165172721766143; 0.0 -0.012167353696138774 -0.011651727217659516 0.08395739438464042],[-0.10067386985571779 0.0 0.0 0.0; 0.0 -0.0030475869481991183 0.0010839626114937104 0.0011278772929710229; 0.0 0.0010839626114936933 -0.0028702224315887604 0.0009506013207736957; 0.0 0.0011278772929710175 0.0009506013207738113 -0.0028633449939757727],0.3
