L,J,Q,θ,ϕx,ϕy,ϕz,ndims,T,χ,dχdlogT,Λ
17,1.5,0.6180339887498949,0.4487989505128276,5.572737511802221,5.611028785571096,4.947555202131609,3,0.0018873918221350976,[0.7862838004090259 0.0 0.0 0.0; 0.0 0.11046013529736531 -0.017954997431177334 -0.017970011680283168; 0.0 -0.017954997431183194 0.10934024072649456 -0.017841953074232027; 0.0 -0.017970011680282276 -0.017841953074231552 0.1096466227918666],[-0.04129181025659317 0.0 0.0 0.0; 0.0 -5.8883288044029816e-5 -0.0001321748118087839 -0.00012330037407599784; 0.0 -0.00013217481180879113 -6.489928786389764e-5 -0.00016067864623842736; 0.0 -0.00012330037407599497 -0.00016067864623841915 -0.00011307586017547082],0.3
