L,J,Q,θ,ϕx,ϕy,ϕz,ndims,T,χ,dχdlogT,Λ
17,1.7,0.6180339887498949,0.4487989505128276,0.0,0.0,0.0,3,7.27895384398315,[0.03379481428383147 0.0 0.0 0.0; 0.0 0.016761962840217956 -9.990121617200822e-5 -9.98878282497699e-5; 0.0 -9.990121617209696e-5 0.016761721333501345 -9.988811616309449e-5; 0.0 -9.988782824989762e-5 -9.988811616311604e-5 0.01676028289505341],[-0.03274055903664741 0.0 0.0 0.0; 0.0 -0.01597890819160795 0.0002846231034664097 0.00028455832555805943; 0.0 0.00028462310346603616 -0.01597819508171815 0.0002845616883158335; 0.0 0.0002845583255583144 0.00028456168831561985 -0.01597391696782006],0.3
