L,J,Q,θ,ϕx,ϕy,ϕz,ndims,T,χ,dχdlogT,Λ
17,0.0,0.6180339887498949,0.4487989505128276,0.5937049316544528,5.808174641350516,4.5042909023701085,3,0.017433288221999882,[0.7631777984707572 0.0 0.0 0.0; 0.0 0.34245559559489114 -0.1288945826927547 -0.13009281833901434; 0.0 -0.12889458269275475 0.3363292833968428 -0.124069485177633; 0.0 -0.13009281833901434 -0.12406948517763303 0.3379156367626492],[-0.13738832688981895 0.0 0.0 0.0; 0.0 -0.06544878697556804 0.03146740315132735 0.033927350408951125; 0.0 0.03146740315132735 -0.05604160647849016 0.02457603636504711; 0.0 0.033927350408951125 0.024576036365047117 -0.058487342941379326],0.3
