L,J,Q,θ,ϕx,ϕy,ϕz,ndims,T,χ,dχdlogT,Λ
17,4.0,0.6180339887498949,0.4487989505128276,3.6540229264158075,2.230154543646478,5.566754032719168,3,0.009236708571873866,[0.43160562606628244 0.0 0.0 0.0; 0.0 0.05151364185706134 -0.003766197345963115 -0.0036388356162938224; 0.0 -0.0037661973459638637 0.05112782726060636 -0.004044530653889168; 0.0 -0.003638835616294183 -0.004044530653890749 0.05145820391892734],[-0.06401332890741224 0.0 0.0 0.0; 0.0 -0.00025653239709848383 -0.00013443507574366952 2.9730124438148403e-6; 0.0 -0.0001344350757436871 -0.0002818740381538105 0.00013552640741087713; 0.0 2.973012443814303e-6 0.00013552640741086044 -0.0003550473159757129],0.3
