L,J,Q,θ,ϕx,ϕy,ϕz,ndims,T,χ,dχdlogT,Λ
17,0.7,0.6180339887498949,0.4487989505128276,0.7233906048363254,1.6829337341980497,0.2497552779680679,3,0.5736152510448679,[0.2578945736615808 0.0 0.0 0.0; 0.0 0.11422386261382877 -0.02039509250471906 -0.0204314308718132; 0.0 -0.02039509250471873 0.1145559641843356 -0.020444306935980195; 0.0 -0.02043143087182265 -0.02044430693597784 0.11430878495835087],[-0.13119370082635431 0.0 0.0 0.0; 0.0 -0.044858072125447464 0.017946391768556696 0.017989730570647598; 0.0 0.017946391768560853 -0.04534382122231672 0.01804453194935183; 0.0 0.0179897305706399 0.018044531949353158 -0.04499747750334338],0.3
