L,J,Q,θ,ϕx,ϕy,ϕz,ndims,T,χ,dχdlogT,Λ
17,0.3,0.6180339887498949,0.4487989505128276,0.0,0.0,0.0,3,0.002592943797404667,[1.115140496381198 0.0 0.0 0.0; 0.0 0.26202307843078815 -0.08151837179559453 -0.0806544371222377; 0.0 -0.08151837179559733 0.26198377674596923 -0.08124027052750639; 0.0 -0.08065443712223197 -0.08124027052751066 0.2621792511160017],[-0.17675808867143203 0.0 0.0 0.0; 0.0 -0.001792862034724417 -7.18715424514233e-5 -0.001235574739520022; 0.0 -7.187154245142504e-5 -0.0022968383489774917 -0.0006928271325712989; 0.0 -0.0012355747395199677 -0.0006928271325712443 -0.0018440413045676418],0.3
