L,J,Q,θ,ϕx,ϕy,ϕz,ndims,T,χ,dχdlogT,Λ
17,0.5,0.6180339887498949,0.4487989505128276,5.572737511802221,5.611028785571096,4.947555202131609,3,1.4873521072935114,[0.14217976998339865 0.0 0.0 0.0; 0.0 0.06901136228862559 -0.005737430863813206 -0.005736969964111538; 0.0 -0.005737430863813686 0.06900685302417903 -0.005738167266983313; 0.0 -0.005736969964114807 -0.0057381672669803135 0.06900073115368653],[-0.10790570382971269 0.0 0.0 0.0; 0.0 -0.04973468768632135 0.010858606690041493 0.01085971381030096; 0.0 0.010858606690037955 -0.04972363368493722 0.010864557019082186; 0.0 0.010859713810298712 0.010864557019086422 -0.04970971340591219],0.3
