L,J,Q,θ,ϕx,ϕy,ϕz,ndims,T,χ,dχdlogT,Λ
17,2.8,0.6180339887498949,0.4487989505128276,5.572737511802221,5.611028785571096,4.947555202131609,3,0.04520353656360243,[0.4014216821415837 0.0 0.0 0.0; 0.0 0.06647297800356385 -0.006741552524333048 -0.0063623740231579535; 0.0 -0.0067415525243332015 0.06623596610148615 -0.007017700960658952; 0.0 -0.006362374023158432 -0.007017700960659885 0.0663931823717571],[-0.0797186426808369 0.0 0.0 0.0; 0.0 -0.0008725881210494714 0.00011932073003146024 -3.2071276362908224e-5; 0.0 0.00011932073003147927 -0.0005396883506204118 0.00010926789683777043; 0.0 -3.2071276362910846e-5 0.00010926789683778807 -0.0007038626288802376],0.3
