L,J,Q,θ,ϕx,ϕy,ϕz,ndims,T,χ,dχdlogT,Λ
17,0.2,0.6180339887498949,0.4487989505128276,1.985927615047579,6.231216029106446,1.9734735852915235,3,0.003562247890262444,[0.9809277622688091 0.0 0.0 0.0; 0.0 0.30661752553608423 -0.11000946495415023 -0.11369944701894544; 0.0 -0.1100094649541651 0.3041852574793631 -0.11075635929858584; 0.0 -0.11369944701892712 -0.11075635929858443 0.3073327784294056],[-0.14400482232488507 0.0 0.0 0.0; 0.0 -0.0036538864531733416 0.0015879308072096299 0.002067210941567109; 0.0 0.0015879308072095438 -0.004365700967229644 0.002771777290275012; 0.0 0.002067210941566766 0.0027717772902752075 -0.00483672020311787],0.3
