L,J,Q,θ,ϕx,ϕy,ϕz,ndims,T,χ,dχdlogT,Λ
17,2.4,0.6180339887498949,0.4487989505128276,0.0,0.0,0.0,3,0.2212216291070449,[0.29518858435456746 0.0 0.0 0.0; 0.0 0.0736940851966547 -0.0086460266733673 -0.008450532437129185; 0.0 -0.00864602667336912 0.07451206321525007 -0.008481183008838052; 0.0 -0.008450532437131075 -0.008481183008838523 0.0739572481644411],[-0.0917052088528903 0.0 0.0 0.0; 0.0 -0.0036560843584573072 0.001033873532170513 0.0008869135095239911; 0.0 0.0010338735321700479 -0.003614549546547083 0.0010465670123991633; 0.0 0.0008869135095236835 0.001046567012398946 -0.0035021739878219],0.3
