L,J,Q,θ,ϕx,ϕy,ϕz,ndims,T,χ,dχdlogT,Λ
17,2.0,0.6180339887498949,0.4487989505128276,1.5158078287217425,4.901191387130327,2.9168282193752284,3,0.0018873918221350976,[0.780682289505876 0.0 0.0 0.0; 0.0 0.08747386763193511 -0.01266714532665925 -0.013256279488971094; 0.0 -0.012667145326658516 0.08690665184925826 -0.012988806038356141; 0.0 -0.013256279488970176 -0.012988806038355935 0.08730120182918827],[-0.07654187650397198 0.0 0.0 0.0; 0.0 2.711016113404724e-5 -3.702384645094317e-5 -2.341756770890908e-5; 0.0 -3.702384645094099e-5 7.51619792130879e-5 -1.776786983514358e-5; 0.0 -2.3417567708909572e-5 -1.7767869835142084e-5 7.677835589300756e-5],0.3
