L,J,Q,θ,ϕx,ϕy,ϕz,ndims,T,χ,dχdlogT,Λ
17,0.2,0.6180339887498949,0.4487989505128276,0.5937049316544528,5.808174641350516,4.5042909023701085,3,0.5736152510448679,[0.2660870278110976 0.0 0.0 0.0; 0.0 0.12618407788691946 -0.024530903093578492 -0.024536336434203488; 0.0 -0.024530903093582076 0.12615874061257587 -0.02452177446960055; 0.0 -0.02453633643421016 -0.02452177446959288 0.1261596550238979],[-0.13941594011893604 0.0 0.0 0.0; 0.0 -0.06093764618050072 0.025086615758300883 0.025097705867453662; 0.0 0.025086615758301258 -0.06089102175290107 0.025070048459995487; 0.0 0.025097705867447185 0.025070048459990106 -0.06089761279245107],0.3
