L,J,Q,θ,ϕx,ϕy,ϕz,ndims,T,χ,dχdlogT,Λ
17,0.9,0.6180339887498949,0.4487989505128276,5.572737511802221,5.611028785571096,4.947555202131609,3,1.4873521072935114,[0.13996627421093338 0.0 0.0 0.0; 0.0 0.0664901674680026 -0.005303623462513055 -0.005310592362328334; 0.0 -0.005303623462513019 0.06651298746632661 -0.005312514317330914; 0.0 -0.0053105923623256255 -0.0053125143173327945 0.06652993838852811],[-0.10372350663352418 0.0 0.0 0.0; 0.0 -0.04458681390042628 0.009527957850145584 0.009550974705435651; 0.0 0.009527957850142914 -0.044636006156514405 0.009559151704439797; 0.0 0.009550974705435155 0.009559151704440843 -0.04467549776710564],0.3
