L,J,Q,θ,ϕx,ϕy,ϕz,ndims,T,χ,dχdlogT,Λ
17,0.7,0.6180339887498949,0.4487989505128276,4.571891130660917,3.9650079737185084,3.712601445936258,3,0.0853167852417281,[0.5128626961679544 0.0 0.0 0.0; 0.0 0.16464314017590317 -0.04299382741143977 -0.04334091103336847; 0.0 -0.04299382741144899 0.16394577711485037 -0.04302330125402148; 0.0 -0.04334091103337627 -0.04302330125402001 0.16514756452755358],[-0.1347479386499824 0.0 0.0 0.0; 0.0 -0.00980327548324883 0.004653983422171769 0.004877305843680173; 0.0 0.004653983422170975 -0.00951264755310426 0.004726516082582452; 0.0 0.0048773058436797955 0.0047265160825828555 -0.009949619007122998],0.3
