L,J,Q,θ,ϕx,ϕy,ϕz,ndims,T,χ,dχdlogT,Λ
17,1.6,0.6180339887498949,0.4487989505128276,0.0,0.0,0.0,3,0.017433288221999882,[0.6156247899223143 0.0 0.0 0.0; 0.0 0.1020037379909562 -0.01740188088347479 -0.016594842534971076; 0.0 -0.017401880883476908 0.10290316019314184 -0.016561133013121426; 0.0 -0.0165948425349651 -0.016561133013122734 0.10354899876137923],[-0.11129312256864353 0.0 0.0 0.0; 0.0 -0.00033842243498184363 -0.00011332707441550376 -0.00014355384637867606; 0.0 -0.00011332707441549978 -0.0004092612778334418 -0.0001267019917988353; 0.0 -0.000143553846378689 -0.0001267019917988255 -0.00048164045680093966],0.3
