L,J,Q,θ,ϕx,ϕy,ϕz,ndims,T,χ,dχdlogT,Λ
17,2.0,0.6180339887498949,0.4487989505128276,3.6540229264158075,2.230154543646478,5.566754032719168,3,10.0,[0.024758504798784685 0.0 0.0 0.0; 0.0 0.012310144501044288 -3.976824042081285e-5 -3.977190436816815e-5; 0.0 -3.9768240421009764e-5 0.0123088166910822 -3.9764475826010864e-5; 0.0 -3.9771904368067544e-5 -3.97644758264018e-5 0.01231019527973923],[-0.02428792279471633 0.0 0.0 0.0; 0.0 -0.011941344397961141 0.00011567392786365497 0.00011569146381350736; 0.0 0.00011567392786346175 -0.011937452188684906 0.00011565542106161171; 0.0 0.00011569146381346761 0.00011565542106145513 -0.011941465532251404],0.3
