L,J,Q,θ,ϕx,ϕy,ϕz,ndims,T,χ,dχdlogT,Λ
17,1.7,0.6180339887498949,0.4487989505128276,0.0,0.0,0.0,3,0.009236708571873866,[0.6754721647034332 0.0 0.0 0.0; 0.0 0.09840267511811243 -0.0141844210419625 -0.015264617419937376; 0.0 -0.014184421041959194 0.09810775210233606 -0.014885607371329908; 0.0 -0.015264617419943484 -0.014885607371333444 0.09893730973167028],[-0.10855916938904211 0.0 0.0 0.0; 0.0 -0.00037557334583519114 -0.0003280801685398181 -0.00020575943587998385; 0.0 -0.0003280801685398356 -0.0002416482599086723 -0.00027571299101125755; 0.0 -0.0002057594358799746 -0.0002757129910112587 -0.0002591354538041472],0.3
