L,J,Q,θ,ϕx,ϕy,ϕz,ndims,T,χ,dχdlogT,Λ
17,0.9,0.6180339887498949,0.4487989505128276,1.0093168362909395,0.33689438195597865,5.770913800445461,3,0.001,[0.8280560128351222 0.0 0.0 0.0; 0.0 0.15099663450583542 -0.03224429411362504 -0.033384857721812856; 0.0 -0.03224429411363076 0.1497652192964391 -0.03271162751354148; 0.0 -0.033384857721805786 -0.0327116275135293 0.15083361973517753],[-0.017515703633300208 0.0 0.0 0.0; 0.0 -0.00027406953869265276 -0.0001498333473318048 3.884106314837998e-5; 0.0 -0.0001498333473318084 -0.000164834657128718 -5.264077313254066e-5; 0.0 3.884106314837863e-5 -5.264077313253948e-5 -7.305575749866817e-5],0.3
