L,J,Q,θ,ϕx,ϕy,ϕz,ndims,T,χ,dχdlogT,Λ
17,0.8,0.6180339887498949,0.4487989505128276,0.0,0.0,0.0,3,0.16102620275609392,[0.42006061388495985 0.0 0.0 0.0; 0.0 0.14822204305578127 -0.03442633242235192 -0.03404954257628138; 0.0 -0.03442633242236322 0.1488899245610466 -0.0343913648397991; 0.0 -0.03404954257626804 -0.03439136483979607 0.14882797267020345],[-0.1313639138662149 0.0 0.0 0.0; 0.0 -0.017060183637293568 0.007372727510543373 0.0070930772458576725; 0.0 0.0073727275105445285 -0.017356619883985507 0.007316031050389119; 0.0 0.007093077245856344 0.007316031050388782 -0.017229732346608836],0.3
