L,J,Q,θ,ϕx,ϕy,ϕz,ndims,T,χ,dχdlogT,Λ
17,4.0,0.6180339887498949,0.4487989505128276,5.777654552917204,2.2493788666760794,4.562467618004743,3,2.043359717856942,[0.09031612883687226 0.0 0.0 0.0; 0.0 0.03548633689389393 -0.0011355957908868743 -0.0011207232440699736; 0.0 -0.001135595790887066 0.03559558221493431 -0.00112708131502953; 0.0 -0.0011207232440699616 -0.0011270813150288618 0.03537466729230856],[-0.057458974104175504 0.0 0.0 0.0; 0.0 -0.013043263229348805 0.0014289945131482947 0.0013877022674561998; 0.0 0.0014289945131481252 -0.013176935685621852 0.0014032554055074503; 0.0 0.0013877022674555974 0.001403255405507445 -0.012935751713258396],0.3
