L,J,Q,θ,ϕx,ϕy,ϕz,ndims,T,χ,dχdlogT,Λ
17,0.2,0.6180339887498949,0.4487989505128276,0.7233906048363254,1.6829337341980497,0.2497552779680679,3,1.0826367338740543,[0.18125663701045994 0.0 0.0 0.0; 0.0 0.08791472628704447 -0.010726538953027876 -0.010725809413301228; 0.0 -0.01072653895302443 0.08790734861646513 -0.01072502920691334; 0.0 -0.010725809413304038 -0.010725029206915844 0.087907002687175],[-0.12474690394979883 0.0 0.0 0.0; 0.0 -0.05783432103208342 0.017310653223739286 0.017308771276646037; 0.0 0.017310653223734766 -0.05781817712302863 0.017306462462023005; 0.0 0.017308771276643604 0.017306462462016635 -0.05781756456448358],0.3
