L,J,Q,θ,ϕx,ϕy,ϕz,ndims,T,χ,dχdlogT,Λ
17,2.7,0.6180339887498949,0.4487989505128276,5.572737511802221,5.611028785571096,4.947555202131609,3,2.807216203941177,[0.07784036759310647 0.0 0.0 0.0; 0.0 0.03545906040960207 -0.000981905398926554 -0.0009859308413656719; 0.0 -0.0009819053989268704 0.035486437796499105 -0.0009827470966471258; 0.0 -0.0009859308413661919 -0.0009827470966479155 0.03549436864118583],[-0.06169473301979671 0.0 0.0 0.0; 0.0 -0.02309665257260872 0.0019610285117984817 0.0019780461088305225; 0.0 0.001961028511798945 -0.023158483457159255 0.001966243592308978; 0.0 0.0019780461088299887 0.001966243592308947 -0.023198344179183428],0.3
