L,J,Q,θ,ϕx,ϕy,ϕz,ndims,T,χ,dχdlogT,Λ
17,1.5,0.6180339887498949,0.4487989505128276,5.572737511802221,5.611028785571096,4.947555202131609,3,0.11721022975334802,[0.4137530994252534 0.0 0.0 0.0; 0.0 0.10640013477458658 -0.018666303050065874 -0.018440369871988525; 0.0 -0.018666303050056232 0.10682688419653823 -0.018406979247311616; 0.0 -0.018440369871986283 -0.018406979247318062 0.10695629096094789],[-0.11273366508987313 0.0 0.0 0.0; 0.0 -0.0034520655876095 0.001067536964832539 0.0010801633407381418; 0.0 0.0010675369648326654 -0.0034962724802295154 0.0010481005772850524; 0.0 0.0010801633407379425 0.0010481005772845788 -0.003509633135812085],0.3
