L,J,Q,θ,ϕx,ϕy,ϕz,ndims,T,χ,dχdlogT,Λ
17,1.6,0.6180339887498949,0.4487989505128276,0.0,0.0,0.0,3,0.003562247890262444,[0.8022889460181143 0.0 0.0 0.0; 0.0 0.10506337926932378 -0.01645955389394277 -0.0171341553419726; 0.0 -0.016459553893940174 0.10583229527453267 -0.016499813019450315; 0.0 -0.01713415534197415 -0.01649981301944645 0.10611448636012757],[-0.12638435615301327 0.0 0.0 0.0; 0.0 -0.0004907925844569851 -0.00038451676576206406 -0.00023751715773304992; 0.0 -0.00038451676576204313 -0.0006989756655326834 -0.0003451288456900762; 0.0 -0.0002375171577330547 -0.0003451288456900621 -0.0003189864619515194],0.3
