L,J,Q,θ,ϕx,ϕy,ϕz,ndims,T,χ,dχdlogT,Λ
17,0.2,0.6180339887498949,0.4487989505128276,2.334957266572675,2.0640807455703567,3.4400352447763876,3,0.11721022975334802,[0.49080039104209866 0.0 0.0 0.0; 0.0 0.21526558939139231 -0.0662821799554671 -0.06615596719554334; 0.0 -0.06628217995545603 0.2152466136196861 -0.06614925568713487; 0.0 -0.06615596719554821 -0.06614925568713036 0.21510547656732973],[-0.1412256121418972 0.0 0.0 0.0; 0.0 -0.04999417419904055 0.024853679155270418 0.024584743340085022; 0.0 0.024853679155268194 -0.05001119147814131 0.024658537534164242; 0.0 0.024584743340092006 0.024658537534172475 -0.049791779184575745],0.3
