L,J,Q,θ,ϕx,ϕy,ϕz,ndims,T,χ,dχdlogT,Λ
17,0.2,0.6180339887498949,0.4487989505128276,0.5824189580491075,3.6210180471944162,3.460397614679707,3,0.002592943797404667,[1.0299035586535334 0.0 0.0 0.0; 0.0 0.3058444293909938 -0.110601703134121 -0.11216130897660026; 0.0 -0.11060170313412424 0.3009220415942916 -0.1071327451791859; 0.0 -0.11216130897661729 -0.1071327451791963 0.3021950390763398],[-0.14479098900157866 0.0 0.0 0.0; 0.0 -0.001582938998565604 0.0012864753312476127 0.0002883689136618434; 0.0 0.0012864753312475787 -0.0022987350909135958 0.0010345269409363206; 0.0 0.00028836891366185445 0.0010345269409362593 -0.0013387732816928285],0.3
