L,J,Q,θ,ϕx,ϕy,ϕz,ndims,T,χ,dχdlogT,Λ
17,2.3,0.6180339887498949,0.4487989505128276,5.572737511802221,5.611028785571096,4.947555202131609,3,0.009236708571873866,[0.5798104143146398 0.0 0.0 0.0; 0.0 0.0778280703860549 -0.009264858623279736 -0.008665162399669206; 0.0 -0.009264858623280999 0.07818334809469149 -0.009258522056031416; 0.0 -0.008665162399669591 -0.009258522056033353 0.07758980846470337],[-0.08464804202379363 0.0 0.0 0.0; 0.0 -0.000205884280949979 -7.478417441247152e-5 -0.00012544076905222123; 0.0 -7.47841744124687e-5 -0.00014313350693473715 -0.00011841004616287193; 0.0 -0.0001254407690522214 -0.0001184100461628671 -0.00020082511549771408],0.3
