L,J,Q,θ,ϕx,ϕy,ϕz,ndims,T,χ,dχdlogT,Λ
17,0.1,0.6180339887498949,0.4487989505128276,0.0,0.0,0.0,3,0.16102620275609392,[0.4456163829550078 0.0 0.0 0.0; 0.0 0.2042831878711685 -0.058302432352729944 -0.058298554745731646; 0.0 -0.058302432352731026 0.20429976023442165 -0.058304864215681124; 0.0 -0.05829855474572935 -0.058304864215697756 0.2042927768581179],[-0.1448501528784005 0.0 0.0 0.0; 0.0 -0.058629517014791695 0.027346724227177398 0.027342316908445904; 0.0 0.02734672422718081 -0.0586473310309382 0.027353963676141044; 0.0 0.027342316908447063 0.027353963676148833 -0.05864226511405414],0.3
