L,J,Q,θ,ϕx,ϕy,ϕz,ndims,T,χ,dχdlogT,Λ
17,2.7,0.6180339887498949,0.4487989505128276,5.572737511802221,5.611028785571096,4.947555202131609,3,0.04520353656360243,[0.4174081536003329 0.0 0.0 0.0; 0.0 0.07012843567677829 -0.007269543914213865 -0.007653644914559009; 0.0 -0.007269543914213025 0.07006147327005458 -0.007820417016780552; 0.0 -0.0076536449145594805 -0.007820417016783017 0.06991739879578494],[-0.08554493766286994 0.0 0.0 0.0; 0.0 -0.0007677801170101216 6.790898429421531e-5 -2.6794927471743155e-6; 0.0 6.790898429422371e-5 -0.0005518867131862473 0.00017832979060709072; 0.0 -2.679492747174756e-6 0.0001783297906071176 -0.0006839649422537014],0.3
