L,J,Q,θ,ϕx,ϕy,ϕz,ndims,T,χ,dχdlogT,Λ
17,2.0,0.6180339887498949,0.4487989505128276,5.777654552917204,2.2493788666760794,4.562467618004743,3,0.04520353656360243,[0.47309266520689963 0.0 0.0 0.0; 0.0 0.08574394508666584 -0.01233276721161903 -0.012427357059128855; 0.0 -0.012332767211620528 0.0866373619661457 -0.012923541536674917; 0.0 -0.01242735705912659 -0.012923541536671168 0.08702644714308085],[-0.10032201790229049 0.0 0.0 0.0; 0.0 -0.0004982007330757527 0.00019947500635335766 0.00014960169586463444; 0.0 0.00019947500635334877 -0.0005251612713306987 0.00016214484067369735; 0.0 0.00014960169586464146 0.00016214484067371673 -0.0005797557466864435],0.3
