L,J,Q,θ,ϕx,ϕy,ϕz,ndims,T,χ,dχdlogT,Λ
17,1.0,0.6180339887498949,0.4487989505128276,4.807809368381942,3.1113017193440307,6.201095363476918,3,5.298316906283709,[0.04619235790700483 0.0 0.0 0.0; 0.0 0.022931661122847963 -0.00025302788506078206 -0.00025301737041119626; 0.0 -0.00025302788506163354 0.02293333278065715 -0.0002529928497235825; 0.0 -0.0002530173704116145 -0.00025299284972410776 0.02293376905743643],[-0.04431979851409526 0.0 0.0 0.0; 0.0 -0.021691527773671157 0.0007100547145333554 0.000710005376409662; 0.0 0.0007100547145337325 -0.02169620693944291 0.0007098884458660022; 0.0 0.0007100053764092662 0.0007098884458660035 -0.021697560197733962],0.3
