L,J,Q,θ,ϕx,ϕy,ϕz,ndims,T,χ,dχdlogT,Λ
17,0.2,0.6180339887498949,0.4487989505128276,1.0093168362909395,0.33689438195597865,5.770913800445461,3,0.5736152510448679,[0.26402668679751967 0.0 0.0 0.0; 0.0 0.12553756473546238 -0.023606896621622964 -0.023608880313875934; 0.0 -0.0236068966216211 0.12554881519691716 -0.02361103554672418; 0.0 -0.023608880313877353 -0.023611035546713732 0.12558198984471008],[-0.13791877759311671 0.0 0.0 0.0; 0.0 -0.061018020263644626 0.024067017740210025 0.024084947893243305; 0.0 0.024067017740208873 -0.06104007223405079 0.024097907244152603; 0.0 0.02408494789324157 0.024097907244148106 -0.06109781388314146],0.3
