L,J,Q,θ,ϕx,ϕy,ϕz,ndims,T,χ,dχdlogT,Λ
17,0.2,0.6180339887498949,0.4487989505128276,0.7233906048363254,1.6829337341980497,0.2497552779680679,3,0.01268961003167922,[0.8213599172072589 0.0 0.0 0.0; 0.0 0.29206857823221655 -0.1066638758096931 -0.10160179745739097; 0.0 -0.10666387580971118 0.2981693925310764 -0.1086530666466041; 0.0 -0.10160179745740305 -0.10865306664659387 0.29278394543921693],[-0.15159336880081897 0.0 0.0 0.0; 0.0 -0.014017345790255169 0.008370452604737802 0.005583448782542883; 0.0 0.008370452604737968 -0.01727500586245291 0.008934531012149348; 0.0 0.005583448782542468 0.00893453101214902 -0.014507358433280017],0.3
