L,J,Q,θ,ϕx,ϕy,ϕz,ndims,T,χ,dχdlogT,Λ
17,0.7,0.6180339887498949,0.4487989505128276,0.5937049316544528,5.808174641350516,4.5042909023701085,3,7.27895384398315,[0.033992188323601506 0.0 0.0 0.0; 0.0 0.016951221536218093 -0.00010281351359247007 -0.00010281186050933916; 0.0 -0.0001028135135919652 0.016951200475258256 -0.00010281385029598757; 0.0 -0.0001028118605096348 -0.0001028138502951375 0.01695123467267936],[-0.033305895489287286 0.0 0.0 0.0; 0.0 -0.016522169563850046 0.00029850246758132476 0.00029849438449279617; 0.0 0.0002985024675815986 -0.01652210411098493 0.00029850401182341145; 0.0 0.0002984943844922985 0.0002985040118230113 -0.016522204379616164],0.3
