L,J,Q,θ,ϕx,ϕy,ϕz,ndims,T,χ,dχdlogT,Λ
17,1.5,0.6180339887498949,0.4487989505128276,5.572737511802221,5.611028785571096,4.947555202131609,3,0.0013738237958832624,[0.7922571992445165 0.0 0.0 0.0; 0.0 0.10761616687984026 -0.01805333502931896 -0.017380223198217595; 0.0 -0.01805333502931499 0.10808711328545673 -0.017311179808544908; 0.0 -0.017380223198217658 -0.01731117980854079 0.10718358044927391],[-0.03276440482569181 0.0 0.0 0.0; 0.0 -0.00010462575961296749 -0.00015101652054777423 -6.853889348572429e-5; 0.0 -0.00015101652054776827 -0.00011953154030332254 -8.615852667960712e-5; 0.0 -6.853889348572319e-5 -8.615852667960597e-5 -5.932497568516341e-5],0.3
