L,J,Q,θ,ϕx,ϕy,ϕz,ndims,T,χ,dχdlogT,Λ
17,0.2,0.6180339887498949,0.4487989505128276,5.777654552917204,2.2493788666760794,4.562467618004743,3,0.06210169418915616,[0.5818116426120983 0.0 0.0 0.0; 0.0 0.24640067671366972 -0.08131455407560674 -0.08215128722952057; 0.0 -0.0813145540756405 0.24559627266990117 -0.081096089819428; 0.0 -0.08215128722953002 -0.08109608981944046 0.24612815846273195],[-0.14386077298645578 0.0 0.0 0.0; 0.0 -0.04546916579762242 0.022046332288445575 0.023380415899471426; 0.0 0.0220463322884486 -0.043975574673641896 0.021558409065482672; 0.0 0.0233804158994702 0.0215584090654794 -0.044957405695105125],0.3
