L,J,Q,θ,ϕx,ϕy,ϕz,ndims,T,χ,dχdlogT,Λ
17,1.3,0.6180339887498949,0.4487989505128276,0.0,0.0,0.0,3,5.298316906283709,[0.04604059375265682 0.0 0.0 0.0; 0.0 0.02279188838816722 -0.00024865965681840655 -0.0002487483722714608; 0.0 -0.0002486596568186837 0.022793091848043946 -0.00024870646610912993; 0.0 -0.00024874837227188386 -0.0002487064661092686 0.022790935450923762],[-0.0438996046511199 0.0 0.0 0.0; 0.0 -0.021302873455837847 0.0006899757010022768 0.0006903916130474732; 0.0 0.0006899757010020571 -0.02130620419510958 0.0006901910517360073; 0.0 0.0006903916130469981 0.0006901910517357855 -0.02130008579135919],0.3
