L,J,Q,θ,ϕx,ϕy,ϕz,ndims,T,χ,dχdlogT,Λ
17,2.9,0.6180339887498949,0.4487989505128276,0.0,0.0,0.0,3,0.004893900918477494,[0.5890104823696427 0.0 0.0 0.0; 0.0 0.06768793634984903 -0.006708137262612695 -0.007323807783404371; 0.0 -0.006708137262611969 0.06616630963632297 -0.006517028140871117; 0.0 -0.007323807783403215 -0.006517028140870758 0.06708912153994794],[-0.07341169511458798 0.0 0.0 0.0; 0.0 -2.8308724596062504e-5 -5.8305788288611095e-5 -9.639473638119006e-6; 0.0 -5.83057882886122e-5 -3.572089678009872e-5 -2.6802836000726438e-5; 0.0 -9.639473638119661e-6 -2.6802836000726455e-5 -4.9320679669625284e-5],0.3
