L,J,Q,θ,ϕx,ϕy,ϕz,ndims,T,χ,dχdlogT,Λ
17,0.0,0.6180339887498949,0.4487989505128276,1.985927615047579,6.231216029106446,1.9734735852915235,3,2.807216203941177,[0.08426211455739627 0.0 0.0 0.0; 0.0 0.0417829706867964 -0.001447541663562125 -0.0014475416635621064; 0.0 -0.0014475416635621199 0.04178297068679655 -0.0014475416635621006; 0.0 -0.0014475416635621055 -0.0014475416635621023 0.041782970686796296],[-0.07604820765687406 0.0 0.0 0.0; 0.0 -0.037160320297202024 0.0036773362417478945 0.0036773362417478737; 0.0 0.0036773362417478893 -0.03716032029720188 0.003677336241747871; 0.0 0.003677336241747873 0.0036773362417478702 -0.03716032029720194],0.3
