L,J,Q,θ,ϕx,ϕy,ϕz,ndims,T,χ,dχdlogT,Λ
17,0.0,0.6180339887498949,0.4487989505128276,3.2506503860507765,6.246303904614146,0.8058848358978701,3,1.4873521072935114,[0.1439293305877507 0.0 0.0 0.0; 0.0 0.07055309421084854 -0.006126058115757271 -0.006126058115757234; 0.0 -0.006126058115757267 0.07055309421084861 -0.006126058115757249; 0.0 -0.006126058115757237 -0.0061260581157572555 0.07055309421084865],[-0.11122346556298648 0.0 0.0 0.0; 0.0 -0.05292248758365227 0.012027662581259231 0.012027662581259157; 0.0 0.012027662581259235 -0.05292248758365222 0.012027662581259297; 0.0 0.012027662581259164 0.0120276625812593 -0.05292248758365243],0.3
