L,J,Q,θ,ϕx,ϕy,ϕz,ndims,T,χ,dχdlogT,Λ
17,0.0,0.6180339887498949,0.4487989505128276,1.985927615047579,6.231216029106446,1.9734735852915235,3,0.001,[1.1721385927134584 0.0 0.0 0.0; 0.0 0.5099805615328501 -0.23249236109413562 -0.1942449515089733; 0.0 -0.2324923610941356 0.5525074116048988 -0.23580478889222195; 0.0 -0.19424495150897333 -0.23580478889222195 0.5131985401748036],[-0.14579431469494009 0.0 0.0 0.0; 0.0 -0.06646045345438152 0.04603929194534869 0.020403172402406206; 0.0 0.04603929194534867 -0.0866692372356606 0.040615154637362205; 0.0 0.02040317240240622 0.0406151546373622 -0.0609856811788457],0.3
