L,J,Q,θ,ϕx,ϕy,ϕz,ndims,T,χ,dχdlogT,Λ
17,2.0,0.6180339887498949,0.4487989505128276,5.572737511802221,5.611028785571096,4.947555202131609,3,0.001,[0.7444393070841895 0.0 0.0 0.0; 0.0 0.08929963354274432 -0.01201029195403161 -0.011877417855950773; 0.0 -0.012010291954030222 0.08777108833859469 -0.01182889736894754; 0.0 -0.011877417855951254 -0.011828897368948418 0.08828037328887037],[-0.02450148221246996 0.0 0.0 0.0; 0.0 -3.000726133522143e-5 -3.7632525648035544e-5 -4.23328400247698e-5; 0.0 -3.763252564803587e-5 1.0386212967559044e-5 -1.9715713732513324e-5; 0.0 -4.233284002476845e-5 -1.9715713732512382e-5 -8.050032802437515e-5],0.3
