L,J,Q,θ,ϕx,ϕy,ϕz,ndims,T,χ,dχdlogT,Λ
17,2.0,0.6180339887498949,0.4487989505128276,2.334957266572675,2.0640807455703567,3.4400352447763876,3,0.009236708571873866,[0.6327441188309685 0.0 0.0 0.0; 0.0 0.08741016002538281 -0.012832998872199346 -0.013152623164083853; 0.0 -0.012832998872199174 0.08703437044399917 -0.01239145352792246; 0.0 -0.013152623164084639 -0.012391453527920832 0.08645759011967562],[-0.10302990250802428 0.0 0.0 0.0; 0.0 -0.00010935827741754126 4.1010076440416085e-5 2.36338073330632e-5; 0.0 4.101007644041945e-5 -0.00011443894324331637 3.348054466904416e-5; 0.0 2.363380733306505e-5 3.348054466904378e-5 -5.0376076913386e-5],0.3
