L,J,Q,θ,ϕx,ϕy,ϕz,ndims,T,χ,dχdlogT,Λ
17,1.2,0.6180339887498949,0.4487989505128276,0.0,0.0,0.0,3,1.0826367338740543,[0.170568840776561 0.0 0.0 0.0; 0.0 0.07622891169081218 -0.007857429330698223 -0.007820187609130549; 0.0 -0.007857429330697234 0.07628127810962405 -0.007823053199781752; 0.0 -0.007820187609132574 -0.007823053199776985 0.07620362116562596],[-0.10857043066981029 0.0 0.0 0.0; 0.0 -0.038264136780311875 0.010399684677543902 0.010296850404277564; 0.0 0.010399684677543104 -0.03837022852454122 0.01031029828335911; 0.0 0.010296850404277216 0.010310298283356065 -0.03817491154086005],0.3
