L,J,Q,θ,ϕx,ϕy,ϕz,ndims,T,χ,dχdlogT,Λ
17,1.0,0.6180339887498949,0.4487989505128276,4.456599043704854,2.9805378224675785,3.682840390565854,3,0.009236708571873866,[0.7720575350913882 0.0 0.0 0.0; 0.0 0.13905883171192238 -0.03249430550707931 -0.03154175795219258; 0.0 -0.032494305507082114 0.1393114465716416 -0.0323544773635284; 0.0 -0.03154175795219087 -0.032354477363526105 0.1379214756347728],[-0.1267278975609429 0.0 0.0 0.0; 0.0 -0.00011760788264974552 0.00014206222110993625 -2.185468564281865e-6; 0.0 0.00014206222110992378 -0.00021224191382182401 4.402631181300473e-5; 0.0 -2.1854685642805635e-6 4.40263118129986e-5 -7.03414536154342e-5],0.3
