L,J,Q,θ,ϕx,ϕy,ϕz,ndims,T,χ,dχdlogT,Λ
17,0.1,0.6180339887498949,0.4487989505128276,5.572737511802221,5.611028785571096,4.947555202131609,3,0.006723357536499335,[0.6888425488712633 0.0 0.0 0.0; 0.0 0.28260129201518436 -0.08958688952812753 -0.09874101364562644; 0.0 -0.08958688952814263 0.28653995122193204 -0.10514753249752244; 0.0 -0.09874101364561062 -0.10514753249752357 0.29631126585238177],[-0.009017066570971413 0.0 0.0 0.0; 0.0 -0.001137161352401638 -0.001470050539621578 0.001240578333998883; 0.0 -0.0014700505396214691 -0.002559580927510407 0.004182870333583392; 0.0 0.0012405783339989075 0.004182870333583409 -0.004707187396738283],0.3
