L,J,Q,θ,ϕx,ϕy,ϕz,ndims,T,χ,dχdlogT,Λ
17,1.0,0.6180339887498949,0.4487989505128276,3.6540229264158075,2.230154543646478,5.566754032719168,3,2.807216203941177,[0.08321580645918802 0.0 0.0 0.0; 0.0 0.04071433479786296 -0.001363455662347425 -0.0013630188168075913; 0.0 -0.0013634556623465426 0.040697229887013624 -0.0013632162077061058; 0.0 -0.0013630188168074322 -0.0013632162077060667 0.04069688618909425],[-0.07344016410978291 0.0 0.0 0.0; 0.0 -0.03442851743331057 0.003331577960665479 0.003329766073032885; 0.0 0.0033315779606652557 -0.03438214027291936 0.0033305097329427067; 0.0 0.00332976607303344 0.003330509732942824 -0.03438258399320458],0.3
