L,J,Q,θ,ϕx,ϕy,ϕz,ndims,T,χ,dχdlogT,Λ
17,2.8,0.6180339887498949,0.4487989505128276,5.572737511802221,5.611028785571096,4.947555202131609,3,2.043359717856942,[0.09864527590195912 0.0 0.0 0.0; 0.0 0.042511473169210674 -0.0017273276921967163 -0.0017345315515354535; 0.0 -0.0017273276921961572 0.04264918652271467 -0.00172336256095814; 0.0 -0.0017345315515364728 -0.0017233625609591361 0.04258106442095568],[-0.06984661926533879 0.0 0.0 0.0; 0.0 -0.021808547477275553 0.0027551126728916756 0.002780856219267042; 0.0 0.0027551126728917012 -0.022070619246332114 0.00274699487887621; 0.0 0.002780856219267516 0.002746994878875744 -0.021912450518695926],0.3
