L,J,Q,θ,ϕx,ϕy,ϕz,ndims,T,χ,dχdlogT,Λ
17,0.0,0.6180339887498949,0.4487989505128276,4.571891130660917,3.9650079737185084,3.712601445936258,3,0.0018873918221350976,[1.1723503718530535 0.0 0.0 0.0; 0.0 0.5340650575004374 -0.24171361069819572 -0.20861291819074976; 0.0 -0.2417136106981958 0.5615168584128365 -0.23639658150901152; 0.0 -0.2086129181907497 -0.23639658150901158 0.5284465194435396],[-0.14678172629683328 0.0 0.0 0.0; 0.0 -0.08030883012280203 0.07562135349118321 0.004680018822130924; 0.0 0.07562135349118322 -0.11055760944781265 0.03490696858350227; 0.0 0.004680018822130909 0.03490696858350229 -0.03955079169258755],0.3
