L,J,Q,θ,ϕx,ϕy,ϕz,ndims,T,χ,dχdlogT,Λ
17,3.0,0.6180339887498949,0.4487989505128276,5.572737511802221,5.611028785571096,4.947555202131609,3,0.003562247890262444,[0.5742815765212561 0.0 0.0 0.0; 0.0 0.064990890879021 -0.00635833830275807 -0.006507222062836926; 0.0 -0.0063583383027596115 0.06551611586621377 -0.005700655924367646; 0.0 -0.006507222062836819 -0.005700655924367807 0.06384984800144744],[-0.06713418141342288 0.0 0.0 0.0; 0.0 -0.00018260014570672343 -3.671172378256993e-5 -4.724141909394586e-5; 0.0 -3.6711723782570995e-5 -8.093744235216327e-5 -3.542269820520756e-5; 0.0 -4.7241419093945315e-5 -3.542269820520743e-5 -7.474423057192283e-5],0.3
