L,J,Q,θ,ϕx,ϕy,ϕz,ndims,T,χ,dχdlogT,Λ
17,0.7,0.6180339887498949,0.4487989505128276,2.334957266572675,2.0640807455703567,3.4400352447763876,3,0.41753189365604015,[0.2996763968047417 0.0 0.0 0.0; 0.0 0.12773255369615152 -0.02593576177223498 -0.02596595306867563; 0.0 -0.025935761772236686 0.12760701697333532 -0.025898535117681115; 0.0 -0.02596595306866397 -0.025898535117681528 0.12737012254694133],[-0.13282175880706154 0.0 0.0 0.0; 0.0 -0.03935902872710687 0.016971151325715382 0.016980069251571573; 0.0 0.016971151325721807 -0.03925052933432944 0.016910267711991323; 0.0 0.016980069251570973 0.016910267711986584 -0.038998116645359765],0.3
