L,J,Q,θ,ϕx,ϕy,ϕz,ndims,T,χ,dχdlogT,Λ
17,1.0,0.6180339887498949,0.4487989505128276,3.2506503860507765,6.246303904614146,0.8058848358978701,3,0.30391953823131973,[0.32963501065476175 0.0 0.0 0.0; 0.0 0.12230520243617554 -0.024551649120441516 -0.024393409062835828; 0.0 -0.024551649120443917 0.12236325126552659 -0.024450176684552048; 0.0 -0.024393409062835283 -0.0244501766845537 0.12193210461293515],[-0.12619319038877538 0.0 0.0 0.0; 0.0 -0.02124677465621551 0.009415413044620968 0.009245279320957363; 0.0 0.00941541304461808 -0.021479991735350316 0.009346711974480785; 0.0 0.009245279320957613 0.00934671197448456 -0.021109187072399047],0.3
