L,J,Q,θ,ϕx,ϕy,ϕz,ndims,T,χ,dχdlogT,Λ
17,0.2,0.6180339887498949,0.4487989505128276,4.571891130660917,3.9650079737185084,3.712601445936258,3,1.4873521072935114,[0.1437353744034662 0.0 0.0 0.0; 0.0 0.07033084402745089 -0.0060849134081050905 -0.006085221153684526; 0.0 -0.006084913408103729 0.07033419224814408 -0.006085256937682821; 0.0 -0.006085221153682791 -0.006085256937682581 0.07032989162766513],[-0.1108331563365321 0.0 0.0 0.0; 0.0 -0.052429636728853084 0.011892606581058668 0.01189369505253232; 0.0 0.011892606581055877 -0.05243775120104398 0.011893836266300075; 0.0 0.011893695052529867 0.011893836266298887 -0.052427662875336026],0.3
