L,J,Q,θ,ϕx,ϕy,ϕz,ndims,T,χ,dχdlogT,Λ
17,4.0,0.6180339887498949,0.4487989505128276,1.5158078287217425,4.901191387130327,2.9168282193752284,3,0.01268961003167922,[0.4105906422482008 0.0 0.0 0.0; 0.0 0.05033257042503859 -0.0035979592919221054 -0.003559692965764725; 0.0 -0.0035979592919219835 0.05053820400747142 -0.0038403051571069724; 0.0 -0.003559692965764648 -0.0038403051571069577 0.05024545608797723],[-0.05805310016593943 0.0 0.0 0.0; 0.0 -0.00039023582826200613 2.7678997481006133e-5 5.846364205434907e-5; 0.0 2.7678997481004592e-5 -0.00018160394116781143 5.652956999162381e-6; 0.0 5.8463642054351226e-5 5.652956999161346e-6 -0.000124479150656393],0.3
