L,J,Q,θ,ϕx,ϕy,ϕz,ndims,T,χ,dχdlogT,Λ
17,0.7,0.6180339887498949,0.4487989505128276,5.572737511802221,5.611028785571096,4.947555202131609,3,0.003562247890262444,[0.7833918215296746 0.0 0.0 0.0; 0.0 0.17399101568323358 -0.043310535875689934 -0.04254964312453094; 0.0 -0.04331053587569471 0.17419343135511467 -0.04341136920610717; 0.0 -0.04254964312452329 -0.04341136920610901 0.17343476323466386],[-0.03216141114072249 0.0 0.0 0.0; 0.0 -0.0002753504585781319 -7.491674821726691e-5 -0.0002741154841714498; 0.0 -7.491674821726607e-5 -0.00017439483309328218 -8.127433845302976e-5; 0.0 -0.0002741154841714311 -8.127433845302466e-5 -0.00018518383962127247],0.3
