L,J,Q,θ,ϕx,ϕy,ϕz,ndims,T,χ,dχdlogT,Λ
17,1.2,0.6180339887498949,0.4487989505128276,0.0,0.0,0.0,3,0.30391953823131973,[0.3199234059128971 0.0 0.0 0.0; 0.0 0.11261324694634928 -0.02036461547532106 -0.020304965904047612; 0.0 -0.020364615475320234 0.11318076961603091 -0.020558497352555258; 0.0 -0.020304965904042092 -0.020558497352563165 0.11318246493834197],[-0.12137413386205452 0.0 0.0 0.0; 0.0 -0.016955605341508254 0.006778184916505882 0.00662103755521807; 0.0 0.006778184916507938 -0.01737324070090985 0.006889448305524508; 0.0 0.006621037555217076 0.006889448305528281 -0.01727072079432598],0.3
