L,J,Q,θ,ϕx,ϕy,ϕz,ndims,T,χ,dχdlogT,Λ
23,2.2,0.6180339887498949,0.4487989505128276,0.0,0.0,0.0,3,2.807216203941177,[0.07957228733322638 0.0 0.0 0.0; 0.0 0.03717152651232848 -0.0010939042736384272 -0.0010916546200998576; 0.0 -0.0010939042736407363 0.03712010192493338 -0.0010942615222141732; 0.0 -0.0010916546200983525 -0.001094261522215764 0.03715146867962929],[-0.06520504037218554 0.0 0.0 0.0; 0.0 -0.026447115373857775 0.0023318639651396583 0.0023227402532336795; 0.0 0.0023318639651395256 -0.02632121377402281 0.0023327426040012675; 0.0 0.002322740253233496 0.002332742604003235 -0.02639907639471232],0.3
