L,J,Q,θ,ϕx,ϕy,ϕz,ndims,T,χ,dχdlogT,Λ
23,2.3,0.6180339887498949,0.4487989505128276,0.0,0.0,0.0,3,0.01268961003167922,[0.5664465221380083 0.0 0.0 0.0; 0.0 0.07913151372083752 -0.009561770659439832 -0.00966121435391023; 0.0 -0.009561770659440515 0.07908407906833514 -0.009681012790852254; 0.0 -0.009661214353909837 -0.009681012790851106 0.07899542513061858],[-0.09512522834660846 0.0 0.0 0.0; 0.0 -0.00028672183157322796 -8.104487700510506e-5 -9.763047708371197e-5; 0.0 -8.10448770050828e-5 -0.0003106399192342581 -0.00010461732558219999; 0.0 -9.763047708370433e-5 -0.00010461732558218486 -0.00026213470482512754],0.3
