L,J,Q,θ,ϕx,ϕy,ϕz,ndims,T,χ,dχdlogT,Λ
23,2.7,0.6180339887498949,0.4487989505128276,0.0,0.0,0.0,3,0.0853167852417281,[0.3586273502275171 0.0 0.0 0.0; 0.0 0.06736071195367802 -0.006925681368426366 -0.007107945137034761; 0.0 -0.006925681368430072 0.06841941559178714 -0.006985513707591655; 0.0 -0.007107945137030635 -0.006985513707589192 0.06794042295562483],[-0.08431217066207343 0.0 0.0 0.0; 0.0 -0.0010313286189702292 0.00018635573201723884 0.0001750343319355885; 0.0 0.00018635573201720092 -0.0011966115625852683 0.00010541549678290194; 0.0 0.00017503433193548026 0.00010541549678293451 -0.0010978114067264606],0.3
