L,J,Q,θ,ϕx,ϕy,ϕz,ndims,T,χ,dχdlogT,Λ
23,3.0,0.6180339887498949,0.4487989505128276,0.0,0.0,0.0,3,0.017433288221999882,[0.468117333226447 0.0 0.0 0.0; 0.0 0.06341524790555128 -0.0057475954057377284 -0.005599945526825276; 0.0 -0.005747595405737256 0.06360115932072086 -0.0057894191191268235; 0.0 -0.00559994552682616 -0.005789419119126721 0.06363300424075674],[-0.08021413517428096 0.0 0.0 0.0; 0.0 -0.00032465406394211035 -1.091215863015901e-5 -4.024073549835452e-5; 0.0 -1.091215863015915e-5 -0.0003042718496398825 -4.405116967225684e-5; 0.0 -4.024073549836436e-5 -4.4051169672249194e-5 -0.00042638786563491663],0.3
