L,J,Q,θ,ϕx,ϕy,ϕz,ndims,T,χ,dχdlogT,Λ
23,1.0,0.6180339887498949,0.4487989505128276,0.0,0.0,0.0,3,0.017433288221999882,[0.6902583272642173 0.0 0.0 0.0; 0.0 0.14180463275413988 -0.030156746339027544 -0.030117170527587823; 0.0 -0.030156746339018114 0.14234297817588398 -0.03048223918441936; 0.0 -0.030117170527583677 -0.030482239184406533 0.14203701058173504],[-0.1270166849896936 0.0 0.0 0.0; 0.0 -0.0009262011324162886 -0.0004717685058061713 -0.00044673225045027833; 0.0 -0.00047176850580621306 -0.0007881679344674646 -0.0004408961107340629; 0.0 -0.00044673225045034973 -0.00044089611073390065 -0.0009164944279807489],0.3
