L,J,Q,θ,ϕx,ϕy,ϕz,ndims,T,χ,dχdlogT,Λ
23,2.2,0.6180339887498949,0.4487989505128276,0.0,0.0,0.0,3,1.0826367338740543,[0.15485701818441097 0.0 0.0 0.0; 0.0 0.06123303570983725 -0.004834404396891849 -0.004828083180371967; 0.0 -0.004834404396895805 0.061141353931554045 -0.004835750659473632; 0.0 -0.0048280831803709 -0.004835750659478842 0.06141257749457666],[-0.08868066255506822 0.0 0.0 0.0; 0.0 -0.020478376726127404 0.004754452274179268 0.004754262707498202; 0.0 0.004754452274186602 -0.020304936456113067 0.004748187026891874; 0.0 0.004754262707498541 0.0047481870268942464 -0.020644955333162743],0.3
