L,J,Q,θ,ϕx,ϕy,ϕz,ndims,T,χ,dχdlogT,Λ
23,1.0,0.6180339887498949,0.4487989505128276,0.0,0.0,0.0,3,0.0013738237958832624,[1.017663433940808 0.0 0.0 0.0; 0.0 0.1429374134283142 -0.028608541553044525 -0.028867590069717557; 0.0 -0.028608541553032683 0.14391236011272782 -0.02908291447227829; 0.0 -0.02886759006971831 -0.029082914472288113 0.14437393164786208],[-0.1367668655622131 0.0 0.0 0.0; 0.0 -0.0005307272939538592 -0.0005847788431827634 -0.0005561407628319239; 0.0 -0.0005847788431828445 -0.0007422288471761971 -0.0007206528833361501; 0.0 -0.0005561407628319052 -0.0007206528833361479 -0.000663517315136422],0.3
