L,J,Q,θ,ϕx,ϕy,ϕz,ndims,T,χ,dχdlogT,Λ
23,2.9,0.6180339887498949,0.4487989505128276,0.0,0.0,0.0,3,0.003562247890262444,[0.6006127782836183 0.0 0.0 0.0; 0.0 0.06514989408306461 -0.006363502894486248 -0.006330542991470057; 0.0 -0.006363502894484177 0.06584724808392577 -0.006536900173709855; 0.0 -0.006330542991469973 -0.006536900173709878 0.06606959130331672],[-0.08148388936005932 0.0 0.0 0.0; 0.0 -4.7643147280740166e-5 -1.3699423222326038e-5 -7.949919414312414e-5; 0.0 -1.3699423222326587e-5 -3.7737682616865846e-5 -1.859301975822388e-5; 0.0 -7.94991941431269e-5 -1.8593019758221866e-5 -0.00011266786457482635],0.3
