L,J,Q,θ,ϕx,ϕy,ϕz,ndims,T,χ,dχdlogT,Λ
23,2.9,0.6180339887498949,0.4487989505128276,0.0,0.0,0.0,3,0.0018873918221350976,[0.6548588985333137 0.0 0.0 0.0; 0.0 0.06578195706930465 -0.006318746889247778 -0.0060921624847635174; 0.0 -0.00631874688924962 0.06645960974970586 -0.006331161674903028; 0.0 -0.0060921624847641844 -0.006331161674907471 0.06584323713481975],[-0.08492325677404342 0.0 0.0 0.0; 0.0 -0.00014787418316294685 -4.287624044208714e-5 -3.584139633890488e-5; 0.0 -4.287624044208559e-5 -0.00014216248631272174 -4.074766001053601e-5; 0.0 -3.5841396338906e-5 -4.0747660010540505e-5 -1.823482359009048e-5],0.3
