L,J,Q,θ,ϕx,ϕy,ϕz,ndims,T,χ,dχdlogT,Λ
23,1.7,0.6180339887498949,0.4487989505128276,0.0,0.0,0.0,3,1.0826367338740543,[0.16297799959500597 0.0 0.0 0.0; 0.0 0.06862145765793572 -0.006207090600097395 -0.006240997333640879; 0.0 -0.006207090600092244 0.06846741260204614 -0.006232274091381919; 0.0 -0.006240997333647723 -0.006232274091380767 0.06846572786169297],[-0.0984283192786102 0.0 0.0 0.0; 0.0 -0.028269083550568876 0.007052053081210465 0.007134382277443387; 0.0 0.007052053081211996 -0.02804319716851943 0.007120385616805946; 0.0 0.007134382277438082 0.007120385616799045 -0.02802938857371937],0.3
