L,J,Q,θ,ϕx,ϕy,ϕz,ndims,T,χ,dχdlogT,Λ
23,0.9,0.6180339887498949,0.4487989505128276,0.0,0.0,0.0,3,0.0853167852417281,[0.49506044874593513 0.0 0.0 0.0; 0.0 0.14595206685550774 -0.03287753605918273 -0.03271683655436142; 0.0 -0.03287753605917959 0.14478439063539464 -0.03236437915828199; 0.0 -0.03271683655433066 -0.03236437915824061 0.14559050290039796],[-0.12879618583399238 0.0 0.0 0.0; 0.0 -0.006352849263123201 0.002069227896473771 0.0020307511794812987; 0.0 0.0020692278964750256 -0.006003723081506985 0.0018822171703730107; 0.0 0.0020307511794797027 0.001882217170373228 -0.006211850121583077],0.3
