L,J,Q,θ,ϕx,ϕy,ϕz,ndims,T,χ,dχdlogT,Λ
23,1.6,0.6180339887498949,0.4487989505128276,0.0,0.0,0.0,3,0.01268961003167922,[0.6513249938718286 0.0 0.0 0.0; 0.0 0.10332608154146418 -0.015881512779654557 -0.016735730392986186; 0.0 -0.015881512779662803 0.10334448379925991 -0.016695074610554535; 0.0 -0.016735730393001618 -0.01669507461055419 0.10315582472446487],[-0.11150735752554526 0.0 0.0 0.0; 0.0 -0.00034315778120911814 -0.0003145120236286997 -0.00024246211776555974; 0.0 -0.0003145120236288607 -0.0004323901048859446 -0.0002864789668280083; 0.0 -0.00024246211776547251 -0.0002864789668280146 -0.0003989423889166921],0.3
