L,J,Q,θ,ϕx,ϕy,ϕz,ndims,T,χ,dχdlogT,Λ
23,2.9,0.6180339887498949,0.4487989505128276,0.0,0.0,0.0,3,0.009236708571873866,[0.5216844965461461 0.0 0.0 0.0; 0.0 0.06555266021668149 -0.005800256299302236 -0.0064562071836488264; 0.0 -0.005800256299302217 0.06480839059996131 -0.006123245855727953; 0.0 -0.006456207183652237 -0.006123245855724423 0.06516154577353375],[-0.07975775588295334 0.0 0.0 0.0; 0.0 -0.00017764532088121503 -9.984023725140909e-5 -5.2555108948971346e-5; 0.0 -9.984023725142446e-5 -0.00027393644102002146 -2.4585756189246043e-5; 0.0 -5.2555108948969035e-5 -2.4585756189245176e-5 -0.00011146502949982252],0.3
