L,J,Q,θ,ϕx,ϕy,ϕz,ndims,T,χ,dχdlogT,Λ
23,0.2,0.6180339887498949,0.4487989505128276,0.0,0.0,0.0,3,0.01268961003167922,[0.7686059640693982 0.0 0.0 0.0; 0.0 0.2948791263201996 -0.0997514874631789 -0.10015352981631793; 0.0 -0.09975148746315439 0.2944695419752378 -0.09967907070411147; 0.0 -0.10015352981629799 -0.09967907070412219 0.29477523838029007],[-0.10437965694808823 0.0 0.0 0.0; 0.0 -0.017440056866774852 0.007358597881031386 0.007798206428956383; 0.0 0.007358597881031032 -0.016877038766154807 0.007196724259004609; 0.0 0.007798206428954158 0.007196724259004185 -0.017269317425466262],0.3
