L,J,Q,θ,ϕx,ϕy,ϕz,ndims,T,χ,dχdlogT,Λ
23,0.3,0.6180339887498949,0.4487989505128276,0.0,0.0,0.0,3,0.30391953823131973,[0.3519785655920116 0.0 0.0 0.0; 0.0 0.16040179567744728 -0.03843991009833085 -0.038430391545560404; 0.0 -0.03843991009837472 0.1603714827504245 -0.038419835702667805; 0.0 -0.0384303915455667 -0.0384198357026481 0.16038934063704732],[-0.14073756441564653 0.0 0.0 0.0; 0.0 -0.05451321470266517 0.02419903517283297 0.024170545574028188; 0.0 0.024199035172832787 -0.05448644504608802 0.024165425266236277; 0.0 0.02417054557404057 0.02416542526623184 -0.05448873494479439],0.3
