L,J,Q,θ,ϕx,ϕy,ϕz,ndims,T,χ,dχdlogT,Λ
23,0.7,0.6180339887498949,0.4487989505128276,0.0,0.0,0.0,3,0.5736152510448679,[0.25629949990973633 0.0 0.0 0.0; 0.0 0.11392783682078224 -0.019751507759362748 -0.01974215078347207; 0.0 -0.01975150775934943 0.11396264072228841 -0.01969345126394249; 0.0 -0.019742150783463034 -0.019693451263930142 0.11388576257689789],[-0.13029877971338222 0.0 0.0 0.0; 0.0 -0.04531751083335467 0.01735623936647069 0.017349575894689277; 0.0 0.01735623936649075 -0.04533692902991308 0.01723750393445818; 0.0 0.01734957589469373 0.017237503934446247 -0.045223119200605295],0.3
