L,J,Q,θ,ϕx,ϕy,ϕz,ndims,T,χ,dχdlogT,Λ
23,1.2,0.6180339887498949,0.4487989505128276,0.0,0.0,0.0,3,0.30391953823131973,[0.31960781992249004 0.0 0.0 0.0; 0.0 0.11307699944684745 -0.020476939468764548 -0.02026799105847061; 0.0 -0.02047693946877537 0.11276864800728661 -0.020181455589543963; 0.0 -0.02026799105845373 -0.020181455589538235 0.11280857889632348],[-0.12108599304079916 0.0 0.0 0.0; 0.0 -0.017250331896858227 0.006881525503952009 0.00664703495893933; 0.0 0.00688152550395415 -0.017052899023601895 0.006576708020362598; 0.0 0.006647034958937369 0.0065767080203654954 -0.016969436828611708],0.3
