L,J,Q,θ,ϕx,ϕy,ϕz,ndims,T,χ,dχdlogT,Λ
23,1.7,0.6180339887498949,0.4487989505128276,0.0,0.0,0.0,3,0.01268961003167922,[0.6381923687619764 0.0 0.0 0.0; 0.0 0.09884955482123346 -0.015439640506887904 -0.015413423799144142; 0.0 -0.015439640506893204 0.09883905049774412 -0.015485719788320315; 0.0 -0.015413423799139238 -0.01548571978832359 0.09910133866148918],[-0.10921928450189697 0.0 0.0 0.0; 0.0 -0.00046584049972351433 -0.00020545237339725117 -0.00019138936826567786; 0.0 -0.00020545237339725386 -0.0003056338832979348 -0.00013541529227797792; 0.0 -0.00019138936826564994 -0.00013541529227791607 -0.0002692920486878393],0.3
