L,J,Q,θ,ϕx,ϕy,ϕz,ndims,T,χ,dχdlogT,Λ
23,2.3,0.6180339887498949,0.4487989505128276,0.0,0.0,0.0,3,7.27895384398315,[0.033627569499064584 0.0 0.0 0.0; 0.0 0.016591393624849727 -9.756240998721963e-5 -9.755003926486053e-5; 0.0 -9.756240998689904e-5 0.01659228920985852 -9.755716446657396e-5; 0.0 -9.755003926477417e-5 -9.755716446580175e-5 0.016592212706082445],[-0.032270442461181034 0.0 0.0 0.0; 0.0 -0.0155005561838746 0.0002736864632847339 0.00027362490468832256; 0.0 0.0002736864632842336 -0.015503043173891923 0.00027366048827738603; 0.0 0.00027362490468766553 0.0002736604882779946 -0.015502761496645858],0.3
