L,J,Q,θ,ϕx,ϕy,ϕz,ndims,T,χ,dχdlogT,Λ
23,0.5,0.6180339887498949,0.4487989505128276,0.0,0.0,0.0,3,0.06210169418915616,[0.5657196737742249 0.0 0.0 0.0; 0.0 0.19760702996854995 -0.05514734384203431 -0.05510760688054599; 0.0 -0.05514734384204528 0.19808282820295642 -0.05533869720479618; 0.0 -0.05510760688056275 -0.05533869720482755 0.1979037938379717],[-0.13704927678972564 0.0 0.0 0.0; 0.0 -0.015093953575402958 0.006212036990048687 0.006058382342332664; 0.0 0.006212036990052228 -0.015250592735203808 0.0062113135994359935; 0.0 0.006058382342334436 0.006211313599437105 -0.01508046564026721],0.3
