L,J,Q,θ,ϕx,ϕy,ϕz,ndims,T,χ,dχdlogT,Λ
23,1.9,0.6180339887498949,0.4487989505128276,0.0,0.0,0.0,3,0.001,[0.8699827061093827 0.0 0.0 0.0; 0.0 0.09220851130359464 -0.012864323429001092 -0.012646536113987056; 0.0 -0.012864323429000776 0.09169158014289852 -0.01273387140726105; 0.0 -0.012646536113990704 -0.012733871407265156 0.09222135724310086],[-0.09916065716275972 0.0 0.0 0.0; 0.0 -0.00010573935576586607 -0.00011561950692436912 -0.00013781218112654688; 0.0 -0.0001156195069243769 -0.0001479780747154448 -0.000207449839779258; 0.0 -0.00013781218112654027 -0.0002074498397792636 -0.00023299799562405337],0.3
