L,J,Q,θ,ϕx,ϕy,ϕz,ndims,T,χ,dχdlogT,Λ
23,0.4,0.6180339887498949,0.4487989505128276,0.0,0.0,0.0,3,3.856620421163471,[0.06269107588803698 0.0 0.0 0.0; 0.0 0.03115417117353175 -0.0006175437851465223 -0.0006175525035816142; 0.0 -0.0006175437851419935 0.031154760462325976 -0.0006175551020607802; 0.0 -0.0006175525035818655 -0.0006175551020606317 0.031154345703318112],[-0.05881563064313194 0.0 0.0 0.0; 0.0 -0.02889070361484943 0.0016687869899502125 0.001668826581988875; 0.0 0.0016687869899502737 -0.028892386609847377 0.0016688385243426283; 0.0 0.0016688265819905504 0.0016688385243436978 -0.02889120361805305],0.3
