L,J,Q,θ,ϕx,ϕy,ϕz,ndims,T,χ,dχdlogT,Λ
23,0.2,0.6180339887498949,0.4487989505128276,0.0,0.0,0.0,3,0.03290344562312668,[0.6596601062973478 0.0 0.0 0.0; 0.0 0.2718285525861425 -0.08971091273818953 -0.08960464325328507; 0.0 -0.08971091273819223 0.27183331912166964 -0.0896020391964685; 0.0 -0.08960464325326928 -0.08960203919643822 0.27165631460216],[-0.12352944869238275 0.0 0.0 0.0; 0.0 -0.032930724792827305 0.015093421941306372 0.015060010020667461; 0.0 0.015093421941311004 -0.0329706244320826 0.015058698814781231; 0.0 0.015060010020672605 0.015058698814780202 -0.03287209386512028],0.3
