L,J,Q,θ,ϕx,ϕy,ϕz,ndims,T,χ,dχdlogT,Λ
23,2.3,0.6180339887498949,0.4487989505128276,0.0,0.0,0.0,3,0.009236708571873866,[0.5863655457928338 0.0 0.0 0.0; 0.0 0.07925528000430257 -0.009160757178213031 -0.00970272214137712; 0.0 -0.009160757178214365 0.07770867846964592 -0.008874567439227706; 0.0 -0.009702722141379396 -0.008874567439218089 0.07818401235797975],[-0.08987712315067517 0.0 0.0 0.0; 0.0 -0.00022922233708887573 -0.00014650265722618928 -0.00013955676959777208; 0.0 -0.00014650265722619639 -0.00019046656118204994 -0.00013809426767133587; 0.0 -0.0001395567695977695 -0.0001380942676713151 -0.00015629348487781756],0.3
