L,J,Q,θ,ϕx,ϕy,ϕz,ndims,T,χ,dχdlogT,Λ
23,2.8,0.6180339887498949,0.4487989505128276,0.0,0.0,0.0,3,10.0,[0.024637719613446872 0.0 0.0 0.0; 0.0 0.012192191569471331 -3.884484784605514e-5 -3.882557057915738e-5; 0.0 -3.884484784605238e-5 0.012192453906616305 -3.883949760185435e-5; 0.0 -3.882557057940198e-5 -3.8839497601307014e-5 0.012190433220763101],[-0.023941092723038227 0.0 0.0 0.0; 0.0 -0.01160363361557347 0.00011125833148068964 0.00011116541578192501; 0.0 0.00011125833147984544 -0.011604427524276748 0.00011123187119910275; 0.0 0.00011116541578157946 0.00011123187119888284 -0.011598727938888125],0.3
