L,J,Q,θ,ϕx,ϕy,ϕz,ndims,T,χ,dχdlogT,Λ
23,2.3,0.6180339887498949,0.4487989505128276,0.0,0.0,0.0,3,0.2212216291070449,[0.2964317129444632 0.0 0.0 0.0; 0.0 0.07529644907483685 -0.008887600438644552 -0.008847219040185024; 0.0 -0.008887600438649227 0.07497204704155631 -0.008708751349828892; 0.0 -0.008847219040185974 -0.008708751349822524 0.07480988324449467],[-0.09171051564054662 0.0 0.0 0.0; 0.0 -0.003746383134236083 0.0010842852189929843 0.0010400828784092896; 0.0 0.00108428521899316 -0.0036083026484011816 0.000990546815954366; 0.0 0.0010400828784088777 0.0009905468159536958 -0.003559310197566315],0.3
