L,J,Q,θ,ϕx,ϕy,ϕz,ndims,T,χ,dχdlogT,Λ
23,2.8,0.6180339887498949,0.4487989505128276,0.0,0.0,0.0,3,0.003562247890262444,[0.6195528611742265 0.0 0.0 0.0; 0.0 0.06783189684883287 -0.0070026618231639704 -0.006894809510634824; 0.0 -0.007002661823161719 0.06825579034656687 -0.006881965349660438; 0.0 -0.006894809510636048 -0.006881965349660388 0.06849865421485873],[-0.08123527717089292 0.0 0.0 0.0; 0.0 -0.00011528614244854803 -5.469212186050302e-5 -7.774819349898065e-5; 0.0 -5.469212186050027e-5 -7.77533516694206e-5 -2.2429168260739023e-5; 0.0 -7.774819349898012e-5 -2.242916826074123e-5 -8.014330827080051e-5],0.3
