L,J,Q,θ,ϕx,ϕy,ϕz,ndims,T,χ,dχdlogT,Λ
23,0.4,0.6180339887498949,0.4487989505128276,0.0,0.0,0.0,3,0.017433288221999882,[0.7415086801354656 0.0 0.0 0.0; 0.0 0.230495794160876 -0.0689825909366445 -0.06943339854900611; 0.0 -0.06898259093664937 0.22941208024556334 -0.06870091638426577; 0.0 -0.06943339854906543 -0.06870091638429247 0.23037577449663008],[-0.13303300046638744 0.0 0.0 0.0; 0.0 -0.005768732553399332 0.0014779721293020135 0.001553793721152443; 0.0 0.0014779721293016537 -0.005398503660726675 0.0013385067631591615; 0.0 0.001553793721153061 0.0013385067631591144 -0.0056965541568103515],0.3
