L,J,Q,θ,ϕx,ϕy,ϕz,ndims,T,χ,dχdlogT,Λ
23,2.1,0.6180339887498949,0.4487989505128276,0.0,0.0,0.0,3,10.0,[0.024738383498903165 0.0 0.0 0.0; 0.0 0.012292530884123298 -3.960057199364816e-5 -3.960045322474191e-5; 0.0 -3.960057199332785e-5 0.012291671209091077 -3.960105278371803e-5; 0.0 -3.9600453224704444e-5 -3.9601052784225174e-5 0.012292484786580108],[-0.02422981414708155 0.0 0.0 0.0; 0.0 -0.011890587031475844 0.00011486737423061898 0.0001148669981297887; 0.0 0.00011486737423058026 -0.011888036377179459 0.00011486966619027833; 0.0 0.00011486699812971775 0.00011486966619011636 -0.011890427970310409],0.3
