L,J,Q,θ,ϕx,ϕy,ϕz,ndims,T,χ,dχdlogT,Λ
23,2.0,0.6180339887498949,0.4487989505128276,0.0,0.0,0.0,3,3.856620421163471,[0.06100824380486862 0.0 0.0 0.0; 0.0 0.029480450803226976 -0.0005416372710696473 -0.0005415248120470919; 0.0 -0.0005416372710704074 0.029454373216604064 -0.0005414075588985543; 0.0 -0.0005415248120466472 -0.0005414075588986835 0.029446615059877994],[-0.05448651057854896 0.0 0.0 0.0; 0.0 -0.024560383278701126 0.0013453106329375925 0.0013449130106468665; 0.0 0.001345310632938279 -0.024492216579861763 0.001344488471569849; 0.0 0.0013449130106480836 0.0013444884715678742 -0.024475014089576027],0.3
