L,J,Q,θ,ϕx,ϕy,ϕz,ndims,T,χ,dχdlogT,Λ
23,0.3,0.6180339887498949,0.4487989505128276,0.0,0.0,0.0,3,0.003562247890262444,[0.9284374595775041 0.0 0.0 0.0; 0.0 0.2656759944493645 -0.08423047314665363 -0.08409376899365284; 0.0 -0.08423047314663946 0.26440541576097876 -0.08369995504294087; 0.0 -0.08409376899365886 -0.08369995504294662 0.264908675170913],[-0.11844841246115052 0.0 0.0 0.0; 0.0 -0.002065880077220094 -0.00018845073299653822 -0.0004957462698024086; 0.0 -0.00018845073299651318 -0.0015676950087609286 -0.00039621401191177006; 0.0 -0.000495746269802371 -0.0003962140119117446 -0.0015831716163215662],0.3
