L,J,Q,θ,ϕx,ϕy,ϕz,ndims,T,χ,dχdlogT,Λ
23,0.0,0.6180339887498949,0.4487989505128276,0.0,0.0,0.0,3,0.006723357536499335,[0.8177900302331398 0.0 0.0 0.0; 0.0 0.3875629748658639 -0.14559321780111079 -0.1455932178011113; 0.0 -0.14559321780111528 0.38756297486586 -0.1455932178011094; 0.0 -0.14559321780111498 -0.14559321780111628 0.387562974865863],[-0.14497629203665258 0.0 0.0 0.0; 0.0 -0.0873810857878991 0.04219084581874802 0.042190845818747505; 0.0 0.04219084581874745 -0.0873810857878986 0.0421908458187477; 0.0 0.042190845818747325 0.04219084581874732 -0.08738108578789913],0.3
