L,J,Q,θ,ϕx,ϕy,ϕz,ndims,T,χ,dχdlogT,Λ
23,1.1,0.6180339887498949,0.4487989505128276,0.0,0.0,0.0,3,0.11721022975334802,[0.440614587093076 0.0 0.0 0.0; 0.0 0.1284032602242441 -0.026040862538860926 -0.026188929864791606; 0.0 -0.02604086253885573 0.12918348850076025 -0.026376646716991893; 0.0 -0.026188929864797025 -0.026376646716991175 0.12854333246664323],[-0.12284300991165435 0.0 0.0 0.0; 0.0 -0.005964401736356243 0.0019849509730534708 0.0020510911911017326; 0.0 0.0019849509730528077 -0.006244159656190219 0.002153343163830872; 0.0 0.002051091191100077 0.0021533431638316365 -0.006188569421193547],0.3
