L,J,Q,θ,ϕx,ϕy,ϕz,ndims,T,χ,dχdlogT,Λ
23,1.7,0.6180339887498949,0.4487989505128276,0.0,0.0,0.0,3,0.0853167852417281,[0.43166490583876477 0.0 0.0 0.0; 0.0 0.09706130572302059 -0.015242577922856817 -0.015244140619284337; 0.0 -0.015242577922851922 0.0971086611771581 -0.015418687617962203; 0.0 -0.015244140619281806 -0.01541868761796645 0.09772244537301042],[-0.10746904471837507 0.0 0.0 0.0; 0.0 -0.0017052582994676526 0.0004085612032705323 0.0003762207134868262; 0.0 0.0004085612032704033 -0.0018076785835355713 0.00035596689828350486; 0.0 0.00037622071348673055 0.0003559668982834902 -0.0018280195825263995],0.3
