L,J,Q,θ,ϕx,ϕy,ϕz,ndims,T,χ,dχdlogT,Λ
23,2.6,0.6180339887498949,0.4487989505128276,0.0,0.0,0.0,3,0.16102620275609392,[0.31285357150274007 0.0 0.0 0.0; 0.0 0.07016868317165886 -0.007546591894277758 -0.008096263420695794; 0.0 -0.0075465918942763605 0.06961175156527677 -0.007406985565061826; 0.0 -0.00809626342069668 -0.007406985565059028 0.0701738580848774],[-0.08729695515007349 0.0 0.0 0.0; 0.0 -0.0022378329159187466 0.0005633539761320489 0.0007553884862538978; 0.0 0.0005633539761316941 -0.0021190883951231476 0.00044354716956126463; 0.0 0.0007553884862544361 0.00044354716956122923 -0.0023189928976110217],0.3
