L,J,Q,θ,μ,ϕx,ϕy,ϕz,ndims,T,Λ,χ_dwave,dχdlogT_dwave,χ_pwave,dχdlogT_pwave
23,1.0,0.6180339887498949,0.4487989505128276,0.75,2.0229416505316715,5.371743502297404,0.6056970094929207,3,0.004641588833612777,0.3,[0.5776877162181773 0.0 0.0 0.0; 0.0 0.03720170059276731 -0.013385317925855178 -0.015003748442187468; 0.0 -0.013385317925855109 0.02441802854956611 -0.00793584653737603; 0.0 -0.015003748442187178 -0.00793584653737612 0.03187331187988897],[-0.13984831097946884 0.0 0.0 0.0; 0.0 -0.001905265705857227 0.0005718600710790155 0.0006252624033530579; 0.0 0.0005718600710790101 -0.001572199137499075 0.00033902901705585995; 0.0 0.0006252624033530533 0.0003390290170558634 -0.0027149384526291846],[-2.636836178139789e-18 0.0 0.0 0.0; 0.0 0.026122746275102464 -0.006109354546864563 0.0004634045229522899; 0.0 -0.006109354546864477 0.0244931840937786 0.002181619218104449; 0.0 0.0004634045229522744 0.0021816192181043576 0.023757682175464433],[-5.662233168211185e-19 0.0 0.0 0.0; 0.0 -0.0017048045062809502 0.00023918092432800367 -6.65004072892636e-5; 0.0 0.0002391809243280026 -0.0009811082713621884 -0.00031723991445963326; 0.0 -6.650040728926181e-5 -0.0003172399144596109 -0.00105594944254912]
