L,J,Q,θ,μ,ϕx,ϕy,ϕz,ndims,T,Λ,χ_dwave,dχdlogT_dwave,χ_pwave,dχdlogT_pwave
23,0.05,0.6180339887498949,0.4487989505128276,0.75,5.2759666248411525,5.216572709691631,2.2183578985492427,3,0.0016681005372000592,0.3,[0.7699347230322885 0.0 0.0 0.0; 0.0 0.30389177524012284 -0.13664551671024333 -0.1347074300180943; 0.0 -0.13664551671024333 0.31494193337685616 -0.14895819286988368; 0.0 -0.13470743001809438 -0.14895819286988368 0.32687088729263064],[-0.1636465069770529 0.0 0.0 0.0; 0.0 -0.040629272604030736 0.022853466959025355 0.008857103983547566; 0.0 0.02285346695902537 -0.06804985582990696 0.04429720984415939; 0.0 0.00885710398354756 0.04429720984415941 -0.06506447917442142],[-8.14329292206358e-18 0.0 0.0 0.0; 0.0 0.42994447771360633 -0.0485966323833334 -0.0928383478274331; 0.0 -0.048596632383333394 0.4133275922489232 0.006055282249726907; 0.0 -0.09283834782743315 0.006055282249726909 0.40543920093924035],[1.5487966215354114e-18 0.0 0.0 0.0; 0.0 -0.10965686007099097 0.020593891382183073 0.05415676004568939; 0.0 0.020593891382183076 -0.08218469937844315 0.000927613696689677; 0.0 0.054156760045689374 0.0009276136966896736 -0.08623884226333182]
