L,J,Q,θ,μ,ϕx,ϕy,ϕz,ndims,T,χ,dχdlogT,Λ
23,0.8,0.6180339887498949,0.4487989505128276,0.75,0.8506012360229415,5.036710268820654,2.5032169644691042,3,0.007742636826811269,[0.4968204288459032 0.0 0.0 0.0; 0.0 0.04963907944844403 -0.01813557704087339 -0.0207072006471731; 0.0 -0.018135577040872878 0.03995397171522726 -0.015392810881416474; 0.0 -0.020707200647173237 -0.01539281088141599 0.04691734473320983],[-0.1270713392714541 0.0 0.0 0.0; 0.0 -0.007165076872073778 0.002278085269151088 0.0025282520130836157; 0.0 0.0022780852691508704 -0.005767378492858153 0.0023914798096819545; 0.0 0.0025282520130835064 0.0023914798096818348 -0.007903971275387845],0.3
