L,J,Q,θ,μ,ϕx,ϕy,ϕz,ndims,T,Λ,χ_dwave,dχdlogT_dwave,χ_pwave,dχdlogT_pwave
23,0.15,0.6180339887498949,0.4487989505128276,0.75,6.043674416402162,2.160866292828208,3.5422051391873537,3,0.4641588833612779,0.3,[0.04360411426858844 0.0 0.0 0.0; 0.0 0.01722949828150775 -0.0074525339064752645 -0.007965359319289553; 0.0 -0.007452533906475272 0.016998237281869708 -0.007719545869730089; 0.0 -0.007965359319289557 -0.007719545869730083 0.01749206601511313],[-0.042739622826169894 0.0 0.0 0.0; 0.0 -0.016846739996089287 0.007284622303418467 0.007787909040339242; 0.0 0.007284622303418464 -0.016609481816290458 0.007537556202077433; 0.0 0.007787909040339237 0.007537556202077429 -0.017094466935349745],[3.316515636639165e-19 0.0 0.0 0.0; 0.0 0.022333189150371264 -0.0004697868672028574 -0.0003647435682273904; 0.0 -0.00046978686720285947 0.021879736599747516 0.00011725574395314845; 0.0 -0.00036474356822739244 0.00011725574395314857 0.022029482559479906],[-3.1715189633192153e-19 0.0 0.0 0.0; 0.0 -0.021876417106962122 0.00045070050098999917 0.0003575927553968664; 0.0 0.0004507005009899991 -0.02142273682908313 -0.00010248085000072449; 0.0 0.0003575927553968667 -0.0001024808500007257 -0.021571796188456487]
