L,J,Q,θ,μ,ϕx,ϕy,ϕz,ndims,T,Λ,χ_dwave,dχdlogT_dwave,χ_pwave,dχdlogT_pwave
23,0.7,0.6180339887498949,0.4487989505128276,0.75,2.0229416505316715,5.371743502297404,0.6056970094929207,3,0.01291549665014884,0.3,[0.4245465067428107 0.0 0.0 0.0; 0.0 0.0548604087775522 -0.018019805727633 -0.02422737716140658; 0.0 -0.018019805727632992 0.044273312777649766 -0.018327208104795795; 0.0 -0.02422737716140677 -0.018327208104796315 0.05108447885402365],[-0.11806695245888657 0.0 0.0 0.0; 0.0 -0.011608700305404734 0.002499097941171396 0.005486694025323397; 0.0 0.0024990979411712642 -0.007454868503063675 0.0030784271535917278; 0.0 0.005486694025323353 0.003078427153591747 -0.010550302869729695],[-5.020562685938119e-18 0.0 0.0 0.0; 0.0 0.05559576358618773 -0.012205044101699102 0.0006730859117606162; 0.0 -0.012205044101699277 0.05088825316412555 0.00291559961660539; 0.0 0.0006730859117607134 0.0029155996166055436 0.049147108665165244],[5.669736947046018e-19 0.0 0.0 0.0; 0.0 -0.0086083119878649 0.001479385696187979 -0.002393970604428499; 0.0 0.001479385696188019 -0.009147428038917325 -5.246298546640172e-5; 0.0 -0.0023939706044286344 -5.246298546639748e-5 -0.008535427748386103]
