L,J,Q,θ,μ,ϕx,ϕy,ϕz,ndims,T,Λ,χ_dwave,dχdlogT_dwave,χ_pwave,dχdlogT_pwave
23,1.15,0.6180339887498949,0.4487989505128276,0.75,1.7147032833659617,1.1033524487318418,0.8149814849990139,3,0.004641588833612777,0.3,[0.4905118835217919 0.0 0.0 0.0; 0.0 0.02666272048239549 -0.009461394364481554 -0.01059693880445133; 0.0 -0.009461394364482139 0.01537530170195207 -0.00408595528043173; 0.0 -0.010596938804450845 -0.004085955280431736 0.0214791844652031],[-0.10660022278577533 0.0 0.0 0.0; 0.0 -0.0014293197204101227 0.0004863978555143401 4.950756518466916e-5; 0.0 0.0004863978555143638 -0.0006192407645356874 -3.419159200012137e-5; 0.0 4.950756518467123e-5 -3.4191592000119965e-5 -0.0010763911128866134],[-6.174439341507825e-18 0.0 0.0 0.0; 0.0 0.01474725423503047 -0.004365355268508743 -0.0005318381637045495; 0.0 -0.0043653552685087305 0.016249108263995365 0.0014824064204208298; 0.0 -0.0005318381637045608 0.0014824064204208738 0.014779800650900668],[1.9703542822968937e-18 0.0 0.0 0.0; 0.0 -0.00040306091068384014 0.00017981757514199176 -0.00013710630862120312; 0.0 0.00017981757514199217 -0.0003479501231531157 4.099225026786523e-5; 0.0 -0.00013710630862120253 4.099225026786655e-5 -0.0003865813732689709]
