L,J,Q,θ,μ,ϕx,ϕy,ϕz,ndims,T,Λ,χ_dwave,dχdlogT_dwave,χ_pwave,dχdlogT_pwave
23,0.3,0.6180339887498949,0.4487989505128276,0.75,1.844230068945385,1.1274623114571236,4.291057478636419,3,0.021544346900318832,0.3,[0.3828517105241369 0.0 0.0 0.0; 0.0 0.10232407389060408 -0.03893364980989473 -0.04857022079523754; 0.0 -0.038933649809894826 0.09651948477279103 -0.04354363213300874; 0.0 -0.04857022079523861 -0.04354363213300874 0.10429184094636505],[-0.13862019381428464 0.0 0.0 0.0; 0.0 -0.029933174367974595 0.01026001188968116 0.014242158771348205; 0.0 0.010260011889681403 -0.029010379533620637 0.013590930956489977; 0.0 0.0142421587713481 0.013590930956490077 -0.031673689431746824],[2.1008937812794066e-18 0.0 0.0 0.0; 0.0 0.13996973193558115 -0.018385868379730604 -0.021394023362827953; 0.0 -0.018385868379730747 0.12690074842716753 0.0094852859698232; 0.0 -0.021394023362827863 0.009485285969823199 0.12763661223938194],[-1.2692352551955738e-18 0.0 0.0 0.0; 0.0 -0.04471689404072005 0.008555904712777953 0.013164431715248424; 0.0 0.008555904712777809 -0.03953654933525309 -0.009036447532413018; 0.0 0.013164431715248203 -0.009036447532413054 -0.03854468728112432]
