L,J,Q,θ,μ,ϕx,ϕy,ϕz,ndims,T,Λ,χ_dwave,dχdlogT_dwave,χ_pwave,dχdlogT_pwave
23,1.25,0.6180339887498949,0.4487989505128276,0.75,1.844230068945385,1.1274623114571236,4.291057478636419,3,0.0027825594022071257,0.3,[0.509517241458178 0.0 0.0 0.0; 0.0 0.022686929155112535 -0.007497591450778906 -0.008952226533275843; 0.0 -0.007497591450779104 0.011825084703770965 -0.0027627656480094594; 0.0 -0.008952226533275463 -0.0027627656480094767 0.018327957117996348],[-0.10805487338382572 0.0 0.0 0.0; 0.0 -0.001071030191164827 6.203158483873282e-5 -0.000217356299453474; 0.0 6.203158483873364e-5 -7.147776863036634e-5 -1.926123284202641e-5; 0.0 -0.00021735629945347264 -1.9261232842026205e-5 -0.0007770083758636074],[-4.447339718420001e-18 0.0 0.0 0.0; 0.0 0.011304716220614335 -0.003470065718555816 -0.0008628113080919133; 0.0 -0.003470065718555875 0.013511331719930967 0.001167416061614035; 0.0 -0.0008628113080919561 0.0011674160616140063 0.011315302387358348],[2.1013646095016754e-18 0.0 0.0 0.0; 0.0 -0.00020333976683031976 2.1807664330249015e-5 -5.2287803350445875e-5; 0.0 2.1807664330249062e-5 -0.00020937521740930807 -4.4284234459332664e-5; 0.0 -5.228780335044584e-5 -4.428423445933379e-5 -0.00018895019686049686]
