L,J,Q,θ,μ,ϕx,ϕy,ϕz,ndims,T,Λ,χ_dwave,dχdlogT_dwave,χ_pwave,dχdlogT_pwave
23,1.0,0.6180339887498949,0.4487989505128276,0.75,1.7005541423631445,4.403849274532622,1.4969214751554831,3,0.021544346900318832,0.3,[0.35779058522304286 0.0 0.0 0.0; 0.0 0.030477814978749542 -0.010750419243633845 -0.01329848230266272; 0.0 -0.010750419243633926 0.02063771653593036 -0.007211304499783553; 0.0 -0.013298482302662427 -0.007211304499783604 0.026556274478190596],[-0.1378574825092568 0.0 0.0 0.0; 0.0 -0.0067329706603330595 0.0021010610971324128 0.002828964353589988; 0.0 0.0021010610971324705 -0.0034045864114275815 0.0007519539631111574; 0.0 0.0028289643535900394 0.0007519539631111805 -0.005123859376174348],[2.693331071222861e-18 0.0 0.0 0.0; 0.0 0.02192455437377781 -0.005418257934558914 -6.020682651075193e-6; 0.0 -0.005418257934558974 0.02189100381828787 0.0015358009313254555; 0.0 -6.020682651062064e-6 0.0015358009313254125 0.020415799520021816],[-5.959245629722796e-19 0.0 0.0 0.0; 0.0 -0.0032871468956871207 0.0006971110608973446 -0.0006116064388840747; 0.0 0.0006971110608973294 -0.002898006996467288 -0.00029934396705448335; 0.0 -0.0006116064388840499 -0.00029934396705449826 -0.0032443473366248064]
