L,J,Q,θ,μ,ϕx,ϕy,ϕz,ndims,T,Λ,χ_dwave,dχdlogT_dwave,χ_pwave,dχdlogT_pwave
23,1.25,0.6180339887498949,0.4487989505128276,0.75,1.844230068945385,1.1274623114571236,4.291057478636419,3,0.007742636826811269,0.3,[0.40293123761623734 0.0 0.0 0.0; 0.0 0.021384478865479582 -0.007350065297987556 -0.009048324179497129; 0.0 -0.007350065297987281 0.011648575012830597 -0.002762189799456947; 0.0 -0.00904832417949683 -0.0027621897994570114 0.017433562271497418],[-0.1003529926641459 0.0 0.0 0.0; 0.0 -0.0015824766946872808 0.00027968433300608466 7.574614895838954e-5; 0.0 0.00027968433300607344 -0.0003135098749603221 1.1151468555864445e-6; 0.0 7.574614895839404e-5 1.1151468555864777e-6 -0.0009855856965356425],[-1.9671109619555775e-18 0.0 0.0 0.0; 0.0 0.010996955727151907 -0.0034256015145865326 -0.0009383202121568076; 0.0 -0.003425601514586465 0.01317734076794705 0.0010692636299533026; 0.0 -0.0009383202121568003 0.0010692636299533607 0.011037333110865846],[2.471888569037302e-18 0.0 0.0 0.0; 0.0 -0.000407117787175626 9.228921787923319e-5 -9.141817833885022e-5; 0.0 9.228921787923631e-5 -0.0004708682503944275 -0.0001499188788027324; 0.0 -9.141817833884582e-5 -0.0001499188788027352 -0.0003743486017250989]
