L,J,Q,θ,μ,ϕx,ϕy,ϕz,ndims,T,Λ,χ_dwave,dχdlogT_dwave,χ_pwave,dχdlogT_pwave
23,0.95,0.6180339887498949,0.4487989505128276,0.75,4.108575757591687,4.541751602016311,2.0408036799157285,3,0.004641588833612777,0.3,[0.5789186066222356 0.0 0.0 0.0; 0.0 0.040784259482592386 -0.014474109566772536 -0.017516563428245202; 0.0 -0.014474109566773027 0.02857808626531159 -0.00982021563004783; 0.0 -0.017516563428246264 -0.009820215630048323 0.03728965546626045],[-0.14214872648380086 0.0 0.0 0.0; 0.0 -0.0032231290865757578 0.0008833199531580404 0.0015654720277856688; 0.0 0.0008833199531580509 -0.0022612607354332574 0.00040546030329102745; 0.0 0.001565472027785701 0.0004054603032910315 -0.004463115061655709],[3.9728368752879786e-18 0.0 0.0 0.0; 0.0 0.03151717867777714 -0.0073777849319331896 0.0007626493586073659; 0.0 -0.007377784931933045 0.029383408809030502 0.0016597812325558218; 0.0 0.0007626493586073867 0.0016597812325558363 0.028108457631492684],[1.149733500280919e-18 0.0 0.0 0.0; 0.0 -0.003207240000771818 0.0002970602008515137 -0.0003714643831868481; 0.0 0.00029706020085152723 -0.0018860062640959562 0.00020778101852362912; 0.0 -0.0003714643831868564 0.00020778101852363286 -0.0019336861488863971]
