L,J,Q,θ,μ,ϕx,ϕy,ϕz,ndims,T,Λ,χ_dwave,dχdlogT_dwave,χ_pwave,dχdlogT_pwave
23,1.0,0.6180339887498949,0.4487989505128276,0.75,5.106330914882206,0.20684903641207408,4.563814702367097,3,0.0027825594022071257,0.3,[0.6493204695500668 0.0 0.0 0.0; 0.0 0.038674436229274294 -0.013732016134271555 -0.01648766437145318; 0.0 -0.01373201613427201 0.0251486368895932 -0.007784245318607185; 0.0 -0.01648766437145349 -0.007784245318607427 0.034785038756679446],[-0.14060580419228402 0.0 0.0 0.0; 0.0 -0.0017608817147546265 0.0009829178646927259 0.0005954583607941748; 0.0 0.0009829178646926894 -0.0014137078469996765 -9.83020521157354e-5; 0.0 0.000595458360794207 -9.830205211573855e-5 -0.0029048678716691047],[-4.288062422999686e-18 0.0 0.0 0.0; 0.0 0.026165020502847393 -0.006769142243889777 -0.0005731602252777297; 0.0 -0.006769142243889426 0.026097213650545625 0.002209658589652036; 0.0 -0.000573160225277739 0.0022096585896520743 0.025341608736756848],[2.4107848895347353e-19 0.0 0.0 0.0; 0.0 -0.0007192079561492737 0.0003130523764438219 0.00034530982081422846; 0.0 0.0003130523764438292 -0.0007752285455038931 -0.00022530847752386075; 0.0 0.0003453098208142404 -0.0002253084775238636 -0.0012192408791599242]
