L,J,Q,θ,μ,ϕx,ϕy,ϕz,ndims,T,Λ,χ_dwave,dχdlogT_dwave,χ_pwave,dχdlogT_pwave
23,0.4,0.6180339887498949,0.4487989505128276,0.75,6.043674416402162,2.160866292828208,3.5422051391873537,3,1.2915496650148839,0.3,[0.01621851685763225 0.0 0.0 0.0; 0.0 0.004401435558272736 -0.001668819637874741 -0.0021135980418584828; 0.0 -0.0016688196378747586 0.00399227109467658 -0.0018104234933884404; 0.0 -0.0021135980418584568 -0.001810423493388392 0.004421960579625001],[-0.016169343754551358 0.0 0.0 0.0; 0.0 -0.004383291964537837 0.0016614930403322122 0.002104779339646723; 0.0 0.0016614930403322673 -0.0039758842905683826 0.0018029912344651624; 0.0 0.002104779339646731 0.0018029912344651397 -0.0044040484491919205],[7.51150769872164e-20 0.0 0.0 0.0; 0.0 0.005775219951516637 -0.0004889498581059913 -0.00038923835402999903; 0.0 -0.0004889498581059956 0.005304216058562802 2.0804890211897964e-5; 0.0 -0.0003892383540300057 2.080489021190034e-5 0.005310936491067221],[-7.52115944434451e-20 0.0 0.0 0.0; 0.0 -0.005751645279624816 0.0004898285883572687 0.0003887265584356185; 0.0 0.0004898285883572635 -0.005281072210641832 -2.1286884279391247e-5; 0.0 0.0003887265584356137 -2.1286884279393337e-5 -0.005287785435949843]
