L,J,Q,θ,μ,ϕx,ϕy,ϕz,ndims,T,Λ,χ_dwave,dχdlogT_dwave,χ_pwave,dχdlogT_pwave
23,0.6,0.6180339887498949,0.4487989505128276,0.75,3.7152326662553454,5.721680001447781,0.41513891803668856,3,0.001,0.3,[0.6977783369544658 0.0 0.0 0.0; 0.0 0.07909804511075562 -0.030894701921864685 -0.031868771085255904; 0.0 -0.030894701921863988 0.08204029953877265 -0.03131729607604427; 0.0 -0.031868771085258304 -0.03131729607604451 0.08047110400188735],[-0.081979100006663 0.0 0.0 0.0; 0.0 -0.004293194778906185 0.0004405140993127238 0.0013491660681099406; 0.0 0.00044051409931272 -0.0038906354004237596 0.0019636040051029323; 0.0 0.0013491660681099072 0.0019636040051029635 -0.0062386753377783365],[-1.1589676787639752e-17 0.0 0.0 0.0; 0.0 0.10670179309906574 -0.016412698084353243 -0.014472003947955982; 0.0 -0.016412698084352858 0.10074483126683886 -0.009010601716785359; 0.0 -0.014472003947956374 -0.009010601716785659 0.10141352894227038],[2.225775400045606e-18 0.0 0.0 0.0; 0.0 -0.00594324732515308 0.0010353380469140065 0.0019336254928481703; 0.0 0.001035338046914014 -0.008472700178595508 0.004496824466854614; 0.0 0.001933625492848144 0.004496824466854664 -0.008340647532249376]
