L,J,Q,θ,μ,ϕx,ϕy,ϕz,ndims,T,Λ,χ_dwave,dχdlogT_dwave,χ_pwave,dχdlogT_pwave
23,0.05,0.6180339887498949,0.4487989505128276,0.75,0.9733982670131992,1.073358718003868,2.417443956247186,3,0.001,0.3,[0.7946809308405626 0.0 0.0 0.0; 0.0 0.336633384982213 -0.15852211496707735 -0.1312901661888931; 0.0 -0.15852211496707735 0.3504575872271358 -0.1596960904335426; 0.0 -0.13129016618889314 -0.15969609043354266 0.321439929108631],[-0.15850856810212405 0.0 0.0 0.0; 0.0 -0.061607297822247845 0.03795970959743838 0.01251099786604089; 0.0 0.03795970959743836 -0.0761182625143629 0.03248847068256237; 0.0 0.012510997866040874 0.03248847068256237 -0.04950819245788042],[7.747490243386898e-18 0.0 0.0 0.0; 0.0 0.4132356905608988 -0.018842531426701645 -0.06581223068249546; 0.0 -0.018842531426701656 0.3975889739131021 0.018000099415268464; 0.0 -0.06581223068249543 0.018000099415268433 0.4336871306030909],[6.000456340729789e-19 0.0 0.0 0.0; 0.0 -0.07422294247347613 0.02227358813687226 0.034108452843529646; 0.0 0.022273588136872278 -0.06611454032412391 0.0037126009722790294; 0.0 0.03410845284352965 0.0037126009722790445 -0.099744073406048]
