L,J,Q,θ,μ,ϕx,ϕy,ϕz,ndims,T,Λ,χ_dwave,dχdlogT_dwave,χ_pwave,dχdlogT_pwave
23,0.2,0.6180339887498949,0.4487989505128276,0.75,5.108608070790224,2.6269203188545354,3.014007765852682,3,0.1,0.3,[0.17464567126814065 0.0 0.0 0.0; 0.0 0.06278632525144777 -0.026827102863581465 -0.029016350615846374; 0.0 -0.026827102863581438 0.06088084215451864 -0.027095117758648785; 0.0 -0.029016350615846363 -0.027095117758648802 0.0632415904829726],[-0.12850423530611374 0.0 0.0 0.0; 0.0 -0.04357447055066275 0.017504844384346418 0.020962204939469976; 0.0 0.017504844384346428 -0.041639217838957646 0.01903927509367827; 0.0 0.020962204939469962 0.019039275093678285 -0.044960104072076006],[6.083265437741205e-20 0.0 0.0 0.0; 0.0 0.08219731002853893 -0.004261051410812042 -0.0024166351380964088; 0.0 -0.004261051410812041 0.07863620165534478 -0.00018074512931734476; 0.0 -0.0024166351380964096 -0.00018074512931734197 0.07968977305008197],[-1.0262026069327735e-19 0.0 0.0 0.0; 0.0 -0.058751339047125435 0.007485843666637894 0.002903475057222709; 0.0 0.007485843666637896 -0.055685471648979724 -0.0002673375167574254; 0.0 0.0029034750572227127 -0.0002673375167574286 -0.055113536208013056]
