L,J,Q,θ,μ,ϕx,ϕy,ϕz,ndims,T,Λ,χ_dwave,dχdlogT_dwave,χ_pwave,dχdlogT_pwave
23,0.5,0.6180339887498949,0.4487989505128276,0.75,0.9733982670131992,1.073358718003868,2.417443956247186,3,0.007742636826811269,0.3,[0.4751167179032957 0.0 0.0 0.0; 0.0 0.08678016124529518 -0.02785147229207804 -0.039959614208426406; 0.0 -0.027851472292078832 0.07601618991548191 -0.03486754063449098; 0.0 -0.03995961420842609 -0.0348675406344899 0.08331250854276014],[-0.1075768799622467 0.0 0.0 0.0; 0.0 -0.016051201018652025 0.003354500994643068 0.007077938559239489; 0.0 0.0033545009946430162 -0.013985262545198997 0.008517410817818911; 0.0 0.007077938559239663 0.00851741081781856 -0.01646480474731989],[-8.874661355996452e-19 0.0 0.0 0.0; 0.0 0.10212121010181144 -0.019079817563247094 -0.007555396168085043; 0.0 -0.019079817563247177 0.09131217212584314 0.015193446802315793; 0.0 -0.0075553961680848505 0.015193446802314901 0.0905420156584374],[2.6021405781796028e-20 0.0 0.0 0.0; 0.0 -0.017883613054679417 0.003019201828073095 0.001132878076057063; 0.0 0.0030192018280730238 -0.015517863100418484 -0.005496009213176965; 0.0 0.0011328780760570796 -0.00549600921317714 -0.015726063760754423]
