L,J,Q,θ,μ,ϕx,ϕy,ϕz,ndims,T,Λ,χ_dwave,dχdlogT_dwave,χ_pwave,dχdlogT_pwave
23,0.35,0.6180339887498949,0.4487989505128276,0.75,1.844230068945385,1.1274623114571236,4.291057478636419,3,0.03593813663804628,0.3,[0.31084415537112775 0.0 0.0 0.0; 0.0 0.07853041984243145 -0.02904042890988439 -0.03794408213311168; 0.0 -0.029040428909884595 0.0726129087984492 -0.03279135726924713; 0.0 -0.03794408213311157 -0.03279135726924759 0.0803293343407891],[-0.13723337663304572 0.0 0.0 0.0; 0.0 -0.028195585553539803 0.008657862093532809 0.01414457127754279; 0.0 0.008657862093533008 -0.024668531622692842 0.011140609757147084; 0.0 0.014144571277542662 0.0111406097571475 -0.028657458249054305],[4.4123927836077e-18 0.0 0.0 0.0; 0.0 0.10622716333025499 -0.015077434552887268 -0.012892085857349049; 0.0 -0.015077434552887252 0.09579658741074136 0.005278416491497964; 0.0 -0.012892085857349042 0.005278416491497874 0.09533245663201055],[-1.6486785308242099e-18 0.0 0.0 0.0; 0.0 -0.03942780114466895 0.008353164125003637 0.010425541168445058; 0.0 0.008353164125004194 -0.03597590462110801 -0.007754921812328794; 0.0 0.010425541168445253 -0.007754921812328953 -0.033764850351320874]
