L,J,Q,θ,μ,ϕx,ϕy,ϕz,ndims,T,Λ,χ_dwave,dχdlogT_dwave,χ_pwave,dχdlogT_pwave
23,0.7,0.6180339887498949,0.4487989505128276,0.75,4.108575757591687,4.541751602016311,2.0408036799157285,3,0.004641588833612777,0.3,[0.5769090758436551 0.0 0.0 0.0; 0.0 0.06347001517505677 -0.021454110115881605 -0.029755352405107773; 0.0 -0.02145411011588212 0.05634825809700844 -0.022089554511018065; 0.0 -0.029755352405107068 -0.02208955451101837 0.0637634278231827],[-0.13820264363386972 0.0 0.0 0.0; 0.0 -0.009617460716902155 0.0008663654323915745 0.0061743416782305445; 0.0 0.0008663654323915459 -0.007381686277505413 0.003216512899311533; 0.0 0.006174341678230598 0.0032165128993116234 -0.011103655915737573],[-4.1749117576504626e-19 0.0 0.0 0.0; 0.0 0.07104199817480478 -0.016631285868099602 -0.001825996069857596; 0.0 -0.016631285868099227 0.06288258389587385 0.006865011849959537; 0.0 -0.0018259960698577872 0.0068650118499595444 0.0606303659422155],[2.775822882695474e-18 0.0 0.0 0.0; 0.0 -0.009927306184074355 0.00150065668827566 0.0003215585062480813; 0.0 0.0015006566882756489 -0.008773024693437041 -0.00232931808620499; 0.0 0.00032155850624807 -0.002329318086204995 -0.009049936703732915]
