L,J,Q,θ,μ,ϕx,ϕy,ϕz,ndims,T,Λ,χ_dwave,dχdlogT_dwave,χ_pwave,dχdlogT_pwave
23,0.1,0.6180339887498949,0.4487989505128276,0.75,1.573530448848193,4.436680002802441,0.6352908892784268,3,0.001,0.3,[0.8232463996963058 0.0 0.0 0.0; 0.0 0.2922603755876641 -0.1202011002876372 -0.12654906233721758; 0.0 -0.12020110028763713 0.27543619571993394 -0.13609255382730392; 0.0 -0.12654906233721763 -0.13609255382730392 0.30486071352000765],[-0.1430709154681117 0.0 0.0 0.0; 0.0 -0.04758756743098082 0.018018879249333226 0.019839794018485887; 0.0 0.018018879249333215 -0.03429554108042072 0.016716876016619954; 0.0 0.019839794018485887 0.016716876016619937 -0.04531510448771773],[4.5453216523515775e-18 0.0 0.0 0.0; 0.0 0.38057653725486396 -0.07524543543953809 0.00019671814758993333; 0.0 -0.07524543543953803 0.397238255769044 -0.011728099901035051; 0.0 0.0001967181475899635 -0.011728099901035061 0.40327775595051446],[-4.094419133000881e-18 0.0 0.0 0.0; 0.0 -0.05034245188472672 0.030353061359336523 0.02471440476258421; 0.0 0.03035306135933653 -0.07287782502919683 -0.00943101572854884; 0.0 0.0247144047625842 -0.009431015728548818 -0.07524068564477622]
