L,J,Q,θ,μ,ϕx,ϕy,ϕz,ndims,T,Λ,χ_dwave,dχdlogT_dwave,χ_pwave,dχdlogT_pwave
23,1.0,0.6180339887498949,0.4487989505128276,0.75,2.0229416505316715,5.371743502297404,0.6056970094929207,3,0.0027825594022071257,0.3,[0.6489009943792404 0.0 0.0 0.0; 0.0 0.037898453129601016 -0.013540877402489894 -0.015279835334122957; 0.0 -0.013540877402489606 0.02509337925271378 -0.008077674538979895; 0.0 -0.01527983533412271 -0.008077674538979479 0.033173373168384195],[-0.13882774322383998 0.0 0.0 0.0; 0.0 -0.00092165993036853 9.828236322514522e-5 0.0004544370861226773; 0.0 9.828236322514951e-5 -0.0010999517453393942 0.00021166689290314566; 0.0 0.00045443708612268225 0.0002116668929031462 -0.0023714095968213446],[-1.7113837650094063e-18 0.0 0.0 0.0; 0.0 0.02694525600978783 -0.006218526161242578 0.00048576213913795375; 0.0 -0.006218526161242469 0.024915836900687223 0.002298559694334286; 0.0 0.0004857621391379624 0.0022985596943343282 0.024159915924741735],[-3.0598460197026654e-18 0.0 0.0 0.0; 0.0 -0.0015381364804148026 0.0001947957380858585 -3.924989628983169e-5; 0.0 0.00019479573808586876 -0.0006863568991499619 -0.00016693221382518218; 0.0 -3.924989628983257e-5 -0.00016693221382519315 -0.0005702362283820671]
