L,J,Q,θ,μ,ϕx,ϕy,ϕz,ndims,T,Λ,χ_dwave,dχdlogT_dwave,χ_pwave,dχdlogT_pwave
23,0.8,0.6180339887498949,0.4487989505128276,0.75,0.9733982670131992,1.073358718003868,2.417443956247186,3,0.0016681005372000592,0.3,[0.724206482214719 0.0 0.0 0.0; 0.0 0.059919001829794115 -0.022173723153422382 -0.020398835838824007; 0.0 -0.022173723153422534 0.04831785608446296 -0.019805330969191237; 0.0 -0.020398835838824302 -0.019805330969191008 0.05647594768485536],[-0.13529524388213393 0.0 0.0 0.0; 0.0 -0.004070712775071718 0.001955375894783007 -0.0008250060483063716; 0.0 0.001955375894783116 -0.0038157733035086077 0.0020507567963246945; 0.0 -0.0008250060483063679 0.0020507567963246568 -0.005107212352001201],[2.9468517754750667e-18 0.0 0.0 0.0; 0.0 0.06112465606019531 -0.017140785289293275 0.0039220987379232726; 0.0 -0.01714078528929309 0.05504149907865344 0.0019022939345113771; 0.0 0.003922098737923198 0.0019022939345114116 0.05200104072861417],[6.942887508242393e-18 0.0 0.0 0.0; 0.0 -0.006210666397144653 0.003624323819255786 -0.0018345208301905743; 0.0 0.003624323819255658 -0.005236984121792232 0.0011174548668878863; 0.0 -0.0018345208301906064 0.0011174548668878507 -0.005132294900643998]
