L,J,Q,θ,μ,ϕx,ϕy,ϕz,ndims,T,Λ,χ_dwave,dχdlogT_dwave,χ_pwave,dχdlogT_pwave
23,0.9,0.6180339887498949,0.4487989505128276,0.75,1.844230068945385,1.1274623114571236,4.291057478636419,3,0.007742636826811269,0.3,[0.5163761699392073 0.0 0.0 0.0; 0.0 0.04401918883990638 -0.01546334464457685 -0.018364296938285785; 0.0 -0.015463344644577225 0.03117439335649125 -0.011164133653559895; 0.0 -0.018364296938285004 -0.0111641336535594 0.038596586949735515],[-0.1482066431128329 0.0 0.0 0.0; 0.0 -0.006521798221461625 0.0020234677678938355 0.0020750694883016835; 0.0 0.0020234677678937396 -0.0036918658630873 0.0007600964490401106; 0.0 0.002075069488301947 0.0007600964490400528 -0.005102672456744246],[2.5487697872024276e-18 0.0 0.0 0.0; 0.0 0.03539817894510843 -0.009268832534906426 0.00048753575048299794; 0.0 -0.009268832534906415 0.034137625452576 0.002443545389622705; 0.0 0.00048753575048301963 0.002443545389622664 0.031846742505138],[-2.502494890040432e-18 0.0 0.0 0.0; 0.0 -0.003993503208901479 0.001444162247926441 -0.0002622781887634417; 0.0 0.0014441622479264397 -0.004372020554984132 -0.00044161107513720815; 0.0 -0.0002622781887634343 -0.0004416110751372305 -0.0037504597562803333]
