L,J,Q,θ,μ,ϕx,ϕy,ϕz,ndims,T,Λ,χ_dwave,dχdlogT_dwave,χ_pwave,dχdlogT_pwave
23,0.85,0.6180339887498949,0.4487989505128276,0.75,2.35825522373343,3.5083950570734084,5.211373871453545,3,0.021544346900318832,0.3,[0.37045412122565213 0.0 0.0 0.0; 0.0 0.039083335742462755 -0.013763474403413195 -0.016679315783821976; 0.0 -0.01376347440341345 0.029435564726280176 -0.011402943758304978; 0.0 -0.01667931578382243 -0.011402943758304857 0.035309042049350474],[-0.14523316394441643 0.0 0.0 0.0; 0.0 -0.010025829287607525 0.0032935240354762417 0.0035667605066768415; 0.0 0.003293524035476282 -0.006814352005840451 0.002583579006536571; 0.0 0.0035667605066770315 0.0025835790065366 -0.008585605804261976],[-1.0789104494748443e-18 0.0 0.0 0.0; 0.0 0.034796007129599425 -0.00841943465777927 -7.681825648143987e-5; 0.0 -0.008419434657779522 0.03207350912864418 0.0025630008827866027; 0.0 -7.681825648142869e-5 0.0025630008827866773 0.03052102174707267],[1.6292297207500843e-18 0.0 0.0 0.0; 0.0 -0.007930226288867968 0.0019795201046520082 -0.0010690368666506226; 0.0 0.0019795201046519475 -0.0066989459505435636 -0.0007390234183792859; 0.0 -0.001069036866650657 -0.0007390234183793362 -0.006486258727642269]
