L,J,Q,θ,μ,ϕx,ϕy,ϕz,ndims,T,Λ,χ_dwave,dχdlogT_dwave,χ_pwave,dχdlogT_pwave
23,1.05,0.6180339887498949,0.4487989505128276,0.75,1.844230068945385,1.1274623114571236,4.291057478636419,3,0.001,0.3,[0.7956206549768924 0.0 0.0 0.0; 0.0 0.03921039935925025 -0.01282098174353963 -0.015720017630907256; 0.0 -0.012820981743539885 0.02333506863689801 -0.00619591449622919; 0.0 -0.015720017630907114 -0.006195914496229086 0.03180378839681094],[-0.1429083730792804 0.0 0.0 0.0; 0.0 -0.001758609077307032 9.990314059286428e-5 0.00044597177264064675; 0.0 9.990314059286681e-5 -0.0006915295051453732 -0.0004920969545078219; 0.0 0.0004459717726406718 -0.0004920969545078187 -0.0011234071992589681],[-8.829256198510474e-18 0.0 0.0 0.0; 0.0 0.023047484375910813 -0.0059356261836518015 0.00010255981968854445; 0.0 -0.005935626183651891 0.023412220517572642 0.0027401895387544222; 0.0 0.00010255981968852637 0.0027401895387544136 0.022340057709361198],[4.056907051186876e-18 0.0 0.0 0.0; 0.0 -0.0002652055066700158 7.427741752632935e-6 -2.223446124277571e-5; 0.0 7.427741752633529e-6 -6.616610932823294e-5 -0.00019441693387996692; 0.0 -2.2234461242775142e-5 -0.00019441693387996968 -0.000279637542200003]
