L,J,Q,θ,μ,ϕx,ϕy,ϕz,ndims,T,Λ,χ_dwave,dχdlogT_dwave,χ_pwave,dχdlogT_pwave
23,0.85,0.6180339887498949,0.4487989505128276,0.75,2.0229416505316715,5.371743502297404,0.6056970094929207,3,0.0027825594022071257,0.3,[0.6725194543494585 0.0 0.0 0.0; 0.0 0.055772132953196885 -0.01946901610918393 -0.022518415199651205; 0.0 -0.019469016109184605 0.03936028064270743 -0.01377219719610356; 0.0 -0.022518415199649745 -0.013772197196103692 0.04879345869992194],[-0.16210514584955826 0.0 0.0 0.0; 0.0 -0.007372341955621823 0.002292187402890472 0.0025348838692884177; 0.0 0.0022921874028906607 -0.003774854903840319 7.789643471427593e-5; 0.0 0.0025348838692884727 7.789643471426975e-5 -0.005054596140123595],[1.7785202350451173e-18 0.0 0.0 0.0; 0.0 0.04769585694626842 -0.010162367423660872 0.003446740127141091; 0.0 -0.010162367423660853 0.040542722108076745 0.0016759352030655662; 0.0 0.0034467401271408883 0.0016759352030655996 0.03965794333416573],[-6.225708918092203e-20 0.0 0.0 0.0; 0.0 -0.005000085700388764 0.0007323008622843095 -0.0017741530782414102; 0.0 0.0007323008622843288 -0.0029800624219006077 0.0004898332357298981; 0.0 -0.0017741530782413586 0.0004898332357299107 -0.003783510870423827]
