L,J,Q,θ,μ,ϕx,ϕy,ϕz,ndims,T,Λ,χ_dwave,dχdlogT_dwave,χ_pwave,dχdlogT_pwave
23,0.15,0.6180339887498949,0.4487989505128276,0.75,1.573530448848193,4.436680002802441,0.6352908892784268,3,0.0016681005372000592,0.3,[0.6796503097347408 0.0 0.0 0.0; 0.0 0.21017894857660865 -0.0884659939735475 -0.09690898458650035; 0.0 -0.0884659939735475 0.21010112014391671 -0.10197480011109364; 0.0 -0.09690898458650042 -0.10197480011109365 0.2385812206076041],[-0.10685999073643103 0.0 0.0 0.0; 0.0 -0.015501256726682027 0.005998403717962393 0.004027984262733704; 0.0 0.005998403717962393 -0.018420216741430056 0.013657364041907805; 0.0 0.004027984262733702 0.013657364041907795 -0.026385424286255857],[1.042653674299134e-17 0.0 0.0 0.0; 0.0 0.31409800114039593 -0.01009017833567946 0.0034816146651918045; 0.0 -0.010090178335679463 0.2927757920349415 0.0012759055878288565; 0.0 0.0034816146651917884 0.0012759055878288298 0.276547003683638],[-5.8403983956535155e-18 0.0 0.0 0.0; 0.0 -0.049359630851409604 -0.012107130891884582 0.0036198862544465507; 0.0 -0.012107130891884582 -0.04029356605169913 -0.0070177661185843055; 0.0 0.003619886254446553 -0.007017766118584295 -0.03152910527054165]
