L,J,Q,θ,μ,ϕx,ϕy,ϕz,ndims,T,Λ,χ_dwave,dχdlogT_dwave,χ_pwave,dχdlogT_pwave
23,0.15,0.6180339887498949,0.4487989505128276,0.75,1.3595744307236286,1.6230091281990537,3.234476175330475,3,0.0016681005372000592,0.3,[0.7815314474473143 0.0 0.0 0.0; 0.0 0.24871808487417363 -0.11157512055795624 -0.11307409094161562; 0.0 -0.11157512055795626 0.2608083625769079 -0.121984276079385; 0.0 -0.11307409094161565 -0.12198427607938503 0.2787297677878296],[-0.13818926588614194 0.0 0.0 0.0; 0.0 -0.034787735775172045 0.018241496279349016 0.015249158715373313; 0.0 0.018241496279349026 -0.04631392580055159 0.02570675411571703; 0.0 0.015249158715373318 0.025706754115717035 -0.053973380894126226],[1.432339667899656e-17 0.0 0.0 0.0; 0.0 0.39033541849587494 0.0029212533697670242 -0.009294141240171574; 0.0 0.002921253369767032 0.3430077421637254 -0.017834711771005013; 0.0 -0.009294141240171604 -0.017834711771004964 0.3420913974576456],[-1.077260986130932e-17 0.0 0.0 0.0; 0.0 -0.07508548759908522 -0.0108619686404551 0.0011732839337478542; 0.0 -0.010861968640455097 -0.05342151216236902 -0.0003463491434567507; 0.0 0.0011732839337478568 -0.00034634914345675497 -0.051228591453457435]
