L,J,Q,θ,μ,ϕx,ϕy,ϕz,ndims,T,Λ,χ_dwave,dχdlogT_dwave,χ_pwave,dχdlogT_pwave
23,1.1,0.6180339887498949,0.4487989505128276,0.75,2.8380654966669954,6.1705277852219576,4.090319044464264,3,0.16681005372000587,0.3,[0.10232531728658852 0.0 0.0 0.0; 0.0 0.010131630390417723 -0.0037978936572044372 -0.004564395696049644; 0.0 -0.003797893657204479 0.007478605966492509 -0.0026592946609645942; 0.0 -0.004564395696049631 -0.002659294660964524 0.00933360858655258],[-0.08788186960316902 0.0 0.0 0.0; 0.0 -0.008122056206362709 0.0030085332135036634 0.0036403317540416357; 0.0 0.0030085332135036625 -0.005723585397409717 0.0019777174240934205; 0.0 0.003640331754041553 0.001977717424093471 -0.007349833789109008],[-2.970255568012514e-19 0.0 0.0 0.0; 0.0 0.007910676231408093 -0.001894392338399028 -0.0006970263212746959; 0.0 -0.0018943923383990347 0.008446126896754176 0.0005854906060588813; 0.0 -0.0006970263212746774 0.0005854906060588931 0.00756571667285325],[2.290123930842072e-19 0.0 0.0 0.0; 0.0 -0.005945213492999186 0.0015152028269181357 0.0004665172078070896; 0.0 0.0015152028269181615 -0.006385700249315027 -0.0004738446035400196; 0.0 0.000466517207807081 -0.0004738446035400049 -0.0057132440917036795]
