L,J,Q,θ,μ,ϕx,ϕy,ϕz,ndims,T,Λ,χ_dwave,dχdlogT_dwave,χ_pwave,dχdlogT_pwave
23,0.35,0.6180339887498949,0.4487989505128276,0.75,1.573530448848193,4.436680002802441,0.6352908892784268,3,0.001,0.3,[0.7896912844005648 0.0 0.0 0.0; 0.0 0.18690824069378326 -0.06270007088390975 -0.0840613748854234; 0.0 -0.06270007088390955 0.1808140282001989 -0.08297590997229339; 0.0 -0.08406137488542408 -0.0829759099722918 0.16857327505963984],[-0.11357828179142823 0.0 0.0 0.0; 0.0 -0.035769763109353245 0.012648819312616359 0.013252033948501645; 0.0 0.01264881931261641 -0.02557282330150723 0.005856876939899006; 0.0 0.013252033948501624 0.005856876939899017 -0.012219838243870688],[-7.59000298946084e-18 0.0 0.0 0.0; 0.0 0.2344428730098329 -0.033448713047228955 0.005664454973559629; 0.0 -0.033448713047228615 0.2133787895933908 0.026922993739058276; 0.0 0.0056644549735597955 0.02692299373905831 0.21517177008450472],[4.141504976210482e-18 0.0 0.0 0.0; 0.0 -0.017716796788282335 -0.002118296682142072 -0.005164388936815634; 0.0 -0.0021182966821421153 -0.03216397898938908 -0.018812676614898417; 0.0 -0.005164388936815623 -0.018812676614898285 -0.034445819097954036]
