L,J,Q,θ,μ,ϕx,ϕy,ϕz,ndims,T,Λ,χ_dwave,dχdlogT_dwave,χ_pwave,dχdlogT_pwave
23,1.0,0.6180339887498949,0.4487989505128276,0.75,1.573530448848193,4.436680002802441,0.6352908892784268,3,0.03593813663804628,0.3,[0.28878697510392254 0.0 0.0 0.0; 0.0 0.026775537794751413 -0.009677067904701844 -0.01166836493630668; 0.0 -0.009677067904702172 0.018818802238992374 -0.006705056681060332; 0.0 -0.011668364936306911 -0.006705056681060526 0.023634527112161983],[-0.1374106310767534 0.0 0.0 0.0; 0.0 -0.008669434324702827 0.0029700995724007122 0.0034866479362328654; 0.0 0.0029700995724005323 -0.004674374619806579 0.0012728413302405058; 0.0 0.003486647936232942 0.0012728413302405632 -0.0065688090667834235],[-9.569611430213435e-19 0.0 0.0 0.0; 0.0 0.0203071105268486 -0.0051920574383437475 -0.0005277773250326187; 0.0 -0.00519205743834375 0.02039202746577353 0.0015414565683823504; 0.0 -0.0005277773250325747 0.0015414565683823185 0.018812134819656618],[1.5458722645942704e-18 0.0 0.0 0.0; 0.0 -0.004783621001245286 0.0014402691306830654 -0.0006185689889833643; 0.0 0.0014402691306831116 -0.0045699472431706845 -0.0003073415654266501; 0.0 -0.0006185689889834081 -0.00030734156542664256 -0.004502526541390948]
