L,J,Q,θ,μ,ϕx,ϕy,ϕz,ndims,T,Λ,χ_dwave,dχdlogT_dwave,χ_pwave,dχdlogT_pwave
23,0.65,0.6180339887498949,0.4487989505128276,0.75,1.7005541423631445,4.403849274532622,1.4969214751554831,3,0.0027825594022071257,0.3,[0.6665197807734812 0.0 0.0 0.0; 0.0 0.07310212801035491 -0.02491514661014226 -0.031711810784263016; 0.0 -0.024915146610142203 0.06705555265328807 -0.028278230680737024; 0.0 -0.031711810784262516 -0.028278230680736063 0.07405370732854373],[-0.16888557992997472 0.0 0.0 0.0; 0.0 -0.01110539293438226 0.002364228395216048 0.004527782352557847; 0.0 0.0023642283952160677 -0.009982450764069485 0.0041665132040692105; 0.0 0.004527782352557602 0.004166513204069199 -0.011139820002866722],[-2.1719290941533122e-17 0.0 0.0 0.0; 0.0 0.0865185772797531 -0.018056158020412744 4.448880246583023e-5; 0.0 -0.0180561580204126 0.07904370472611241 0.00028844821761817675; 0.0 4.448880246579917e-5 0.0002884482176181722 0.072550129442829],[1.0242500943725281e-17 0.0 0.0 0.0; 0.0 -0.009487928446190556 0.0020505705039462656 0.0004942819612995463; 0.0 0.00205057050394619 -0.012323988500109156 -0.0009206767376880136; 0.0 0.0004942819612995247 -0.0009206767376880268 -0.011240852551933]
