L,J,Q,θ,μ,ϕx,ϕy,ϕz,ndims,T,Λ,χ_dwave,dχdlogT_dwave,χ_pwave,dχdlogT_pwave
23,0.5,0.6180339887498949,0.4487989505128276,0.75,3.7152326662553454,5.721680001447781,0.41513891803668856,3,0.004641588833612777,0.3,[0.584797397711165 0.0 0.0 0.0; 0.0 0.09331750826403253 -0.037634076764984384 -0.042233864836889755; 0.0 -0.037634076764982614 0.09521416265255254 -0.03926485506169555; 0.0 -0.042233864836890164 -0.039264855061694 0.09847004259834989],[-0.1329537164590119 0.0 0.0 0.0; 0.0 -0.015045870647211025 0.009343353274294513 0.004979045506739261; 0.0 0.009343353274294435 -0.020040201043784824 0.007302316889032013; 0.0 0.004979045506739238 0.007302316889032064 -0.01863588509552665],[3.617563144373024e-18 0.0 0.0 0.0; 0.0 0.13198594485893184 -0.02757814009816246 -0.014173285758976115; 0.0 -0.027578140098162545 0.11890083873421015 -0.0004939808724907252; 0.0 -0.014173285758975578 -0.000493980872490646 0.11806769088759242],[-1.5757542961215458e-18 0.0 0.0 0.0; 0.0 -0.02307938655436524 0.0038430998824950375 0.006478398575895216; 0.0 0.003843099882495064 -0.02020112818857135 -0.0001680690298006306; 0.0 0.006478398575895352 -0.00016806902980063106 -0.023047233953546856]
