L,J,Q,θ,μ,ϕx,ϕy,ϕz,ndims,T,Λ,χ_dwave,dχdlogT_dwave,χ_pwave,dχdlogT_pwave
23,0.8,0.6180339887498949,0.4487989505128276,0.75,2.35825522373343,3.5083950570734084,5.211373871453545,3,0.0016681005372000592,0.3,[0.6961334191801675 0.0 0.0 0.0; 0.0 0.056188607371849913 -0.018916602135506683 -0.022343342050594146; 0.0 -0.018916602135506517 0.045970785481063134 -0.017593982645910264; 0.0 -0.022343342050594458 -0.017593982645909334 0.052902395478422584],[-0.10746133886333367 0.0 0.0 0.0; 0.0 -0.001350894444512851 0.00046882063451719085 0.00040519793292226173; 0.0 0.0004688206345171909 -0.004187425266676824 0.001094584214057858; 0.0 0.0004051979329222692 0.001094584214057939 -0.0027229067210763473],[-4.927511289691343e-18 0.0 0.0 0.0; 0.0 0.054342662083735734 -0.01301845640574661 0.0009944347640062083; 0.0 -0.013018456405746635 0.04867485361940205 0.0034272195711779023; 0.0 0.0009944347640061973 0.0034272195711779795 0.04666063860229426],[7.223654164069002e-18 0.0 0.0 0.0; 0.0 -0.003604148191854531 0.0011538133922338728 -0.0012022067517390308; 0.0 0.001153813392233882 -0.0026364856292031384 0.00036517831118579086; 0.0 -0.001202206751739049 0.00036517831118579465 -0.0024111185807281217]
