L,J,Q,θ,μ,ϕx,ϕy,ϕz,ndims,T,Λ,χ_dwave,dχdlogT_dwave,χ_pwave,dχdlogT_pwave
23,1.0,0.6180339887498949,0.4487989505128276,0.75,0.9733982670131992,1.073358718003868,2.417443956247186,3,0.0027825594022071257,0.3,[0.6529583428931232 0.0 0.0 0.0; 0.0 0.040583066110008635 -0.015128320044216399 -0.015752977643368082; 0.0 -0.01512832004421567 0.02599050711733183 -0.007290673394479737; 0.0 -0.015752977643368693 -0.007290673394479671 0.03318712429190787],[-0.1372110483902152 0.0 0.0 0.0; 0.0 -0.0022190621009779755 0.0010332461717666884 0.0005644284313161303; 0.0 0.0010332461717666675 -0.0012155368159028276 -0.00045909009098239214; 0.0 0.000564428431316133 -0.00045909009098239013 -0.0021669888733925587],[-2.836615137921829e-18 0.0 0.0 0.0; 0.0 0.026319807163931955 -0.0066317540397047335 0.00044047892541704736; 0.0 -0.006631754039704549 0.02529491158398941 0.0018969080913683093; 0.0 0.0004404789254170465 0.0018969080913682655 0.024715371787566703],[-4.886925195641409e-19 0.0 0.0 0.0; 0.0 -0.0005171044960605536 8.580182689701804e-5 0.00010493378081791913; 0.0 8.580182689701913e-5 -0.0005998345092166766 -0.0001183993359343516; 0.0 0.00010493378081791836 -0.00011839933593435583 -0.0007792478076913321]
