L,J,Q,θ,μ,ϕx,ϕy,ϕz,ndims,T,Λ,χ_dwave,dχdlogT_dwave,χ_pwave,dχdlogT_pwave
23,0.0,0.6180339887498949,0.4487989505128276,0.75,0.8300692797416884,5.067530529285624,5.9941159353493925,3,0.1,0.3,[0.17573274654892973 0.0 0.0 0.0; 0.0 0.07832003653365081 -0.03383358606013706 -0.035266548995309004; 0.0 -0.03383358606013707 0.07657561511447097 -0.03391475266346164; 0.0 -0.035266548995309 -0.03391475266346164 0.0785792779685173],[-0.12590487837392675 0.0 0.0 0.0; 0.0 -0.0560213960805409 0.024578917213096317 0.02488597076214643; 0.0 0.024578917213096317 -0.05545144588982562 0.02458133608812459; 0.0 0.024885970762146437 0.024581336088124597 -0.05607887986426468],[2.8194614826037033e-41 0.0 0.0 0.0; 0.0 0.09741271001527918 0.002255955305712144 -0.0019555322498729893; 0.0 0.0022559553057121436 0.0991571314344588 -0.001652957526873915; 0.0 -0.0019555322498729876 -0.0016529575268739122 0.09715346858041243],[-2.1706604516530358e-41 0.0 0.0 0.0; 0.0 -0.06988348229338578 -0.0008303523076974576 0.000677934369652617; 0.0 -0.0008303523076974573 -0.07045343248410108 0.0006858188320001782; 0.0 0.0006779343696526179 0.0006858188320001785 -0.06982599850966194]
