L,J,Q,θ,μ,ϕx,ϕy,ϕz,ndims,T,Λ,χ_dwave,dχdlogT_dwave,χ_pwave,dχdlogT_pwave
23,0.7,0.6180339887498949,0.4487989505128276,0.75,4.108575757591687,4.541751602016311,2.0408036799157285,3,0.001,0.3,[0.7686543850012552 0.0 0.0 0.0; 0.0 0.07593323211021029 -0.021655317876788337 -0.03847925750668362; 0.0 -0.021655317876787886 0.06467761827482246 -0.025916551511425273; 0.0 -0.03847925750668584 -0.02591655151142537 0.07860820775141533],[-0.09746143359451323 0.0 0.0 0.0; 0.0 -0.004031943617909645 -6.878142285202945e-5 0.0035384422931944264; 0.0 -6.87814228520293e-5 -0.00398507470030561 0.002049293251819649; 0.0 0.003538442293194453 0.002049293251819638 -0.007821385875478475],[-7.085451600930817e-18 0.0 0.0 0.0; 0.0 0.08212415898593099 -0.017815823524425033 -0.00572908331122933; 0.0 -0.017815823524423537 0.07405786333398902 0.011994524281791444; 0.0 -0.00572908331122942 0.011994524281791475 0.0732770480570557],[2.1714669923523936e-18 0.0 0.0 0.0; 0.0 -0.005264578755396755 0.0013763141427699207 0.004626203079958302; 0.0 0.001376314142769964 -0.004467925569149145 -0.0033802801309673436; 0.0 0.004626203079958173 -0.003380280130967355 -0.007558792864443818]
