L,J,Q,θ,μ,ϕx,ϕy,ϕz,ndims,T,Λ,χ_dwave,dχdlogT_dwave,χ_pwave,dχdlogT_pwave
23,0.45,0.6180339887498949,0.4487989505128276,0.75,1.443832753770895,3.6578363068123374,5.416836448526887,3,0.1,0.3,[0.17010102056871104 0.0 0.0 0.0; 0.0 0.03907209224119758 -0.014602212199343592 -0.01869101361136175; 0.0 -0.014602212199344098 0.03561334162030708 -0.015900901534811655; 0.0 -0.01869101361136288 -0.015900901534812384 0.03975423837421998],[-0.1240365731708625 0.0 0.0 0.0; 0.0 -0.026263467268655923 0.009095107689526219 0.012716706922235357; 0.0 0.009095107689526259 -0.023126325183036946 0.010302856301053973; 0.0 0.012716706922235099 0.010302856301053558 -0.026357901170685826],[-7.391338178994805e-19 0.0 0.0 0.0; 0.0 0.05168276810746963 -0.00791648003516213 -0.004161697497844169; 0.0 -0.007916480035161775 0.04667202869635355 0.0010877888586734758; 0.0 -0.00416169749784441 0.0010877888586735046 0.046150865055953644],[3.083558089949432e-19 0.0 0.0 0.0; 0.0 -0.034005239744136 0.006762849225836945 0.0031308667042263903; 0.0 0.006762849225836994 -0.030358489956203816 -0.0025078000957594786; 0.0 0.003130866704226583 -0.002507800095759676 -0.0293916019877783]
