L,J,Q,θ,μ,ϕx,ϕy,ϕz,ndims,T,χ,dχdlogT,Λ
23,0.8,0.6180339887498949,0.4487989505128276,0.75,0.8506012360229415,5.036710268820654,2.5032169644691042,3,0.021544346900318832,[0.3637547225571375 0.0 0.0 0.0; 0.0 0.041213228918760676 -0.015024118794155368 -0.017787134714945876; 0.0 -0.015024118794155194 0.03297624538006502 -0.012755501586685394; 0.0 -0.01778713471494609 -0.012755501586684738 0.038241194322328274],[-0.13193730484499488 0.0 0.0 0.0; 0.0 -0.009703107179980908 0.003731832781644371 0.003527539217423621; 0.0 0.003731832781644445 -0.007934181871495237 0.002847426501828812; 0.0 0.003527539217423363 0.0028474265018286447 -0.009278355564772819],0.3
