L,J,Q,θ,μ,ϕx,ϕy,ϕz,ndims,T,Λ,χ_dwave,dχdlogT_dwave,χ_pwave,dχdlogT_pwave
23,0.05,0.6180339887498949,0.4487989505128276,0.75,6.043674416402162,2.160866292828208,3.5422051391873537,3,3.5938136638046276,0.3,[0.005807864892061627 0.0 0.0 0.0; 0.0 0.0024925358630965527 -0.0010961150864089017 -0.0011281534300059623; 0.0 -0.001096115086408902 0.0025081601329889915 -0.0011408546010291448; 0.0 -0.001128153430005962 -0.0011408546010291446 0.002521561589005638],[-0.005805775406521804 0.0 0.0 0.0; 0.0 -0.002491627140960312 0.0010957283391583813 0.0011277366972776083; 0.0 0.001095728339158381 -0.0025072224751301374 0.0011404135332369941; 0.0 0.0011277366972776088 0.0011404135332369941 -0.002520616032195382],[-5.715680721951243e-21 0.0 0.0 0.0; 0.0 0.0032263135899419106 -0.00014480788202295567 -3.874157911081049e-5; 0.0 -0.00014480788202295565 0.0031980087988714087 5.64043187357502e-6; 0.0 -3.874157911081051e-5 5.640431873575046e-6 0.0031970969549953666],[5.721316393812407e-21 0.0 0.0 0.0; 0.0 -0.0032251670568847657 0.00014460003578850445 3.8685900511480644e-5; 0.0 0.00014460003578850456 -0.0031968895097439433 -5.622477939198524e-6; 0.0 3.868590051148062e-5 -5.622477939198587e-6 -0.0031959808665682795]
