L,J,Q,θ,μ,ϕx,ϕy,ϕz,ndims,T,Λ,χ_dwave,dχdlogT_dwave,χ_pwave,dχdlogT_pwave
23,0.65,0.6180339887498949,0.4487989505128276,0.75,6.043674416402162,2.160866292828208,3.5422051391873537,3,0.2782559402207124,0.3,[0.0696661605750338 0.0 0.0 0.0; 0.0 0.012187048517456016 -0.004510574670295077 -0.005542655040040803; 0.0 -0.004510574670295179 0.01069769717552937 -0.004648884594809685; 0.0 -0.005542655040040539 -0.004648884594809792 0.011986997589120937],[-0.0657062547173251 0.0 0.0 0.0; 0.0 -0.011276900574357008 0.004153603594556083 0.005127150862453969; 0.0 0.004153603594555963 -0.009848617995592248 0.004249066554109036; 0.0 0.005127150862453995 0.00424906655410883 -0.011045548119694958],[4.274491685017523e-19 0.0 0.0 0.0; 0.0 0.014217804627601322 -0.002798262528781922 -0.0008016111615080353; 0.0 -0.002798262528781781 0.013058390427794666 0.0006941805153461857; 0.0 -0.0008016111615079793 0.0006941805153461692 0.012617582181888246],[-4.36437439074613e-19 0.0 0.0 0.0; 0.0 -0.013100367574074697 0.0026476977612244455 0.0006863711118009592; 0.0 0.002647697761224603 -0.011973892092242654 -0.0006737608925897967; 0.0 0.0006863711118009647 -0.0006737608925897717 -0.011587619748724153]
