L,J,Q,θ,μ,ϕx,ϕy,ϕz,ndims,T,Λ,χ_dwave,dχdlogT_dwave,χ_pwave,dχdlogT_pwave
23,0.85,0.6180339887498949,0.4487989505128276,0.75,5.106330914882206,0.20684903641207408,4.563814702367097,3,0.021544346900318832,0.3,[0.37035189885652003 0.0 0.0 0.0; 0.0 0.03877765478376526 -0.014206489506369642 -0.016620950597260074; 0.0 -0.014206489506368894 0.029875939507286425 -0.01110500348598194; 0.0 -0.016620950597260487 -0.011105003485981075 0.03521608930244364],[-0.1426315139490274 0.0 0.0 0.0; 0.0 -0.00949074454617072 0.00347772226845796 0.003458031911254901; 0.0 0.0034777222684579533 -0.006912057530257449 0.002222799512221462; 0.0 0.003458031911255091 0.0022227995122213553 -0.008376449192082467],[9.258255092138124e-19 0.0 0.0 0.0; 0.0 0.0357661312780623 -0.008750654233613408 0.0006400118153457725; 0.0 -0.008750654233613077 0.033144186861755666 0.0025514647312619067; 0.0 0.0006400118153458439 0.0025514647312618794 0.03136838133458857],[-7.487983749797792e-19 0.0 0.0 0.0; 0.0 -0.008455807873281491 0.0020507334934034695 -0.00140201899589444; 0.0 0.0020507334934032947 -0.007189301257243407 -0.000863846873362349; 0.0 -0.0014020189958945054 -0.000863846873362341 -0.006780951084444571]
