L,J,Q,θ,μ,ϕx,ϕy,ϕz,ndims,T,Λ,χ_dwave,dχdlogT_dwave,χ_pwave,dχdlogT_pwave
23,0.0,0.6180339887498949,0.4487989505128276,0.75,3.7152326662553454,5.721680001447781,0.41513891803668856,3,0.004641588833612777,0.3,[0.6372188312270508 0.0 0.0 0.0; 0.0 0.2605120592127314 -0.12114594329513415 -0.10805958051080022; 0.0 -0.12114594329513419 0.28216551484017766 -0.13363925085851314; 0.0 -0.1080595805108002 -0.13363925085851314 0.27208080836638904],[-0.15781717156151237 0.0 0.0 0.0; 0.0 -0.05780630726935034 0.027998097138466675 0.021124419034974317; 0.0 0.027998097138466675 -0.07144061957934181 0.03632131654751933; 0.0 0.02112441903497431 0.036321316547519335 -0.06380659372324574],[-6.224464124157764e-41 0.0 0.0 0.0; 0.0 0.3767067720143195 -0.050725391488566696 0.011764318313596683; 0.0 -0.05072539148856674 0.35505331638687376 -0.004186894562069483; 0.0 0.011764318313596688 -0.004186894562069491 0.36513802286066216],[-9.606993270543009e-41 0.0 0.0 0.0; 0.0 -0.10001086429216202 0.03958024258706427 -0.009657385287527659; 0.0 0.039580242587064274 -0.08637655198217052 0.005397108685947823; 0.0 -0.00965738528752766 0.005397108685947825 -0.09401057783826697]
