L,J,Q,θ,μ,ϕx,ϕy,ϕz,ndims,T,Λ,χ_dwave,dχdlogT_dwave,χ_pwave,dχdlogT_pwave
23,0.6,0.6180339887498949,0.4487989505128276,0.75,1.3595744307236286,1.6230091281990537,3.234476175330475,3,0.001,0.3,[0.8087827106884078 0.0 0.0 0.0; 0.0 0.11932328295769819 -0.03766767064932291 -0.05408502270048263; 0.0 -0.037667670649323845 0.089898850245581 -0.03060752198385556; 0.0 -0.054085022700482537 -0.03060752198385529 0.09739561956822357],[-0.15790976946773322 0.0 0.0 0.0; 0.0 -0.025727703413590732 0.004644723506199003 0.013874141163372112; 0.0 0.004644723506198904 -0.010068578406774675 0.0013962044471082784; 0.0 0.013874141163372159 0.001396204447108255 -0.015305869235508645],[3.75239161525588e-18 0.0 0.0 0.0; 0.0 0.11748252349521393 -0.0232968507150352 0.0027688483151725378; 0.0 -0.02329685071503364 0.11500619259232508 -0.00030060451949597943; 0.0 0.002768848315172456 -0.0003006045194959314 0.1016007641850953],[-4.5762266079537834e-18 0.0 0.0 0.0; 0.0 -0.008478706973322769 0.003262050751747503 -0.004241964157935962; 0.0 0.003262050751747502 -0.018916115988084715 0.0009814522560750412; 0.0 -0.00424196415793598 0.0009814522560750497 -0.009371204501200152]
