L,J,Q,θ,μ,ϕx,ϕy,ϕz,ndims,T,Λ,χ_dwave,dχdlogT_dwave,χ_pwave,dχdlogT_pwave
23,0.0,0.6180339887498949,0.4487989505128276,0.75,2.810390175230641,1.0772819831490281,3.680682016823238,3,0.021544346900318832,0.3,[0.4037391863741102 0.0 0.0 0.0; 0.0 0.17093816908751946 -0.07757737363565104 -0.07373413439297896; 0.0 -0.07757737363565106 0.17860606368555684 -0.08032380880534; 0.0 -0.07373413439297895 -0.08032380880534003 0.17197840398482897],[-0.15600459206967526 0.0 0.0 0.0; 0.0 -0.06002917703513487 0.02801287904821008 0.02455102372985611; 0.0 0.028012879048210083 -0.06755699548338553 0.031165500466315055; 0.0 0.02455102372985612 0.03116550046631507 -0.062116428326325294],[-6.773196028716924e-42 0.0 0.0 0.0; 0.0 0.23280101728659078 -0.002286040301182744 -0.0010454491330521988; 0.0 -0.0022860403011827402 0.22513312268855348 -0.001532468794551652; 0.0 -0.001045449133052193 -0.001532468794551649 0.23176078238928077],[4.549287107622295e-42 0.0 0.0 0.0; 0.0 -0.09597541503454038 0.00741999558587769 0.0008382709846185759; 0.0 0.007419995585877699 -0.0884475965862898 0.003843097817037127; 0.0 0.0008382709846185723 0.003843097817037127 -0.09388816374335009]
