L,J,Q,θ,μ,ϕx,ϕy,ϕz,ndims,T,Λ,χ_dwave,dχdlogT_dwave,χ_pwave,dχdlogT_pwave
23,0.1,0.6180339887498949,0.4487989505128276,0.75,1.443832753770895,3.6578363068123374,5.416836448526887,3,0.03593813663804628,0.3,[0.32087615566383443 0.0 0.0 0.0; 0.0 0.1303834447991358 -0.05557550850827835 -0.060628911433454356; 0.0 -0.05557550850827837 0.12698691418781394 -0.05709507479840875; 0.0 -0.060628911433454356 -0.05709507479840873 0.1314381683871829],[-0.1442588414502187 0.0 0.0 0.0; 0.0 -0.056012255292822874 0.021739533644017053 0.028043420454143767; 0.0 0.02173953364401706 -0.0523074872904505 0.02396036574931577; 0.0 0.028043420454143767 0.02396036574931579 -0.05771074177062313],[-1.3768260465290787e-18 0.0 0.0 0.0; 0.0 0.1684729320209987 -0.007746965118375018 -0.007661800529296842; 0.0 -0.007746965118375016 0.16719422588902033 0.0002707254860206926; 0.0 -0.007661800529296827 0.000270725486020687 0.16566665042551953],[8.007327492085386e-21 0.0 0.0 0.0; 0.0 -0.0728258635135985 0.009554742441717678 0.010234401250935313; 0.0 0.009554742441717666 -0.07344129624316033 -0.002820991856361519; 0.0 0.010234401250935322 -0.0028209918563615144 -0.06922753390830315]
