L,J,Q,θ,μ,ϕx,ϕy,ϕz,ndims,T,Λ,χ_dwave,dχdlogT_dwave,χ_pwave,dχdlogT_pwave
23,0.05,0.6180339887498949,0.4487989505128276,0.75,3.7152326662553454,5.721680001447781,0.41513891803668856,3,0.021544346900318832,0.3,[0.4101499707314747 0.0 0.0 0.0; 0.0 0.16752587322063447 -0.07846890917903722 -0.07029032967669728; 0.0 -0.0784689091790372 0.17616408619175364 -0.08030741774855249; 0.0 -0.07029032967669727 -0.08030741774855249 0.16909163400392727],[-0.16421005631385371 0.0 0.0 0.0; 0.0 -0.05788959515542118 0.02954614946060021 0.020714662200042828; 0.0 0.02954614946060021 -0.06943479163677586 0.03347562840036748; 0.0 0.02071466220004282 0.033475628400367496 -0.061748058980280754],[7.824193273078284e-19 0.0 0.0 0.0; 0.0 0.2315641051277991 -0.0023316040891411404 -0.0013051621090782487; 0.0 -0.0023316040891411265 0.2203313584868947 0.0012706980172379324; 0.0 -0.0013051621090782468 0.001270698017237926 0.22826876929014814],[-8.426888964881157e-19 0.0 0.0 0.0; 0.0 -0.09611521742007094 0.008225678906981556 0.0002819507989145144; 0.0 0.008225678906981549 -0.08145215568086349 -0.003647745372300904; 0.0 0.0002819507989145099 -0.00364774537230091 -0.0898984647313685]
