L,J,Q,θ,μ,ϕx,ϕy,ϕz,ndims,T,Λ,χ_dwave,dχdlogT_dwave,χ_pwave,dχdlogT_pwave
23,0.05,0.6180339887498949,0.4487989505128276,0.75,3.7152326662553454,5.721680001447781,0.41513891803668856,3,0.0016681005372000592,0.3,[0.8444123672029923 0.0 0.0 0.0; 0.0 0.2958366204379447 -0.1442831272282626 -0.11931194464663518; 0.0 -0.1442831272282626 0.3653616086805723 -0.18046746248604145; 0.0 -0.11931194464663507 -0.18046746248604142 0.33918786745536833],[-0.15077416198037333 0.0 0.0 0.0; 0.0 -0.03924529196710866 0.016475986198430752 0.0170183774607893; 0.0 0.016475986198430756 -0.06790106222593145 0.04583701049489492; 0.0 0.017018377460789304 0.04583701049489492 -0.07150244354364842],[-2.0954352931285793e-17 0.0 0.0 0.0; 0.0 0.5050518361968228 -0.05490446719938886 -0.020794858232744785; 0.0 -0.05490446719938878 0.4083551655687819 0.04734999745265611; 0.0 -0.020794858232744802 0.04734999745265611 0.4436329720446551],[1.0580925057075813e-17 0.0 0.0 0.0; 0.0 -0.10240765189175363 0.014114100089777851 0.011202933663140978; 0.0 0.01411410008977784 -0.059940152971641715 -0.03713970117575862; 0.0 0.011202933663140978 -0.03713970117575863 -0.06040325398258015]
