L,J,Q,θ,μ,ϕx,ϕy,ϕz,ndims,T,Λ,χ_dwave,dχdlogT_dwave,χ_pwave,dχdlogT_pwave
23,0.5,0.6180339887498949,0.4487989505128276,0.75,5.2759666248411525,5.216572709691631,2.2183578985492427,3,0.03593813663804628,0.3,[0.3018720607555667 0.0 0.0 0.0; 0.0 0.059302597323639177 -0.021025452077875113 -0.027668864584231737; 0.0 -0.021025452077874002 0.05190721622559812 -0.022402481804906924; 0.0 -0.02766886458423278 -0.022402481804906747 0.057633721071574634],[-0.1278194047425268 0.0 0.0 0.0; 0.0 -0.0204741513188582 0.00636421176017129 0.009015367293636146; 0.0 0.006364211760170807 -0.016464406313405434 0.006717393842988106; 0.0 0.009015367293637064 0.006717393842988028 -0.018064673674130217],[-1.9537559492116707e-18 0.0 0.0 0.0; 0.0 0.07502467207385319 -0.01584428888365837 -0.00537394940225103; 0.0 -0.0158442888836583 0.06668409560030443 0.006289233965768548; 0.0 -0.0053739494022519395 0.006289233965767767 0.06594629642358459],[8.95227883631556e-19 0.0 0.0 0.0; 0.0 -0.025173408318814514 0.00798654182947454 0.002812216495514279; 0.0 0.00798654182947414 -0.023121338590333322 -0.005539445586135653; 0.0 0.0028122164955143134 -0.005539445586136185 -0.022598465368779873]
