L,J,Q,θ,μ,ϕx,ϕy,ϕz,ndims,T,Λ,χ_dwave,dχdlogT_dwave,χ_pwave,dχdlogT_pwave
23,0.95,0.6180339887498949,0.4487989505128276,0.75,0.9733982670131992,1.073358718003868,2.417443956247186,3,0.007742636826811269,0.3,[0.5228219800191954 0.0 0.0 0.0; 0.0 0.041197720285351146 -0.01499562271892118 -0.016502012325383116; 0.0 -0.014995622718920897 0.027677579187397428 -0.009145296879191233; 0.0 -0.01650201232538399 -0.009145296879190613 0.03446916605394351],[-0.157100407474656 0.0 0.0 0.0; 0.0 -0.006366640440702314 0.0026091597073955282 0.001579759545861427; 0.0 0.002609159707395527 -0.0034353131847094337 0.0003382923721009779; 0.0 0.0015797595458614763 0.0003382923721009747 -0.004309406321225865],[2.8708829614195923e-18 0.0 0.0 0.0; 0.0 0.030403937009813267 -0.007431951264164468 0.0007030532065251213; 0.0 -0.007431951264165022 0.028140494675380833 0.0020607750278852596; 0.0 0.0007030532065250652 0.0020607750278853363 0.02730704275172625],[-2.502162569046828e-18 0.0 0.0 0.0; 0.0 -0.003244845550698107 0.0008044853354200453 -0.000488298763757634; 0.0 0.0008044853354200654 -0.0021495545509054924 -0.00032419436948372517; 0.0 -0.0004882987637576344 -0.0003241943694837048 -0.003043027271925294]
