L,J,Q,θ,μ,ϕx,ϕy,ϕz,ndims,T,Λ,χ_dwave,dχdlogT_dwave,χ_pwave,dχdlogT_pwave
23,0.25,0.6180339887498949,0.4487989505128276,0.75,1.844230068945385,1.1274623114571236,4.291057478636419,3,0.0016681005372000592,0.3,[0.6843856744007801 0.0 0.0 0.0; 0.0 0.17674257197312368 -0.06776738535960168 -0.08271646241957645; 0.0 -0.06776738535960211 0.18793664809055557 -0.09291689550419507; 0.0 -0.0827164624195764 -0.09291689550419507 0.19854092009144494],[-0.09257678501255347 0.0 0.0 0.0; 0.0 -0.012970860201687133 0.008535230492475567 0.003946487455430585; 0.0 0.008535230492475562 -0.02750060724318479 0.01705428378246204; 0.0 0.003946487455430576 0.01705428378246204 -0.028647432221841428],[-7.822294358980645e-18 0.0 0.0 0.0; 0.0 0.2682314843488275 -0.02790941915073207 -0.05272569471393794; 0.0 -0.02790941915073205 0.23846794380328828 0.0371443852776321; 0.0 -0.05272569471393785 0.03714438527763221 0.23514745496095724],[2.765268965069754e-18 0.0 0.0 0.0; 0.0 -0.03076029242327654 -0.00992337526489113 0.0032682253992013057; 0.0 -0.009923375264891099 -0.02781422726079029 -0.011216415102478354; 0.0 0.003268225399201305 -0.01121641510247835 -0.024629994251317202]
