L,J,Q,θ,μ,ϕx,ϕy,ϕz,ndims,T,Λ,χ_dwave,dχdlogT_dwave,χ_pwave,dχdlogT_pwave
23,0.25,0.6180339887498949,0.4487989505128276,0.75,1.3595744307236286,1.6230091281990537,3.234476175330475,3,0.0027825594022071257,0.3,[0.6922103881888099 0.0 0.0 0.0; 0.0 0.17813689829671575 -0.06902267661527198 -0.08655748881262787; 0.0 -0.06902267661527213 0.17517412303070945 -0.08378899394549377; 0.0 -0.08655748881262794 -0.08378899394549374 0.20238637951177876],[-0.13917230411888212 0.0 0.0 0.0; 0.0 -0.0296783972498143 0.01316232561765322 0.018472559937573425; 0.0 0.01316232561765322 -0.028247947703676172 0.0103209356278076; 0.0 0.018472559937573442 0.010320935627807603 -0.0417452986466973],[8.244256132369573e-18 0.0 0.0 0.0; 0.0 0.2765328179678582 -0.005944262551230836 -0.012634584289032809; 0.0 -0.005944262551230876 0.25130424823485764 -0.004240571731040494; 0.0 -0.012634584289032845 -0.004240571731040513 0.2421320364388768],[-1.969866149634021e-18 0.0 0.0 0.0; 0.0 -0.048304540802190286 -0.007623981274771219 0.00104542768032372; 0.0 -0.007623981274771231 -0.045909360451090384 0.0056410682452548155; 0.0 0.001045427680323721 0.005641068245254809 -0.039845203632349654]
