L,J,Q,θ,μ,ϕx,ϕy,ϕz,ndims,T,Λ,χ_dwave,dχdlogT_dwave,χ_pwave,dχdlogT_pwave
23,0.3,0.6180339887498949,0.4487989505128276,0.75,5.106330914882206,0.20684903641207408,4.563814702367097,3,0.03593813663804628,0.3,[0.30678982601906596 0.0 0.0 0.0; 0.0 0.08584080045688063 -0.03380910874355195 -0.04074013181511026; 0.0 -0.033809108743551336 0.08174217659932215 -0.03655509052272968; 0.0 -0.04074013181511052 -0.03655509052272994 0.08772068655551726],[-0.12344010841370898 0.0 0.0 0.0; 0.0 -0.027337153833626105 0.00976455888748004 0.013962577751511013; 0.0 0.009764558887479895 -0.027876813811154925 0.012840239519664825; 0.0 0.013962577751511095 0.012840239519664997 -0.030658597100166506],[-3.2872678728950787e-18 0.0 0.0 0.0; 0.0 0.11607675869532025 -0.011801772025984798 -0.008853148024956174; 0.0 -0.011801772025984708 0.10301297801005416 0.0050297131458239665; 0.0 -0.008853148024956113 0.005029713145824009 0.10275927359764438],[1.8412246814661305e-18 0.0 0.0 0.0; 0.0 -0.040849097348693755 0.006320133234157005 0.005081232556093916; 0.0 0.006320133234157078 -0.03288929988187846 -0.005535839901205951; 0.0 0.005081232556093888 -0.005535839901206041 -0.031049740440355796]
