L,J,Q,θ,μ,ϕx,ϕy,ϕz,ndims,T,Λ,χ_dwave,dχdlogT_dwave,χ_pwave,dχdlogT_pwave
23,0.3,0.6180339887498949,0.4487989505128276,0.75,2.35825522373343,3.5083950570734084,5.211373871453545,3,0.05994842503189409,0.3,[0.23969648540561772 0.0 0.0 0.0; 0.0 0.07070842919721335 -0.028318689354998247 -0.032925284923974354; 0.0 -0.028318689354998598 0.06642124705654001 -0.02968771241702273; 0.0 -0.03292528492397461 -0.029687712417023355 0.07110742114568616],[-0.1326477940386187 0.0 0.0 0.0; 0.0 -0.03522488459343687 0.013510941102351706 0.016507953138949785; 0.0 0.013510941102351836 -0.03187148849225963 0.013765732604496336; 0.0 0.016507953138949583 0.01376573260449646 -0.0344591496120188],[-1.2941242881537852e-18 0.0 0.0 0.0; 0.0 0.09181440856869888 -0.011566721098807818 -0.00436116267323757; 0.0 -0.011566721098807799 0.08423878838066537 0.0009856634371066316; 0.0 -0.004361162673237438 0.0009856634371066327 0.085155592685231],[7.176992052171272e-19 0.0 0.0 0.0; 0.0 -0.04484507020575228 0.010684159006629437 9.512939948473441e-5; 0.0 0.010684159006629373 -0.03879750159864431 -0.001541009226064458; 0.0 9.512939948474242e-5 -0.0015410092260644528 -0.03900722736173726]
