L,J,Q,θ,μ,ϕx,ϕy,ϕz,ndims,T,Λ,χ_dwave,dχdlogT_dwave,χ_pwave,dχdlogT_pwave
23,0.6,0.6180339887498949,0.4487989505128276,0.75,3.7152326662553454,5.721680001447781,0.41513891803668856,3,0.007742636826811269,0.3,[0.4921673898501211 0.0 0.0 0.0; 0.0 0.06575112613877526 -0.02489597156825222 -0.02884630022008247; 0.0 -0.024895971568252975 0.06383732643478669 -0.025380080407179907; 0.0 -0.0288463002200817 -0.025380080407179567 0.06594296720020676],[-0.11681496304764494 0.0 0.0 0.0; 0.0 -0.008240827061964603 0.004536486878535856 0.0020090923729338245; 0.0 0.004536486878535521 -0.01240238368973283 0.00396807626406068; 0.0 0.002009092372933731 0.00396807626406066 -0.008717430809256155],[-3.2195385203872733e-18 0.0 0.0 0.0; 0.0 0.08611088986779838 -0.017751343901052513 -0.006765143976555312; 0.0 -0.01775134390105278 0.0775709618656254 0.00041541788289913554; 0.0 -0.0067651439765551435 0.0004154178828991978 0.07504940942790643],[3.04595714580822e-18 0.0 0.0 0.0; 0.0 -0.01422106138814054 0.0016701378718665333 0.003628861249171502; 0.0 0.0016701378718665338 -0.013622494290454956 0.002646881736548978; 0.0 0.003628861249171695 0.0026468817365487805 -0.014698308537704416]
