L,J,Q,θ,μ,ϕx,ϕy,ϕz,ndims,T,Λ,χ_dwave,dχdlogT_dwave,χ_pwave,dχdlogT_pwave
23,0.4,0.6180339887498949,0.4487989505128276,0.75,1.7147032833659617,1.1033524487318418,0.8149814849990139,3,0.021544346900318832,0.3,[0.36766051170991465 0.0 0.0 0.0; 0.0 0.08438685339618045 -0.03081675098200343 -0.039720836175074936; 0.0 -0.030816750982003715 0.07587449963995418 -0.03336429471878328; 0.0 -0.039720836175072535 -0.0333642947187845 0.0831457773710357],[-0.1282906843524022 0.0 0.0 0.0; 0.0 -0.026466579281751508 0.009302931358745716 0.012264844534586766; 0.0 0.009302931358746368 -0.022211788383867902 0.008784108844149997; 0.0 0.012264844534586754 0.008784108844149884 -0.023897634845996024],[3.103079292190687e-18 0.0 0.0 0.0; 0.0 0.10805541389394319 -0.018704291570237213 -0.006291717205717863; 0.0 -0.01870429157023802 0.09539373571308178 0.008750196262120355; 0.0 -0.00629171720571776 0.008750196262119814 0.09560554055718586],[-3.0966251501215714e-18 0.0 0.0 0.0; 0.0 -0.030402591545707222 0.00648026394302547 0.0014664853928667502; 0.0 0.006480263943025528 -0.027048855561250907 -0.006771497109102487; 0.0 0.0014664853928667838 -0.006771497109102591 -0.02729342845622277]
