L,J,Q,θ,μ,ϕx,ϕy,ϕz,ndims,T,Λ,χ_dwave,dχdlogT_dwave,χ_pwave,dχdlogT_pwave
23,1.25,0.6180339887498949,0.4487989505128276,0.75,2.810390175230641,1.0772819831490281,3.680682016823238,3,0.021544346900318832,0.3,[0.30188833894873324 0.0 0.0 0.0; 0.0 0.01912955396758159 -0.006847992423764603 -0.008593633674721478; 0.0 -0.006847992423764848 0.011074105173306703 -0.002751833807839735; 0.0 -0.008593633674721556 -0.002751833807839674 0.0160684709210421],[-0.09714581259398788 0.0 0.0 0.0; 0.0 -0.002956234951482741 0.0007414323987658022 0.0009515056988997193; 0.0 0.0007414323987657869 -0.0007177611662453678 -7.910290606910686e-5; 0.0 0.0009515056988997098 -7.910290606910426e-5 -0.0017445956385517651],[-6.691712114768835e-19 0.0 0.0 0.0; 0.0 0.010398058138213902 -0.00318833876797506 -0.001092578188585979; 0.0 -0.0031883387679749915 0.012445953523056864 0.0009535307026860278; 0.0 -0.0010925781885858846 0.0009535307026860346 0.010527881695289964],[7.841433945754441e-19 0.0 0.0 0.0; 0.0 -0.0006321247798603493 0.0003886939422114138 -0.00016791006711085936; 0.0 0.0003886939422114058 -0.0008419695380815584 -0.00027719893866851313; 0.0 -0.00016791006711087093 -0.000277198938668536 -0.0006836236871835468]
