L,J,Q,θ,μ,ϕx,ϕy,ϕz,ndims,T,Λ,χ_dwave,dχdlogT_dwave,χ_pwave,dχdlogT_pwave
23,0.0,0.6180339887498949,0.4487989505128276,0.75,1.3595744307236286,1.6230091281990537,3.234476175330475,3,0.004641588833612777,0.3,[0.6212522667032473 0.0 0.0 0.0; 0.0 0.2627497763967209 -0.11216413601305458 -0.11626358156069427; 0.0 -0.11216413601305457 0.2606356720583429 -0.11814858462537624; 0.0 -0.1162635815606943 -0.11814858462537631 0.25723011314805205],[-0.14299157491531084 0.0 0.0 0.0; 0.0 -0.05374929921970419 0.016188040900024844 0.0239657813852446; 0.0 0.016188040900024837 -0.052263025417459315 0.03131658922977864; 0.0 0.023965781385244602 0.031316589229778646 -0.057015328987909876],[-1.2567352775069893e-40 0.0 0.0 0.0; 0.0 0.35850249030652687 -0.031935289362973004 -0.0015630410605062752; 0.0 -0.031935289362973 0.36061659464490475 0.017641304871921185; 0.0 -0.0015630410605062689 0.017641304871921188 0.364022153555195],[5.094070793362815e-41 0.0 0.0 0.0; 0.0 -0.08924227569560664 0.0345298378480481 0.00751610103601646; 0.0 0.03452983784804811 -0.09072854949785153 -0.011264169121827459; 0.0 0.007516101036016464 -0.011264169121827455 -0.08597624592740095]
