L,J,Q,θ,μ,ϕx,ϕy,ϕz,ndims,T,Λ,χ_dwave,dχdlogT_dwave,χ_pwave,dχdlogT_pwave
23,1.15,0.6180339887498949,0.4487989505128276,0.75,5.106330914882206,0.20684903641207408,4.563814702367097,3,0.03593813663804628,0.3,[0.2677092990267567 0.0 0.0 0.0; 0.0 0.020750067873540924 -0.007473042424044536 -0.0092304930594217; 0.0 -0.007473042424044697 0.013196616593762964 -0.004141123559776699; 0.0 -0.009230493059422477 -0.0041411235597765906 0.017954614978567752],[-0.11538147473268633 0.0 0.0 0.0; 0.0 -0.005503603643871702 0.0017125527660042852 0.0022142802443237; 0.0 0.0017125527660043105 -0.0022041689403699822 0.0003174569931021338; 0.0 0.002214280244323602 0.00031745699310216363 -0.0038335126972220686],[-2.6840267643848283e-20 0.0 0.0 0.0; 0.0 0.013123364659244628 -0.0035048789575660958 -0.001007312485793765; 0.0 -0.0035048789575660108 0.0146496916627493 0.0011391807226219326; 0.0 -0.001007312485793741 0.0011391807226219751 0.012929974319191889],[-1.325610593577312e-19 0.0 0.0 0.0; 0.0 -0.0018684156593553678 0.0007569115740934977 -0.00016685125428542624; 0.0 0.0007569115740934486 -0.002281932255047732 -0.0003100660489909011; 0.0 -0.0001668512542854188 -0.0003100660489908843 -0.0021814492723687077]
