L,J,Q,θ,μ,ϕx,ϕy,ϕz,ndims,T,Λ,χ_dwave,dχdlogT_dwave,χ_pwave,dχdlogT_pwave
23,0.8,0.6180339887498949,0.4487989505128276,0.75,0.8300692797416884,5.067530529285624,5.9941159353493925,3,0.03593813663804628,0.3,[0.2974693618172541 0.0 0.0 0.0; 0.0 0.036115155143073945 -0.013039679399332826 -0.015982335741488725; 0.0 -0.013039679399332543 0.028795857931847052 -0.01119248618016581; 0.0 -0.015982335741487864 -0.011192486180165625 0.03340774032975384],[-0.13524231846165954 0.0 0.0 0.0; 0.0 -0.012218802429576271 0.0044696403760197305 0.004989234940314258; 0.0 0.0044696403760197114 -0.00894871732829949 0.0029662892705398995; 0.0 0.004989234940314625 0.0029662892705400287 -0.010638112245689025],[4.728586642824851e-18 0.0 0.0 0.0; 0.0 0.03513961215568951 -0.00816654825625185 0.0001910003468044862; 0.0 -0.00816654825625194 0.03229477320841223 0.002250661143829075; 0.0 0.0001910003468044677 0.0022506611438292403 0.031258954246766266],[-2.4056866901982614e-18 0.0 0.0 0.0; 0.0 -0.010421594272605077 0.002283478868912349 -0.00272119456587411; 0.0 0.00228347886891245 -0.009382608491502428 2.5125518688606105e-5; 0.0 -0.0027211945658740942 2.5125518688599854e-5 -0.009077734459066147]
