L,J,Q,θ,μ,ϕx,ϕy,ϕz,ndims,T,Λ,χ_dwave,dχdlogT_dwave,χ_pwave,dχdlogT_pwave
23,0.2,0.6180339887498949,0.4487989505128276,0.75,6.043674416402162,2.160866292828208,3.5422051391873537,3,0.7742636826811271,0.3,[0.0264647252856205 0.0 0.0 0.0; 0.0 0.009930016784959361 -0.004290825232298883 -0.004573529902137114; 0.0 -0.004290825232298887 0.009596235549170447 -0.00428644723847626; 0.0 -0.0045735299021371165 -0.0042864472384762575 0.009923825539543607],[-0.026266887165710816 0.0 0.0 0.0; 0.0 -0.009840614637872547 0.0042496388721716604 0.004533575993642534; 0.0 0.0042496388721716604 -0.00950862309140415 0.004247420161723689; 0.0 0.004533575993642536 0.004247420161723689 -0.009835991868001671],[2.3295184379747056e-19 0.0 0.0 0.0; 0.0 0.012696596765538824 -0.00013258466338484637 -0.0002213948860041607; 0.0 -0.00013258466338484645 0.012361630770209315 -2.781502653709692e-5; 0.0 -0.00022139488600416042 -2.7815026537096218e-5 0.012555262261336894],[-2.304159371360275e-19 0.0 0.0 0.0; 0.0 -0.012595300416964682 0.0001375750939248572 0.00022324232000492906; 0.0 0.00013757509392485758 -0.012257418512549575 2.826890938543385e-5; 0.0 0.00022324232000492863 2.826890938543346e-5 -0.012449027097187329]
