L,J,Q,θ,μ,ϕx,ϕy,ϕz,ndims,T,Λ,χ_dwave,dχdlogT_dwave,χ_pwave,dχdlogT_pwave
23,0.8,0.6180339887498949,0.4487989505128276,0.75,1.7005541423631445,4.403849274532622,1.4969214751554831,3,0.004641588833612777,0.3,[0.5803902492279616 0.0 0.0 0.0; 0.0 0.054082184058947116 -0.019123544596498128 -0.023028002765724434; 0.0 -0.019123544596499405 0.042774253411934554 -0.015205362723161602; 0.0 -0.023028002765724833 -0.015205362723161447 0.05005034891545792],[-0.1336689390471583 0.0 0.0 0.0; 0.0 -0.006421659288069317 0.0018202402405037461 0.0020787811729258334; 0.0 0.0018202402405037687 -0.005056459013376053 0.0008516169418386246; 0.0 0.0020787811729256994 0.0008516169418386205 -0.005165110304930526],[-1.664189943692314e-18 0.0 0.0 0.0; 0.0 0.052156465162252606 -0.011938624034390201 0.0035697968059081177; 0.0 -0.011938624034390046 0.05003114389038997 0.0010402873980168994; 0.0 0.003569796805907992 0.0010402873980168822 0.04295909561956755],[3.0229446375930097e-19 0.0 0.0 0.0; 0.0 -0.00596072109785733 0.0006052491623116335 -0.000799420544930802; 0.0 0.000605249162311621 -0.006473626927366748 0.00014806554345675446; 0.0 -0.0007994205449307867 0.00014806554345675135 -0.0035438566932103634]
