L,J,Q,θ,μ,ϕx,ϕy,ϕz,ndims,T,Λ,χ_dwave,dχdlogT_dwave,χ_pwave,dχdlogT_pwave
23,0.5,0.6180339887498949,0.4487989505128276,0.75,0.8300692797416884,5.067530529285624,5.9941159353493925,3,0.05994842503189409,0.3,[0.23370239694197475 0.0 0.0 0.0; 0.0 0.047520658013363616 -0.017187955317205447 -0.022688954661756803; 0.0 -0.017187955317205957 0.042457121218081574 -0.018518018544063354; 0.0 -0.022688954661756695 -0.018518018544065432 0.04752231617353794],[-0.12865656803547762 0.0 0.0 0.0; 0.0 -0.02298443366880415 0.006960547553494859 0.011112801642611192; 0.0 0.006960547553495058 -0.019261232765526094 0.00873925800578899; 0.0 0.011112801642611352 0.008739258005789027 -0.02227760941982067],[-6.718542904769409e-20 0.0 0.0 0.0; 0.0 0.05954189549999315 -0.010496563455571602 -0.0035792910002259617; 0.0 -0.010496563455572266 0.053155831533936486 0.0035580339319648932; 0.0 -0.00357929100022604 0.0035580339319648013 0.052382587478690665],[-7.0057572892780435e-19 0.0 0.0 0.0; 0.0 -0.0260375098614652 0.005853987793384578 -5.464359014854869e-5; 0.0 0.0058539877933847725 -0.02262094831684311 -0.003296907714388743; 0.0 -5.464359014853017e-5 -0.0032969077143885604 -0.02193114236901618]
