L,J,Q,θ,μ,ϕx,ϕy,ϕz,ndims,T,Λ,χ_dwave,dχdlogT_dwave,χ_pwave,dχdlogT_pwave
23,0.25,0.6180339887498949,0.4487989505128276,0.75,3.7152326662553454,5.721680001447781,0.41513891803668856,3,0.004641588833612777,0.3,[0.6175481138964427 0.0 0.0 0.0; 0.0 0.16478576214318733 -0.06388234835596052 -0.08328930104624205; 0.0 -0.06388234835596056 0.1694038577511274 -0.07617433793970232; 0.0 -0.08328930104624224 -0.07617433793970249 0.18028591899049748],[-0.16060644863194373 0.0 0.0 0.0; 0.0 -0.03445163675150084 0.013809486221872011 0.02005224688967949; 0.0 0.013809486221872029 -0.04073788515189443 0.017859435772309556; 0.0 0.020052246889679454 0.017859435772309563 -0.04519023360911604],[-3.0025768706998106e-18 0.0 0.0 0.0; 0.0 0.257815070479881 -0.01827068407315228 -0.021259921324565768; 0.0 -0.018270684073152264 0.22511393579703992 -0.006982810787250482; 0.0 -0.02125992132456585 -0.006982810787250511 0.22532438175747904],[-2.3512422572560456e-19 0.0 0.0 0.0; 0.0 -0.06737696061862421 0.0026768744681182747 0.005885109339181697; 0.0 0.0026768744681182686 -0.05661242798793489 0.0072103623828633275; 0.0 0.005885109339181693 0.007210362382863331 -0.05420346693376451]
