L,J,Q,θ,μ,ϕx,ϕy,ϕz,ndims,T,Λ,χ_dwave,dχdlogT_dwave,χ_pwave,dχdlogT_pwave
23,0.6,0.6180339887498949,0.4487989505128276,0.75,0.8300692797416884,5.067530529285624,5.9941159353493925,3,0.007742636826811269,0.3,[0.5124155877590041 0.0 0.0 0.0; 0.0 0.07811113647592952 -0.025748511984426396 -0.03416240643130287; 0.0 -0.025748511984427385 0.06503811471129074 -0.028106717416770687; 0.0 -0.03416240643130413 -0.028106717416770243 0.07174765858167614],[-0.14677440936177938 0.0 0.0 0.0; 0.0 -0.01975547905374547 0.005445761894455327 0.006881169617351029; 0.0 0.005445761894454831 -0.012792673774624504 0.0055948882590058915; 0.0 0.006881169617351451 0.005594888259006141 -0.014481020162353406],[-8.183558700484084e-18 0.0 0.0 0.0; 0.0 0.08888227939227007 -0.015962703138418067 0.0019011406076470335; 0.0 -0.01596270313841871 0.0755482118127934 0.007413660019115093; 0.0 0.0019011406076471938 0.007413660019114938 0.07414090655875187],[4.8557904054792156e-18 0.0 0.0 0.0; 0.0 -0.017869994248861053 0.00037448286233170586 -0.003144948342446164; 0.0 0.00037448286233172874 -0.014549176656331252 -0.0019285248485482866; 0.0 -0.0031449483424460067 -0.0019285248485483317 -0.015023639487884322]
