L,J,Q,θ,μ,ϕx,ϕy,ϕz,ndims,T,Λ,χ_dwave,dχdlogT_dwave,χ_pwave,dχdlogT_pwave
23,0.0,0.6180339887498949,0.4487989505128276,0.75,6.043674416402162,2.160866292828208,3.5422051391873537,3,5.99484250318941,0.3,[0.0034649876902598173 0.0 0.0 0.0; 0.0 0.0015245332614264697 -0.0006794213058033287 -0.0006807066583576884; 0.0 -0.0006794213058033287 0.0015334528954245195 -0.0006881015149145658; 0.0 -0.0006807066583576884 -0.0006881015149145659 0.0015332823499738268],[-0.0034645380397305176 0.0 0.0 0.0; 0.0 -0.0015243317520146921 0.0006793317480782769 0.000680617038521765; 0.0 0.0006793317480782763 -0.0015332472760988289 0.0006880088705942412; 0.0 0.0006806170385217653 0.0006880088705942412 -0.0015330773644008208],[-7.739089625869512e-43 0.0 0.0 0.0; 0.0 0.00194045442883335 -9.13011001011906e-5 -2.2272290791192974e-5; 0.0 -9.130110010119037e-5 0.0019315347948352986 -4.778160389190614e-6; 0.0 -2.2272290791192882e-5 -4.77816038919058e-6 0.0019317053402859935],[7.737974297894593e-43 0.0 0.0 0.0; 0.0 -0.0019402062877158274 9.1255607664138e-5 2.226021635374867e-5; 0.0 9.125560766413794e-5 -0.0019312907636316904 4.777720158851163e-6; 0.0 2.2260216353748658e-5 4.7777201588511975e-6 -0.0019314606753296985]
