L,J,Q,θ,μ,ϕx,ϕy,ϕz,ndims,T,Λ,χ_dwave,dχdlogT_dwave,χ_pwave,dχdlogT_pwave
23,1.15,0.6180339887498949,0.4487989505128276,0.75,5.106330914882206,0.20684903641207408,4.563814702367097,3,0.1,0.3,[0.15106535704860843 0.0 0.0 0.0; 0.0 0.013592470444250418 -0.0050680651073598945 -0.006121463492530866; 0.0 -0.00506806510735961 0.009536620326718193 -0.0032411276102068814; 0.0 -0.006121463492530825 -0.0032411276102069877 0.012306479797390347],[-0.10761447806308291 0.0 0.0 0.0; 0.0 -0.00818940869417895 0.0029330919304958766 0.003674479590557816; 0.0 0.002933091930495768 -0.005025917053375963 0.0015195927436370926; 0.0 0.0036744795905578336 0.0015195927436371156 -0.007042403401647329],[6.86950472303528e-20 0.0 0.0 0.0; 0.0 0.009746694287819055 -0.002336310651766651 -0.0009551387783752244; 0.0 -0.0023363106517665217 0.010763540382904429 0.0007453962999409343; 0.0 -0.0009551387783751959 0.0007453962999409484 0.009459416188021558],[-1.9110258136706184e-19 0.0 0.0 0.0; 0.0 -0.004913049983297682 0.0014361822803734474 0.0003510709979133558; 0.0 0.0014361822803734845 -0.005522508769305319 -0.00046452176704879635; 0.0 0.0003510709979133351 -0.0004645217670487927 -0.004848707424849364]
