L,J,Q,θ,μ,ϕx,ϕy,ϕz,ndims,T,Λ,χ_dwave,dχdlogT_dwave,χ_pwave,dχdlogT_pwave
23,0.2,0.6180339887498949,0.4487989505128276,0.75,2.0229416505316715,5.371743502297404,0.6056970094929207,3,0.01291549665014884,0.3,[0.47761659564538955 0.0 0.0 0.0; 0.0 0.15541634233166368 -0.06014139050631249 -0.0755077617052039; 0.0 -0.06014139050631256 0.14419852068642722 -0.06479740167584265; 0.0 -0.07550776170520382 -0.06479740167584261 0.15738155956190772],[-0.15300670847528453 0.0 0.0 0.0; 0.0 -0.042703073615326624 0.013673202618081587 0.02267367725540469; 0.0 0.013673202618081597 -0.036656659306467276 0.016428199282688336; 0.0 0.022673677255404676 0.016428199282688346 -0.0439839429447483],[-2.558073368992213e-18 0.0 0.0 0.0; 0.0 0.20865246190662837 -0.014689844872152207 0.002975170810619842; 0.0 -0.014689844872152212 0.19620738058736226 -0.018362057131973794; 0.0 0.002975170810619822 -0.018362057131973787 0.19110715458737068],[-8.683987926998546e-20 0.0 0.0 0.0; 0.0 -0.06196077990422553 0.003947269217302333 -0.007080930774765148; 0.0 0.003947269217302326 -0.057401179011052746 0.01315947679703963; 0.0 -0.007080930774765148 0.013159476797039632 -0.0512531491203269]
