L,J,Q,θ,μ,ϕx,ϕy,ϕz,ndims,T,Λ,χ_dwave,dχdlogT_dwave,χ_pwave,dχdlogT_pwave
23,1.15,0.6180339887498949,0.4487989505128276,0.75,1.844230068945385,1.1274623114571236,4.291057478636419,3,0.03593813663804628,0.3,[0.2673774916266526 0.0 0.0 0.0; 0.0 0.02060290137516361 -0.0074047172273409385 -0.00916396283413754; 0.0 -0.007404717227340774 0.013171528335974786 -0.004145836452636372; 0.0 -0.009163962834137913 -0.004145836452636471 0.017912937830011806],[-0.11531166997876142 0.0 0.0 0.0; 0.0 -0.005496239366228206 0.0016791292313679672 0.0021939444863856698; 0.0 0.0016791292313679577 -0.0021884234544531796 0.00032569118144708774; 0.0 0.0021939444863856225 0.0003256911814470705 -0.0037690709042705415],[-1.4157504228064486e-18 0.0 0.0 0.0; 0.0 0.01316374329838457 -0.0036138063407502733 -0.001006961597561529; 0.0 -0.0036138063407502204 0.0145058642332942 0.0010194246404094268; 0.0 -0.0010069615975615079 0.0010194246404094446 0.012835576495152306],[1.3150968670627408e-18 0.0 0.0 0.0; 0.0 -0.001885420347032784 0.0007644435779493158 -0.0002177047273194836; 0.0 0.0007644435779493417 -0.002145960751696181 -0.00030484395279460505; 0.0 -0.0002177047273194896 -0.0003048439527946132 -0.0020014749353625635]
