L,J,Q,θ,μ,ϕx,ϕy,ϕz,ndims,T,Λ,χ_dwave,dχdlogT_dwave,χ_pwave,dχdlogT_pwave
23,0.3,0.6180339887498949,0.4487989505128276,0.75,1.7147032833659617,1.1033524487318418,0.8149814849990139,3,0.021544346900318832,0.3,[0.37078524108579636 0.0 0.0 0.0; 0.0 0.10391500803741306 -0.041256765656974316 -0.048010478256816584; 0.0 -0.041256765656974184 0.09712156348509252 -0.042571835498336104; 0.0 -0.04801047825681638 -0.04257183549833604 0.10265622989521234],[-0.12390931455406252 0.0 0.0 0.0; 0.0 -0.03245598725672412 0.013077480578218332 0.013676720515113873; 0.0 0.013077480578218408 -0.029809047973681134 0.012324923378575794; 0.0 0.013676720515113882 0.012324923378576068 -0.028896692112209656],[9.980102209101103e-19 0.0 0.0 0.0; 0.0 0.132751961604932 -0.017216898921525777 -0.009477365231393666; 0.0 -0.017216898921525912 0.11842244913029325 0.00839724015462118; 0.0 -0.009477365231393862 0.008397240154621038 0.12116976132619649],[-2.178168726905725e-18 0.0 0.0 0.0; 0.0 -0.03533575004501897 0.005376586710859923 0.004845678089855396; 0.0 0.005376586710859836 -0.030163680572925504 -0.007753592771787562; 0.0 0.0048456780898554165 -0.007753592771787587 -0.03322077019690039]
