L,J,Q,θ,μ,ϕx,ϕy,ϕz,ndims,T,Λ,χ_dwave,dχdlogT_dwave,χ_pwave,dχdlogT_pwave
23,0.5,0.6180339887498949,0.4487989505128276,0.75,2.0229416505316715,5.371743502297404,0.6056970094929207,3,0.1,0.3,[0.17097457417781686 0.0 0.0 0.0; 0.0 0.035949615849422634 -0.013482350147220669 -0.01681806114305233; 0.0 -0.013482350147220701 0.032409065231635455 -0.014257546319292507; 0.0 -0.01681806114305408 -0.014257546319292262 0.03621255795205525],[-0.12267809308899437 0.0 0.0 0.0; 0.0 -0.023742930055406074 0.00813074068338189 0.011423185995486263; 0.0 0.00813074068338179 -0.020622618536034993 0.008929375716987818; 0.0 0.011423185995485304 0.008929375716987636 -0.023439805795916105],[-2.1544886417447883e-18 0.0 0.0 0.0; 0.0 0.04682976304001774 -0.007982567561040455 -0.0035635879320159813; 0.0 -0.007982567561040694 0.04244149343761305 0.0016073082380938788; 0.0 -0.0035635879320160026 0.001607308238093867 0.041862052210797494],[1.6655247461053201e-18 0.0 0.0 0.0; 0.0 -0.029452536183347925 0.00604855635887047 0.0012781536432098961; 0.0 0.006048556358870342 -0.026161360226951143 -0.0011853162250888278; 0.0 0.0012781536432098588 -0.001185316225088828 -0.02503982869509097]
