L,J,Q,θ,μ,ϕx,ϕy,ϕz,ndims,T,Λ,χ_dwave,dχdlogT_dwave,χ_pwave,dχdlogT_pwave
23,0.4,0.6180339887498949,0.4487989505128276,0.75,1.844230068945385,1.1274623114571236,4.291057478636419,3,0.1,0.3,[0.17293055744268168 0.0 0.0 0.0; 0.0 0.0434076266973586 -0.016517607032298195 -0.02067956507626927; 0.0 -0.01651760703229874 0.04050332589863437 -0.018300153040801733; 0.0 -0.020679565076269182 -0.018300153040802066 0.044353101722988175],[-0.12462446612504396 0.0 0.0 0.0; 0.0 -0.028431483366044116 0.010151454597030407 0.013651888426238821; 0.0 0.01015145459703037 -0.02566315405432923 0.011475712761057253; 0.0 0.01365188842623883 0.01147571276105709 -0.02863205747855565],[-1.3585308295200612e-18 0.0 0.0 0.0; 0.0 0.05835396922458654 -0.007453557161631575 -0.0039564081923326114; 0.0 -0.007453557161631177 0.05227793563727233 0.00015941540170965967; 0.0 -0.003956408192332607 0.00015941540170960099 0.052503635803578586],[3.4314907734522633e-19 0.0 0.0 0.0; 0.0 -0.03739077659197595 0.006420888816571971 0.004405536952784918; 0.0 0.00642088881657205 -0.03337382176083231 -0.0023950012576667394; 0.0 0.004405536952784836 -0.0023950012576667975 -0.03283332970692284]
