L,J,Q,θ,μ,ϕx,ϕy,ϕz,ndims,T,Λ,χ_dwave,dχdlogT_dwave,χ_pwave,dχdlogT_pwave
23,0.6,0.6180339887498949,0.4487989505128276,0.75,1.844230068945385,1.1274623114571236,4.291057478636419,3,0.1,0.3,[0.1678589318873585 0.0 0.0 0.0; 0.0 0.030482795311287655 -0.010965644697290933 -0.014287605205812771; 0.0 -0.010965644697291282 0.026723394297136046 -0.011574032754807274; 0.0 -0.014287605205812442 -0.011574032754807433 0.0299647025863423],[-0.1216675496830778 0.0 0.0 0.0; 0.0 -0.019780472872878752 0.006817121687437188 0.00918152862911375; 0.0 0.006817121687437211 -0.016768669953459985 0.007054913007826541; 0.0 0.00918152862911364 0.007054913007826557 -0.01905685500231752],[1.0784652259133453e-18 0.0 0.0 0.0; 0.0 0.03633733607797902 -0.006872394569687879 -0.0025640921855691378; 0.0 -0.006872394569687803 0.03296995199389778 0.0018055673920288888; 0.0 -0.0025640921855691477 0.0018055673920289667 0.031665415006437374],[-9.031363869276884e-19 0.0 0.0 0.0; 0.0 -0.023169295188166877 0.005534960712838523 0.0012949918099296337; 0.0 0.005534960712838235 -0.02069310712196575 -0.0019807103919567874; 0.0 0.0012949918099295354 -0.001980710391956705 -0.01977144342171108]
