L,J,Q,θ,μ,ϕx,ϕy,ϕz,ndims,T,Λ,χ_dwave,dχdlogT_dwave,χ_pwave,dχdlogT_pwave
23,0.35,0.6180339887498949,0.4487989505128276,0.75,6.043674416402162,2.160866292828208,3.5422051391873537,3,5.99484250318941,0.3,[0.003485538242912746 0.0 0.0 0.0; 0.0 0.0010421108086919799 -0.0004133717579413664 -0.0004976833218395473; 0.0 -0.00041337175794135047 0.0009527610057813925 -0.0004218647726814779; 0.0 -0.0004976833218395139 -0.0004218647726814845 0.0010347067528964841],[-0.00348505958267543 0.0 0.0 0.0; 0.0 -0.001041917540093412 0.0004132884688536483 0.0004975911153647096; 0.0 0.00041328846885363836 -0.0009525846263267379 0.00042178865745038226; 0.0 0.0004975911153646891 0.0004217886574503828 -0.0010345208155303721],[-4.0906836215769776e-20 0.0 0.0 0.0; 0.0 0.0013428414489071584 -8.524544737855193e-5 -8.555684318721453e-5; 0.0 -8.524544737854902e-5 0.0012599288745062127 -3.3702274321507294e-6; 0.0 -8.55568431872147e-5 -3.3702274321503906e-6 0.001278220049409163],[4.0906548813920315e-20 0.0 0.0 0.0; 0.0 -0.0013426068150545146 8.525948185659791e-5 8.555314068961775e-5; 0.0 8.525948185659674e-5 -0.0012596872976943123 3.3671578336124005e-6; 0.0 8.555314068961801e-5 3.3671578336121414e-6 -0.0012779737133075534]
