L,J,Q,θ,μ,ϕx,ϕy,ϕz,ndims,T,Λ,χ_dwave,dχdlogT_dwave,χ_pwave,dχdlogT_pwave
23,0.55,0.6180339887498949,0.4487989505128276,0.75,5.108608070790224,2.6269203188545354,3.014007765852682,3,2.154434690031884,0.3,[0.009389145545449779 0.0 0.0 0.0; 0.0 0.001916182814668562 -0.0007074053294261805 -0.0009153292223996006; 0.0 -0.0007074053294261587 0.0017274138803995212 -0.0007775617763721673; 0.0 -0.0009153292223995703 -0.0007775617763721804 0.0019650497958196103],[-0.009379065778607979 0.0 0.0 0.0; 0.0 -0.0019135525976136491 0.0007063553518727487 0.0009140369629203179; 0.0 0.0007063553518727492 -0.0017248757720769471 0.0007763240751994066; 0.0 0.0009140369629203524 0.0007763240751994113 -0.001962130850262454],[-1.1380991964150992e-19 0.0 0.0 0.0; 0.0 0.002462660724237247 -0.0004254062814931783 -0.0001624154109716892; 0.0 -0.00042540628149320106 0.002234108990507683 5.597623795964668e-5; 0.0 -0.00016241541097168752 5.597623795965047e-5 0.0021824614077591256],[1.1377759373893169e-19 0.0 0.0 0.0; 0.0 -0.002458951019973469 0.00042512520625772595 0.00016209003664117606; 0.0 0.00042512520625774357 -0.002230591361864564 -5.620384286071512e-5; 0.0 0.00016209003664117245 -5.6203842860716236e-5 -0.002179011940663762]
