L,J,Q,θ,μ,ϕx,ϕy,ϕz,ndims,T,Λ,χ_dwave,dχdlogT_dwave,χ_pwave,dχdlogT_pwave
23,0.5,0.6180339887498949,0.4487989505128276,0.75,2.35825522373343,3.5083950570734084,5.211373871453545,3,0.0027825594022071257,0.3,[0.6345308491200912 0.0 0.0 0.0; 0.0 0.1115306086001947 -0.03485065984954936 -0.052690311883954864; 0.0 -0.034850659849550734 0.09667664850442938 -0.04465351653513883; 0.0 -0.05269031188395432 -0.04465351653513617 0.10906591292898986],[-0.14473787875698813 0.0 0.0 0.0; 0.0 -0.020714248430264433 0.0039007945919739984 0.008394604423643494; 0.0 0.0039007945919740604 -0.019674023997209515 0.01331123793343594; 0.0 0.008394604423643433 0.013311237933435895 -0.02205163610559673],[-6.252020967254431e-18 0.0 0.0 0.0; 0.0 0.12638861522201056 -0.027810428548928665 0.0036385639137536657; 0.0 -0.02781042854892933 0.11563080527920694 0.008617399239660074; 0.0 0.0036385639137538218 0.00861739923965974 0.11246208705188722],[-1.6522054633836266e-19 0.0 0.0 0.0; 0.0 -0.022752024949646874 0.0016400493661998252 -0.005759594050318166; 0.0 0.0016400493661998465 -0.01747631403894091 0.000235175521133838; 0.0 -0.005759594050318178 0.00023517552113384204 -0.01847081193186202]
