L,J,Q,θ,μ,ϕx,ϕy,ϕz,ndims,T,Λ,χ_dwave,dχdlogT_dwave,χ_pwave,dχdlogT_pwave
23,0.0,0.6180339887498949,0.4487989505128276,0.75,2.0229416505316715,5.371743502297404,0.6056970094929207,3,0.004641588833612777,0.3,[0.6076517472355881 0.0 0.0 0.0; 0.0 0.26268564997596494 -0.11144744711752055 -0.12073401770295729; 0.0 -0.11144744711752058 0.26805339935365036 -0.1241691313945514; 0.0 -0.12073401770295726 -0.12416913139455141 0.26845099727885197],[-0.1362606277563317 0.0 0.0 0.0; 0.0 -0.051807705725954625 0.021169982435190512 0.02294385408489956; 0.0 0.021169982435190502 -0.061885841653126834 0.029974164244701427; 0.0 0.022943854084899563 0.029974164244701434 -0.05362986207700869],[1.4008181172096152e-40 0.0 0.0 0.0; 0.0 0.34496609725962374 0.039753117389431346 -0.02407299807613046; 0.0 0.03975311738943135 0.3395983478819382 -0.018399358049366356; 0.0 -0.024072998076130465 -0.01839935804936634 0.33920074995673677],[4.880083497486107e-40 0.0 0.0 0.0; 0.0 -0.08445292203037709 -0.03314202996852851 0.02501850852276493; 0.0 -0.03314202996852851 -0.07437478610320483 0.01879325722926373; 0.0 0.025018508522764923 0.01879325722926372 -0.08263076567932302]
