L,J,Q,θ,μ,ϕx,ϕy,ϕz,ndims,T,Λ,χ_dwave,dχdlogT_dwave,χ_pwave,dχdlogT_pwave
23,0.7,0.6180339887498949,0.4487989505128276,0.75,6.043674416402162,2.160866292828208,3.5422051391873537,3,0.1,0.3,[0.1664641594061852 0.0 0.0 0.0; 0.0 0.026064157911755915 -0.009589555702122343 -0.011758521980333177; 0.0 -0.009589555702122606 0.0222414985671993 -0.009315491251485147; 0.0 -0.011758521980333213 -0.009315491251484917 0.025175480048482763],[-0.12136946751997109 0.0 0.0 0.0; 0.0 -0.01686696340805491 0.006029991552522374 0.007514754449697659; 0.0 0.006029991552522408 -0.01402406416471649 0.005703570073173952; 0.0 0.007514754449697872 0.0057035700731741575 -0.01597241129375464],[3.8844690000629214e-19 0.0 0.0 0.0; 0.0 0.028604829773132064 -0.006343335531713575 -0.0015323821341066133; 0.0 -0.006343335531713753 0.026371149461988253 0.0019936756785406567; 0.0 -0.001532382134106719 0.0019936756785407157 0.02545050771269378],[-3.3159065858275575e-19 0.0 0.0 0.0; 0.0 -0.01808155351797088 0.004349121442891182 0.0002967665108353008; 0.0 0.004349121442890862 -0.016173378292873127 -0.001196719648029035; 0.0 0.0002967665108353059 -0.0011967196480290785 -0.015722778673593812]
