L,J,Q,θ,μ,ϕx,ϕy,ϕz,ndims,T,Λ,χ_dwave,dχdlogT_dwave,χ_pwave,dχdlogT_pwave
23,0.4,0.6180339887498949,0.4487989505128276,0.75,0.8300692797416884,5.067530529285624,5.9941159353493925,3,0.007742636826811269,0.3,[0.4868053857074947 0.0 0.0 0.0; 0.0 0.11054797540991734 -0.03808942476543539 -0.051160299318215266; 0.0 -0.03808942476543675 0.09773760201201002 -0.04513801156078044; 0.0 -0.051160299318216064 -0.045138011560782204 0.10731780082858508],[-0.12405032198889455 0.0 0.0 0.0; 0.0 -0.026273422605469766 0.00803641835576237 0.011327113926816849; 0.0 0.00803641835576245 -0.020596473625953536 0.01001722704437834; 0.0 0.011327113926816764 0.010017227044378855 -0.023639701117517856],[6.779274190507422e-18 0.0 0.0 0.0; 0.0 0.12930653627692293 -0.017870579891629015 -0.006551548030785121; 0.0 -0.017870579891629084 0.11652541784090664 0.011915913028068837; 0.0 -0.0065515480307850454 0.011915913028068922 0.11630112155225207],[-4.114234758307659e-18 0.0 0.0 0.0; 0.0 -0.026062306432144213 0.003894354156479728 0.001666102042268998; 0.0 0.0038943541564797446 -0.025803696268511356 -0.006433118811618362; 0.0 0.0016661020422690416 -0.006433118811618216 -0.024613009001382642]
