L,J,Q,θ,μ,ϕx,ϕy,ϕz,ndims,T,Λ,χ_dwave,dχdlogT_dwave,χ_pwave,dχdlogT_pwave
23,0.55,0.6180339887498949,0.4487989505128276,0.75,4.108575757591687,4.541751602016311,2.0408036799157285,3,0.007742636826811269,0.3,[0.49886646413780733 0.0 0.0 0.0; 0.0 0.08118261800775672 -0.030425214904947196 -0.036491114694390266; 0.0 -0.030425214904948674 0.07339936765505278 -0.02967037112798978; 0.0 -0.03649111469439141 -0.029670371127989106 0.07856239249751278],[-0.11918538587100944 0.0 0.0 0.0; 0.0 -0.018483561376989047 0.008409660059919964 0.006691799307965975; 0.0 0.008409660059920162 -0.016299947749505914 0.005213472927422076; 0.0 0.006691799307966316 0.005213472927422177 -0.014355265974366002],[-1.0448765853143702e-17 0.0 0.0 0.0; 0.0 0.09537856633309838 -0.026511569259435434 -0.0073435251521450735; 0.0 -0.026511569259436124 0.09041722858605093 0.011663699649644215; 0.0 -0.007343525152145208 0.011663699649644609 0.08753396325448277],[6.8431659500914225e-18 0.0 0.0 0.0; 0.0 -0.013875336096626582 0.007415511722066699 0.0014299492429900257; 0.0 0.007415511722066671 -0.017034282421485327 -0.005154544446090144; 0.0 0.0014299492429901035 -0.005154544446090216 -0.017368458263163456]
