L,J,Q,θ,μ,ϕx,ϕy,ϕz,ndims,T,Λ,χ_dwave,dχdlogT_dwave,χ_pwave,dχdlogT_pwave
23,0.45,0.6180339887498949,0.4487989505128276,0.75,5.2759666248411525,5.216572709691631,2.2183578985492427,3,0.021544346900318832,0.3,[0.3649044321750011 0.0 0.0 0.0; 0.0 0.07518528180249044 -0.026242207278717993 -0.03494557395488865; 0.0 -0.026242207278717452 0.06648738150515897 -0.029574249713739245; 0.0 -0.03494557395489001 -0.02957424971373911 0.07363245090664605],[-0.11863886763911966 0.0 0.0 0.0; 0.0 -0.01956509153077805 0.005942531708215375 0.00827267478326125; 0.0 0.005942531708215441 -0.016424488981610638 0.007343840359589536; 0.0 0.008272674783260948 0.007343840359589982 -0.017720168687426263],[1.0374740135465926e-18 0.0 0.0 0.0; 0.0 0.0976641604557215 -0.021124355937778318 -0.009986297954527311; 0.0 -0.021124355937778585 0.08684391190200884 0.011278291214499053; 0.0 -0.009986297954525849 0.011278291214499662 0.0863653858928605],[-1.5328316713105109e-18 0.0 0.0 0.0; 0.0 -0.025630095850552884 0.009469864954195998 0.0038885057575916713; 0.0 0.00946986495419603 -0.024125197674395332 -0.007423491043259865; 0.0 0.003888505757591295 -0.0074234910432595825 -0.02375855530262223]
