L,J,Q,θ,μ,ϕx,ϕy,ϕz,ndims,T,Λ,χ_dwave,dχdlogT_dwave,χ_pwave,dχdlogT_pwave
23,0.6,0.6180339887498949,0.4487989505128276,0.75,2.810390175230641,1.0772819831490281,3.680682016823238,3,0.0016681005372000592,0.3,[0.7279271941263507 0.0 0.0 0.0; 0.0 0.09585781026584773 -0.03293164684014871 -0.04457421982152024; 0.0 -0.032931646840149126 0.08381999874937374 -0.028771871717183994; 0.0 -0.04457421982152045 -0.028771871717183897 0.08658788615395321],[-0.16787903937800824 0.0 0.0 0.0; 0.0 -0.019623647886035947 0.004299698310599731 0.01209703180517151; 0.0 0.004299698310599881 -0.011777815929240506 0.0012055610746477046; 0.0 0.012097031805171195 0.0012055610746477938 -0.015450724529619968],[1.7880253685309663e-17 0.0 0.0 0.0; 0.0 0.10720395514854958 -0.02376049783872589 -0.001370122869280526; 0.0 -0.02376049783872473 0.09749450304549782 0.011595425133603055; 0.0 -0.0013701228692805623 0.011595425133603267 0.10017464071359805],[-1.1590897249790224e-17 0.0 0.0 0.0; 0.0 -0.013061984689872129 0.000479369826029645 9.643968001524079e-5; 0.0 0.0004793698260296582 -0.014452652733974104 -0.003669580976051322; 0.0 9.643968001524144e-5 -0.0036695809760514185 -0.017480431597337972]
