L,J,Q,θ,μ,ϕx,ϕy,ϕz,ndims,T,Λ,χ_dwave,dχdlogT_dwave,χ_pwave,dχdlogT_pwave
23,0.25,0.6180339887498949,0.4487989505128276,0.75,1.7005541423631445,4.403849274532622,1.4969214751554831,3,0.021544346900318832,0.3,[0.36934579828912567 0.0 0.0 0.0; 0.0 0.11062924370429854 -0.04350186932169245 -0.05347451948402179; 0.0 -0.043501869321692276 0.10449732887788579 -0.0473917596574622; 0.0 -0.053474519484021696 -0.04739175965746212 0.11508189520622221],[-0.11824391239252681 0.0 0.0 0.0; 0.0 -0.030373535350037457 0.010467662159395145 0.016588532536798196; 0.0 0.01046766215939515 -0.027073193251594282 0.012723607464019225; 0.0 0.016588532536798213 0.01272360746401924 -0.03462890335156722],[3.5688079751354415e-18 0.0 0.0 0.0; 0.0 0.14669457245791495 -0.005231494695204129 -0.010245387781581421; 0.0 -0.005231494695204129 0.13481491997038966 0.0015035413344870181; 0.0 -0.010245387781581372 0.0015035413344870368 0.1306705977225426],[-3.770904814220531e-18 0.0 0.0 0.0; 0.0 -0.03933164192228338 -0.000845969303601619 0.004549393523471814; 0.0 -0.0008459693036016196 -0.03787155189454067 -0.003475152467090359; 0.0 0.004549393523471811 -0.0034751524670903556 -0.03185524656460519]
