L,J,Q,θ,μ,ϕx,ϕy,ϕz,ndims,T,Λ,χ_dwave,dχdlogT_dwave,χ_pwave,dχdlogT_pwave
23,0.85,0.6180339887498949,0.4487989505128276,0.75,5.106330914882206,0.20684903641207408,4.563814702367097,3,0.001,0.3,[0.8285486539097904 0.0 0.0 0.0; 0.0 0.06454208202440838 -0.021490164725752464 -0.02229926282487841; 0.0 -0.021490164725752017 0.04368348216148672 -0.015346338362972162; 0.0 -0.022299262824878763 -0.015346338362972244 0.05298087925655374],[-0.1466373219591465 0.0 0.0 0.0; 0.0 -0.009557189016265788 0.001228038093463415 0.0010401991253842567; 0.0 0.001228038093463406 -0.0019015978514109629 0.0007125121809119898; 0.0 0.0010401991253842602 0.0007125121809119893 -0.0033748150554116447],[-1.110566721445865e-17 0.0 0.0 0.0; 0.0 0.051778363685969636 -0.013566522205377872 0.005200962886177356; 0.0 -0.01356652220537834 0.047740635959463276 0.0059081251948124944; 0.0 0.005200962886177733 0.00590812519481254 0.04479707215499249],[3.5359769806911556e-18 0.0 0.0 0.0; 0.0 -0.0027370664279088882 0.0017252266464628985 -0.0011141216596267343; 0.0 0.0017252266464629453 -0.0027240030047535864 -0.00017238314406582464; 0.0 -0.0011141216596267333 -0.0001723831440658254 -0.0023690914725217464]
