L,J,Q,θ,μ,ϕx,ϕy,ϕz,ndims,T,Λ,χ_dwave,dχdlogT_dwave,χ_pwave,dχdlogT_pwave
23,0.65,0.6180339887498949,0.4487989505128276,0.75,0.8300692797416884,5.067530529285624,5.9941159353493925,3,0.03593813663804628,0.3,[0.30031611689290977 0.0 0.0 0.0; 0.0 0.04560303924157565 -0.0161626873236156 -0.020730358493660575; 0.0 -0.016162687323614585 0.03926391295619221 -0.016403757916093248; 0.0 -0.020730358493660745 -0.016403757916092918 0.04368792387860839],[-0.13416784922064912 0.0 0.0 0.0; 0.0 -0.016333942919086995 0.005576254538558366 0.006647850268003366; 0.0 0.005576254538558207 -0.013804570316287039 0.005593069569621662; 0.0 0.00664785026800322 0.005593069569621431 -0.014453807668496155],[-7.149401309304206e-19 0.0 0.0 0.0; 0.0 0.05202907386274104 -0.011454766974592346 -0.0007856672962930002; 0.0 -0.011454766974593123 0.04565527188662297 0.003747076244660919; 0.0 -0.0007856672962931435 0.003747076244660861 0.04502465815551718],[9.853230293230761e-19 0.0 0.0 0.0; 0.0 -0.017977949475814648 0.003656453814188148 -0.002303430907739639; 0.0 0.003656453814188093 -0.014827426171765327 -0.0013269409767187603; 0.0 -0.002303430907739853 -0.0013269409767187996 -0.013987116096706003]
