L,J,Q,θ,μ,ϕx,ϕy,ϕz,ndims,T,Λ,χ_dwave,dχdlogT_dwave,χ_pwave,dχdlogT_pwave
23,0.1,0.6180339887498949,0.4487989505128276,0.75,1.443832753770895,3.6578363068123374,5.416836448526887,3,0.0016681005372000592,0.3,[0.7362683676926365 0.0 0.0 0.0; 0.0 0.3002033360618704 -0.11327591000521235 -0.165014012684333; 0.0 -0.1132759100052124 0.2626065777773248 -0.10858946797508767; 0.0 -0.16501401268433294 -0.10858946797508769 0.306603090091512],[-0.12026606984732675 0.0 0.0 0.0; 0.0 -0.04530291264996884 0.012522615448123428 0.033402006095601434; 0.0 0.012522615448123426 -0.038606190179115235 0.016591289497263323; 0.0 0.03340200609560143 0.01659128949726332 -0.05680959848065042],[5.680962967171686e-18 0.0 0.0 0.0; 0.0 0.36314295960941345 -0.07654698044240522 -0.03890307569453873; 0.0 -0.07654698044240515 0.38448287821290456 0.05028696417656912; 0.0 -0.03890307569453879 0.050286964176569075 0.3442520373338277],[2.025341750645992e-18 0.0 0.0 0.0; 0.0 -0.059368884456135626 0.026090839914094718 0.0046990758747453626; 0.0 0.026090839914094728 -0.06391690400296673 -0.028948681276417695; 0.0 0.004699075874745364 -0.028948681276417695 -0.04214451470203526]
