L,J,Q,θ,μ,ϕx,ϕy,ϕz,ndims,T,Λ,χ_dwave,dχdlogT_dwave,χ_pwave,dχdlogT_pwave
23,0.35,0.6180339887498949,0.4487989505128276,0.75,1.443832753770895,3.6578363068123374,5.416836448526887,3,0.021544346900318832,0.3,[0.3857208167126101 0.0 0.0 0.0; 0.0 0.09609068832397767 -0.0351925266848546 -0.04595401361587499; 0.0 -0.03519252668485384 0.08741455564091662 -0.03930102413994444; 0.0 -0.04595401361587419 -0.03930102413994337 0.09661384106692722],[-0.1435097729474401 0.0 0.0 0.0; 0.0 -0.029669509984223165 0.010574021897655312 0.013243516739113883; 0.0 0.010574021897655635 -0.027078790969173847 0.012132115918105996; 0.0 0.01324351673911377 0.012132115918105976 -0.029172688733831876],[-2.8183222236654674e-18 0.0 0.0 0.0; 0.0 0.12903028852963083 -0.023047589718475328 -0.017229491802474538; 0.0 -0.023047589718475994 0.11668503495909688 0.009439287900195619; 0.0 -0.017229491802474628 0.009439287900195588 0.11609631199696574],[2.8793002507105264e-18 0.0 0.0 0.0; 0.0 -0.042586331790438324 0.01174839475120975 0.011535985226084206; 0.0 0.011748394751209482 -0.037904505558529415 -0.00913668024587903; 0.0 0.01153598522608419 -0.00913668024587859 -0.039318818664658924]
