L,J,Q,θ,μ,ϕx,ϕy,ϕz,ndims,T,Λ,χ_dwave,dχdlogT_dwave,χ_pwave,dχdlogT_pwave
23,0.7,0.6180339887498949,0.4487989505128276,0.75,1.7005541423631445,4.403849274532622,1.4969214751554831,3,0.007742636826811269,0.3,[0.5064848121817155 0.0 0.0 0.0; 0.0 0.05825175947045351 -0.02112110649577698 -0.025302581327979686; 0.0 -0.021121106495776715 0.05074593450019231 -0.01961045368250539; 0.0 -0.02530258132798047 -0.01961045368250608 0.05591814432144233],[-0.13101500848122546 0.0 0.0 0.0; 0.0 -0.009410519471019181 0.003123373561317062 0.004254250022514797; 0.0 0.00312337356131687 -0.008149631464928536 0.0020778053861876832; 0.0 0.00425425002251481 0.002077805386187841 -0.008886206763791446],[8.523222980906388e-20 0.0 0.0 0.0; 0.0 0.06559362807433763 -0.013791766758368032 0.0028983877386688887; 0.0 -0.013791766758368079 0.059852455340386246 -0.00029903315858720644; 0.0 0.0028983877386687296 -0.0002990331585871528 0.05430905764648678],[7.145738052739461e-19 0.0 0.0 0.0; 0.0 -0.010621273344043239 0.002218472353838579 -0.0026467521492201025; 0.0 0.002218472353838494 -0.010724814723892646 0.0012179890757979747; 0.0 -0.0026467521492202118 0.0012179890757980023 -0.0077955205567714955]
