L,J,Q,θ,μ,ϕx,ϕy,ϕz,ndims,T,Λ,χ_dwave,dχdlogT_dwave,χ_pwave,dχdlogT_pwave
23,0.15,0.6180339887498949,0.4487989505128276,0.75,2.35825522373343,3.5083950570734084,5.211373871453545,3,0.001,0.3,[0.7241146870931793 0.0 0.0 0.0; 0.0 0.2729432672588641 -0.11072177072175717 -0.11364683493552956; 0.0 -0.11072177072175715 0.24711182763151568 -0.1156161943956569; 0.0 -0.11364683493552959 -0.11561619439565692 0.250942832207883],[-0.13485765757842516 0.0 0.0 0.0; 0.0 -0.06350618055425539 0.024786619405421473 0.01878335046756487; 0.0 0.02478661940542146 -0.044387806252088643 0.020958014989475558; 0.0 0.01878335046756486 0.02095801498947556 -0.03834639367658943],[-6.138134766741478e-18 0.0 0.0 0.0; 0.0 0.3199633210804057 -0.06172528152177758 0.003470135518015268; 0.0 -0.06172528152177755 0.29617345674740436 0.0023544315978859635; 0.0 0.003470135518015285 0.0023544315978859887 0.2946148981165632],[3.455614402669055e-19 0.0 0.0 0.0; 0.0 -0.0438582502597142 0.014480255873111672 -0.00021617500466994966; 0.0 0.014480255873111686 -0.04332331151160782 0.0031520058652400092; 0.0 -0.00021617500466994592 0.003152005865239996 -0.050486299107917104]
