L,J,Q,θ,μ,ϕx,ϕy,ϕz,ndims,T,Λ,χ_dwave,dχdlogT_dwave,χ_pwave,dχdlogT_pwave
23,1.05,0.6180339887498949,0.4487989505128276,0.75,4.108575757591687,4.541751602016311,2.0408036799157285,3,0.007742636826811269,0.3,[0.5009665753186484 0.0 0.0 0.0; 0.0 0.033231980258489356 -0.011829979053724378 -0.013939425116550561; 0.0 -0.011829979053725032 0.02088271176879358 -0.0066482314075357336; 0.0 -0.013939425116550242 -0.006648231407535454 0.02808544934824685],[-0.14997223406764282 0.0 0.0 0.0; 0.0 -0.0041725803484028495 0.0015000905486957771 0.0011406631180372415; 0.0 0.0015000905486957507 -0.00197660239780736 0.0002387002890997489; 0.0 0.0011406631180372424 0.00023870028909975802 -0.002996049874811553],[4.219609208069433e-18 0.0 0.0 0.0; 0.0 0.021211447060790575 -0.005605228387912002 6.291565359445429e-5; 0.0 -0.005605228387912025 0.02187463225216296 0.001747359527194616; 0.0 6.291565359442293e-5 0.0017473595271946646 0.020898963034200684],[-4.077295608853729e-18 0.0 0.0 0.0; 0.0 -0.0014224135325002778 0.00019999061745031686 -0.0005221159973628077; 0.0 0.0001999906174503145 -0.0014887807847328318 -0.0005237758186355672; 0.0 -0.000522115997362819 -0.0005237758186355578 -0.0022761326800645044]
