L,J,Q,θ,μ,ϕx,ϕy,ϕz,ndims,T,Λ,χ_dwave,dχdlogT_dwave,χ_pwave,dχdlogT_pwave
23,0.35,0.6180339887498949,0.4487989505128276,0.75,1.443832753770895,3.6578363068123374,5.416836448526887,3,0.021544346900318832,0.3,[0.38572081671260905 0.0 0.0 0.0; 0.0 0.09609068832397993 -0.03519252668485624 -0.045954013615873424; 0.0 -0.03519252668485552 0.08741455564091746 -0.03930102413994551; 0.0 -0.04595401361587258 -0.03930102413994447 0.09661384106692653],[-0.14350977294743994 0.0 0.0 0.0; 0.0 -0.02966950998422349 0.010574021897655607 0.013243516739113776; 0.0 0.010574021897655909 -0.027078790969173545 0.01213211591810566; 0.0 0.013243516739113625 0.012132115918105639 -0.029172688733831473],[-1.5316829705042249e-18 0.0 0.0 0.0; 0.0 0.12903028852962925 -0.023047589718472792 -0.01722949180247283; 0.0 -0.02304758971847338 0.11668503495909542 0.009439287900192607; 0.0 -0.017229491802472862 0.009439287900192567 0.11609631199696341],[2.7865690525113716e-18 0.0 0.0 0.0; 0.0 -0.042586331790437824 0.01174839475120951 0.011535985226084133; 0.0 0.011748394751209245 -0.03790450555852952 -0.009136680245878775; 0.0 0.011535985226084079 -0.009136680245878354 -0.03931881866465863]
