L,J,Q,θ,μ,ϕx,ϕy,ϕz,ndims,T,Λ,χ_dwave,dχdlogT_dwave,χ_pwave,dχdlogT_pwave
23,0.0,0.6180339887498949,0.4487989505128276,0.75,2.0229416505316715,5.371743502297404,0.6056970094929207,3,0.007742636826811269,0.3,[0.5382176402200123 0.0 0.0 0.0; 0.0 0.23502877629631985 -0.09968856382561131 -0.10865549565788211; 0.0 -0.09968856382561131 0.23637931421673108 -0.10912944411301644; 0.0 -0.1086554956578821 -0.10912944411301644 0.2402815576649449],[-0.13571918356548932 0.0 0.0 0.0; 0.0 -0.05642655620298295 0.024246851085970803 0.024875801709361347; 0.0 0.024246851085970786 -0.06188762653494888 0.029010693756599072; 0.0 0.024875801709361347 0.02901069375659908 -0.05698122186835649],[3.5298565995485505e-40 0.0 0.0 0.0; 0.0 0.3031888639236916 0.025338946616074238 -0.012661160143243547; 0.0 0.025338946616074217 0.3018383260032803 -0.01027093354633102; 0.0 -0.012661160143243564 -0.010270933546331034 0.29793608255506643],[3.386975931924894e-40 0.0 0.0 0.0; 0.0 -0.07929262736250614 -0.02382239055150615 0.019604584828821377; 0.0 -0.023822390551506152 -0.07383155703054042 0.012509284677686998; 0.0 0.019604584828821377 0.012509284677686989 -0.07873796169713253]
