L,J,Q,θ,μ,ϕx,ϕy,ϕz,ndims,T,Λ,χ_dwave,dχdlogT_dwave,χ_pwave,dχdlogT_pwave
23,0.05,0.6180339887498949,0.4487989505128276,0.75,1.443832753770895,3.6578363068123374,5.416836448526887,3,0.004641588833612777,0.3,[0.6196212935434667 0.0 0.0 0.0; 0.0 0.26722100918264025 -0.10509429873983277 -0.13535107907509897; 0.0 -0.1050942987398328 0.24858319695033018 -0.11173691043855084; 0.0 -0.135351079075099 -0.11173691043855082 0.2731615886987481],[-0.13565802859815382 0.0 0.0 0.0; 0.0 -0.06292878798133748 0.018764644332630663 0.04022758123272667; 0.0 0.018764644332630656 -0.04988205651927791 0.022456249856563328; 0.0 0.04022758123272668 0.022456249856563318 -0.06838033592044394],[4.006229059017726e-18 0.0 0.0 0.0; 0.0 0.32570865157735707 -0.005899605836024799 -0.023895756013014875; 0.0 -0.005899605836024811 0.34088681658066106 -0.019646949406460536; 0.0 -0.023895756013014826 -0.019646949406460553 0.31812911476975636],[-4.302892552044196e-18 0.0 0.0 0.0; 0.0 -0.060063819258384825 -0.0002981002298162524 -0.0038524009475346555; 0.0 -0.0002981002298162521 -0.07231912424498149 0.013974847528152281; 0.0 -0.0038524009475346638 0.01397484752815227 -0.0532269977279988]
