L,J,Q,θ,μ,ϕx,ϕy,ϕz,ndims,T,Λ,χ_dwave,dχdlogT_dwave,χ_pwave,dχdlogT_pwave
23,0.6,0.6180339887498949,0.4487989505128276,0.75,3.7152326662553454,5.721680001447781,0.41513891803668856,3,0.0027825594022071257,0.3,[0.6026944060081624 0.0 0.0 0.0; 0.0 0.0732823180988964 -0.028876708531233166 -0.030665325187556835; 0.0 -0.02887670853123355 0.07507924375143817 -0.02881712838261064; 0.0 -0.03066532518755589 -0.02881712838261002 0.07393259560969351],[-0.09967460027377796 0.0 0.0 0.0; 0.0 -0.006506434542004538 0.0030814933952506554 0.0014240613669679015; 0.0 0.003081493395250654 -0.009172425361234053 0.002766019613192495; 0.0 0.0014240613669678952 0.0027660196131925564 -0.006832790627876096],[-7.48627551987732e-18 0.0 0.0 0.0; 0.0 0.09840765913595903 -0.017616400913392925 -0.01097048767852674; 0.0 -0.017616400913393036 0.09019391322241764 -0.0034392241226019935; 0.0 -0.010970487678527069 -0.00343922412260197 0.08951950751009935],[5.013145838070001e-18 0.0 0.0 0.0; 0.0 -0.009964256729826372 -0.0019238817438428843 0.004131341090889077; 0.0 -0.0019238817438428782 -0.011256045108971387 0.005301225683615999; 0.0 0.004131341090888742 0.005301225683615993 -0.013439820051686983]
