L,J,Q,θ,μ,ϕx,ϕy,ϕz,ndims,T,Λ,χ_dwave,dχdlogT_dwave,χ_pwave,dχdlogT_pwave
23,1.2,0.6180339887498949,0.4487989505128276,0.75,1.7147032833659617,1.1033524487318418,0.8149814849990139,3,0.03593813663804628,0.3,[0.25900919751169965 0.0 0.0 0.0; 0.0 0.018852997257158464 -0.006791092027596144 -0.008505739286459745; 0.0 -0.006791092027596323 0.011735489242629097 -0.0034538355243791596; 0.0 -0.008505739286459818 -0.0034538355243790946 0.01632576095873515],[-0.1070470870235986 0.0 0.0 0.0; 0.0 -0.004617399428848738 0.0014331687618637653 0.0018174045633770992; 0.0 0.0014331687618637523 -0.0017157218861837138 0.0001299231072898069; 0.0 0.0018174045633771033 0.0001299231072898186 -0.0030950372753935883],[1.3802537072684582e-18 0.0 0.0 0.0; 0.0 0.011399696507973041 -0.0032087925589992772 -0.0011001356040237934; 0.0 -0.00320879255899907 0.013004588527375608 0.0009093942474679917; 0.0 -0.0011001356040237825 0.0009093942474679745 0.01135628711410351],[-1.4694764946621667e-19 0.0 0.0 0.0; 0.0 -0.0013248999524884376 0.0006976214814501538 -0.00016187845292442066; 0.0 0.000697621481450156 -0.0016972412984810755 -0.00033944982833934766; 0.0 -0.0001618784529244201 -0.0003394498283393513 -0.0014015432865164157]
