L,J,Q,θ,μ,ϕx,ϕy,ϕz,ndims,T,Λ,χ_dwave,dχdlogT_dwave,χ_pwave,dχdlogT_pwave
23,0.05,0.6180339887498949,0.4487989505128276,0.75,1.844230068945385,1.1274623114571236,4.291057478636419,3,0.007742636826811269,0.3,[0.5542880081566072 0.0 0.0 0.0; 0.0 0.2295812446499555 -0.10868787836365183 -0.09441555635410406; 0.0 -0.10868787836365189 0.2360991977531796 -0.10517887632461051; 0.0 -0.09441555635410406 -0.10517887632461048 0.2265289720285435],[-0.1681511946626204 0.0 0.0 0.0; 0.0 -0.062348805211274026 0.035523995980000674 0.018470222022530503; 0.0 0.035523995980000674 -0.0711101523796282 0.03047266549523312; 0.0 0.018470222022530503 0.03047266549523313 -0.05796224308491295],[4.409677704031921e-18 0.0 0.0 0.0; 0.0 0.30109219005299004 0.007828999817683516 -0.03752230699898391; 0.0 0.00782899981768355 0.2939493530918121 0.015106022026875762; 0.0 -0.037522306998983936 0.015106022026875762 0.30675943137654954],[-3.571658646954395e-18 0.0 0.0 0.0; 0.0 -0.08882273811087266 -0.014540455721280774 0.025363406405385612; 0.0 -0.014540455721280775 -0.08160813150009175 -0.01796534769107247; 0.0 0.025363406405385595 -0.01796534769107248 -0.09701046483881558]
