L,J,Q,θ,μ,ϕx,ϕy,ϕz,ndims,T,Λ,χ_dwave,dχdlogT_dwave,χ_pwave,dχdlogT_pwave
23,0.65,0.6180339887498949,0.4487989505128276,0.75,0.8300692797416884,5.067530529285624,5.9941159353493925,3,0.004641588833612777,0.3,[0.5984543884201858 0.0 0.0 0.0; 0.0 0.07762984990470354 -0.02717380818275721 -0.03229128449292197; 0.0 -0.027173808182755835 0.06675109626647967 -0.027625359162640178; 0.0 -0.03229128449292315 -0.02762535916263809 0.07117662082119469],[-0.16806284421346654 0.0 0.0 0.0; 0.0 -0.015827270008038855 0.005381948724147303 0.0054136281147632685; 0.0 0.005381948724147274 -0.013850208617271842 0.005500099204406908; 0.0 0.005413628114763142 0.005500099204407036 -0.013961897178429515],[1.2519710197376719e-17 0.0 0.0 0.0; 0.0 0.08699494866860268 -0.013340943053985529 0.005630714205545661; 0.0 -0.013340943053984757 0.07173274430458193 0.007275375552934828; 0.0 0.005630714205545781 0.007275375552934489 0.07130169022618091],[-1.0032605802718189e-17 0.0 0.0 0.0; 0.0 -0.018145357472556717 -0.0008747862378841677 -0.0037394443528641725; 0.0 -0.0008747862378841997 -0.011766105944443488 -0.0027791801377215907; 0.0 -0.003739444352863907 -0.0027791801377215603 -0.013749177259658027]
