L,J,Q,θ,μ,ϕx,ϕy,ϕz,ndims,T,Λ,χ_dwave,dχdlogT_dwave,χ_pwave,dχdlogT_pwave
23,1.25,0.6180339887498949,0.4487989505128276,0.75,5.106330914882206,0.20684903641207408,4.563814702367097,3,0.021544346900318832,0.3,[0.3035159967740682 0.0 0.0 0.0; 0.0 0.01930468349481227 -0.0069242107469880045 -0.008666171007696505; 0.0 -0.006924210746988302 0.011168469491391013 -0.002796427099342181; 0.0 -0.008666171007696417 -0.002796427099342101 0.01621621143908604],[-0.09956912082085938 0.0 0.0 0.0; 0.0 -0.003081692576410419 0.0008814275633872393 0.0009882537824430363; 0.0 0.0008814275633871982 -0.0008846931692819785 -6.898554271853867e-5; 0.0 0.0009882537824429873 -6.898554271853696e-5 -0.0018893033114677049],[2.8462288481008595e-18 0.0 0.0 0.0; 0.0 0.010507527050459172 -0.0032029510029338167 -0.0011418527439205574; 0.0 -0.0032029510029338054 0.01266769465349027 0.0009422823916088793; 0.0 -0.0011418527439206062 0.0009422823916088632 0.010692908046406399],[-1.506047414679356e-18 0.0 0.0 0.0; 0.0 -0.0007163536146678501 0.00043310097958598656 -6.567982466804183e-5; 0.0 0.0004331009795859694 -0.001107546645335133 -0.00024056793117613432; 0.0 -6.567982466804138e-5 -0.00024056793117613247 -0.000830725706525124]
