L,J,Q,θ,μ,ϕx,ϕy,ϕz,ndims,T,Λ,χ_dwave,dχdlogT_dwave,χ_pwave,dχdlogT_pwave
23,0.25,0.6180339887498949,0.4487989505128276,0.75,1.844230068945385,1.1274623114571236,4.291057478636419,3,0.03593813663804628,0.3,[0.3135677152445284 0.0 0.0 0.0; 0.0 0.09652752655261856 -0.03874447521116189 -0.04493849082026661; 0.0 -0.03874447521116185 0.0924415305047677 -0.0416120614046767; 0.0 -0.04493849082026655 -0.04161206140467678 0.09712703479247389],[-0.1395879425505111 0.0 0.0 0.0; 0.0 -0.03580179592471646 0.012907695379242346 0.016995048557830843; 0.0 0.012907695379242395 -0.03381444808084577 0.015365420707785305; 0.0 0.01699504855783082 0.01536542070778524 -0.03636290469553678],[-8.931559170342551e-19 0.0 0.0 0.0; 0.0 0.12864575289826202 -0.012172850771921213 -0.015775500307321454; 0.0 -0.012172850771921142 0.11851512168902864 0.004314678771527928; 0.0 -0.01577550030732159 0.004314678771527963 0.12153487167170379],[5.476438601829308e-19 0.0 0.0 0.0; 0.0 -0.04972593830151723 0.00779556723685635 0.015005899343612303; 0.0 0.007795567236856335 -0.04506432668953691 -0.008499584126932249; 0.0 0.015005899343612331 -0.00849958412693218 -0.04550859484160188]
