L,J,Q,θ,μ,ϕx,ϕy,ϕz,ndims,T,Λ,χ_dwave,dχdlogT_dwave,χ_pwave,dχdlogT_pwave
23,0.6,0.6180339887498949,0.4487989505128276,0.75,1.443832753770895,3.6578363068123374,5.416836448526887,3,0.01291549665014884,0.3,[0.44559797253272837 0.0 0.0 0.0; 0.0 0.06591493992654285 -0.022627011910741655 -0.02955298508938721; 0.0 -0.022627011910742213 0.05826666742008594 -0.024588310406011483; 0.0 -0.02955298508938526 -0.024588310406011518 0.06413281327705149],[-0.13799404975065177 0.0 0.0 0.0; 0.0 -0.012845463386391186 0.0038213022100534004 0.005440903187464092; 0.0 0.0038213022100532013 -0.01373156074291558 0.006045838911229974; 0.0 0.0054409031874636865 0.00604583891122974 -0.014558104594841121],[-3.7913656255632554e-19 0.0 0.0 0.0; 0.0 0.08216479661178386 -0.02070643760196911 -0.005014019178827797; 0.0 -0.02070643760197066 0.07450464209242037 0.0065040684238890905; 0.0 -0.005014019178827924 0.006504068423889383 0.07171273579340501],[2.801877813446164e-18 0.0 0.0 0.0; 0.0 -0.021125033044639918 0.0072727825028040425 0.0026981132334264937; 0.0 0.007272782502803801 -0.02046001091614124 -0.0018327862342920416; 0.0 0.002698113233426323 -0.0018327862342919607 -0.017390816809320902]
