L,J,Q,θ,μ,ϕx,ϕy,ϕz,ndims,T,Λ,χ_dwave,dχdlogT_dwave,χ_pwave,dχdlogT_pwave
23,0.7,0.6180339887498949,0.4487989505128276,0.75,3.7152326662553454,5.721680001447781,0.41513891803668856,3,0.0027825594022071257,0.3,[0.6274092686415107 0.0 0.0 0.0; 0.0 0.06027870263939452 -0.022708727785285595 -0.02640646254861957; 0.0 -0.022708727785285814 0.058356021219176844 -0.020761682026117022; 0.0 -0.026406462548620245 -0.020761682026118056 0.0627702918314108],[-0.12888616891302526 0.0 0.0 0.0; 0.0 -0.004082912326773399 0.002460367300080373 0.0017080005653804663; 0.0 0.0024603673000802803 -0.008128427633047483 0.001266417659276029; 0.0 0.0017080005653804776 0.0012664176592759805 -0.006906579268002919],[-3.499928277823697e-18 0.0 0.0 0.0; 0.0 0.074680957786665 -0.015587375581755037 -0.004276596124158677; 0.0 -0.015587375581754048 0.07117976975747939 0.002418406889148674; 0.0 -0.004276596124159052 0.0024184068891487894 0.06480421756256541],[2.352531539594655e-18 0.0 0.0 0.0; 0.0 -0.00945116282234332 0.00022741251641854519 0.002759144630918247; 0.0 0.00022741251641856023 -0.009113115565191229 -0.000136400985466729; 0.0 0.002759144630918212 -0.00013640098546672557 -0.009737246779699091]
