L,J,Q,θ,μ,ϕx,ϕy,ϕz,ndims,T,Λ,χ_dwave,dχdlogT_dwave,χ_pwave,dχdlogT_pwave
23,0.6,0.6180339887498949,0.4487989505128276,0.75,1.3595744307236286,1.6230091281990537,3.234476175330475,3,0.0016681005372000592,0.3,[0.7327305620151048 0.0 0.0 0.0; 0.0 0.10620921176267778 -0.035162721172926924 -0.04710034735508888; 0.0 -0.035162721172928506 0.08482800152351079 -0.03003294900207953; 0.0 -0.047100347355088806 -0.030032949002078865 0.08990016493188867],[-0.14175383529988853 0.0 0.0 0.0; 0.0 -0.02492004552916011 0.00496484921875724 0.013206993247062553; 0.0 0.0049648492187573815 -0.009905467390142378 0.0009984877208661055; 0.0 0.01320699324706271 0.0009984877208661092 -0.014093918834684452],[-1.544774952690381e-17 0.0 0.0 0.0; 0.0 0.11290119690796883 -0.022104978445781107 0.0010735493649099703; 0.0 -0.022104978445780236 0.10539398313250269 0.0002015299081425446; 0.0 0.0010735493649099907 0.00020152990814255068 0.09633996097296559],[1.0717495094925808e-17 0.0 0.0 0.0; 0.0 -0.009895109858475666 0.0016254788941226686 -0.002427595274708241; 0.0 0.0016254788941225857 -0.018491220575058028 0.0013138928020804024; 0.0 -0.002427595274708166 0.0013138928020804954 -0.010999601555481488]
