L,J,Q,θ,μ,ϕx,ϕy,ϕz,ndims,T,Λ,χ_dwave,dχdlogT_dwave,χ_pwave,dχdlogT_pwave
23,0.65,0.6180339887498949,0.4487989505128276,0.75,1.7147032833659617,1.1033524487318418,0.8149814849990139,3,0.0027825594022071257,0.3,[0.6505260919771045 0.0 0.0 0.0; 0.0 0.08052289012295084 -0.029687025830149854 -0.03215232282119968; 0.0 -0.02968702583015083 0.06963209964454661 -0.025871422025644245; 0.0 -0.032152322821200875 -0.025871422025644707 0.07048762205604932],[-0.1378714776646328 0.0 0.0 0.0; 0.0 -0.008929771816840872 0.004539629622108243 0.002460516163391148; 0.0 0.00453962962210841 -0.012437197152094303 0.0032915853855124623; 0.0 0.0024605161633912314 0.0032915853855124953 -0.0074246271562116994],[1.2839815279410586e-17 0.0 0.0 0.0; 0.0 0.08733861173223849 -0.02348296993791076 0.006555292413274891; 0.0 -0.02348296993791043 0.08493132424876547 0.0028285420283513554; 0.0 0.006555292413275092 0.00282854202835116 0.08137134551120262],[-5.817021457232533e-18 0.0 0.0 0.0; 0.0 -0.013223575512532797 0.0069419194011835755 -0.005590179294177167; 0.0 0.006941919401183514 -0.014202233541572473 0.0018520077146272206; 0.0 -0.005590179294177104 0.0018520077146273013 -0.014379236801171391]
