L,J,Q,θ,μ,ϕx,ϕy,ϕz,ndims,T,Λ,χ_dwave,dχdlogT_dwave,χ_pwave,dχdlogT_pwave
23,0.3,0.6180339887498949,0.4487989505128276,0.75,1.573530448848193,4.436680002802441,0.6352908892784268,3,0.0027825594022071257,0.3,[0.6118078749179794 0.0 0.0 0.0; 0.0 0.1651567377298051 -0.05561757436316626 -0.07908562025407695; 0.0 -0.0556175743631662 0.14965329235987831 -0.06898190416259292; 0.0 -0.07908562025407741 -0.06898190416259208 0.1565232232408629],[-0.10315910480672937 0.0 0.0 0.0; 0.0 -0.03719451627924081 0.008530033100426585 0.020023895199773226; 0.0 0.008530033100426625 -0.02040025721256653 0.005505389757947414; 0.0 0.020023895199773205 0.005505389757947387 -0.02101760556797207],[-7.791669423173684e-18 0.0 0.0 0.0; 0.0 0.20834644719963064 -0.01840822544701692 0.0074297307282617945; 0.0 -0.018408225447017024 0.18591733917171333 0.008571429379180578; 0.0 0.007429730728261621 0.008571429379180606 0.1824835114993669],[6.592259535094563e-18 0.0 0.0 0.0; 0.0 -0.02623753604923656 -0.004411143158926871 -0.009216686833011167; 0.0 -0.00441114315892687 -0.030516342523541132 -0.00040874412844494186; 0.0 -0.009216686833011226 -0.000408744128444943 -0.026618686365169567]
