L,J,Q,θ,μ,ϕx,ϕy,ϕz,ndims,T,Λ,χ_dwave,dχdlogT_dwave,χ_pwave,dχdlogT_pwave
23,0.2,0.6180339887498949,0.4487989505128276,0.75,2.0229416505316715,5.371743502297404,0.6056970094929207,3,0.004641588833612777,0.3,[0.6297405267902666 0.0 0.0 0.0; 0.0 0.1954257010150752 -0.0720171775505044 -0.09727874278149679; 0.0 -0.07201717755050442 0.17999796172198607 -0.08185734979811433; 0.0 -0.09727874278149672 -0.08185734979811432 0.2007739398748798],[-0.1427620389893401 0.0 0.0 0.0; 0.0 -0.03458704840902496 0.009307449459708475 0.01898729856400391; 0.0 0.009307449459708473 -0.03433055288642027 0.01817004569284228; 0.0 0.018987298564003913 0.018170045692842272 -0.040751982490920845],[-2.2243897860561024e-18 0.0 0.0 0.0; 0.0 0.26918932786583477 -0.015612184265325584 0.00934263229754952; 0.0 -0.015612184265325532 0.2518400448809014 -0.031246661021140952; 0.0 0.009342632297549544 -0.031246661021140994 0.238964656934308],[-4.513677518130084e-19 0.0 0.0 0.0; 0.0 -0.0557240174823552 -0.0015500873884255312 -0.00403351910907152; 0.0 -0.0015500873884255377 -0.04917625132400837 0.009873834649733779; 0.0 -0.0040335191090715185 0.009873834649733772 -0.0407433774910263]
