L,J,Q,θ,μ,ϕx,ϕy,ϕz,ndims,T,Λ,χ_dwave,dχdlogT_dwave,χ_pwave,dχdlogT_pwave
23,1.2,0.6180339887498949,0.4487989505128276,0.75,1.3595744307236286,1.6230091281990537,3.234476175330475,3,0.0027825594022071257,0.3,[0.5295042015113375 0.0 0.0 0.0; 0.0 0.024756397724767117 -0.008426678996017765 -0.009734186552183336; 0.0 -0.008426678996017631 0.013483884935082045 -0.003331841659885812; 0.0 -0.009734186552183503 -0.0033318416598857145 0.02032380668709771],[-0.11081761184262179 0.0 0.0 0.0; 0.0 -0.0010080581885320674 0.00011544147136622853 -0.00026828275931687544; 0.0 0.00011544147136622869 -0.00012772170903623995 -7.029862977172848e-6; 0.0 -0.0002682827593168642 -7.0298629771724145e-6 -0.001092648649170916],[-8.633816295506073e-18 0.0 0.0 0.0; 0.0 0.012723480240002059 -0.003680902164519548 -0.0009091598157516525; 0.0 -0.003680902164519551 0.014897849151652522 0.0015111783441728345; 0.0 -0.0009091598157516234 0.0015111783441728991 0.013045878584489757],[3.1738323336433255e-18 0.0 0.0 0.0; 0.0 -0.0002821687452736643 2.7983162210838565e-5 -1.1087845516590941e-5; 0.0 2.79831622108386e-5 -0.000331029720552984 -8.681948844740429e-5; 0.0 -1.108784551659104e-5 -8.681948844740317e-5 -0.0002775285721139572]
