L,J,Q,θ,μ,ϕx,ϕy,ϕz,ndims,T,Λ,χ_dwave,dχdlogT_dwave,χ_pwave,dχdlogT_pwave
23,0.5,0.6180339887498949,0.4487989505128276,0.75,2.35825522373343,3.5083950570734084,5.211373871453545,3,0.021544346900318832,0.3,[0.3679394943760829 0.0 0.0 0.0; 0.0 0.07121726967920701 -0.02473617535145336 -0.033771464475658625; 0.0 -0.024736175351453307 0.06142952153149933 -0.025842781864898988; 0.0 -0.033771464475657445 -0.025842781864897406 0.06809264820124811],[-0.1276450128203765 0.0 0.0 0.0; 0.0 -0.02131576721728925 0.006819354496038442 0.009969061362562393; 0.0 0.006819354496038193 -0.01755029833954694 0.006788664864592259; 0.0 0.009969061362562556 0.006788664864592418 -0.018716031771103175],[-2.636098769416545e-18 0.0 0.0 0.0; 0.0 0.08565571915800997 -0.019280730478975567 -0.0016718247348916076; 0.0 -0.01928073047897356 0.07686845207341136 0.005579289644375458; 0.0 -0.001671824734891566 0.005579289644375789 0.07580611550293026],[1.0927843460398517e-18 0.0 0.0 0.0; 0.0 -0.021667797532804425 0.006777281148611244 -0.001371500901171541; 0.0 0.006777281148611236 -0.021381507038221594 -0.002650819981532688; 0.0 -0.001371500901171522 -0.0026508199815327162 -0.020454770952735984]
