L,J,Q,θ,μ,ϕx,ϕy,ϕz,ndims,T,Λ,χ_dwave,dχdlogT_dwave,χ_pwave,dχdlogT_pwave
23,1.05,0.6180339887498949,0.4487989505128276,0.75,3.7152326662553454,5.721680001447781,0.41513891803668856,3,0.001,0.3,[0.7928711992366587 0.0 0.0 0.0; 0.0 0.03685959010268808 -0.013585590377216593 -0.013863963484253644; 0.0 -0.013585590377216822 0.023256453947821998 -0.0066180909425103684; 0.0 -0.013863963484253474 -0.0066180909425104855 0.0318112866035955],[-0.14077273861733028 0.0 0.0 0.0; 0.0 -0.0014984112297936913 0.0007004830274245658 -6.92717150477068e-5; 0.0 0.0007004830274245712 -0.0005949214622076482 -0.0003404830320385362; 0.0 -6.927171504770848e-5 -0.00034048303203853305 -0.001425838223627336],[2.977518719278663e-19 0.0 0.0 0.0; 0.0 0.023189242258685253 -0.006235485464639982 0.0007385975593921895; 0.0 -0.006235485464640343 0.02367151922330014 0.0023925941804005106; 0.0 0.0007385975593921956 0.0023925941804004243 0.022510095636694594],[-2.3721057314767777e-18 0.0 0.0 0.0; 0.0 -0.0004744854661833232 0.00015288136055756766 -0.0001873864203196061; 0.0 0.00015288136055757035 -0.00036625011783827233 -2.0806569496658274e-5; 0.0 -0.00018738642031959995 -2.0806569496658545e-5 -0.0004007922343384012]
