L,J,Q,θ,μ,ϕx,ϕy,ϕz,ndims,T,Λ,χ_dwave,dχdlogT_dwave,χ_pwave,dχdlogT_pwave
23,0.4,0.6180339887498949,0.4487989505128276,0.75,5.2759666248411525,5.216572709691631,2.2183578985492427,3,0.001,0.3,[0.683590525947498 0.0 0.0 0.0; 0.0 0.12653307516433393 -0.03856822649394657 -0.061012211437454306; 0.0 -0.03856822649394839 0.11053655422014144 -0.05639099145481953; 0.0 -0.061012211437451974 -0.05639099145481841 0.1384033115606402],[-0.08047416925941728 0.0 0.0 0.0; 0.0 -0.0033755017535531053 0.00013569154436167654 0.0028149774734316534; 0.0 0.00013569154436166497 -0.006663236771679059 0.005132346878448378; 0.0 0.00281497747343164 0.00513234687844836 -0.012451619691099416],[1.2526788988331146e-17 0.0 0.0 0.0; 0.0 0.1971666156285287 -0.07006451085684293 -0.048135863436500025; 0.0 -0.07006451085684544 0.18212330558075654 0.04667808451132707; 0.0 -0.04813586343650113 0.04667808451132655 0.16798000874170446],[-3.482174065330127e-18 0.0 0.0 0.0; 0.0 -0.027162169772578702 0.022603782509485738 0.013587824859263948; 0.0 0.02260378250948585 -0.024507489751523524 -0.011648950423629427; 0.0 0.013587824859264052 -0.011648950423629328 -0.015227107810905128]
