L,J,Q,θ,μ,ϕx,ϕy,ϕz,ndims,T,Λ,χ_dwave,dχdlogT_dwave,χ_pwave,dχdlogT_pwave
23,1.2,0.6180339887498949,0.4487989505128276,0.75,1.7147032833659617,1.1033524487318418,0.8149814849990139,3,0.05994842503189409,0.3,[0.2034614975198275 0.0 0.0 0.0; 0.0 0.01610603203817416 -0.005912697410431147 -0.007341731354753398; 0.0 -0.005912697410431246 0.01057643128965693 -0.0032851390647065854; 0.0 -0.0073417313547533645 -0.0032851390647067134 0.01432163823675266],[-0.10971213961395886 0.0 0.0 0.0; 0.0 -0.006172480209249024 0.002046753654903521 0.0027382730425038896; 0.0 0.0020467536549035304 -0.0029396948560954914 0.0005885404485703954; 0.0 0.002738273042503973 0.0005885404485704037 -0.004825596477382049],[9.686224743592696e-19 0.0 0.0 0.0; 0.0 0.010434549552588598 -0.0027632936785852696 -0.0011231119959400871; 0.0 -0.0027632936785852297 0.011815000643030149 0.0007285624140414708; 0.0 -0.001123111995940041 0.000728562414041437 0.010367088197194152],[-3.226531771589737e-19 0.0 0.0 0.0; 0.0 -0.0025984985549479785 0.0010521625203785492 0.00010546510354889393; 0.0 0.0010521625203785707 -0.003122119723161501 -0.0003718345727513155; 0.0 0.00010546510354889315 -0.0003718345727513244 -0.0026190386299395295]
