L,J,Q,θ,μ,ϕx,ϕy,ϕz,ndims,T,Λ,χ_dwave,dχdlogT_dwave,χ_pwave,dχdlogT_pwave
23,1.05,0.6180339887498949,0.4487989505128276,0.75,2.810390175230641,1.0772819831490281,3.680682016823238,3,0.004641588833612777,0.3,[0.5567622504923917 0.0 0.0 0.0; 0.0 0.03358634787816249 -0.012044923130370172 -0.013875587950422211; 0.0 -0.01204492313036994 0.021580393988053462 -0.006720637767451831; 0.0 -0.013875587950422768 -0.006720637767451935 0.028705043099907256],[-0.13400953118172096 0.0 0.0 0.0; 0.0 -0.001762757415133022 0.0009303490306974727 0.0003765499869219055; 0.0 0.0009303490306974756 -0.0017739373895710843 0.00035859499388851256; 0.0 0.0003765499869219139 0.00035859499388850356 -0.0024391545652975204],[-2.4382302458133277e-18 0.0 0.0 0.0; 0.0 0.021682301733438526 -0.006020718417110807 -0.00012638998008217164; 0.0 -0.006020718417110851 0.0219989096817022 0.002010521312676462; 0.0 -0.00012638998008220143 0.002010521312676395 0.0204545014662948],[4.3414544271167614e-18 0.0 0.0 0.0; 0.0 -0.001004523875045134 0.00040697733330817776 2.00048945319015e-5; 0.0 0.0004069773333081833 -0.0007213757412966382 -0.0001397168156921581; 0.0 2.0004894531900752e-5 -0.00013971681569215663 -0.0009848177039476667]
