L,J,Q,θ,μ,ϕx,ϕy,ϕz,ndims,T,Λ,χ_dwave,dχdlogT_dwave,χ_pwave,dχdlogT_pwave
23,1.2,0.6180339887498949,0.4487989505128276,0.75,1.7005541423631445,4.403849274532622,1.4969214751554831,3,0.004641588833612777,0.3,[0.47310086972389326 0.0 0.0 0.0; 0.0 0.024032847770455452 -0.008175212491943714 -0.009921909414051034; 0.0 -0.008175212491943936 0.013143277538858234 -0.0033083560023006485; 0.0 -0.009921909414051812 -0.0033083560023006824 0.01980952290188444],[-0.10237463112891203 0.0 0.0 0.0; 0.0 -0.0010332690333380676 9.751858897958462e-5 -3.312121698109942e-5; 0.0 9.75185889795888e-5 -0.00013809103529499028 -4.86054427024164e-5; 0.0 -3.312121698109805e-5 -4.860544270241343e-5 -0.0010708328889165533],[-2.3521440749077433e-18 0.0 0.0 0.0; 0.0 0.012942925383011587 -0.004122852762782593 -0.0008597405661960894; 0.0 -0.004122852762782704 0.015066269880316242 0.0014666423681791952; 0.0 -0.0008597405661960783 0.0014666423681792098 0.013414057679033501],[2.9379319368989744e-18 0.0 0.0 0.0; 0.0 -0.0003324500361327572 0.0001885891876325304 -6.0191229625657695e-5; 0.0 0.00018858918763252802 -0.00032657163609247416 -9.766265674912106e-5; 0.0 -6.019122962565231e-5 -9.766265674911265e-5 -0.00045161734940991536]
