L,J,Q,θ,μ,ϕx,ϕy,ϕz,ndims,T,Λ,χ_dwave,dχdlogT_dwave,χ_pwave,dχdlogT_pwave
23,0.6,0.6180339887498949,0.4487989505128276,0.75,2.35825522373343,3.5083950570734084,5.211373871453545,3,0.05994842503189409,0.3,[0.23443531734544024 0.0 0.0 0.0; 0.0 0.0406090838956589 -0.014494724041752026 -0.018826880195430423; 0.0 -0.014494724041751676 0.03520807501038905 -0.015062597009881915; 0.0 -0.018826880195430083 -0.015062597009882344 0.03960589484061143],[-0.1308625868896755 0.0 0.0 0.0; 0.0 -0.019550753706331612 0.006561217221836863 0.008771916946940494; 0.0 0.006561217221836938 -0.016022511938896613 0.00625997196101299; 0.0 0.00877191694694047 0.006259971961013334 -0.017547010281897483],[-7.3011268354222835e-19 0.0 0.0 0.0; 0.0 0.048475139835853435 -0.010226422233755776 -0.001838792620613289; 0.0 -0.010226422233755162 0.04323693771639165 0.0022585297812817303; 0.0 -0.0018387926206133488 0.002258529781281563 0.042312276564184945],[7.381055773674955e-19 0.0 0.0 0.0; 0.0 -0.021186137688539386 0.005776497190267616 -0.0005054618322206121; 0.0 0.005776497190267872 -0.018627893972147855 -0.0021353922888172265; 0.0 -0.0005054618322206814 -0.0021353922888169836 -0.018348868982572236]
