L,J,Q,θ,μ,ϕx,ϕy,ϕz,ndims,T,Λ,χ_dwave,dχdlogT_dwave,χ_pwave,dχdlogT_pwave
23,0.0,0.6180339887498949,0.4487989505128276,0.75,0.9733982670131992,1.073358718003868,2.417443956247186,3,0.021544346900318832,0.3,[0.38492693315088516 0.0 0.0 0.0; 0.0 0.16874237251853164 -0.07652480338533477 -0.07355365396241942; 0.0 -0.0765248033853348 0.1711337868209533 -0.0749870043154343; 0.0 -0.0735536539624194 -0.0749870043154343 0.16743382412762478],[-0.13088705461231231 0.0 0.0 0.0; 0.0 -0.05717685559748517 0.0262127926470413 0.02470925110143338; 0.0 0.026212792647041298 -0.05816224450697333 0.024672058434672493; 0.0 0.02470925110143338 0.02467205843467249 -0.054523794248653994],[-6.16012183697377e-41 0.0 0.0 0.0; 0.0 0.21618456063235383 -0.0003416033148251462 -0.009803351905961023; 0.0 -0.00034160331482514236 0.2137931463299324 0.007852925389697374; 0.0 -0.009803351905961023 0.007852925389697379 0.21749310902326088],[4.000880099042943e-41 0.0 0.0 0.0; 0.0 -0.07371019901482705 0.0040138392568763075 0.013521845713809516; 0.0 0.004013839256876313 -0.0727248101053389 -0.00821044227663777; 0.0 0.013521845713809525 -0.008210442276637758 -0.07636326036365816]
