L,J,Q,θ,μ,ϕx,ϕy,ϕz,ndims,T,Λ,χ_dwave,dχdlogT_dwave,χ_pwave,dχdlogT_pwave
23,0.65,0.6180339887498949,0.4487989505128276,0.75,1.844230068945385,1.1274623114571236,4.291057478636419,3,0.0027825594022071257,0.3,[0.6417097533156227 0.0 0.0 0.0; 0.0 0.0747752139435357 -0.025603754699419962 -0.03164490217187496; 0.0 -0.025603754699420025 0.06448572062422227 -0.027718872135154123; 0.0 -0.031644902171876155 -0.027718872135155392 0.07482773281574691],[-0.1307773438707803 0.0 0.0 0.0; 0.0 -0.007453755806940641 0.0019153079164990854 0.0031666763994305978; 0.0 0.0019153079164990912 -0.00750117787607805 0.004320220108872563; 0.0 0.00316667639943063 0.004320220108872673 -0.011578566332813137],[2.056192365205858e-17 0.0 0.0 0.0; 0.0 0.09343609146296447 -0.027694673962845043 -0.0009088948417675714; 0.0 -0.02769467396284515 0.082167399573946 0.006506485417088127; 0.0 -0.0009088948417674736 0.006506485417088144 0.0762158373782917],[-9.907069852782702e-18 0.0 0.0 0.0; 0.0 -0.0163367419197323 0.008507755567650495 -0.0001940703053910404; 0.0 0.0085077555676498 -0.012802124446561645 -0.0001579609715547021; 0.0 -0.00019407030539106635 -0.0001579609715546964 -0.008770158020504517]
