L,J,Q,θ,μ,ϕx,ϕy,ϕz,ndims,T,Λ,χ_dwave,dχdlogT_dwave,χ_pwave,dχdlogT_pwave
23,0.25,0.6180339887498949,0.4487989505128276,0.75,1.573530448848193,4.436680002802441,0.6352908892784268,3,0.03593813663804628,0.3,[0.312428843468911 0.0 0.0 0.0; 0.0 0.09618246282238802 -0.03902182613197652 -0.044890374134928065; 0.0 -0.039021826131976356 0.09200914746866797 -0.041366479344052014; 0.0 -0.04489037413492821 -0.04136647934405191 0.09760065737659913],[-0.13617749797062856 0.0 0.0 0.0; 0.0 -0.03311612388222223 0.012279068872224803 0.015335055110442414; 0.0 0.012279068872224895 -0.0337474212164607 0.016607953070983256; 0.0 0.015335055110442409 0.016607953070983193 -0.03644380313298631],[-1.97747027964299e-18 0.0 0.0 0.0; 0.0 0.12810614100462472 -0.014523900777000985 -0.0033248422822024968; 0.0 -0.014523900777001044 0.11686752345555083 0.0003633133017423197; 0.0 -0.0033248422822024825 0.0003633133017423176 0.11838549730434633],[1.2452107996977988e-18 0.0 0.0 0.0; 0.0 -0.04874904091157424 0.0070749185264795825 -0.00186915800711056; 0.0 0.0070749185264795695 -0.04005264803129656 -0.0017628504825852392; 0.0 -0.001869158007110563 -0.0017628504825852485 -0.04006047567031194]
