L,J,Q,θ,μ,ϕx,ϕy,ϕz,ndims,T,Λ,χ_dwave,dχdlogT_dwave,χ_pwave,dχdlogT_pwave
23,0.05,0.6180339887498949,0.4487989505128276,0.75,6.043674416402162,2.160866292828208,3.5422051391873537,3,0.2782559402207124,0.3,[0.07291646314894643 0.0 0.0 0.0; 0.0 0.031280046472848905 -0.013767746195311644 -0.014152612073543203; 0.0 -0.013767746195311655 0.03145434378607389 -0.014293464435213572; 0.0 -0.014152612073543201 -0.014293464435213564 0.0316196660783046],[-0.06896559377431992 0.0 0.0 0.0; 0.0 -0.029557433588760198 0.013031397948466568 0.013363841855925807; 0.0 0.01303139794846657 -0.029682687645697158 0.013463199256166179; 0.0 0.013363841855925809 0.013463199256166168 -0.029833678881130563],[-7.935783908115937e-20 0.0 0.0 0.0; 0.0 0.04051987331080257 -0.0016679192626691056 -0.0004462170956554185; 0.0 -0.0016679192626691082 0.04018009872978389 5.52236446996569e-5; 0.0 -0.00044621709565541827 5.522364469965611e-5 0.040171547486653636],[8.958213074400121e-20 0.0 0.0 0.0; 0.0 -0.038351894344153786 0.0012978760730952472 0.0003472850794957022; 0.0 0.0012978760730952474 -0.038057933310385116 -2.270688233335814e-5; 0.0 0.0003472850794957005 -2.2706882333360013e-5 -0.0380554764824925]
