L,J,Q,θ,μ,ϕx,ϕy,ϕz,ndims,T,Λ,χ_dwave,dχdlogT_dwave,χ_pwave,dχdlogT_pwave
23,1.2,0.6180339887498949,0.4487989505128276,0.75,4.108575757591687,4.541751602016311,2.0408036799157285,3,0.1,0.3,[0.14843972541062375 0.0 0.0 0.0; 0.0 0.012674753905019027 -0.0047379501579700644 -0.005816900409170042; 0.0 -0.004737950157969926 0.008705968071592643 -0.0028244504136583646; 0.0 -0.005816900409170182 -0.0028244504136584847 0.011534146870935527],[-0.10458207862630174 0.0 0.0 0.0; 0.0 -0.007430171223689813 0.002679502433419444 0.0033845781791713636; 0.0 0.0026795024334193033 -0.0044643581681468505 0.0012481215446764652; 0.0 0.0033845781791710153 0.001248121544676381 -0.006406423088358252],[4.217773990720766e-19 0.0 0.0 0.0; 0.0 0.008741040716939924 -0.0022288307966089383 -0.00100868419757842; 0.0 -0.002228830796608925 0.009919447526794257 0.000568945144050415; 0.0 -0.001008684197578407 0.0005689451440504272 0.008594917771463909],[-5.65822236920166e-19 0.0 0.0 0.0; 0.0 -0.00426494271775881 0.001297178060813484 0.0004411340670133012; 0.0 0.0012971780608135024 -0.004992590024814854 -0.0003792870313105428; 0.0 0.00044113406701329615 -0.00037928703131056597 -0.004233737429258237]
