L,J,Q,θ,μ,ϕx,ϕy,ϕz,ndims,T,Λ,χ_dwave,dχdlogT_dwave,χ_pwave,dχdlogT_pwave
23,1.2,0.6180339887498949,0.4487989505128276,0.75,2.35825522373343,3.5083950570734084,5.211373871453545,3,0.01291549665014884,0.3,[0.3674913878143447 0.0 0.0 0.0; 0.0 0.02262847427011665 -0.008000695418912001 -0.00964264051087469; 0.0 -0.008000695418912069 0.013012975787335934 -0.0034792572066352097; 0.0 -0.009642640510874852 -0.0034792572066352882 0.018552244981572787],[-0.1047303195494555 0.0 0.0 0.0; 0.0 -0.0026469353034908813 0.0008951435069631155 0.0004626822281945073; 0.0 0.0008951435069631087 -0.0008598889766211145 -5.715469291667149e-5; 0.0 0.00046268222819451224 -5.715469291666607e-5 -0.0013505755246119408],[5.301419841479019e-18 0.0 0.0 0.0; 0.0 0.012383334124473282 -0.0037467885490471784 -0.0009520002137080525; 0.0 -0.0037467885490470626 0.014296145546691464 0.0012939391922093487; 0.0 -0.0009520002137080449 0.0012939391922093166 0.01241100078944218],[-2.5830511179553534e-18 0.0 0.0 0.0; 0.0 -0.0006952318087007075 0.00037518260530427665 -0.0001483199978784305; 0.0 0.00037518260530427497 -0.0008194084035292639 -0.000277293499575712; 0.0 -0.0001483199978784262 -0.00027729349957571144 -0.0007157765257034676]
