L,J,Q,θ,μ,ϕx,ϕy,ϕz,ndims,T,Λ,χ_dwave,dχdlogT_dwave,χ_pwave,dχdlogT_pwave
23,0.1,0.6180339887498949,0.4487989505128276,0.75,0.9733982670131992,1.073358718003868,2.417443956247186,3,0.1,0.3,[0.17945719302985896 0.0 0.0 0.0; 0.0 0.07393997612608164 -0.03250283870948521 -0.033240131007522114; 0.0 -0.03250283870948523 0.07360656084894418 -0.03294367511887522; 0.0 -0.03324013100752214 -0.03294367511887523 0.07454023203495383],[-0.1256048228981233 0.0 0.0 0.0; 0.0 -0.051663863714450864 0.022707081121404567 0.023140346630392602; 0.0 0.022707081121404557 -0.05144126685752682 0.02308961595204081; 0.0 0.023140346630392612 0.023089615952040787 -0.05182957464420045],[7.949717303451602e-19 0.0 0.0 0.0; 0.0 0.09589400659389882 -0.000582853982540983 -0.0013776641497898192; 0.0 -0.0005828539825409827 0.09336128765728195 -0.00018152825846197199; 0.0 -0.0013776641497898223 -0.00018152825846196188 0.09367115981900849],[-8.403234107088746e-19 0.0 0.0 0.0; 0.0 -0.06567260911750336 0.0016167468424383886 0.002513140523150645; 0.0 0.0016167468424383902 -0.0636493123895859 -0.001265972115148267; 0.0 0.0025131405231506474 -0.001265972115148269 -0.06430485899962467]
