L,J,Q,θ,μ,ϕx,ϕy,ϕz,ndims,T,Λ,χ_dwave,dχdlogT_dwave,χ_pwave,dχdlogT_pwave
23,0.55,0.6180339887498949,0.4487989505128276,0.75,5.2759666248411525,5.216572709691631,2.2183578985492427,3,0.021544346900318832,0.3,[0.3683572473073606 0.0 0.0 0.0; 0.0 0.06385829279558485 -0.02210900789048339 -0.02910864108608821; 0.0 -0.02210900789048404 0.05393679976155003 -0.0224894109947336; 0.0 -0.02910864108608788 -0.022489410994735337 0.06000706637642531],[-0.12991264593783197 0.0 0.0 0.0; 0.0 -0.018090953631301813 0.0057866232173626716 0.007117835749344682; 0.0 0.005786623217362761 -0.013803350374516214 0.0051089446149041; 0.0 0.007117835749344962 0.005108944614903671 -0.014198674308289095],[-1.0224148366823346e-18 0.0 0.0 0.0; 0.0 0.07772146262175993 -0.01786367235922733 -0.004665670799006935; 0.0 -0.017863672359227385 0.07035811276160467 0.0072792453296450935; 0.0 -0.004665670799007061 0.007279245329644423 0.06839840000952176],[3.3697873642497314e-19 0.0 0.0 0.0; 0.0 -0.021201666069163277 0.006430564023489444 0.00128172224228934; 0.0 0.006430564023489449 -0.020725968838468528 -0.003561245560253444; 0.0 0.0012817222422893963 -0.003561245560253391 -0.0196172309062429]
