L,J,Q,θ,μ,ϕx,ϕy,ϕz,ndims,T,Λ,χ_dwave,dχdlogT_dwave,χ_pwave,dχdlogT_pwave
23,0.4,0.6180339887498949,0.4487989505128276,0.75,1.844230068945385,1.1274623114571236,4.291057478636419,3,0.1,0.3,[0.17293055744268182 0.0 0.0 0.0; 0.0 0.043407626697358426 -0.0165176070322986 -0.020679565076269425; 0.0 -0.016517607032299104 0.04050332589863448 -0.018300153040801622; 0.0 -0.02067956507626929 -0.018300153040801934 0.04435310172298864],[-0.12462446612504383 0.0 0.0 0.0; 0.0 -0.028431483366043987 0.010151454597030487 0.01365188842623892; 0.0 0.010151454597030535 -0.02566315405432943 0.011475712761057282; 0.0 0.013651888426238903 0.011475712761057053 -0.02863205747855589],[1.8281960494590766e-18 0.0 0.0 0.0; 0.0 0.05835396922458674 -0.007453557161631759 -0.00395640819233249; 0.0 -0.007453557161631347 0.05227793563727216 0.00015941540170956938; 0.0 -0.003956408192332484 0.00015941540170951357 0.05250363580357855],[-2.186166376726643e-18 0.0 0.0 0.0; 0.0 -0.03739077659197608 0.0064208888165720335 0.004405536952784863; 0.0 0.006420888816572122 -0.03337382176083229 -0.002395001257666714; 0.0 0.00440553695278479 -0.0023950012576667555 -0.032833329706922765]
