L,J,Q,θ,μ,ϕx,ϕy,ϕz,ndims,T,Λ,χ_dwave,dχdlogT_dwave,χ_pwave,dχdlogT_pwave
23,0.5,0.6180339887498949,0.4487989505128276,0.75,2.810390175230641,1.0772819831490281,3.680682016823238,3,0.007742636826811269,0.3,[0.5108262699196683 0.0 0.0 0.0; 0.0 0.08844587330482162 -0.03271648483350082 -0.03936030764378613; 0.0 -0.03271648483350106 0.08708132647732522 -0.038070593944032234; 0.0 -0.039360307643786376 -0.03807059394403332 0.08847726229850407],[-0.13392956339104292 0.0 0.0 0.0; 0.0 -0.017380185597154287 0.007935080940012136 0.004975813877751023; 0.0 0.007935080940012261 -0.024496965436627265 0.011195453126040438; 0.0 0.004975813877750767 0.011195453126040046 -0.017235771207289596],[-5.870718924490492e-18 0.0 0.0 0.0; 0.0 0.11563623624706003 -0.028787048739614053 -0.007382169617498762; 0.0 -0.028787048739614223 0.1029010031732334 0.009613933980378023; 0.0 -0.007382169617498566 0.009613933980378476 0.10353548409774604],[3.944794305565918e-18 0.0 0.0 0.0; 0.0 -0.025041562900626223 0.009221921595001868 -0.00010767191932783255; 0.0 0.009221921595001873 -0.021566175168942808 -0.002650413971257077; 0.0 -0.00010767191932785869 -0.00265041397125703 -0.02408277085594435]
