L,J,Q,θ,μ,ϕx,ϕy,ϕz,ndims,T,Λ,χ_dwave,dχdlogT_dwave,χ_pwave,dχdlogT_pwave
23,0.55,0.6180339887498949,0.4487989505128276,0.75,2.810390175230641,1.0772819831490281,3.680682016823238,3,0.004641588833612777,0.3,[0.5810837084997815 0.0 0.0 0.0; 0.0 0.09030846478859518 -0.03499176100628701 -0.03957212127056572; 0.0 -0.034991761006286363 0.0839178365190633 -0.030644393655002013; 0.0 -0.039572121270565676 -0.030644393655001576 0.08233691425766475],[-0.14038820712309827 0.0 0.0 0.0; 0.0 -0.01781294061194117 0.009493416341958385 0.007038816580878048; 0.0 0.009493416341958213 -0.01660211574228042 0.0013799307330448116; 0.0 0.007038816580878202 0.0013799307330447917 -0.011459703585202714],[4.034800248309795e-18 0.0 0.0 0.0; 0.0 0.1086726088867334 -0.02787335269959858 -0.0029587130877668363; 0.0 -0.027873352699600024 0.0974219053418254 0.008229553456911003; 0.0 -0.0029587130877670054 0.008229553456911015 0.09859665444606566],[-1.024848927217098e-18 0.0 0.0 0.0; 0.0 -0.019025749620046887 0.006494777259351996 4.5681263592396295e-5; 0.0 0.006494777259352063 -0.017439955127547927 -0.0014886419750062309; 0.0 4.5681263592374516e-5 -0.0014886419750061487 -0.019055316576408635]
