L,J,Q,θ,μ,ϕx,ϕy,ϕz,ndims,T,Λ,χ_dwave,dχdlogT_dwave,χ_pwave,dχdlogT_pwave
23,0.65,0.6180339887498949,0.4487989505128276,0.75,5.108608070790224,2.6269203188545354,3.014007765852682,3,0.16681005372000587,0.3,[0.11077679660854171 0.0 0.0 0.0; 0.0 0.019095122214148125 -0.006926195155328064 -0.008818783635949137; 0.0 -0.006926195155327958 0.01656254006470305 -0.007271986026320035; 0.0 -0.008818783635948785 -0.007271986026320259 0.018917554726928576],[-0.09558702923342006 0.0 0.0 0.0; 0.0 -0.015702657447615946 0.005624533500088119 0.007219949936012584; 0.0 0.005624533500088018 -0.013420748782323784 0.005743652457476053; 0.0 0.007219949936013111 0.0057436524574760815 -0.015304673622356444],[-1.5543251012108665e-18 0.0 0.0 0.0; 0.0 0.022217076788516872 -0.004769577894889018 -0.0012442032329945145; 0.0 -0.004769577894889284 0.020408810546181103 0.0011415276777606257; 0.0 -0.001244203232994633 0.0011415276777607323 0.019704882310548247],[1.3730642821255582e-18 0.0 0.0 0.0; 0.0 -0.018045884840205348 0.004133970687745974 0.0008776034933668364; 0.0 0.004133970687746239 -0.01631180091240525 -0.0011378025656690529; 0.0 0.0008776034933668032 -0.0011378025656690945 -0.015816849348365653]
