L,J,Q,θ,μ,ϕx,ϕy,ϕz,ndims,T,Λ,χ_dwave,dχdlogT_dwave,χ_pwave,dχdlogT_pwave
23,1.0,0.6180339887498949,0.4487989505128276,0.75,1.443832753770895,3.6578363068123374,5.416836448526887,3,0.001,0.3,[0.8021686647978509 0.0 0.0 0.0; 0.0 0.039607455228206946 -0.013467742312278834 -0.016012566761276825; 0.0 -0.013467742312278796 0.025412151509870338 -0.007575529380121253; 0.0 -0.016012566761276492 -0.007575529380121537 0.035683252225391496],[-0.1446433609465385 0.0 0.0 0.0; 0.0 -0.0003940539369141703 -3.577373441178387e-5 -9.586238352136454e-5; 0.0 -3.577373441178242e-5 -0.0005188535344225657 -0.0004664877713797164; 0.0 -9.586238352136537e-5 -0.00046648777137971533 -0.0009984512142740796],[-1.456707201171087e-20 0.0 0.0 0.0; 0.0 0.027288623911260905 -0.006747630926625789 0.0008250056807572542; 0.0 -0.006747630926625716 0.027179732891265174 0.002560824972559275; 0.0 0.0008250056807572687 0.002560824972559261 0.025183386149776173],[-9.339010245788922e-19 0.0 0.0 0.0; 0.0 -0.00033746404665684966 4.2159518304310814e-5 -1.1572111986877317e-5; 0.0 4.215951830431215e-5 -0.000633860959414094 -9.113219567516357e-6; 0.0 -1.1572111986877024e-5 -9.113219567516474e-6 -0.0001492320044827302]
