L,J,Q,θ,μ,ϕx,ϕy,ϕz,ndims,T,Λ,χ_dwave,dχdlogT_dwave,χ_pwave,dχdlogT_pwave
23,1.1,0.6180339887498949,0.4487989505128276,0.75,1.443832753770895,3.6578363068123374,5.416836448526887,3,0.007742636826811269,0.3,[0.4633461921714762 0.0 0.0 0.0; 0.0 0.029734223646744756 -0.010171204976731713 -0.01249447384130244; 0.0 -0.010171204976732025 0.017358279373533084 -0.005148550930856808; 0.0 -0.01249447384130173 -0.005148550930856588 0.024406034000788987],[-0.121549867959513 0.0 0.0 0.0; 0.0 -0.0028507163816989655 0.0007078849413456757 0.0008232413454685091; 0.0 0.0007078849413456869 -0.000990202589813219 4.6802288026594176e-5; 0.0 0.0008232413454685398 4.680228802659479e-5 -0.0021317063046531306],[3.877786214027394e-18 0.0 0.0 0.0; 0.0 0.01748992415056218 -0.00467099317355386 -0.0005126644655873098; 0.0 -0.004670993173554285 0.019107158489776035 0.0017082291276302004; 0.0 -0.0005126644655873133 0.0017082291276301535 0.01745819204649859],[-1.8167231117595407e-18 0.0 0.0 0.0; 0.0 -0.0008396903909686753 0.0001661635499439192 -0.000178749852694339; 0.0 0.0001661635499439215 -0.0011003750045813089 -0.0001652661626478988; 0.0 -0.00017874985269433378 -0.0001652661626478966 -0.0011536853012413452]
