L,J,Q,θ,μ,ϕx,ϕy,ϕz,ndims,T,Λ,χ_dwave,dχdlogT_dwave,χ_pwave,dχdlogT_pwave
23,1.05,0.6180339887498949,0.4487989505128276,0.75,1.443832753770895,3.6578363068123374,5.416836448526887,3,0.004641588833612777,0.3,[0.5498356217333187 0.0 0.0 0.0; 0.0 0.03419850609750021 -0.011785801191299322 -0.014102536796129356; 0.0 -0.011785801191299097 0.02057018821637359 -0.006297348649154597; 0.0 -0.014102536796129706 -0.006297348649154779 0.02859256424831139],[-0.12898968600937016 0.0 0.0 0.0; 0.0 -0.0023016285971384164 0.0006887074807606079 0.0006438739785578688; 0.0 0.0006887074807606515 -0.0009606665397537327 5.768756776474519e-6; 0.0 0.0006438739785578723 5.768756776474798e-6 -0.0023254945169827995],[-3.3866893853171603e-18 0.0 0.0 0.0; 0.0 0.02118360297507311 -0.005420716748571484 -4.58135055611698e-5; 0.0 -0.005420716748571712 0.022095236315478037 0.002122141507989792; 0.0 -4.581350556117147e-5 0.002122141507989708 0.02087403247962766],[9.13114632325857e-19 0.0 0.0 0.0; 0.0 -0.0008272419059005611 0.00015741498551319542 -0.00013752038628335914; 0.0 0.00015741498551319303 -0.0009403762986022592 -0.000251735002093826; 0.0 -0.00013752038628335808 -0.00025173500209382896 -0.001319026992282334]
