L,J,Q,θ,μ,ϕx,ϕy,ϕz,ndims,T,Λ,χ_dwave,dχdlogT_dwave,χ_pwave,dχdlogT_pwave
23,0.55,0.6180339887498949,0.4487989505128276,0.75,2.0229416505316715,5.371743502297404,0.6056970094929207,3,0.0027825594022071257,0.3,[0.6686252881128846 0.0 0.0 0.0; 0.0 0.10192945802024839 -0.02581677162854077 -0.05010827962736423; 0.0 -0.025816771628540867 0.08549638216112819 -0.042237086270372357; 0.0 -0.050108279627362154 -0.0422370862703718 0.1011608015391194],[-0.16399642663973668 0.0 0.0 0.0; 0.0 -0.019894196607163916 0.0003507958126294209 0.012341801981998416; 0.0 0.00035079581262942923 -0.013834661562347132 0.010123768298306596; 0.0 0.01234180198199887 0.01012376829830657 -0.02294464263407826],[-3.610537130644291e-18 0.0 0.0 0.0; 0.0 0.11702353099822244 -0.025322102808873325 -0.006897510507989301; 0.0 -0.025322102808874283 0.11084437318048379 0.005133294195176792; 0.0 -0.006897510507989297 0.005133294195176676 0.1048431316677661],[2.270495917670209e-18 0.0 0.0 0.0; 0.0 -0.021655991628228767 0.002638745715860089 0.002733696752608416; 0.0 0.002638745715860137 -0.022766868197277607 -0.00011259631891974098; 0.0 0.0027336967526085344 -0.00011259631891975603 -0.021674170322851294]
