L,J,Q,θ,μ,ϕx,ϕy,ϕz,ndims,T,Λ,χ_dwave,dχdlogT_dwave,χ_pwave,dχdlogT_pwave
23,0.65,0.6180339887498949,0.4487989505128276,0.75,5.106330914882206,0.20684903641207408,4.563814702367097,3,0.004641588833612777,0.3,[0.5535002079327861 0.0 0.0 0.0; 0.0 0.06876711755274595 -0.026436170015502976 -0.029677119269472023; 0.0 -0.026436170015500294 0.06079797265444198 -0.022610229375251853; 0.0 -0.02967711926947197 -0.02261022937525136 0.06638701198777443],[-0.09732966311849463 0.0 0.0 0.0; 0.0 -0.007340166188082628 0.004101196877120638 0.0021864967712482753; 0.0 0.0041011968771205954 -0.007875528734588421 0.0013700740350230868; 0.0 0.0021864967712484423 0.0013700740350231285 -0.006456597546538478],[1.5059720717359679e-18 0.0 0.0 0.0; 0.0 0.07841115356118517 -0.01912598281073978 0.002647653334616544; 0.0 -0.019125982810739368 0.07379719642959164 -0.0008631077067028049; 0.0 0.0026476533346164958 -0.0008631077067027919 0.06613627363981416],[-7.317207587813975e-19 0.0 0.0 0.0; 0.0 -0.009462377391146701 0.002741865946391673 -0.00326990205886547; 0.0 0.0027418659463916877 -0.009878593497679375 0.0018883846499287893; 0.0 -0.0032699020588654406 0.0018883846499287932 -0.006192662833331368]
