L,J,Q,θ,μ,ϕx,ϕy,ϕz,ndims,T,Λ,χ_dwave,dχdlogT_dwave,χ_pwave,dχdlogT_pwave
23,0.0,0.6180339887498949,0.4487989505128276,0.75,2.810390175230641,1.0772819831490281,3.680682016823238,3,0.05994842503189409,0.3,[0.250598874458151 0.0 0.0 0.0; 0.0 0.10916391431586268 -0.04854766702406195 -0.0484666821742977; 0.0 -0.048547667024061936 0.11055335621153752 -0.04908522145165497; 0.0 -0.048466682174297705 -0.049085221451654976 0.10886030127686346],[-0.14252722812525132 0.0 0.0 0.0; 0.0 -0.06038890364176494 0.028072684940338665 0.02537452727435896; 0.0 0.02807268494033866 -0.06380362979208155 0.02881830196499803; 0.0 0.025374527274358967 0.028818301964998037 -0.06072058228905918],[1.8081321616251115e-42 0.0 0.0 0.0; 0.0 0.1414349601422885 0.0010025963356057642 -0.0001511156611428582; 0.0 0.0010025963356057597 0.14004551824661385 0.0006723279752118097; 0.0 -0.0001511156611428586 0.0006723279752118092 0.14173857318128763],[-9.011004421656291e-42 0.0 0.0 0.0; 0.0 -0.08213832448348637 0.0010085121073406245 0.000729250921296137; 0.0 0.0010085121073406225 -0.07872359833316979 0.00038991492145830836; 0.0 0.0007292509212961321 0.00038991492145830825 -0.08180664583619231]
