L,J,Q,θ,μ,ϕx,ϕy,ϕz,ndims,T,Λ,χ_dwave,dχdlogT_dwave,χ_pwave,dχdlogT_pwave
23,0.2,0.6180339887498949,0.4487989505128276,0.75,1.443832753770895,3.6578363068123374,5.416836448526887,3,0.03593813663804628,0.3,[0.31671525512944365 0.0 0.0 0.0; 0.0 0.10921427414688355 -0.04388493464617848 -0.05239294717398356; 0.0 -0.04388493464617853 0.10276498661752537 -0.04613907799958164; 0.0 -0.05239294717398366 -0.04613907799958165 0.11048179252209848],[-0.14331742167579528 0.0 0.0 0.0; 0.0 -0.044501320562836955 0.016136024606789593 0.02247167515592792; 0.0 0.016136024606789607 -0.03997539985090393 0.01819788639358884; 0.0 0.02247167515592795 0.018197886393588845 -0.04573269424886892],[-1.5508359429804476e-18 0.0 0.0 0.0; 0.0 0.14306420685553867 -0.014074222755548689 -0.012579192510459664; 0.0 -0.014074222755548678 0.13725632518695086 0.0030382124575987737; 0.0 -0.01257919251045966 0.003038212457598778 0.1354787059216466],[-3.5800757171446666e-19 0.0 0.0 0.0; 0.0 -0.05942038196579663 0.013587814368865483 0.01260261272977867; 0.0 0.013587814368865496 -0.057352880471995195 -0.00697502650516005; 0.0 0.01260261272977868 -0.006975026505160045 -0.053886789207323336]
