L,J,Q,θ,μ,ϕx,ϕy,ϕz,ndims,T,Λ,χ_dwave,dχdlogT_dwave,χ_pwave,dχdlogT_pwave
23,0.15,0.6180339887498949,0.4487989505128276,0.75,1.7147032833659617,1.1033524487318418,0.8149814849990139,3,0.007742636826811269,0.3,[0.5089372245769032 0.0 0.0 0.0; 0.0 0.18590484074752114 -0.0779011058042934 -0.08567842993761901; 0.0 -0.07790110580429334 0.18218762973892252 -0.08250077156637117; 0.0 -0.08567842993761894 -0.0825007715663711 0.18780301039682157],[-0.11638078905309114 0.0 0.0 0.0; 0.0 -0.03741535352517513 0.01437945206701659 0.01552214881539324; 0.0 0.014379452067016602 -0.03827639596737288 0.02143949635729783; 0.0 0.015522148815393237 0.021439496357297826 -0.04132444894077209],[-4.645055149541359e-19 0.0 0.0 0.0; 0.0 0.23834424565811402 -0.019937559438626882 -0.0037521504605527913; 0.0 -0.019937559438626844 0.22174961781753516 0.006755115189223877; 0.0 -0.0037521504605527774 0.0067551151892238604 0.22488811274205903],[-7.579125282570457e-19 0.0 0.0 0.0; 0.0 -0.04993101931252866 0.011188639658422022 -0.00020709797325772086; 0.0 0.011188639658422015 -0.04373762359876379 -0.00445233895342888; 0.0 -0.0002070979732577228 -0.004452338953428877 -0.042758985136539786]
