L,J,Q,θ,μ,ϕx,ϕy,ϕz,ndims,T,Λ,χ_dwave,dχdlogT_dwave,χ_pwave,dχdlogT_pwave
23,0.55,0.6180339887498949,0.4487989505128276,0.75,2.0229416505316715,5.371743502297404,0.6056970094929207,3,0.021544346900318832,0.3,[0.3750924446928046 0.0 0.0 0.0; 0.0 0.06535964752789968 -0.021588639511336816 -0.03087164348475802; 0.0 -0.02158863951133833 0.056279728724287936 -0.024511327136073523; 0.0 -0.0308716434847588 -0.02451132713607388 0.06334503194876645],[-0.1355636375623724 0.0 0.0 0.0; 0.0 -0.018814160091710126 0.004233589224793759 0.009025515396888244; 0.0 0.0042335892247935885 -0.01539785717903337 0.007378230154439268; 0.0 0.009025515396888098 0.007378230154439014 -0.017425630803008994],[-9.856271594672483e-20 0.0 0.0 0.0; 0.0 0.0776163418602669 -0.016808015350446126 -0.003042359588865951; 0.0 -0.016808015350446338 0.07061767162222228 0.00420698913553759; 0.0 -0.003042359588865841 0.00420698913553765 0.06831888807943973],[1.1646776350137225e-18 0.0 0.0 0.0; 0.0 -0.01900922172587599 0.004846640621278267 6.710391110236026e-5; 0.0 0.004846640621277733 -0.019352875722482458 -0.0013828593640655281; 0.0 6.710391110238734e-5 -0.001382859364065552 -0.017869168337702076]
