L,J,Q,θ,μ,ϕx,ϕy,ϕz,ndims,T,Λ,χ_dwave,dχdlogT_dwave,χ_pwave,dχdlogT_pwave
23,0.05,0.6180339887498949,0.4487989505128276,0.75,2.810390175230641,1.0772819831490281,3.680682016823238,3,0.03593813663804628,0.3,[0.32165068167564936 0.0 0.0 0.0; 0.0 0.13600365109328139 -0.06105735525232985 -0.06017612022854791; 0.0 -0.06105735525232985 0.13801577332382434 -0.061480915345323385; 0.0 -0.06017612022854794 -0.0614809153453234 0.13558459098198092],[-0.14476434014700099 0.0 0.0 0.0; 0.0 -0.05643811936348203 0.02654574360708634 0.023181664785148135; 0.0 0.026545743607086343 -0.06117027526070761 0.02760784316025302; 0.0 0.023181664785148128 0.027607843160253016 -0.056806827912666454],[1.5614646176985957e-18 0.0 0.0 0.0; 0.0 0.179110860505559 -0.0034602241798208726 -0.001300922518161985; 0.0 -0.003460224179820874 0.17548149893079057 -6.000876159813919e-6; 0.0 -0.0013009225181619816 -6.000876159816516e-6 0.17883554154809345],[-4.627442827860676e-19 0.0 0.0 0.0; 0.0 -0.08210528865372552 0.0067250820144497715 0.003146251691023584; 0.0 0.00672508201444977 -0.07646749261868803 0.0010426535941932447; 0.0 0.003146251691023576 0.0010426535941932445 -0.08140593836327509]
