L,J,Q,θ,μ,ϕx,ϕy,ϕz,ndims,T,Λ,χ_dwave,dχdlogT_dwave,χ_pwave,dχdlogT_pwave
23,0.85,0.6180339887498949,0.4487989505128276,0.75,2.0229416505316715,5.371743502297404,0.6056970094929207,3,0.1,0.3,[0.16062086276011106 0.0 0.0 0.0; 0.0 0.02013569457629153 -0.0073679765584451695 -0.008922409559069443; 0.0 -0.007367976558445382 0.01641818607982143 -0.006533229116486727; 0.0 -0.008922409559069392 -0.00653322911648679 0.018912654123848342],[-0.11901095703687743 0.0 0.0 0.0; 0.0 -0.013238370288814952 0.004707103100982336 0.005781497322711195; 0.0 0.004707103100982528 -0.010188067016697852 0.003963040952375596; 0.0 0.005781497322711135 0.00396304095237569 -0.012124979289243302],[1.8538584699621934e-19 0.0 0.0 0.0; 0.0 0.01966624368765626 -0.0046120484479741835 -0.0009793133919923616; 0.0 -0.004612048447974374 0.018573845613300166 0.001375718467587278; 0.0 -0.0009793133919923662 0.0013757184675872766 0.017444831157252507],[-3.064536734781552e-19 0.0 0.0 0.0; 0.0 -0.011799865145902812 0.0029094635864306178 0.00010825717586667968; 0.0 0.0029094635864304985 -0.010944113514034353 -0.0007432514218536223; 0.0 0.0001082571758666848 -0.0007432514218535798 -0.01041843743365306]
