L,J,Q,θ,μ,ϕx,ϕy,ϕz,ndims,T,Λ,χ_dwave,dχdlogT_dwave,χ_pwave,dχdlogT_pwave
23,0.8,0.6180339887498949,0.4487989505128276,0.75,2.0229416505316715,5.371743502297404,0.6056970094929207,3,0.1,0.3,[0.16264943665898499 0.0 0.0 0.0; 0.0 0.021866985967909338 -0.00803405505705605 -0.009696060424406381; 0.0 -0.008034055057056066 0.018200154395630455 -0.007358065854368333; 0.0 -0.009696060424406726 -0.007358065854367898 0.02070041947432775],[-0.11980263204180251 0.0 0.0 0.0; 0.0 -0.014378474733983784 0.0051338934311814235 0.006285552264673605; 0.0 0.005133893431181494 -0.011398632810864113 0.004480592600998118; 0.0 0.006285552264673781 0.00448059260099805 -0.013239033310239984],[-5.469380549260231e-19 0.0 0.0 0.0; 0.0 0.02236375092485192 -0.005172884609287555 -0.001346822521695665; 0.0 -0.0051728846092874885 0.020900700008527368 0.001633204591038006; 0.0 -0.0013468225216956662 0.0016332045910379775 0.01971262203221856],[3.825420581570816e-19 0.0 0.0 0.0; 0.0 -0.013658689332040046 0.0032493558801556977 0.00021444200967714672; 0.0 0.003249355880155736 -0.012463724324733293 -0.0009153836923446579; 0.0 0.00021444200967714636 -0.0009153836923446592 -0.01186286303234206]
