L,J,Q,θ,μ,ϕx,ϕy,ϕz,ndims,T,Λ,χ_dwave,dχdlogT_dwave,χ_pwave,dχdlogT_pwave
23,0.0,0.6180339887498949,0.4487989505128276,0.75,5.106330914882206,0.20684903641207408,4.563814702367097,3,0.001,0.3,[1.0370413728957288 0.0 0.0 0.0; 0.0 0.4156704026211143 -0.18458871444634745 -0.18223877741463756; 0.0 -0.18458871444634745 0.4399576458816671 -0.19212498496256478; 0.0 -0.18223877741463762 -0.1921249849625647 0.4100413328231448],[-0.23462952263254153 0.0 0.0 0.0; 0.0 -0.08736034230626155 0.03673392944904729 0.035155335655244695; 0.0 0.0367339294490473 -0.09215954084786603 0.03773397192185549; 0.0 0.035155335655244715 0.03773397192185549 -0.07269474556385494],[3.254548965860049e-40 0.0 0.0 0.0; 0.0 0.6213709702746139 0.13571366392180137 0.1245371008897954; 0.0 0.1357136639218013 0.5970837270140609 0.18541524836427292; 0.0 0.12453710088979543 0.18541524836427298 0.6270000400725831],[3.915782099540246e-42 0.0 0.0 0.0; 0.0 -0.14726918032627984 -0.07902845563995813 -0.07689132812897032; 0.0 -0.07902845563995813 -0.14246998178467532 -0.0894664352473405; 0.0 -0.07689132812897034 -0.08946643524734049 -0.1619347770686865]
