L,J,Q,θ,μ,ϕx,ϕy,ϕz,ndims,T,Λ,χ_dwave,dχdlogT_dwave,χ_pwave,dχdlogT_pwave
23,0.75,0.6180339887498949,0.4487989505128276,0.75,2.0229416505316715,5.371743502297404,0.6056970094929207,3,0.0016681005372000592,0.3,[0.6929385530318893 0.0 0.0 0.0; 0.0 0.0727401278104922 -0.021565197495597495 -0.03413144533245404; 0.0 -0.02156519749559702 0.051037001314215916 -0.020316190974891672; 0.0 -0.03413144533245494 -0.02031619097489294 0.0690194135366174],[-0.14287349483961426 0.0 0.0 0.0; 0.0 -0.008642705154932559 0.0019315222682426657 0.004887234714365217; 0.0 0.0019315222682426715 -0.005533421787203554 0.0023390553254245975; 0.0 0.004887234714365399 0.0023390553254246183 -0.010568428722389212],[-2.7359778731824508e-17 0.0 0.0 0.0; 0.0 0.0656351064898159 -0.01252669922243256 0.003980213916607982; 0.0 -0.012526699222432287 0.0589941859086034 0.00010950938129202787; 0.0 0.003980213916608034 0.00010950938129208905 0.05449114430300377],[1.6406568914063217e-17 0.0 0.0 0.0; 0.0 -0.008935119865772358 0.0019248754200227433 -0.0007845198764116286; 0.0 0.0019248754200227348 -0.005335230866574485 0.002426594863568373; 0.0 -0.000784519876411615 0.002426594863568274 -0.004229917724500704]
