L,J,Q,θ,μ,ϕx,ϕy,ϕz,ndims,T,Λ,χ_dwave,dχdlogT_dwave,χ_pwave,dχdlogT_pwave
23,0.1,0.6180339887498949,0.4487989505128276,0.75,2.35825522373343,3.5083950570734084,5.211373871453545,3,0.01291549665014884,0.3,[0.4443389157658554 0.0 0.0 0.0; 0.0 0.17974293582141476 -0.07836405528269541 -0.08115102337064134; 0.0 -0.07836405528269541 0.1751097963080753 -0.07719611143838466; 0.0 -0.08115102337064128 -0.07719611143838466 0.1775567030422864],[-0.1268351957367167 0.0 0.0 0.0; 0.0 -0.047790244753626226 0.022280510843547107 0.020140651027199065; 0.0 0.022280510843547114 -0.04729966105512346 0.019591751813277998; 0.0 0.020140651027199055 0.019591751813278 -0.04520966630381051],[3.329468629329753e-18 0.0 0.0 0.0; 0.0 0.22772010378247062 -0.02432615078802272 0.007128990196053548; 0.0 -0.024326150788022718 0.21922146130529213 -0.0019389543349532456; 0.0 0.007128990196053536 -0.001938954334953242 0.21990259360108283],[-3.82599318036751e-19 0.0 0.0 0.0; 0.0 -0.06201067893586828 0.01627194625234546 -0.008429314822892463; 0.0 0.016271946252345456 -0.055127539437541326 -0.0003084472111502768; 0.0 -0.008429314822892454 -0.0003084472111502795 -0.05760267410772521]
