L,J,Q,θ,μ,ϕx,ϕy,ϕz,ndims,T,Λ,χ_dwave,dχdlogT_dwave,χ_pwave,dχdlogT_pwave
23,1.05,0.6180339887498949,0.4487989505128276,0.75,1.7147032833659617,1.1033524487318418,0.8149814849990139,3,0.1,0.3,[0.15482707059938322 0.0 0.0 0.0; 0.0 0.015389199773436972 -0.005694121899004581 -0.006825756292380878; 0.0 -0.005694121899004831 0.011418277857811441 -0.004154211690336906; 0.0 -0.006825756292380973 -0.004154211690336741 0.014102095205541001],[-0.11295576527395007 0.0 0.0 0.0; 0.0 -0.009706315485815563 0.003444864653704484 0.004267591807996997; 0.0 0.0034448646537042532 -0.006447422642075923 0.0022399780343213887; 0.0 0.0042675918079969795 0.002239978034321406 -0.008540862166367878],[7.49743774658787e-19 0.0 0.0 0.0; 0.0 0.012302902699669271 -0.0029441986436743906 -0.0008475649397311099; 0.0 -0.00294419864367436 0.012594108051344474 0.0007831563072439059; 0.0 -0.0008475649397311275 0.0007831563072439103 0.011516283500426555],[-1.0101831396897017e-18 0.0 0.0 0.0; 0.0 -0.0066882317619552 0.0018638702456945982 0.00024284159130935368; 0.0 0.0018638702456946997 -0.0068579163222122 -0.0005091705575249269; 0.0 0.00024284159130936176 -0.0005091705575249166 -0.006276615389377444]
