L,J,Q,θ,μ,ϕx,ϕy,ϕz,ndims,T,Λ,χ_dwave,dχdlogT_dwave,χ_pwave,dχdlogT_pwave
23,0.2,0.6180339887498949,0.4487989505128276,0.75,1.3595744307236286,1.6230091281990537,3.234476175330475,3,0.1,0.3,[0.173762086295029 0.0 0.0 0.0; 0.0 0.06354486675161307 -0.027412305279459072 -0.029465417402518422; 0.0 -0.027412305279459027 0.06048502777263165 -0.02637166159092113; 0.0 -0.029465417402518394 -0.026371661590921094 0.06299456658521528],[-0.12970739498569164 0.0 0.0 0.0; 0.0 -0.043734761711094465 0.018340191914029375 0.020382072358205633; 0.0 0.0183401919140294 -0.0420314238794378 0.018689879861523297; 0.0 0.020382072358205626 0.018689879861523293 -0.04420045503469361],[-6.263349764046736e-19 0.0 0.0 0.0; 0.0 0.08111727072759901 -0.0033133909676572432 -0.002493614878448924; 0.0 -0.003313390967657233 0.07875703907897891 -0.001555224637724814; 0.0 -0.0024936148784489355 -0.0015552246377248087 0.08006519030755922],[8.136137067954185e-19 0.0 0.0 0.0; 0.0 -0.05946818422166771 0.004113794912738501 0.0030826744181879965; 0.0 0.00411379491273851 -0.05582454449481787 0.0013080054969871347; 0.0 0.003082674418188011 0.0013080054969871263 -0.05676768750758338]
