L,J,Q,θ,μ,ϕx,ϕy,ϕz,ndims,T,Λ,χ_dwave,dχdlogT_dwave,χ_pwave,dχdlogT_pwave
23,1.1,0.6180339887498949,0.4487989505128276,0.75,1.443832753770895,3.6578363068123374,5.416836448526887,3,0.0027825594022071257,0.3,[0.5879162751323188 0.0 0.0 0.0; 0.0 0.03171091167889239 -0.010610349864056137 -0.012892431598105396; 0.0 -0.010610349864056047 0.018180772037814555 -0.00521887512351816; 0.0 -0.01289243159810523 -0.005218875123518244 0.026274006116848405],[-0.12205127934348722 0.0 0.0 0.0; 0.0 -0.001177338112345284 0.000214568717566061 5.438661032666034e-6; 0.0 0.00021456871756606405 -0.0006540971898492809 7.139704298024951e-5; 0.0 5.438661032665859e-6 7.139704298024707e-5 -0.0015271030884600404],[1.5845398263444455e-17 0.0 0.0 0.0; 0.0 0.018105415571613562 -0.0047305399507046025 -0.00040750285913009727; 0.0 -0.0047305399507046935 0.019828988505682103 0.0017374917329119987; 0.0 -0.0004075028591300828 0.0017374917329119734 0.018280267572443186],[-9.480653493282763e-18 0.0 0.0 0.0; 0.0 -0.0004121873928529196 -1.8979909771079383e-5 6.095608602772179e-6; 0.0 -1.8979909771081128e-5 -0.0003963722631565146 5.096174512674391e-5; 0.0 6.095608602771402e-6 5.0961745126745016e-5 -0.0005439989910221653]
