L,J,Q,θ,μ,ϕx,ϕy,ϕz,ndims,T,Λ,χ_dwave,dχdlogT_dwave,χ_pwave,dχdlogT_pwave
23,0.5,0.6180339887498949,0.4487989505128276,0.75,5.106330914882206,0.20684903641207408,4.563814702367097,3,0.1,0.3,[0.1707279087164939 0.0 0.0 0.0; 0.0 0.036379892399002946 -0.013687748036588775 -0.017106748685208645; 0.0 -0.013687748036589164 0.03284641159994431 -0.01437140281554048; 0.0 -0.01710674868520902 -0.01437140281554063 0.03651727011647818],[-0.12172509837509393 0.0 0.0 0.0; 0.0 -0.023334687467444742 0.008199180133001098 0.011131263137214978; 0.0 0.008199180133001192 -0.020493936355493177 0.008837210229984915; 0.0 0.011131263137214683 0.008837210229985067 -0.02313224565329054],[-4.1754508374657526e-19 0.0 0.0 0.0; 0.0 0.046500807929375734 -0.007691405913615767 -0.0029677520776535725; 0.0 -0.007691405913615831 0.04134857807619632 0.0018348597735367914; 0.0 -0.002967752077653662 0.0018348597735367209 0.04112437443266227],[3.7995475270744197e-19 0.0 0.0 0.0; 0.0 -0.029250548011926652 0.0060496124059390595 0.0018086109399002822; 0.0 0.006049612405938844 -0.02576243589857774 -0.002487530213972212; 0.0 0.0018086109399001688 -0.002487530213971913 -0.024746864858465414]
