L,J,Q,θ,μ,ϕx,ϕy,ϕz,ndims,T,Λ,χ_dwave,dχdlogT_dwave,χ_pwave,dχdlogT_pwave
23,0.15,0.6180339887498949,0.4487989505128276,0.75,1.844230068945385,1.1274623114571236,4.291057478636419,3,0.0027825594022071257,0.3,[0.6786872474507955 0.0 0.0 0.0; 0.0 0.24335233602730869 -0.10970662118292812 -0.11112878931177521; 0.0 -0.10970662118292819 0.23329744879850742 -0.08949179752036485; 0.0 -0.1111287893117753 -0.08949179752036487 0.2276185327979844],[-0.12756929616373533 0.0 0.0 0.0; 0.0 -0.05103950317413503 0.02523245295752108 0.026825707619369372; 0.0 0.025232452957521075 -0.043917641270118504 0.006237581374923763; 0.0 0.02682570761936938 0.00623758137492375 -0.03695107302006498],[-8.301588387959117e-18 0.0 0.0 0.0; 0.0 0.30508361100857706 -0.04443455013871927 -0.0709195417136756; 0.0 -0.04443455013871932 0.2976474078819373 0.03950638284537786; 0.0 -0.07091954171367552 0.03950638284537787 0.3144651415613914],[1.7109659324540908e-18 0.0 0.0 0.0; 0.0 -0.04689087438140166 0.015530424278996365 0.014139233213171579; 0.0 0.015530424278996372 -0.05255450603536556 -0.012210973536327713; 0.0 0.014139233213171561 -0.012210973536327701 -0.06002811018264424]
