L,J,Q,θ,μ,ϕx,ϕy,ϕz,ndims,T,Λ,χ_dwave,dχdlogT_dwave,χ_pwave,dχdlogT_pwave
23,0.9,0.6180339887498949,0.4487989505128276,0.75,4.108575757591687,4.541751602016311,2.0408036799157285,3,0.001,0.3,[0.7748329320408933 0.0 0.0 0.0; 0.0 0.050883284527992775 -0.0175683308324469 -0.020969328916047497; 0.0 -0.017568330832447396 0.03598813252426031 -0.010347309601392437; 0.0 -0.020969328916047653 -0.010347309601392133 0.04320249048877514],[-0.13450108986821174 0.0 0.0 0.0; 0.0 -0.0038149537506876434 0.00018677262584024213 0.0017668055359734301; 0.0 0.0001867726258402445 -0.0016075086511103801 -3.151902801388248e-5; 0.0 0.0017668055359734236 -3.151902801388158e-5 -0.0026612752350543504],[2.1873597826324135e-17 0.0 0.0 0.0; 0.0 0.04117395244318486 -0.00816771751616205 0.0006685977368352911; 0.0 -0.008167717516161915 0.037280823931105954 0.00225799224414346; 0.0 0.0006685977368353141 0.0022579922441434883 0.03582062233067783],[-1.182558025413143e-17 0.0 0.0 0.0; 0.0 -0.002218394249829293 -0.0002675550216524109 0.0002362975054834272; 0.0 -0.00026755502165240854 -0.0025364527844844303 -0.00025959836349066383; 0.0 0.00023629750548342774 -0.00025959836349066844 -0.0022309775214795864]
