L,J,Q,θ,μ,ϕx,ϕy,ϕz,ndims,T,Λ,χ_dwave,dχdlogT_dwave,χ_pwave,dχdlogT_pwave
23,0.35,0.6180339887498949,0.4487989505128276,0.75,1.573530448848193,4.436680002802441,0.6352908892784268,3,0.1,0.3,[0.1728782381434864 0.0 0.0 0.0; 0.0 0.04830291467152034 -0.01885632421286828 -0.022924080231154206; 0.0 -0.018856324212868345 0.04445414864783847 -0.01966453677883865; 0.0 -0.02292408023115341 -0.019664536778838986 0.04816095183635082],[-0.12476247496618667 0.0 0.0 0.0; 0.0 -0.031157618166450088 0.01167658603518506 0.014821180649394184; 0.0 0.011676586035184493 -0.029152967327940534 0.013212309540435197; 0.0 0.014821180649393886 0.013212309540435284 -0.0318511623968775],[-4.976265124821291e-19 0.0 0.0 0.0; 0.0 0.062458999952830156 -0.0072983622774316905 -0.0037557446910393625; 0.0 -0.007298362277431798 0.05767450836093522 0.0006056182002194788; 0.0 -0.0037557446910393305 0.000605618200219501 0.058121086733288536],[5.714285754266409e-19 0.0 0.0 0.0; 0.0 -0.04174630715615997 0.007253142995665728 0.002284134691697573; 0.0 0.007253142995665875 -0.036808572054297224 -0.0019169636270556661; 0.0 0.0022841346916974994 -0.0019169636270558383 -0.03666052922078523]
