L,J,Q,θ,μ,ϕx,ϕy,ϕz,ndims,T,Λ,χ_dwave,dχdlogT_dwave,χ_pwave,dχdlogT_pwave
23,0.25,0.6180339887498949,0.4487989505128276,0.75,1.7147032833659617,1.1033524487318418,0.8149814849990139,3,0.0016681005372000592,0.3,[0.6975625464012379 0.0 0.0 0.0; 0.0 0.21234711947043447 -0.06685625794119111 -0.10275972946269647; 0.0 -0.066856257941191 0.1962790669468319 -0.10330233561624919; 0.0 -0.10275972946269687 -0.10330233561624923 0.21472809088952696],[-0.13267292644732498 0.0 0.0 0.0; 0.0 -0.044401851133496435 -0.004954586877797524 0.031633578270969964; 0.0 -0.004954586877797508 -0.033106691383647635 0.03134357261544066; 0.0 0.03163357827096996 0.03134357261544067 -0.05294862879529498],[5.469300974883598e-18 0.0 0.0 0.0; 0.0 0.26009863796987137 -0.03141247897134309 -0.03620182210824385; 0.0 -0.031412478971343284 0.22932791169640754 0.042089131881319124; 0.0 -0.03620182210824384 0.04208913188131908 0.2282731784695891],[-3.0238691443548884e-18 0.0 0.0 0.0; 0.0 -0.05045680077608103 0.010101090990803627 0.015123964111970263; 0.0 0.01010109099080359 -0.04657351303021901 -0.024577907202689625; 0.0 0.015123964111970267 -0.024577907202689615 -0.034114063313971134]
