L,J,Q,θ,μ,ϕx,ϕy,ϕz,ndims,T,Λ,χ_dwave,dχdlogT_dwave,χ_pwave,dχdlogT_pwave
23,1.0,0.6180339887498949,0.4487989505128276,0.75,3.7152326662553454,5.721680001447781,0.41513891803668856,3,0.0027825594022071257,0.3,[0.6532744065649917 0.0 0.0 0.0; 0.0 0.03985764146176797 -0.014737470506282664 -0.015925717164844474; 0.0 -0.01473747050628258 0.026493065155434037 -0.00806984964846838; 0.0 -0.015925717164844377 -0.00806984964846777 0.03384586594116466],[-0.13974082158939108 0.0 0.0 0.0; 0.0 -0.0024049107183151263 0.00112643786316365 0.0005022670897597617; 0.0 0.0011264378631636563 -0.0016420987587699562 -0.0001006698190792592; 0.0 0.0005022670897597895 -0.0001006698190792588 -0.0022154512335145434],[-8.933847248677777e-18 0.0 0.0 0.0; 0.0 0.027531328794475264 -0.006663714566118342 0.0006448102365313695; 0.0 -0.0066637145661180295 0.026713540874035574 0.0033518522839239315; 0.0 0.0006448102365313635 0.00335185228392397 0.026619385946957945],[7.445155148690317e-18 0.0 0.0 0.0; 0.0 -0.0015498163185896977 -8.337046699980341e-5 -4.966509566881172e-5; 0.0 -8.337046699980354e-5 -0.001143586739479419 -0.0008688372720720352; 0.0 -4.9665095668810134e-5 -0.0008688372720720128 -0.0022440674672468304]
