L,J,Q,θ,μ,ϕx,ϕy,ϕz,ndims,T,Λ,χ_dwave,dχdlogT_dwave,χ_pwave,dχdlogT_pwave
23,1.0,0.6180339887498949,0.4487989505128276,0.75,1.573530448848193,4.436680002802441,0.6352908892784268,3,0.05994842503189409,0.3,[0.22036008475213759 0.0 0.0 0.0; 0.0 0.02200497477294409 -0.008051279864657614 -0.009681967371259067; 0.0 -0.008051279864657406 0.016108648156056334 -0.005883529275517612; 0.0 -0.009681967371259733 -0.005883529275517693 0.019846157608054405],[-0.12964610103539842 0.0 0.0 0.0; 0.0 -0.009961476569860047 0.003419586356748346 0.004252352260779982; 0.0 0.0034195863567483193 -0.006021204275512159 0.0019734315626599302; 0.0 0.0042523522607796176 0.001973431562660083 -0.008263359567799479],[-1.1715891627540581e-18 0.0 0.0 0.0; 0.0 0.01752510549269193 -0.004351803412367756 -0.0007866988583106314; 0.0 -0.004351803412367951 0.017675503168473022 0.0013677425080314185; 0.0 -0.0007866988583106297 0.0013677425080314512 0.016208343571257004],[1.3703258568615173e-18 0.0 0.0 0.0; 0.0 -0.006215473747553365 0.0018527638123388083 -0.0003305899492336127; 0.0 0.0018527638123389113 -0.006186461034925845 -0.00040944637242231916; 0.0 -0.00033058994923363413 -0.0004094463724223333 -0.005799057641560591]
