L,J,Q,θ,μ,ϕx,ϕy,ϕz,ndims,T,Λ,χ_dwave,dχdlogT_dwave,χ_pwave,dχdlogT_pwave
23,0.45,0.6180339887498949,0.4487989505128276,0.75,5.108608070790224,2.6269203188545354,3.014007765852682,3,2.154434690031884,0.3,[0.009455932848904693 0.0 0.0 0.0; 0.0 0.0023061762413116925 -0.0008931662634509691 -0.0010856648456258212; 0.0 -0.0008931662634509368 0.0020978900575621576 -0.0009284804744365202; 0.0 -0.0010856648456258166 -0.000928480474436511 0.0023109425223223398],[-0.009445906101410051 0.0 0.0 0.0; 0.0 -0.0023030001301018324 0.0008917987015390988 0.0010841993522712882; 0.0 0.0008917987015390999 -0.002094909033534028 0.0009271448686349153; 0.0 0.0010841993522713558 0.0009271448686349333 -0.00230775639633932],[6.13911358831895e-20 0.0 0.0 0.0; 0.0 0.002983707188487438 -0.0003837303209881101 -0.00020216803221187568; 0.0 -0.00038373032098808544 0.002743659309603923 1.7626476191857315e-5; 0.0 -0.000202168032211879 1.762647619185845e-5 0.00275227883437099],[-6.134717809975054e-20 0.0 0.0 0.0; 0.0 -0.002979617967344275 0.0003837684411531905 0.00020187839579914363; 0.0 0.00038376844115319903 -0.002739677540678644 -1.8002558797008765e-5; 0.0 0.00020187839579914425 -1.8002558797009432e-5 -0.0027480542770179977]
