L,J,Q,θ,μ,ϕx,ϕy,ϕz,ndims,T,Λ,χ_dwave,dχdlogT_dwave,χ_pwave,dχdlogT_pwave
23,0.4,0.6180339887498949,0.4487989505128276,0.75,1.573530448848193,4.436680002802441,0.6352908892784268,3,0.0027825594022071257,0.3,[0.6796301080003204 0.0 0.0 0.0; 0.0 0.13731866575232157 -0.047407241060425605 -0.0608961012239077; 0.0 -0.04740724106042563 0.135886145426635 -0.06264376741436939; 0.0 -0.060896101223907484 -0.06264376741436789 0.13388727049049873],[-0.16950335201908426 0.0 0.0 0.0; 0.0 -0.032725473317900856 0.010762410416030054 0.012528776687427405; 0.0 0.010762410416030065 -0.03320142021988019 0.01511468333148517; 0.0 0.012528776687427575 0.015114683331485383 -0.027889781236824177],[-9.584400670153299e-18 0.0 0.0 0.0; 0.0 0.19691630388429676 -0.042192806574223606 0.005126196425890319; 0.0 -0.0421928065742245 0.16332976844564848 0.01709411146023619; 0.0 0.0051261964258901725 0.01709411146023768 0.16401256621566207],[4.09828672045501e-18 0.0 0.0 0.0; 0.0 -0.04341741414138724 0.008218181958724997 0.0025297538109801516; 0.0 0.008218181958725113 -0.03512817877744854 -0.013876612425558913; 0.0 0.0025297538109802014 -0.01387661242555888 -0.03305807112441624]
