L,J,Q,θ,μ,ϕx,ϕy,ϕz,ndims,T,Λ,χ_dwave,dχdlogT_dwave,χ_pwave,dχdlogT_pwave
23,0.35,0.6180339887498949,0.4487989505128276,0.75,5.2759666248411525,5.216572709691631,2.2183578985492427,3,0.007742636826811269,0.3,[0.4967560237488062 0.0 0.0 0.0; 0.0 0.11696144992468174 -0.04118241498188332 -0.055087382765669116; 0.0 -0.04118241498188305 0.10713780654319864 -0.04981703705179192; 0.0 -0.05508738276566967 -0.04981703705179057 0.11786926336995647],[-0.12521414612709908 0.0 0.0 0.0; 0.0 -0.024438575421883497 0.007362306394250613 0.011239943002238089; 0.0 0.007362306394250599 -0.023354362592744718 0.011656154274334904; 0.0 0.011239943002238158 0.011656154274334559 -0.02422009716928379],[1.1275635023741587e-17 0.0 0.0 0.0; 0.0 0.15935689693879343 -0.030507709821925705 -0.02591837981341375; 0.0 -0.030507709821925914 0.1398654780270656 0.023320508722743077; 0.0 -0.02591837981341412 0.023320508722742897 0.13781497853447514],[-9.51669052571579e-18 0.0 0.0 0.0; 0.0 -0.03432681147909839 0.0073380798821879 0.008192883538177627; 0.0 0.007338079882187947 -0.028333274016480548 -0.007262832363091337; 0.0 0.008192883538177738 -0.007262832363091441 -0.026685234105549557]
