L,J,Q,θ,μ,ϕx,ϕy,ϕz,ndims,T,Λ,χ_dwave,dχdlogT_dwave,χ_pwave,dχdlogT_pwave
23,0.75,0.6180339887498949,0.4487989505128276,0.75,0.8300692797416884,5.067530529285624,5.9941159353493925,3,0.0027825594022071257,0.3,[0.6337852061858336 0.0 0.0 0.0; 0.0 0.06488241842201142 -0.02427330318941625 -0.026909202878579536; 0.0 -0.024273303189416298 0.051284805937542005 -0.01718375321922095; 0.0 -0.026909202878579848 -0.01718375321922117 0.05847646875760295],[-0.11270054399854051 0.0 0.0 0.0; 0.0 -0.00651557213629827 0.0018288625426400524 0.0027429793353296863; 0.0 0.0018288625426401105 -0.0034052393937146802 0.0005060022509666575; 0.0 0.0027429793353296516 0.0005060022509666885 -0.006683135194632258],[1.220831841697291e-17 0.0 0.0 0.0; 0.0 0.06156073017609018 -0.011857338757875232 0.0086247504073627; 0.0 -0.011857338757875126 0.05752677959624718 0.0033285076317699745; 0.0 0.008624750407362285 0.003328507631769935 0.058096276792701795],[-7.479231919767257e-18 0.0 0.0 0.0; 0.0 -0.0035666504918323446 0.0003947391182856501 -0.002876580013474172; 0.0 0.0003947391182856541 -0.00460791213139052 -0.000307870258970864; 0.0 -0.002876580013474286 -0.0003078702589708776 -0.0064665774379072385]
