L,J,Q,θ,μ,ϕx,ϕy,ϕz,ndims,T,Λ,χ_dwave,dχdlogT_dwave,χ_pwave,dχdlogT_pwave
23,0.05,0.6180339887498949,0.4487989505128276,0.75,5.2759666248411525,5.216572709691631,2.2183578985492427,3,0.01291549665014884,0.3,[0.459673311101017 0.0 0.0 0.0; 0.0 0.19542540073126347 -0.08689638492678649 -0.08833325799957219; 0.0 -0.08689638492678653 0.19616696879833462 -0.08802623588257223; 0.0 -0.08833325799957217 -0.0880262358825722 0.19871695814374346],[-0.14068786309614184 0.0 0.0 0.0; 0.0 -0.05696441436206308 0.025463337321135367 0.027128955195872426; 0.0 0.02546333732113536 -0.056298670611599225 0.02506811114233114; 0.0 0.027128955195872422 0.025068111142331144 -0.06083826682954347],[-1.2596215518601677e-18 0.0 0.0 0.0; 0.0 0.251964204087079 -0.01837681185995173 -0.021397953207312692; 0.0 -0.018376811859951728 0.2480659253347161 0.0009012400234778165; 0.0 -0.021397953207312692 0.0009012400234778105 0.2470116959010516],[8.716814747709717e-19 0.0 0.0 0.0; 0.0 -0.07612286522794674 0.015672957766736835 0.01750446628752503; 0.0 0.015672957766736835 -0.07510071742461738 -0.0032589780653180405; 0.0 0.017504466287525035 -0.0032589780653180392 -0.07149226400763375]
