L,J,Q,θ,μ,ϕx,ϕy,ϕz,ndims,T,Λ,χ_dwave,dχdlogT_dwave,χ_pwave,dχdlogT_pwave
23,0.25,0.6180339887498949,0.4487989505128276,0.75,4.108575757591687,4.541751602016311,2.0408036799157285,3,0.1,0.3,[0.17644168147186307 0.0 0.0 0.0; 0.0 0.05924797613710709 -0.023964309692284667 -0.028103500219426775; 0.0 -0.023964309692284688 0.05546693170837264 -0.02521030545338329; 0.0 -0.028103500219426775 -0.025210305453383403 0.05969117545175796],[-0.13039425720794742 0.0 0.0 0.0; 0.0 -0.04070491740072878 0.015936788248679147 0.01952924511640719; 0.0 0.015936788248679102 -0.03686667026656756 0.01627277690932583; 0.0 0.01952924511640712 0.016272776909325843 -0.04035161038269691],[-8.678994653263829e-20 0.0 0.0 0.0; 0.0 0.07785048605397668 -0.004132253870072183 -0.0030072475741536146; 0.0 -0.004132253870072153 0.07408966212598853 8.795422064102373e-5; 0.0 -0.0030072475741536194 8.79542206410179e-5 0.07359159251848393],[-6.30563550827163e-21 0.0 0.0 0.0; 0.0 -0.05370720224001286 0.00609952699832327 0.0032998573653681413; 0.0 0.0060995269983232505 -0.050793980052522794 -0.0014875183422972085; 0.0 0.0032998573653681544 -0.0014875183422972103 -0.050046301453890406]
