L,J,Q,θ,μ,ϕx,ϕy,ϕz,ndims,T,Λ,χ_dwave,dχdlogT_dwave,χ_pwave,dχdlogT_pwave
23,0.3,0.6180339887498949,0.4487989505128276,0.75,5.2759666248411525,5.216572709691631,2.2183578985492427,3,0.0027825594022071257,0.3,[0.6159495667511634 0.0 0.0 0.0; 0.0 0.15303446028538273 -0.05655429454049828 -0.07093004516151931; 0.0 -0.05655429454049807 0.15059743991682156 -0.07461913383709944; 0.0 -0.07093004516151888 -0.0746191338371 0.16586745526558383],[-0.10513693359783573 0.0 0.0 0.0; 0.0 -0.019143920785092458 0.009330972101183346 0.00569308310362765; 0.0 0.009330972101183346 -0.025534029322458053 0.015137683847236957; 0.0 0.00569308310362765 0.015137683847236991 -0.026369806324567112],[-3.355820756480588e-18 0.0 0.0 0.0; 0.0 0.2207562075712708 -0.027991623753505647 -0.04426430035212012; 0.0 -0.027991623753505335 0.1829369887685889 0.02648786898360777; 0.0 -0.04426430035212016 0.02648786898360809 0.1825869226403008],[3.3225003113153164e-18 0.0 0.0 0.0; 0.0 -0.038193401396737894 -0.005595025524084084 0.013996042259153019; 0.0 -0.005595025524084109 -0.020072069572663654 -0.00019599969254418227; 0.0 0.013996042259153033 -0.00019599969254417495 -0.024939605239673823]
