L,J,Q,θ,μ,ϕx,ϕy,ϕz,ndims,T,Λ,χ_dwave,dχdlogT_dwave,χ_pwave,dχdlogT_pwave
23,1.15,0.6180339887498949,0.4487989505128276,0.75,3.7152326662553454,5.721680001447781,0.41513891803668856,3,0.001,0.3,[0.6830863267930593 0.0 0.0 0.0; 0.0 0.02761925713716989 -0.009500293059146216 -0.01073115910184233; 0.0 -0.009500293059146197 0.015579918468154829 -0.0039064059428804985; 0.0 -0.01073115910184223 -0.003906405942880463 0.02408411605774437],[-0.12468479125856091 0.0 0.0 0.0; 0.0 -0.0003424369940459373 3.5457545359411326e-5 -0.0004773761015942828; 0.0 3.545754535941158e-5 -0.00013584463272646335 5.642722845877166e-5; 0.0 -0.00047737610159428486 5.64272284587713e-5 -0.0011259365116566876],[1.4520271005242022e-17 0.0 0.0 0.0; 0.0 0.016024567666449902 -0.004880758292403625 -0.0006713725776246749; 0.0 -0.004880758292403266 0.017307378591239694 0.002260710367080732; 0.0 -0.0006713725776246853 0.002260710367080758 0.017214091237240242],[-5.41409857796142e-18 0.0 0.0 0.0; 0.0 -0.0004317701763802288 0.00021403925914327147 9.609587062662497e-5; 0.0 0.00021403925914327188 -0.0002540165600395906 -0.00033583012903348346; 0.0 9.609587062662241e-5 -0.00033583012903347614 -0.0006209886512807267]
