L,J,Q,θ,μ,ϕx,ϕy,ϕz,ndims,T,Λ,χ_dwave,dχdlogT_dwave,χ_pwave,dχdlogT_pwave
23,0.75,0.6180339887498949,0.4487989505128276,0.75,5.2759666248411525,5.216572709691631,2.2183578985492427,3,0.021544346900318832,0.3,[0.3717667663064437 0.0 0.0 0.0; 0.0 0.04582264474417997 -0.016331029644552086 -0.019649561060518943; 0.0 -0.01633102964455152 0.03683830940262688 -0.014743105112078752; 0.0 -0.01964956106051916 -0.014743105112078315 0.04244752540252153],[-0.13947263201562027 0.0 0.0 0.0; 0.0 -0.011865735247744747 0.003904802381623099 0.004257295444471547; 0.0 0.003904802381623147 -0.00925983573128915 0.0038112242842517374; 0.0 0.0042572954444716725 0.0038112242842517977 -0.010847037018495731],[-1.6977419012857893e-18 0.0 0.0 0.0; 0.0 0.04683970804048332 -0.011659997717196523 0.00031421672949353386; 0.0 -0.011659997717197682 0.043210387320921334 0.003243094190746403; 0.0 0.00031421672949354107 0.0032430941907465047 0.04132877837529012],[-7.85573407302402e-20 0.0 0.0 0.0; 0.0 -0.012260940474158199 0.003015757577824936 -0.0014400825097537749; 0.0 0.0030157575778250617 -0.011344052077903698 -0.0011802527033900447; 0.0 -0.0014400825097537905 -0.0011802527033900622 -0.010641286850996787]
