L,J,Q,θ,μ,ϕx,ϕy,ϕz,ndims,T,Λ,χ_dwave,dχdlogT_dwave,χ_pwave,dχdlogT_pwave
23,0.25,0.6180339887498949,0.4487989505128276,0.75,4.108575757591687,4.541751602016311,2.0408036799157285,3,0.021544346900318832,0.3,[0.400830295391665 0.0 0.0 0.0; 0.0 0.12126707900431302 -0.047287106833165185 -0.05856986251542704; 0.0 -0.047287106833165046 0.1087326587182212 -0.04694724797623539; 0.0 -0.05856986251542701 -0.04694724797623549 0.1199637688396245],[-0.15088425184857457 0.0 0.0 0.0; 0.0 -0.03892114100709769 0.015229599519506693 0.018962815130971613; 0.0 0.015229599519506644 -0.033269714423438124 0.012346032085849059; 0.0 0.018962815130971592 0.012346032085849064 -0.03730203625049129],[-3.695894513296052e-18 0.0 0.0 0.0; 0.0 0.1609651805541862 -0.023589854661998734 -0.012401066281485176; 0.0 -0.023589854661998765 0.15459256311711478 0.008930494368264052; 0.0 -0.012401066281485218 0.008930494368264026 0.1510535449941402],[2.180976179432087e-18 0.0 0.0 0.0; 0.0 -0.054235763728100635 0.016683359823759698 0.009229041891606263; 0.0 0.01668335982375974 -0.05386944845742656 -0.009839777022452941; 0.0 0.009229041891606215 -0.009839777022452943 -0.05257887821085786]
