L,J,Q,θ,μ,ϕx,ϕy,ϕz,ndims,T,Λ,χ_dwave,dχdlogT_dwave,χ_pwave,dχdlogT_pwave
23,0.9,0.6180339887498949,0.4487989505128276,0.75,3.7152326662553454,5.721680001447781,0.41513891803668856,3,0.004641588833612777,0.3,[0.5913715237663206 0.0 0.0 0.0; 0.0 0.04492463339391363 -0.015936712665560328 -0.019770934748329055; 0.0 -0.015936712665560453 0.03268585608582147 -0.011161873636904284; 0.0 -0.019770934748329014 -0.011161873636903479 0.04266316731805723],[-0.1464356231157361 0.0 0.0 0.0; 0.0 -0.003969933091234904 0.0014302794746606825 0.0018951540994565543; 0.0 0.0014302794746606537 -0.0032004073423024517 0.000662905512855123; 0.0 0.0018951540994565212 0.0006629055128551916 -0.006142659137207316],[-4.177678956387796e-18 0.0 0.0 0.0; 0.0 0.03872707425941109 -0.009052410138656885 -0.00043322663402566095; 0.0 -0.009052410138656517 0.0357448447505639 0.003702191439999804; 0.0 -0.0004332266340256786 0.0037021914399998405 0.03239148368819627],[-1.0462260199292976e-18 0.0 0.0 0.0; 0.0 -0.004890044080023756 0.0010546211901167567 0.0007259401229956417; 0.0 0.0010546211901167465 -0.0031284474176594217 -0.001078911279887777; 0.0 0.0007259401229956822 -0.0010789112798876837 -0.0027113336378491422]
