L,J,Q,θ,μ,ϕx,ϕy,ϕz,ndims,T,Λ,χ_dwave,dχdlogT_dwave,χ_pwave,dχdlogT_pwave
23,0.45,0.6180339887498949,0.4487989505128276,0.75,3.7152326662553454,5.721680001447781,0.41513891803668856,3,0.0027825594022071257,0.3,[0.6928803654738626 0.0 0.0 0.0; 0.0 0.11674586998028953 -0.04627923573263641 -0.054382867510761775; 0.0 -0.04627923573263789 0.11986087641691773 -0.051312125528549274; 0.0 -0.05438286751076204 -0.05131212552854897 0.12688971734500176],[-0.1600952222656822 0.0 0.0 0.0; 0.0 -0.018746720128775624 0.009761893375905429 0.007175184515640025; 0.0 0.009761893375905613 -0.021260574220196397 0.00866595633333672; 0.0 0.007175184515640179 0.00866595633333654 -0.023408446438596946],[-8.350319075904462e-18 0.0 0.0 0.0; 0.0 0.17026156465102532 -0.046283973201326455 -0.017887935861685897; 0.0 -0.04628397320132613 0.15920942260271298 -0.006633039273995929; 0.0 -0.01788793586168659 -0.0066330392739958515 0.15453732199664375],[4.77064296897357e-18 0.0 0.0 0.0; 0.0 -0.02792089637706113 0.017197451752419934 0.007770778799275007; 0.0 0.017197451752419886 -0.03600080442428032 0.005525173517687741; 0.0 0.007770778799275109 0.0055251735176877915 -0.030242043477589443]
