L,J,Q,θ,μ,ϕx,ϕy,ϕz,ndims,T,Λ,χ_dwave,dχdlogT_dwave,χ_pwave,dχdlogT_pwave
23,0.95,0.6180339887498949,0.4487989505128276,0.75,0.8300692797416884,5.067530529285624,5.9941159353493925,3,0.0016681005372000592,0.3,[0.7408886533018434 0.0 0.0 0.0; 0.0 0.04033870869719162 -0.015068737741012143 -0.01748772445324231; 0.0 -0.015068737741011752 0.030432683611362508 -0.011381461868830186; 0.0 -0.017487724453242447 -0.011381461868830177 0.043669948744752045],[-0.15007214582188616 0.0 0.0 0.0; 0.0 -0.0006625682822204898 0.0004194415982925722 0.0005085605856402927; 0.0 0.00041944159829257797 -0.0013141002641369518 0.0010891309524154172; 0.0 0.0005085605856402968 0.0010891309524153471 -0.0055226238438305245],[-3.555745149242794e-18 0.0 0.0 0.0; 0.0 0.03456782698621093 -0.00947989799599153 0.0017733906190958773; 0.0 -0.00947989799599216 0.03194943042046651 0.0025623107070713524; 0.0 0.00177339061909569 0.0025623107070713858 0.03147794135495509],[5.940375652798094e-18 0.0 0.0 0.0; 0.0 -0.0021937716159972634 0.000860275912991795 -0.00036653309779276406; 0.0 0.0008602759129918142 -0.00110217826341025 -0.00011841376648569366; 0.0 -0.0003665330977927593 -0.00011841376648569342 -0.0018730849520950542]
