L,J,Q,θ,μ,ϕx,ϕy,ϕz,ndims,T,Λ,χ_dwave,dχdlogT_dwave,χ_pwave,dχdlogT_pwave
23,0.85,0.6180339887498949,0.4487989505128276,0.75,1.3595744307236286,1.6230091281990537,3.234476175330475,3,0.01291549665014884,0.3,[0.43450123615593256 0.0 0.0 0.0; 0.0 0.04277007288729773 -0.014965942597654958 -0.01865405727979188; 0.0 -0.014965942597655173 0.03214957805527604 -0.012012348791540848; 0.0 -0.018654057279791428 -0.012012348791541021 0.03917824721482825],[-0.13276897270956875 0.0 0.0 0.0; 0.0 -0.0068844748731253895 0.001983893371288026 0.003153230835368684; 0.0 0.001983893371287789 -0.00492164160892252 0.0016046722813782908; 0.0 0.0031532308353685663 0.0016046722813783478 -0.007100557934257937],[1.6814819548975559e-18 0.0 0.0 0.0; 0.0 0.037654264729140643 -0.00920303657502855 0.0004644106046964133; 0.0 -0.009203036575028325 0.03579643972679947 0.0026846474308562258; 0.0 0.0004644106046964252 0.0026846474308559816 0.033366215600000054],[1.0874286433297281e-18 0.0 0.0 0.0; 0.0 -0.005779130397389375 0.0013827251767738516 -0.0006560640883483754; 0.0 0.0013827251767738818 -0.005631005101454995 -0.0006485311151481416; 0.0 -0.0006560640883483548 -0.0006485311151481526 -0.00460361507567159]
