L,J,Q,θ,μ,ϕx,ϕy,ϕz,ndims,T,Λ,χ_dwave,dχdlogT_dwave,χ_pwave,dχdlogT_pwave
23,0.2,0.6180339887498949,0.4487989505128276,0.75,2.0229416505316715,5.371743502297404,0.6056970094929207,3,0.05994842503189409,0.3,[0.24550815841561105 0.0 0.0 0.0; 0.0 0.08687846064049694 -0.03632227078199512 -0.04043471881038863; 0.0 -0.03632227078199512 0.08340672116066442 -0.03744084633168826; 0.0 -0.04043471881038862 -0.03744084633168831 0.08746839411235613],[-0.14376527723874102 0.0 0.0 0.0; 0.0 -0.04647395385378164 0.017816697553303097 0.02281868527669607; 0.0 0.017816697553303108 -0.04300830862029383 0.019456955481374542; 0.0 0.022818685276696064 0.01945695548137457 -0.04738442372911415],[-1.7801360195311225e-18 0.0 0.0 0.0; 0.0 0.11340416670524107 -0.006126040226476935 -0.0039316539578785545; 0.0 -0.0061260402264769285 0.10911309438268493 -0.00179493099683453; 0.0 -0.003931653957878569 -0.0017949309968345406 0.11028800273739704],[9.653024409720802e-19 0.0 0.0 0.0; 0.0 -0.061378067364972866 0.004631599046581715 -0.0006585105819390742; 0.0 0.004631599046581733 -0.05688453187304841 0.006820872478864739; 0.0 -0.0006585105819390766 0.006820872478864728 -0.05519917040637522]
