L,J,Q,θ,μ,ϕx,ϕy,ϕz,ndims,T,Λ,χ_dwave,dχdlogT_dwave,χ_pwave,dχdlogT_pwave
23,1.05,0.6180339887498949,0.4487989505128276,0.75,1.7005541423631445,4.403849274532622,1.4969214751554831,3,0.007742636826811269,0.3,[0.4885249254904515 0.0 0.0 0.0; 0.0 0.03229547285191356 -0.0112485685941052 -0.013764073157478083; 0.0 -0.011248568594105508 0.020351377916918593 -0.006546195102907647; 0.0 -0.013764073157478053 -0.006546195102907611 0.027527704523906352],[-0.1374641416160936 0.0 0.0 0.0; 0.0 -0.002979551876258534 0.0010223147859405792 0.0010340979853012148; 0.0 0.0010223147859405506 -0.0017195527512025223 0.000341571114250237; 0.0 0.0010340979853012756 0.0003415711142502128 -0.002999315092964453],[-3.1522595352492714e-19 0.0 0.0 0.0; 0.0 0.020797799816143252 -0.005285708906131285 -0.0001764108067644059; 0.0 -0.0052857089061311 0.021227988773446383 0.001975926864601388; 0.0 -0.00017641080676439463 0.001975926864601355 0.020243166057826653],[-1.7609285411307723e-18 0.0 0.0 0.0; 0.0 -0.0014757396916645288 0.00042620036539815477 4.1580554295860945e-5; 0.0 0.0004262003653981422 -0.0013851780219346838 -0.0005360304358078741; 0.0 4.158055429585956e-5 -0.0005360304358078758 -0.0017333138671317395]
