L,J,Q,θ,μ,ϕx,ϕy,ϕz,ndims,T,Λ,χ_dwave,dχdlogT_dwave,χ_pwave,dχdlogT_pwave
23,0.3,0.6180339887498949,0.4487989505128276,0.75,5.108608070790224,2.6269203188545354,3.014007765852682,3,10.0,0.3,[0.002038252247727079 0.0 0.0 0.0; 0.0 0.0006353306687967721 -0.0002614312506218721 -0.00029410122120078713; 0.0 -0.00026143125062187076 0.0006127929010739489 -0.000275272824300109; 0.0 -0.00029410122120078534 -0.00027527282430011234 0.0006399242640452649],[-0.002038156107211726 0.0 0.0 0.0; 0.0 -0.0006352937283610771 0.0002614139301068302 0.00029408551498370013; 0.0 0.0002614139301068273 -0.0006127553435548199 0.0002752564301916669; 0.0 0.00029408551498369845 0.0002752564301916684 -0.0006398884878985911],[-7.071307112400424e-21 0.0 0.0 0.0; 0.0 0.0008471904210453999 -4.93741646477898e-5 -3.463098130559015e-5; 0.0 -4.937416464779187e-5 0.0007832094554749894 -3.179748435411596e-6; 0.0 -3.4630981305590265e-5 -3.1797484354117345e-6 0.0008019060769521328],[7.070371741326616e-21 0.0 0.0 0.0; 0.0 -0.0008471423428145544 4.938097352661675e-5 3.463181892080011e-5; 0.0 4.938097352661789e-5 -0.0007831640649654023 3.178424255138142e-6; 0.0 3.4631818920800476e-5 3.178424255137996e-6 -0.0008018570938294552]
