L,J,Q,θ,μ,ϕx,ϕy,ϕz,ndims,T,Λ,χ_dwave,dχdlogT_dwave,χ_pwave,dχdlogT_pwave
23,0.85,0.6180339887498949,0.4487989505128276,0.75,3.7152326662553454,5.721680001447781,0.41513891803668856,3,0.05994842503189409,0.3,[0.2280179168213899 0.0 0.0 0.0; 0.0 0.027469544902590726 -0.01013521853171628 -0.012141488818513613; 0.0 -0.010135218531716445 0.021900195572031836 -0.008495476355244091; 0.0 -0.01214148881851394 -0.008495476355245049 0.025513430099087245],[-0.13373413543041238 0.0 0.0 0.0; 0.0 -0.012501643200529567 0.004287318108463214 0.005482348099761466; 0.0 0.004287318108463236 -0.009008092707110988 0.0032827866321929727; 0.0 0.00548234809976127 0.003282786632192932 -0.011285448597038329],[-1.1886583667847337e-20 0.0 0.0 0.0; 0.0 0.02585279907806317 -0.0059616170215059435 -0.0008369816335924875; 0.0 -0.005961617021506289 0.02462624166753443 0.0018775495246012581; 0.0 -0.0008369816335924796 0.0018775495246012989 0.02301121421608017],[-1.135476975142626e-19 0.0 0.0 0.0; 0.0 -0.010772237730477743 0.0026735826780300244 -0.0003482942812291677; 0.0 0.0026735826780297993 -0.009868331280888865 -0.0007060672548839867; 0.0 -0.0003482942812291648 -0.0007060672548839656 -0.009152841417986099]
