L,J,Q,θ,μ,ϕx,ϕy,ϕz,ndims,T,Λ,χ_dwave,dχdlogT_dwave,χ_pwave,dχdlogT_pwave
23,1.05,0.6180339887498949,0.4487989505128276,0.75,2.0229416505316715,5.371743502297404,0.6056970094929207,3,0.03593813663804628,0.3,[0.2827677051185525 0.0 0.0 0.0; 0.0 0.024599999611084968 -0.00886128269599304 -0.010693608115881093; 0.0 -0.008861282695992588 0.0166604960548894 -0.00576537098946704; 0.0 -0.010693608115881539 -0.005765370989467126 0.021498228601423006],[-0.13119801425376423 0.0 0.0 0.0; 0.0 -0.007511001070721463 0.0025364442353906606 0.002931664932899816; 0.0 0.00253644423539074 -0.003659781554268521 0.0008862092448887913; 0.0 0.002931664932899663 0.0008862092448887805 -0.005469095682664903],[5.796517098928278e-19 0.0 0.0 0.0; 0.0 0.01753419413728822 -0.004506965971967731 -0.0006401698435293386; 0.0 -0.004506965971967678 0.01794272090737441 0.0011913199377501136; 0.0 -0.0006401698435293239 0.0011913199377500982 0.01645680304717978],[-1.9316662853662931e-19 0.0 0.0 0.0; 0.0 -0.0035154336915358764 0.000979944957128893 -0.00042415536488741874; 0.0 0.0009799449571289266 -0.0033548417960740547 -0.00031625879915884303; 0.0 -0.0004241553648873935 -0.0003162587991588184 -0.003421447117895449]
