L,J,Q,θ,μ,ϕx,ϕy,ϕz,ndims,T,Λ,χ_dwave,dχdlogT_dwave,χ_pwave,dχdlogT_pwave
23,0.9,0.6180339887498949,0.4487989505128276,0.75,1.3595744307236286,1.6230091281990537,3.234476175330475,3,0.05994842503189409,0.3,[0.22458871845535608 0.0 0.0 0.0; 0.0 0.025297723263392035 -0.009249889008335095 -0.011144784183899959; 0.0 -0.009249889008335108 0.019503481421294367 -0.007458067602196372; 0.0 -0.011144784183899217 -0.007458067602196331 0.023394043272885308],[-0.13249518198538837 0.0 0.0 0.0; 0.0 -0.011781823525911169 0.004007940334135462 0.005053375111045011; 0.0 0.0040079403341355254 -0.007955847696542137 0.0029025063967364375; 0.0 0.0050533751110448345 0.0029025063967362823 -0.010219594087882705],[-8.455329220650154e-19 0.0 0.0 0.0; 0.0 0.022404828220533784 -0.005485578822706298 -0.0007140573273838964; 0.0 -0.00548557882270577 0.02175947339657526 0.0015973305210132533; 0.0 -0.0007140573273839243 0.0015973305210132504 0.020275070891367677],[5.675673924170906e-20 0.0 0.0 0.0; 0.0 -0.008723212645787874 0.0022541501686652358 -0.0004179208578399648; 0.0 0.002254150168665278 -0.008163834477169434 -0.0005204994135194238; 0.0 -0.00041792085783996585 -0.0005204994135193957 -0.007870654969016715]
