L,J,Q,θ,μ,ϕx,ϕy,ϕz,ndims,T,Λ,χ_dwave,dχdlogT_dwave,χ_pwave,dχdlogT_pwave
23,0.1,0.6180339887498949,0.4487989505128276,0.75,2.0229416505316715,5.371743502297404,0.6056970094929207,3,0.0016681005372000592,0.3,[0.8105099491169648 0.0 0.0 0.0; 0.0 0.313146480993914 -0.12266951718393222 -0.15274937517612777; 0.0 -0.12266951718393221 0.2822895476429242 -0.12468367323024142; 0.0 -0.1527493751761277 -0.1246836732302414 0.3092369811068645],[-0.1401760824993807 0.0 0.0 0.0; 0.0 -0.061487187211251355 0.03249770595791883 0.02608765987307846; 0.0 0.032497705957918836 -0.038142112018054335 0.004241632332692134; 0.0 0.026087659873078442 0.004241632332692129 -0.0438953844150179],[-1.7278980918273861e-18 0.0 0.0 0.0; 0.0 0.3949907620122283 0.013272594964502674 -0.020853148192298443; 0.0 0.013272594964502655 0.3967440762555371 -0.03340360276361442; 0.0 -0.020853148192298453 -0.033403602763614405 0.3799185215478214],[3.2110662336677883e-18 0.0 0.0 0.0; 0.0 -0.05302562871437586 -0.015713261007526857 0.008951738146997764; 0.0 -0.01571326100752685 -0.06910377424314602 -0.006045468350677878; 0.0 0.008951738146997765 -0.006045468350677872 -0.06812441402812455]
