L,J,Q,θ,μ,ϕx,ϕy,ϕz,ndims,T,Λ,χ_dwave,dχdlogT_dwave,χ_pwave,dχdlogT_pwave
23,1.15,0.6180339887498949,0.4487989505128276,0.75,1.844230068945385,1.1274623114571236,4.291057478636419,3,0.0027825594022071257,0.3,[0.5539131787544243 0.0 0.0 0.0; 0.0 0.028170103433911298 -0.009332981715109996 -0.011052278917127293; 0.0 -0.009332981715109984 0.015153939984825466 -0.003965761717600913; 0.0 -0.011052278917128091 -0.003965761717600935 0.022368359357844942],[-0.10652050456207393 0.0 0.0 0.0; 0.0 -0.001672366715314325 0.0002400590977099095 3.119165370251069e-7; 0.0 0.00024005909770990648 -0.000136999514289329 -0.00010196164574664697; 0.0 3.119165370272173e-7 -0.00010196164574664651 -0.0009316172025506236],[9.958746879871681e-18 0.0 0.0 0.0; 0.0 0.015353872652338816 -0.0045116549068990154 -0.0006167662624180555; 0.0 -0.004511654906899141 0.01711988991900294 0.0017174901918575328; 0.0 -0.0006167662624180612 0.0017174901918575343 0.015450770623423402],[-9.247299391997528e-18 0.0 0.0 0.0; 0.0 -0.00029035355035793856 1.4163692715914076e-5 -6.681664182594523e-5; 0.0 1.416369271591405e-5 -0.0003223522635094864 -0.00014790139654067007; 0.0 -6.681664182594361e-5 -0.000147901396540672 -0.0003564804893982516]
