L,J,Q,θ,μ,ϕx,ϕy,ϕz,ndims,T,Λ,χ_dwave,dχdlogT_dwave,χ_pwave,dχdlogT_pwave
23,0.25,0.6180339887498949,0.4487989505128276,0.75,1.3595744307236286,1.6230091281990537,3.234476175330475,3,0.05994842503189409,0.3,[0.24400503222079412 0.0 0.0 0.0; 0.0 0.07829822579020343 -0.03203405549511563 -0.03694719279006053; 0.0 -0.03203405549511571 0.07396910494856088 -0.03281659733871586; 0.0 -0.036947192790060555 -0.032816597338715864 0.07883185273570502],[-0.1433987167530567 0.0 0.0 0.0; 0.0 -0.037802640674578766 0.014719904015528482 0.01787098107240711; 0.0 0.014719904015528454 -0.03705874846785494 0.017092241830050276; 0.0 0.017870981072407137 0.01709224183005025 -0.04028147312528229],[-4.5443461156345136e-21 0.0 0.0 0.0; 0.0 0.10435006847860559 -0.008142972400880844 -0.0057773516473847335; 0.0 -0.008142972400880816 0.09780480621359608 -0.0008767588284106427; 0.0 -0.0057773516473847335 -0.000876758828410625 0.09896070120273204],[1.2962292038316094e-19 0.0 0.0 0.0; 0.0 -0.05750787992980246 0.007555999769586957 0.004160779639218381; 0.0 0.007555999769587007 -0.05005072035608737 9.602322416851785e-5; 0.0 0.004160779639218391 9.602322416851905e-5 -0.050363277385946904]
