L,J,Q,θ,μ,ϕx,ϕy,ϕz,ndims,T,Λ,χ_dwave,dχdlogT_dwave,χ_pwave,dχdlogT_pwave
23,1.0,0.6180339887498949,0.4487989505128276,0.75,1.573530448848193,4.436680002802441,0.6352908892784268,3,0.001,0.3,[0.8435968266436061 0.0 0.0 0.0; 0.0 0.042187026224107846 -0.01657325874354648 -0.015142584937571984; 0.0 -0.016573258743546947 0.029395024509556687 -0.008383380687124343; 0.0 -0.015142584937571915 -0.008383380687124454 0.03540013039400569],[-0.16406750475928558 0.0 0.0 0.0; 0.0 -0.002217853711101229 0.0013055548075417422 -0.000773116936491102; 0.0 0.0013055548075417574 -0.002087880488230452 0.0005901850210172265; 0.0 -0.0007731169364910983 0.0005901850210172378 -0.0014369030986359525],[-1.4066076457970748e-17 0.0 0.0 0.0; 0.0 0.030301453276688813 -0.008240332438754262 -0.00043086909726893874; 0.0 -0.008240332438754399 0.028778326907771032 0.003078021868188252; 0.0 -0.00043086909726893364 0.0030780218681881856 0.029179357614908117],[1.1684544251400075e-19 0.0 0.0 0.0; 0.0 -0.0018302599272782762 0.0009134916151602395 0.0003724856547120247; 0.0 0.0009134916151602668 -0.0016391681887497702 -0.0005705145410471021; 0.0 0.0003724856547120085 -0.0005705145410471007 -0.0033090192737062762]
