L,J,Q,θ,μ,ϕx,ϕy,ϕz,ndims,T,Λ,χ_dwave,dχdlogT_dwave,χ_pwave,dχdlogT_pwave
23,0.6,0.6180339887498949,0.4487989505128276,0.75,2.35825522373343,3.5083950570734084,5.211373871453545,3,0.1,0.3,[0.1692863072325417 0.0 0.0 0.0; 0.0 0.030410882976522228 -0.011009090512143065 -0.014174175813646151; 0.0 -0.011009090512143467 0.026708801093318472 -0.011633133019327729; 0.0 -0.01417417581364622 -0.01163313301932836 0.03014971077880187],[-0.1213779352528864 0.0 0.0 0.0; 0.0 -0.01991298784268224 0.006937155604889045 0.009191795123092183; 0.0 0.006937155604889736 -0.016897938801591496 0.007026252900959807; 0.0 0.00919179512309243 0.007026252900959575 -0.01899096915562999],[-2.767974816331246e-20 0.0 0.0 0.0; 0.0 0.037022878851404595 -0.00725614153460545 -0.0018141487202975781; 0.0 -0.007256141534605304 0.03319214844310656 0.00124475570029872; 0.0 -0.0018141487202975206 0.0012447557002987757 0.03247287050067193],[-1.4438873604892537e-19 0.0 0.0 0.0; 0.0 -0.0230836700286787 0.005582057558312301 0.0005403264643077719; 0.0 0.005582057558312708 -0.02030794998268852 -0.0016768120492229336; 0.0 0.0005403264643077938 -0.0016768120492229917 -0.01982301653533593]
