L,J,Q,θ,μ,ϕx,ϕy,ϕz,ndims,T,Λ,χ_dwave,dχdlogT_dwave,χ_pwave,dχdlogT_pwave
23,1.0,0.6180339887498949,0.4487989505128276,0.75,3.7152326662553454,5.721680001447781,0.41513891803668856,3,0.021544346900318832,0.3,[0.36058810836715327 0.0 0.0 0.0; 0.0 0.030628825252926182 -0.011005400179216276 -0.01312944206610261; 0.0 -0.011005400179215983 0.02098661439424988 -0.007288823198113893; 0.0 -0.01312944206610241 -0.007288823198113564 0.02658710599201491],[-0.1414640392928692 0.0 0.0 0.0; 0.0 -0.006769364143984171 0.0023584363911372114 0.0025249910525777445; 0.0 0.002358436391137142 -0.0037156196087091923 0.0009300339024243328; 0.0 0.00252499105257765 0.0009300339024242912 -0.005223593900056577],[-1.492045940102883e-18 0.0 0.0 0.0; 0.0 0.022501606539554964 -0.005857090776750001 -0.00013126364745610146; 0.0 -0.005857090776750212 0.0224241135979291 0.0017163967700412489; 0.0 -0.00013126364745609067 0.001716396770041229 0.02075121900802689],[1.3121069241886314e-18 0.0 0.0 0.0; 0.0 -0.003797997371690435 0.0011493544335667034 -0.000620340523452281; 0.0 0.0011493544335666398 -0.0034804211406956284 -0.0004927164032000314; 0.0 -0.0006203405234522516 -0.0004927164032000909 -0.003556400131749843]
