L,J,Q,θ,μ,ϕx,ϕy,ϕz,ndims,T,Λ,χ_dwave,dχdlogT_dwave,χ_pwave,dχdlogT_pwave
23,0.6,0.6180339887498949,0.4487989505128276,0.75,1.7005541423631445,4.403849274532622,1.4969214751554831,3,0.0027825594022071257,0.3,[0.6347892626760342 0.0 0.0 0.0; 0.0 0.07770407778691343 -0.02680257469093701 -0.032821175003927845; 0.0 -0.026802574690936345 0.07930965396283929 -0.037483392248038316; 0.0 -0.03282117500392885 -0.03748339224803926 0.08270885499296099],[-0.11866660515799206 0.0 0.0 0.0; 0.0 -0.008524280883265881 0.0020921058748342956 0.0032840839070632046; 0.0 0.0020921058748341777 -0.01255520636339091 0.00852370791960363; 0.0 0.0032840839070631864 0.008523707919604056 -0.014194900815394419],[5.708334044716796e-18 0.0 0.0 0.0; 0.0 0.10305140028836082 -0.021387249255362988 -7.323401741200814e-5; 0.0 -0.021387249255362378 0.08407674431173255 0.00033240612530425063; 0.0 -7.32340174121098e-5 0.0003324061253043267 0.08170830814521682],[-4.552940426536442e-18 0.0 0.0 0.0; 0.0 -0.01673573929227029 0.00536922832958617 -0.005155797435822938; 0.0 0.005369228329586002 -0.011469573194044146 0.0020409427260845475; 0.0 -0.005155797435822963 0.002040942726084525 -0.010053289852760047]
