L,J,Q,θ,μ,ϕx,ϕy,ϕz,ndims,T,Λ,χ_dwave,dχdlogT_dwave,χ_pwave,dχdlogT_pwave
23,0.25,0.6180339887498949,0.4487989505128276,0.75,3.7152326662553454,5.721680001447781,0.41513891803668856,3,0.001,0.3,[0.8527575383790806 0.0 0.0 0.0; 0.0 0.20905299907401637 -0.08999059190097629 -0.10476430744208946; 0.0 -0.08999059190097629 0.23753773726987581 -0.10438628190695734; 0.0 -0.10476430744208953 -0.10438628190695746 0.2441248118712981],[-0.13245906071284802 0.0 0.0 0.0; 0.0 -0.025422335367533345 0.023431982601613856 0.006863134768850667; 0.0 0.023431982601613822 -0.04841446247185006 0.015384183042612399; 0.0 0.00686313476885067 0.015384183042612408 -0.031604338646134614],[-2.5327591690901527e-18 0.0 0.0 0.0; 0.0 0.3675457667136436 -0.03350730198465464 -0.016509244634731534; 0.0 -0.0335073019846545 0.3071548349169379 -0.025414982473157485; 0.0 -0.016509244634731524 -0.025414982473157516 0.3096860149566812],[-2.8218133407508597e-18 0.0 0.0 0.0; 0.0 -0.0659407134549676 0.017793361669710094 -0.022457989068900494; 0.0 0.017793361669710087 -0.04217348175677503 0.020935510526575035; 0.0 -0.0224579890689005 0.020935510526575028 -0.05646806014344077]
