L,J,Q,θ,μ,ϕx,ϕy,ϕz,ndims,T,Λ,χ_dwave,dχdlogT_dwave,χ_pwave,dχdlogT_pwave
23,0.65,0.6180339887498949,0.4487989505128276,0.75,1.443832753770895,3.6578363068123374,5.416836448526887,3,0.007742636826811269,0.3,[0.5193325410186732 0.0 0.0 0.0; 0.0 0.06668215666662314 -0.02282792616603778 -0.028762750619794865; 0.0 -0.0228279261660399 0.059857818952078895 -0.02483488279191111; 0.0 -0.028762750619795142 -0.024834882791910803 0.06392741294409275],[-0.14183384163601884 0.0 0.0 0.0; 0.0 -0.010254510704146423 0.003368051923296659 0.003690925657966362; 0.0 0.0033680519232967077 -0.012690863777286086 0.004979193982747491; 0.0 0.0036909256579663718 0.0049791939827475 -0.010705304101801129],[-1.0826751781279067e-18 0.0 0.0 0.0; 0.0 0.0815641557200287 -0.022131018630307354 -0.0028879041555456074; 0.0 -0.022131018630307687 0.07304444665824907 0.005218408765134549; 0.0 -0.0028879041555455666 0.005218408765134559 0.0697388941033889],[2.873024973249035e-18 0.0 0.0 0.0; 0.0 -0.01686754189244102 0.006050352722609077 0.0006799433883639583; 0.0 0.006050352722609099 -0.014762688713403645 5.190713081878417e-6; 0.0 0.0006799433883639697 5.190713081875626e-6 -0.013386434385257417]
