L,J,Q,θ,μ,ϕx,ϕy,ϕz,ndims,T,Λ,χ_dwave,dχdlogT_dwave,χ_pwave,dχdlogT_pwave
23,1.05,0.6180339887498949,0.4487989505128276,0.75,2.35825522373343,3.5083950570734084,5.211373871453545,3,0.0016681005372000592,0.3,[0.7012742788714927 0.0 0.0 0.0; 0.0 0.038770333873662126 -0.014023314547893864 -0.013749875030798548; 0.0 -0.014023314547894301 0.022681367665408212 -0.006445635124136774; 0.0 -0.013749875030797819 -0.0064456351241366314 0.02977016241534921],[-0.1494982220599407 0.0 0.0 0.0; 0.0 -0.0022777713313365585 0.0009580951738844096 -0.0002897429779206717; 0.0 0.0009580951738843959 -0.0011649864709967865 8.976015344108863e-5; 0.0 -0.00028974297792066947 8.976015344108751e-5 -0.0015291196322927828],[6.125618946482758e-18 0.0 0.0 0.0; 0.0 0.022279161306609542 -0.006369360190984085 0.0009610897778467675; 0.0 -0.0063693601909840655 0.022596336577799192 0.002035323580684977; 0.0 0.0009610897778467136 0.002035323580685032 0.02114401231760985],[1.8926128674251576e-18 0.0 0.0 0.0; 0.0 -0.0005877128316829471 0.0004893403121438251 -0.00023417769278152848; 0.0 0.0004893403121438056 -0.0007789642233345367 -0.00013789755413641088; 0.0 -0.00023417769278153363 -0.00013789755413641525 -0.0006879880237277346]
