L,J,Q,θ,μ,ϕx,ϕy,ϕz,ndims,T,Λ,χ_dwave,dχdlogT_dwave,χ_pwave,dχdlogT_pwave
23,0.25,0.6180339887498949,0.4487989505128276,0.75,1.7005541423631445,4.403849274532622,1.4969214751554831,3,0.007742636826811269,0.3,[0.48716733324650324 0.0 0.0 0.0; 0.0 0.1424233297812306 -0.055646769406978956 -0.06987482347608026; 0.0 -0.055646769406979074 0.13183276634051613 -0.05927585231156792; 0.0 -0.06987482347608036 -0.0592758523115679 0.1491304979059298],[-0.11330689250506426 0.0 0.0 0.0; 0.0 -0.03206135161477832 0.014075167424490862 0.014736263699451899; 0.0 0.014075167424490874 -0.02723129238353838 0.010876030120631498; 0.0 0.014736263699451878 0.010876030120631503 -0.03175841318167384],[8.404865265755442e-18 0.0 0.0 0.0; 0.0 0.18387702551822924 -0.005449692452334184 -0.014461544187875968; 0.0 -0.005449692452334172 0.17262547044801607 0.009661116774987726; 0.0 -0.014461544187875902 0.009661116774987693 0.1638309037221887],[-5.957031282667766e-18 0.0 0.0 0.0; 0.0 -0.03405811319394033 0.0015431797634895804 0.0037503812850658565; 0.0 0.0015431797634895797 -0.0356313509559228 -0.012460834791556403; 0.0 0.003750381285065864 -0.012460834791556415 -0.03293002576205461]
