L,J,Q,θ,μ,ϕx,ϕy,ϕz,ndims,T,Λ,χ_dwave,dχdlogT_dwave,χ_pwave,dχdlogT_pwave
23,1.25,0.6180339887498949,0.4487989505128276,0.75,2.35825522373343,3.5083950570734084,5.211373871453545,3,0.03593813663804628,0.3,[0.2521791640220255 0.0 0.0 0.0; 0.0 0.01742992673820841 -0.006381359068187239 -0.007971479978348472; 0.0 -0.006381359068187169 0.01061311473603408 -0.002822044117872896; 0.0 -0.007971479978348635 -0.0028220441178728834 0.015047771559899436],[-0.10145844514225359 0.0 0.0 0.0; 0.0 -0.004050436302595432 0.0012506757522146846 0.0015780403582148766; 0.0 0.0012506757522146993 -0.0014068234564845296 2.318258690351108e-5; 0.0 0.00157804035821487 2.318258690352699e-5 -0.0026559853441686593],[6.35176687541774e-20 0.0 0.0 0.0; 0.0 0.010075781226908352 -0.002925342177450551 -0.001192680693676378; 0.0 -0.0029253421774505938 0.01195452418130545 0.000805250222259358; 0.0 -0.0011926806936763492 0.0008052502222593781 0.010196120140869312],[-1.4148009651433104e-19 0.0 0.0 0.0; 0.0 -0.0010439019776920333 0.0006652908166401068 -8.784220031373747e-5; 0.0 0.0006652908166401201 -0.001425414592694297 -0.0003539229069215521; 0.0 -8.784220031373472e-5 -0.00035392290692156373 -0.0010153944021791834]
