L,J,Q,θ,μ,ϕx,ϕy,ϕz,ndims,T,Λ,χ_dwave,dχdlogT_dwave,χ_pwave,dχdlogT_pwave
23,0.75,0.6180339887498949,0.4487989505128276,0.75,1.443832753770895,3.6578363068123374,5.416836448526887,3,0.001,0.3,[0.7928756661060457 0.0 0.0 0.0; 0.0 0.0766596166934026 -0.023728640810243458 -0.030375363844608795; 0.0 -0.023728640810243087 0.055911115646584415 -0.021978959434757875; 0.0 -0.03037536384460812 -0.021978959434758184 0.06685984384843367],[-0.11838907025799933 0.0 0.0 0.0; 0.0 -0.007348151745516435 0.0026234765226212757 0.0008357836031057605; 0.0 0.0026234765226212453 -0.0026044145117475673 0.0006310945039826702; 0.0 0.0008357836031057727 0.0006310945039826561 -0.004695089787800581],[-2.875578862470314e-17 0.0 0.0 0.0; 0.0 0.07284858641313274 -0.018938445861775306 0.003547625226602866; 0.0 -0.018938445861775937 0.06148440360042136 0.002189582509538109; 0.0 0.003547625226602822 0.0021895825095380973 0.05881612565312159],[1.7500933621649803e-17 0.0 0.0 0.0; 0.0 -0.005811607921446444 0.0023197893824988955 -0.0005616965784369029; 0.0 0.00231978938249894 -0.0029301979488121793 0.001217890608946851; 0.0 -0.0005616965784369098 0.0012178906089468484 -0.0022608599122777256]
