L,J,Q,θ,μ,ϕx,ϕy,ϕz,ndims,T,Λ,χ_dwave,dχdlogT_dwave,χ_pwave,dχdlogT_pwave
23,0.2,0.6180339887498949,0.4487989505128276,0.75,6.043674416402162,2.160866292828208,3.5422051391873537,3,1.2915496650148839,0.3,[0.015903385302399892 0.0 0.0 0.0; 0.0 0.005970153867379867 -0.0025802377258741225 -0.0027494736047919428; 0.0 -0.002580237725874121 0.005769714051439764 -0.002577195423238743; 0.0 -0.002749473604791945 -0.0025771954232387444 0.005966139137791602],[-0.01586028873655772 0.0 0.0 0.0; 0.0 -0.005950671722470163 0.0025712586501082245 0.0027407701187723973; 0.0 0.0025712586501082262 -0.005750616494535872 0.0025686886250000894; 0.0 0.0027407701187723947 0.0025686886250000903 -0.005946999411482907],[1.4016668028565625e-19 0.0 0.0 0.0; 0.0 0.007630967646665518 -7.851274518132485e-5 -0.00013236421461610925; 0.0 -7.851274518132533e-5 0.007430722419391206 -1.6586153975789113e-5; 0.0 -0.0001323642146161092 -1.6586153975788683e-5 0.007547194218394665],[-1.3966603085271396e-19 0.0 0.0 0.0; 0.0 -0.00760890334745002 7.96136139368327e-5 0.000132770763334021; 0.0 7.961361393683266e-5 -0.007408026097039353 1.668701008440168e-5; 0.0 0.00013277076333402077 1.6687010084401865e-5 -0.007524052306873948]
