L,J,Q,θ,μ,ϕx,ϕy,ϕz,ndims,T,Λ,χ_dwave,dχdlogT_dwave,χ_pwave,dχdlogT_pwave
23,0.4,0.6180339887498949,0.4487989505128276,0.75,2.8380654966669954,6.1705277852219576,4.090319044464264,3,1.2915496650148839,0.3,[0.015996579596490694 0.0 0.0 0.0; 0.0 0.0042237001672352815 -0.0016663333939646629 -0.0020004261855862205; 0.0 -0.001666333393964613 0.003934044538832886 -0.0017506121822074196; 0.0 -0.002000426185586309 -0.001750612182207372 0.004293245167501002],[-0.01594898232263173 0.0 0.0 0.0; 0.0 -0.004207552889530091 0.0016591520635929188 0.0019930145945531; 0.0 0.0016591520635929296 -0.003918390453126205 0.0017436736879397803; 0.0 0.001993014594553087 0.0017436736879397525 -0.004276806434983497],[-4.3723829424442497e-20 0.0 0.0 0.0; 0.0 0.005654193143316843 -0.00045211617177854074 -0.0002827566377187289; 0.0 -0.0004521161717785329 0.005189140315033864 0.00011428888777905094; 0.0 -0.0002827566377187306 0.00011428888777905043 0.00527375799661814],[4.286199677590161e-20 0.0 0.0 0.0; 0.0 -0.005632167523503995 0.000453603449354011 0.00028345189462119765; 0.0 0.0004536034493539941 -0.005167724923340474 -0.00011383571446386209; 0.0 0.0002834518946212083 -0.00011383571446386674 -0.005251256788428455]
