L,J,Q,θ,ϕx,ϕy,ϕz,ndims,T,χ,dχdlogT,Λ
105,0.0,0.6180339887498949,0.4487989505128276,1.5210434107278794,3.9563890720323642,6.0983595518281986,2,0.41753189365604015,[0.35157982088213086 0.0 0.0; 0.0 0.16879451574591617 -0.07315111049237068; 0.0 -0.07315111049237068 0.16879451574591703],[-0.1918318533771892 0.0 0.0; 0.0 -0.09618844812364391 0.08659685701257112; 0.0 0.08659685701257114 -0.09618844812364377],0.3
