L,J,Q,θ,ϕx,ϕy,ϕz,ndims,T,χ,dχdlogT,Λ
35,0.7,0.6180339887498949,0.4487989505128276,3.513349717272984,3.2880996713141353,1.5021595907878156,2,0.11721022975334802,[0.6157481904150729 0.0 0.0; 0.0 0.20869585724249137 -0.11589723344689318; 0.0 -0.11589723344689315 0.20869579878129396],[-0.25359338535024456 0.0 0.0; 0.0 -0.057149707799217894 0.055796624922017445; 0.0 0.05579662492201663 -0.05714998223445948],0.3
