L,J,Q,θ,ϕx,ϕy,ϕz,ndims,T,χ,dχdlogT,Λ
35,4.0,0.6180339887498949,0.4487989505128276,4.4856804235524095,0.15556230263093182,1.1876192115999296,2,0.16102620275609392,[0.3591491847516046 0.0 0.0; 0.0 0.07068273413907762 -0.02738764122667042; 0.0 -0.027387641226672095 0.07068273345999207],[-0.1495573565997335 0.0 0.0; 0.0 -0.017330231427042955 0.017651280389220217; 0.0 0.017651280389220012 -0.017330216430350976],0.3
