L,J,Q,θ,ϕx,ϕy,ϕz,ndims,T,χ,dχdlogT,Λ
35,0.2,0.6180339887498949,0.4487989505128276,3.0048181451015403,4.380029621224478,2.1177972164540426,2,5.298316906283709,[0.04663641640412618 0.0 0.0; 0.0 0.023247910675081862 -0.0002685272708581603; 0.0 -0.00026852727085816105 0.023247910675082],[-0.045573324416287385 0.0 0.0; 0.0 -0.02258329137991062 0.0007833603997629116; 0.0 0.0007833603997629135 -0.022583291379910803],0.3
