L,J,Q,θ,ϕx,ϕy,ϕz,ndims,T,χ,dχdlogT,Λ
35,2.0,0.6180339887498949,0.4487989505128276,4.4856804235524095,0.15556230263093182,1.1876192115999296,2,0.009236708571873866,[1.3763190703080752 0.0 0.0; 0.0 0.18295415237593282 -0.11780422316097443; 0.0 -0.11780422316097419 0.18295482688671066],[-0.2646949730996574 0.0 0.0; 0.0 0.0024202998209920446 -0.002328090263470473; 0.0 -0.002328090263470424 0.002415211704688664],0.3
