L,J,Q,θ,ϕx,ϕy,ϕz,ndims,T,χ,dχdlogT,Λ
35,0.2,0.6180339887498949,0.4487989505128276,5.892596583869425,4.473781307758901,3.078863032071292,2,3.856620421163471,[0.06343914707743273 0.0 0.0; 0.0 0.03154559341208051 -0.000671652035694106; 0.0 -0.0006716520356941111 0.03154559341208062],[-0.06082445064664809 0.0 0.0; 0.0 -0.029924127005102354 0.0019140605478796923; 0.0 0.0019140605478796906 -0.02992412700510252],0.3
