L,J,Q,θ,ϕx,ϕy,ϕz,ndims,T,χ,dχdlogT,Λ
35,0.2,0.6180339887498949,0.4487989505128276,1.4116899258837299,5.053394726632703,2.0050810310857687,2,0.41753189365604015,[0.3503239352994827 0.0 0.0; 0.0 0.16585349970790716 -0.07090706728386441; 0.0 -0.07090706728386442 0.16585349970784735],[-0.19083199375994198 0.0 0.0; 0.0 -0.09107404478368625 0.0817033421799526; 0.0 0.08170334217995254 -0.09107404478245759],0.3
