L,J,Q,θ,ϕx,ϕy,ϕz,ndims,T,χ,dχdlogT,Λ
35,0.2,0.6180339887498949,0.4487989505128276,1.4116899258837299,5.053394726632703,2.0050810310857687,2,0.0013738237958832624,[1.7173330989471358 0.0 0.0; 0.0 0.9950375917215655 -0.8941145803021819; 0.0 -0.8941145803021819 0.9949626681272876],[-0.10037785680483019 0.0 0.0; 0.0 -0.0839479738346786 0.08389451044225556; 0.0 0.08389451044225557 -0.08386154564558539],0.3
