L,J,Q,θ,ϕx,ϕy,ϕz,ndims,T,χ,dχdlogT,Λ
35,0.7,0.6180339887498949,0.4487989505128276,4.4856804235524095,0.15556230263093182,1.1876192115999296,2,0.003562247890262444,[1.7490735112668492 0.0 0.0; 0.0 0.5652239066566199 -0.47123317006958026; 0.0 -0.4712331700695811 0.5656932193725763],[-0.34645114023071016 0.0 0.0; 0.0 -0.09939398930736147 0.09960121550984892; 0.0 0.09960121550984967 -0.10054652379655708],0.3
