L,J,Q,θ,ϕx,ϕy,ϕz,ndims,T,χ,dχdlogT,Λ
35,0.7,0.6180339887498949,0.4487989505128276,3.0048181451015403,4.380029621224478,2.1177972164540426,2,0.001,[2.221363328028645 0.0 0.0; 0.0 0.8270816235434619 -0.7329899369677205; 0.0 -0.7329899369677043 0.826786822255856],[-0.307722436805909 0.0 0.0; 0.0 -0.14389715881524626 0.14369389511046105; 0.0 0.14369389511046116 -0.14356814334440215],0.3
