L,J,Q,θ,ϕx,ϕy,ϕz,ndims,T,χ,dχdlogT,Λ
35,0.7,0.6180339887498949,0.4487989505128276,1.2504161396869897,5.645123521569712,2.4183142850855144,2,0.002592943797404667,[2.2030052972364955 0.0 0.0; 0.0 0.7206709969546022 -0.6269613719492888; 0.0 -0.626961371949274 0.7211123416047656],[-0.715910545343459 0.0 0.0; 0.0 -0.30279459008324205 0.30309408272300814; 0.0 0.30309408272300975 -0.3037262816649944],0.3
