L,J,Q,θ,ϕx,ϕy,ϕz,ndims,T,χ,dχdlogT,Λ
35,2.0,0.6180339887498949,0.4487989505128276,4.4856804235524095,0.15556230263093182,1.1876192115999296,2,0.30391953823131973,[0.342790790112276 0.0 0.0; 0.0 0.09414866314698982 -0.029069252845898164; 0.0 -0.029069252845894598 0.09414866314699138],[-0.18132932079969613 0.0 0.0; 0.0 -0.02648201843975654 0.02519877596396714; 0.0 0.02519877596396591 -0.02648201843975823],0.3
