L,J,Q,θ,ϕx,ϕy,ϕz,ndims,T,χ,dχdlogT,Λ
35,0.7,0.6180339887498949,0.4487989505128276,1.4116899258837299,5.053394726632703,2.0050810310857687,2,0.7880462815669912,[0.23321154029148028 0.0 0.0; 0.0 0.10536961361463434 -0.0250054306166664; 0.0 -0.0250054306166671 0.1053696136146284],[-0.14984772924935486 0.0 0.0; 0.0 -0.05660273748136671 0.03733748756902189; 0.0 0.0373374875690209 -0.05660273748136602],0.3
