L,J,Q,θ,ϕx,ϕy,ϕz,ndims,T,χ,dχdlogT,Λ
35,2.0,0.6180339887498949,0.4487989505128276,1.0454909781567567,4.482031561846126,3.375987140158155,2,0.06210169418915616,[0.7880394239775933 0.0 0.0; 0.0 0.15680537964285335 -0.0911067471222005; 0.0 -0.09110674712219768 0.1568053797859681],[-0.35008277924357023 0.0 0.0; 0.0 -0.03810180697524504 0.03857288204796048; 0.0 0.03857288204795705 -0.038101807289886824],0.3
