L,J,Q,θ,ϕx,ϕy,ϕz,ndims,T,χ,dχdlogT,Λ
35,0.2,0.6180339887498949,0.4487989505128276,4.221134065067484,1.3281025858483964,6.232062756230816,2,1.4873521072935114,[0.14951267857034692 0.0 0.0; 0.0 0.07284544853167314 -0.008215652713172846; 0.0 -0.008215652713172853 0.07284544853167362],[-0.12191496478360563 0.0 0.0; 0.0 -0.05697148498222472 0.018925865835746833; 0.0 0.018925865835746836 -0.05697148498222506],0.3
