L,J,Q,θ,ϕx,ϕy,ϕz,ndims,T,χ,dχdlogT,Λ
35,0.7,0.6180339887498949,0.4487989505128276,4.221134065067484,1.3281025858483964,6.232062756230816,2,0.16102620275609392,[0.5376517267487834 0.0 0.0; 0.0 0.19134302055717037 -0.09908512786060739; 0.0 -0.09908512786060886 0.19134301768484163],[-0.23770558740376765 0.0 0.0; 0.0 -0.05270125471052858 0.05060624002969059; 0.0 0.050606240029690296 -0.05270123552697507],0.3
