L,J,Q,θ,ϕx,ϕy,ϕz,ndims,T,χ,dχdlogT,Λ
35,4.0,0.6180339887498949,0.4487989505128276,1.4116899258837299,5.053394726632703,2.0050810310857687,2,0.16102620275609392,[0.3591588932762431 0.0 0.0; 0.0 0.070682768844957 -0.027387510503337986; 0.0 -0.02738751050333708 0.07068283178273639],[-0.1496105844422897 0.0 0.0; 0.0 -0.01732985592682206 0.017650368363415662; 0.0 0.01765036836341588 -0.017330577738496007],0.3
