L,J,Q,θ,ϕx,ϕy,ϕz,ndims,T,χ,dχdlogT,Λ
35,0.7,0.6180339887498949,0.4487989505128276,1.2504161396869897,5.645123521569712,2.4183142850855144,2,0.0018873918221350976,[2.4474196024052572 0.0 0.0; 0.0 0.8259104598934632 -0.732345546922533; 0.0 -0.7323455469225192 0.8267386180260526],[-0.8288987892212443 0.0 0.0; 0.0 -0.36121888556300574 0.3618503666221621; 0.0 0.36185036662216286 -0.36276113235130947],0.3
