L,J,Q,θ,ϕx,ϕy,ϕz,ndims,T,χ,dχdlogT,Λ
35,0.0,0.6180339887498949,0.4487989505128276,4.4856804235524095,0.15556230263093182,1.1876192115999296,2,1.4873521072935114,[0.14967827134539652 0.0 0.0; 0.0 0.07306298474329274 -0.008263896711458435; 0.0 -0.008263896711458432 0.07306298474329263],[-0.12229839114772965 0.0 0.0; 0.0 -0.05749930311589547 0.01911598348620853; 0.0 0.01911598348620853 -0.05749930311589544],0.3
