L,J,Q,θ,ϕx,ϕy,ϕz,ndims,T,χ,dχdlogT,Λ
35,4.0,0.6180339887498949,0.4487989505128276,3.513349717272984,3.2880996713141353,1.5021595907878156,2,1.4873521072935114,[0.11788281187373682 0.0 0.0; 0.0 0.040911574315462405 -0.002584838297895453; 0.0 -0.002584838297895838 0.04091157431546137],[-0.07224176007443274 0.0 0.0; 0.0 -0.011906373855045251 0.0035566061615569253; 0.0 0.003556606161557001 -0.011906373855045956],0.3
