L,J,Q,θ,ϕx,ϕy,ϕz,ndims,T,χ,dχdlogT,Λ
35,0.7,0.6180339887498949,0.4487989505128276,4.221134065067484,1.3281025858483964,6.232062756230816,2,0.03290344562312668,[0.9678239172583626 0.0 0.0; 0.0 0.30435752706941016 -0.21075803224442197; 0.0 -0.2107580322444237 0.30435992599354006],[-0.2998331314334231 0.0 0.0; 0.0 -0.0967017734659135 0.09642402042799239; 0.0 0.09642402042799192 -0.09669529847752478],0.3
