L,J,Q,θ,ϕx,ϕy,ϕz,ndims,T,χ,dχdlogT,Λ
35,0.0,0.6180339887498949,0.4487989505128276,4.4856804235524095,0.15556230263093182,1.1876192115999296,2,0.41753189365604015,[0.3515798208712504 0.0 0.0; 0.0 0.1687945157465814 -0.07315111049069561; 0.0 -0.07315111049069563 0.1687945157465814],[-0.1918318531339432 0.0 0.0; 0.0 -0.09618844813586137 0.08659685697715262; 0.0 0.08659685697715264 -0.09618844813586147],0.3
