L,J,Q,θ,ϕx,ϕy,ϕz,ndims,T,χ,dχdlogT,Λ
35,1.0,0.6180339887498949,0.4487989505128276,1.4116899258837299,5.053394726632703,2.0050810310857687,2,0.001,[2.165330723624215 0.0 0.0; 0.0 0.5471220992053635 -0.45937025462875436; 0.0 -0.4593702546287702 0.5472173156727148],[-0.1972198142005735 0.0 0.0; 0.0 -0.08218496931656949 0.08142765297383969; 0.0 0.08142765297384134 -0.08068132554315136],0.3
