L,J,Q,θ,ϕx,ϕy,ϕz,ndims,T,χ,dχdlogT,Λ
35,2.0,0.6180339887498949,0.4487989505128276,1.0454909781567567,4.482031561846126,3.375987140158155,2,0.7880462815669912,[0.2052618483424657 0.0 0.0; 0.0 0.07370611244778127 -0.012331960851391738; 0.0 -0.012331960851391368 0.07370611244778089],[-0.11812891773993575 0.0 0.0; 0.0 -0.02116764551760073 0.01303088723144628; 0.0 0.013030887231446346 -0.021167645517603535],0.3
