L,J,Q,θ,ϕx,ϕy,ϕz,ndims,T,χ,dχdlogT,Λ
35,4.0,0.6180339887498949,0.4487989505128276,1.2158454541315018,1.8444101276462754,1.6408165037051194,2,0.41753189365604015,[0.23229728047535583 0.0 0.0; 0.0 0.05541915694775997 -0.012084590982525296; 0.0 -0.012084590982525423 0.05541915732788184],[-0.11321904709441132 0.0 0.0; 0.0 -0.01363901639512136 0.012958307288056822; 0.0 0.012958307288057734 -0.013639019044570282],0.3
