L,J,Q,θ,ϕx,ϕy,ϕz,ndims,T,χ,dχdlogT,Λ
35,0.7,0.6180339887498949,0.4487989505128276,3.513349717272984,3.2880996713141353,1.5021595907878156,2,0.02395026619987486,[1.0710173932617508 0.0 0.0; 0.0 0.33694866474205015 -0.24332591406414872; 0.0 -0.24332591406415094 0.337009868037986],[-0.3208768282237234 0.0 0.0; 0.0 -0.10795882171494786 0.10777361519586634; 0.0 0.10777361519586702 -0.10800755310719239],0.3
