L,J,Q,θ,ϕx,ϕy,ϕz,ndims,T,χ,dχdlogT,Λ
35,1.0,0.6180339887498949,0.4487989505128276,1.0454909781567567,4.482031561846126,3.375987140158155,2,0.0013738237958832624,[2.1112184271845456 0.0 0.0; 0.0 0.5270251317766955 -0.441911659587795; 0.0 -0.4419116595878022 0.5325659379487143],[-0.1758891606787402 0.0 0.0; 0.0 -0.061108954897476 0.06291445670821927; 0.0 0.0629144567082185 -0.06490962100842722],0.3
