L,J,Q,θ,ϕx,ϕy,ϕz,ndims,T,χ,dχdlogT,Λ
35,0.2,0.6180339887498949,0.4487989505128276,3.0048181451015403,4.380029621224478,2.1177972164540426,2,0.7880462815669912,[0.23920008784727434 0.0 0.0; 0.0 0.11409225272945246 -0.02917529663864865; 0.0 -0.029175296638648672 0.11409225272945467],[-0.15894413163541382 0.0 0.0; 0.0 -0.0727056481319854 0.04896337815361049; 0.0 0.04896337815361049 -0.07270564813198796],0.3
