L,J,Q,θ,ϕx,ϕy,ϕz,ndims,T,χ,dχdlogT,Λ
35,0.2,0.6180339887498949,0.4487989505128276,4.4856804235524095,0.15556230263093182,1.1876192115999296,2,0.5736152510448679,[0.29224117363239693 0.0 0.0; 0.0 0.13851175932656587 -0.04742912052909239; 0.0 -0.0474291205290924 0.13851175932656584],[-0.17496439713307813 0.0 0.0; 0.0 -0.08127948849705487 0.06589249592669985; 0.0 0.06589249592669984 -0.08127948849705476],0.3
