L,J,Q,θ,ϕx,ϕy,ϕz,ndims,T,χ,dχdlogT,Λ
35,0.0,0.6180339887498949,0.4487989505128276,1.4116899258837299,5.053394726632703,2.0050810310857687,2,0.0853167852417281,[0.7185160157411725 0.0 0.0; 0.0 0.3786181743249024 -0.2776453126018859; 0.0 -0.2776453126018859 0.37861817432489336],[-0.26738345221656007 0.0 0.0; 0.0 -0.16992841292365807 0.16926958503114348; 0.0 0.1692695850311435 -0.16992841292375044],0.3
