L,J,Q,θ,ϕx,ϕy,ϕz,ndims,T,χ,dχdlogT,Λ
35,1.0,0.6180339887498949,0.4487989505128276,1.0454909781567567,4.482031561846126,3.375987140158155,2,7.27895384398315,[0.0340805020097497 0.0 0.0; 0.0 0.016974462484172604 -0.00010485029584303529; 0.0 -0.00010485029584334697 0.016974462484173704],[-0.033560104124236136 0.0 0.0; 0.0 -0.016586293002588685 0.00030835017783892554; 0.0 0.00030835017783877093 -0.016586293002589503],0.3
