L,J,Q,θ,ϕx,ϕy,ϕz,ndims,T,χ,dχdlogT,Λ
35,1.0,0.6180339887498949,0.4487989505128276,5.892596583869425,4.473781307758901,3.078863032071292,2,0.009236708571873866,[1.4800749357031102 0.0 0.0; 0.0 0.33834940021715726 -0.2507885097216168; 0.0 -0.2507885097216109 0.3385395874229984],[-0.404182222486242 0.0 0.0; 0.0 -0.09597128385355452 0.0957830913212736; 0.0 0.09578309132127517 -0.09587632794091885],0.3
