L,J,Q,θ,ϕx,ϕy,ϕz,ndims,T,χ,dχdlogT,Λ
35,0.2,0.6180339887498949,0.4487989505128276,1.2158454541315018,1.8444101276462754,1.6408165037051194,2,0.41753189365604015,[0.35032393530506517 0.0 0.0; 0.0 0.1658534997075401 -0.07090706728470969; 0.0 -0.07090706728470966 0.16585349970745605],[-0.19083199388430705 0.0 0.0; 0.0 -0.09107404477684237 0.08170334219761242; 0.0 0.08170334219761245 -0.09107404477487084],0.3
