L,J,Q,θ,ϕx,ϕy,ϕz,ndims,T,χ,dχdlogT,Λ
35,2.0,0.6180339887498949,0.4487989505128276,5.892596583869425,4.473781307758901,3.078863032071292,2,5.298316906283709,[0.04612058161982447 0.0 0.0; 0.0 0.02260761588625382 -0.0002541790817472308; 0.0 -0.0002541790817470221 0.02260761588625221],[-0.044098353055311595 0.0 0.0; 0.0 -0.020762864847456854 0.0007149033926966967; 0.0 0.0007149033926964654 -0.02076286484745645],0.3
