L,J,Q,θ,ϕx,ϕy,ϕz,ndims,T,χ,dχdlogT,Λ
35,0.2,0.6180339887498949,0.4487989505128276,3.513349717272984,3.2880996713141353,1.5021595907878156,2,0.16102620275609392,[0.5551948640614859 0.0 0.0; 0.0 0.2675195395352553 -0.16803690699746732; 0.0 -0.16803690699746734 0.2675195013694563],[-0.23910299846462155 0.0 0.0; 0.0 -0.12200522230115031 0.12006049761560969; 0.0 0.12006049761560976 -0.12200489594805279],0.3
