L,J,Q,θ,ϕx,ϕy,ϕz,ndims,T,χ,dχdlogT,Λ
35,0.7,0.6180339887498949,0.4487989505128276,1.4116899258837299,5.053394726632703,2.0050810310857687,2,0.004893900918477494,[1.6285659996528647 0.0 0.0; 0.0 0.5446577002385043 -0.4511364007244846; 0.0 -0.4511364007244919 0.5455029855017003],[-0.3647090785321957 0.0 0.0; 0.0 -0.14499969904363935 0.14505168369821467; 0.0 0.14505168369821583 -0.14545334568298263],0.3
