L,J,Q,θ,ϕx,ϕy,ϕz,ndims,T,χ,dχdlogT,Λ
35,0.0,0.6180339887498949,0.4487989505128276,4.221134065067484,1.3281025858483964,6.232062756230816,2,0.06210169418915616,[0.8011919849948319 0.0 0.0; 0.0 0.43419740574281973 -0.33304427811803455; 0.0 -0.33304427811803455 0.4341974057429786],[-0.2608939698555346 0.0 0.0; 0.0 -0.18085638809054225 0.18043245088635704; 0.0 0.18043245088635704 -0.18085638805666934],0.3
