L,J,Q,θ,ϕx,ϕy,ϕz,ndims,T,χ,dχdlogT,Λ
35,2.0,0.6180339887498949,0.4487989505128276,1.4116899258837299,5.053394726632703,2.0050810310857687,2,0.03290344562312668,[1.0053167445294593 0.0 0.0; 0.0 0.17526638671490882 -0.10987179815986475; 0.0 -0.10987179815986502 0.17526641079078736],[-0.3276397310306105 0.0 0.0; 0.0 -0.01982595840295945 0.020206281324876205; 0.0 0.020206281324876486 -0.019826121136833068],0.3
