L,J,Q,θ,ϕx,ϕy,ϕz,ndims,T,χ,dχdlogT,Λ
35,0.0,0.6180339887498949,0.4487989505128276,1.0454909781567567,4.482031561846126,3.375987140158155,2,7.27895384398315,[0.03413311056436828 0.0 0.0; 0.0 0.01704033976337403 -0.00010564936832468572; 0.0 -0.00010564936832468511 0.01704033976337406],[-0.0337151817904762 0.0 0.0; 0.0 -0.016780491395426825 0.0003122794055674286; 0.0 0.0003122794055674299 -0.016780491395426856],0.3
