L,J,Q,θ,ϕx,ϕy,ϕz,ndims,T,χ,dχdlogT,Λ
35,0.7,0.6180339887498949,0.4487989505128276,1.2504161396869897,5.645123521569712,2.4183142850855144,2,0.11721022975334802,[0.615805812713384 0.0 0.0; 0.0 0.20869764043585995 -0.11590082199589954; 0.0 -0.1159008219958999 0.2086976297300241],[-0.25401040591376445 0.0 0.0; 0.0 -0.057166978562011216 0.05582382245431912; 0.0 0.055823822454318585 -0.05716702926112587],0.3
