L,J,Q,θ,ϕx,ϕy,ϕz,ndims,T,χ,dχdlogT,Λ
35,2.0,0.6180339887498949,0.4487989505128276,3.513349717272984,3.2880996713141353,1.5021595907878156,2,0.03290344562312668,[1.0053167411829225 0.0 0.0; 0.0 0.1752663929891432 -0.10987179944587384; 0.0 -0.10987179944586734 0.1752664075776579],[-0.3276397051993013 0.0 0.0; 0.0 -0.019826002075760924 0.020206290020094185; 0.0 0.02020629002009405 -0.019826098958940806],0.3
.3
