L,J,Q,θ,ϕx,ϕy,ϕz,ndims,T,χ,dχdlogT,Λ
35,0.7,0.6180339887498949,0.4487989505128276,1.2504161396869897,5.645123521569712,2.4183142850855144,2,7.27895384398315,[0.03410727732247367 0.0 0.0; 0.0 0.01700796452085 -0.00010525638011913938; 0.0 -0.00010525638011914066 0.01700796452085002],[-0.03363892288854471 0.0 0.0; 0.0 -0.016684864911053567 0.00031034414376063024; 0.0 0.00031034414376045097 -0.016684864911053227],0.3
