L,J,Q,θ,ϕx,ϕy,ϕz,ndims,T,χ,dχdlogT,Λ
35,2.0,0.6180339887498949,0.4487989505128276,3.513349717272984,3.2880996713141353,1.5021595907878156,2,10.0,[0.024835787953699822 0.0 0.0; 0.0 0.012346507309838222 -4.051448046934384e-5; 0.0 -4.051448046943935e-5 0.012346507309838165],[-0.024512189773036527 0.0 0.0; 0.0 -0.012045285483477493 0.00011929551715700578; 0.0 0.00011929551715697846 -0.012045285483477221],0.3
