L,J,Q,θ,ϕx,ϕy,ϕz,ndims,T,χ,dχdlogT,Λ
35,0.0,0.6180339887498949,0.4487989505128276,1.4116899258837299,5.053394726632703,2.0050810310857687,2,0.16102620275609392,[0.5570031072389614 0.0 0.0; 0.0 0.28035610191517535 -0.18013104082257086; 0.0 -0.1801310408225709 0.28035610191517507],[-0.23942737487858984 0.0 0.0; 0.0 -0.13928299387227283 0.13735520796630835; 0.0 0.13735520796630832 -0.13928299387227283],0.3
