L,J,Q,θ,ϕx,ϕy,ϕz,ndims,T,χ,dχdlogT,Λ
35,4.0,0.6180339887498949,0.4487989505128276,5.892596583869425,4.473781307758901,3.078863032071292,2,0.01268961003167922,[0.8089465158119656 0.0 0.0; 0.0 0.12400746812738868 -0.08070483805360446; 0.0 -0.08070483805360561 0.1239580904436957],[-0.18643766946942725 0.0 0.0; 0.0 -0.02496594070567853 0.024309342924682883; 0.0 0.024309342924682738 -0.024029320015211166],0.3
