L,J,Q,θ,ϕx,ϕy,ϕz,ndims,T,χ,dχdlogT,Λ
35,0.7,0.6180339887498949,0.4487989505128276,1.2504161396869897,5.645123521569712,2.4183142850855144,2,0.001,[3.070776604905923 0.0 0.0; 0.0 1.0964270923547008 -1.003530159724597; 0.0 -1.0035301597246373 1.09873789568257],[-1.1510754558507954 0.0 0.0; 0.0 -0.4886145475907295 0.4900852207785084; 0.0 0.4900852207785101 -0.4917520379884989],0.3
