L,J,Q,θ,ϕx,ϕy,ϕz,ndims,T,χ,dχdlogT,Λ
35,0.0,0.6180339887498949,0.4487989505128276,3.513349717272984,3.2880996713141353,1.5021595907878156,2,0.006723357536499335,[1.3050418539071456 0.0 0.0; 0.0 0.8516645286119885 -0.7503071581943657; 0.0 -0.7503071581943657 0.8516612298675994],[-0.15719983810992663 0.0 0.0; 0.0 -0.15434777387987128 0.15434072312611574; 0.0 0.15434072312611574 -0.15434192755242532],0.3
