L,J,Q,θ,ϕx,ϕy,ϕz,ndims,T,χ,dχdlogT,Λ
35,0.7,0.6180339887498949,0.4487989505128276,1.4116899258837299,5.053394726632703,2.0050810310857687,2,5.298316906283709,[0.04657620179740889 0.0 0.0; 0.0 0.02317239655903161 -0.0002668195203486302; 0.0 -0.00026681952034865615 0.023172396559032252],[-0.04539805330211852 0.0 0.0; 0.0 -0.022363240885486104 0.0007750615288790988; 0.0 0.0007750615288789609 -0.022363240885484217],0.3
