L,J,Q,θ,ϕx,ϕy,ϕz,ndims,T,χ,dχdlogT,Λ
35,1.0,0.6180339887498949,0.4487989505128276,1.4116899258837299,5.053394726632703,2.0050810310857687,2,0.02395026619987486,[1.1152157147760475 0.0 0.0; 0.0 0.26011728236265413 -0.17255151118085293; 0.0 -0.17255151118086448 0.260035464223002],[-0.3570755880154733 0.0 0.0; 0.0 -0.06765250013181234 0.06737868644795969; 0.0 0.06737868644796276 -0.06737166402119515],0.3

