L,J,Q,θ,ϕx,ϕy,ϕz,ndims,T,χ,dχdlogT,Λ
35,4.0,0.6180339887498949,0.4487989505128276,3.513349717272984,3.2880996713141353,1.5021595907878156,2,0.0013738237958832624,[1.227945082727223 0.0 0.0; 0.0 0.17989705396323324 -0.1391111665484952; 0.0 -0.13911116654849637 0.18554092382738216],[-0.15914177108759855 0.0 0.0; 0.0 -0.01896869943496168 0.020653477160883244; 0.0 0.020653477160883116 -0.022623851510888773],0.3
