L,J,Q,θ,ϕx,ϕy,ϕz,ndims,T,χ,dχdlogT,Λ
35,4.0,0.6180339887498949,0.4487989505128276,4.4856804235524095,0.15556230263093182,1.1876192115999296,2,0.2212216291070449,[0.31308513374807884 0.0 0.0; 0.0 0.06524461095644862 -0.02185579696323582; 0.0 -0.021855796963234884 0.06524461225574103],[-0.1400372035359876 0.0 0.0; 0.0 -0.0168334292805709 0.017080921554394637; 0.0 0.01708092155439527 -0.016833434489339612],0.3
