L,J,Q,θ,ϕx,ϕy,ϕz,ndims,T,χ,dχdlogT,Λ
35,2.0,0.6180339887498949,0.4487989505128276,1.0454909781567567,4.482031561846126,3.375987140158155,2,0.0013738237958832624,[1.8925922136794493 0.0 0.0; 0.0 0.18166841809253095 -0.11651714150120183; 0.0 -0.11651714150120736 0.18155960999311677],[-0.2325283234223309 0.0 0.0; 0.0 -6.12795991243063e-5 5.0513204586196924e-5; 0.0 5.0513204586197805e-5 -1.6611429670748248e-5],0.3
