L,J,Q,θ,ϕx,ϕy,ϕz,ndims,T,χ,dχdlogT,Λ
35,4.0,0.6180339887498949,0.4487989505128276,3.0048181451015403,4.380029621224478,2.1177972164540426,2,0.16102620275609392,[0.3591702239772196 0.0 0.0; 0.0 0.07068285396439053 -0.027387358259811753; 0.0 -0.027387358259811583 0.07068290839408627],[-0.1496726738529803 0.0 0.0; 0.0 -0.017329922720347824 0.01764930722998497; 0.0 0.017649307229983726 -0.017330557018671724],0.3
