L,J,Q,θ,μ,ϕx,ϕy,ϕz,ndims,T,χ,dχdlogT,Λ
71,0.7,0.6180339887498949,0.4487989505128276,0.4411764705882353,0.6402292625156705,3.4522164941781406,2.487652041625667,2,7.27895384398315,[0.0035086717725739307 0.0 0.0; 0.0 0.0004722981977868806 -0.000393161277774241; 0.0 -0.00039316127777424127 0.00047466783494472194],[-0.003508367510512562 0.0 0.0; 0.0 -0.0004722532839494369 0.0003931220707487456; 0.0 0.0003931220707487458 -0.0004746222099805579],0.3
