L,J,Q,θ,μ,ϕx,ϕy,ϕz,ndims,T,χ,dχdlogT,Λ
71,2.0,0.6180339887498949,0.4487989505128276,0.25,5.544644893954966,2.702600987319356,4.29023278526643,2,0.5736152510448679,[0.04843034663049237 0.0 0.0; 0.0 0.005760726269240181 -0.005402310108543956; 0.0 -0.005402310108543824 0.005760569220256917],[-0.04760884434997544 0.0 0.0; 0.0 -0.005625081286631982 0.005276100111523975; 0.0 0.005276100111523898 -0.00562493023608956],0.3
