L,J,Q,θ,ϕx,ϕy,ϕz,ndims,T,χ,dχdlogT,Λ
71,0.0,0.6180339887498949,0.4487989505128276,5.986913330920314,4.472633643426998,2.4841246518064026,2,2.807216203941177,[0.013775795260034366 0.0 0.0; 0.0 0.008083896054353805 -0.00803247821585322; 0.0 -0.008032478215853218 0.008075101889699596],[-0.01376784599124044 0.0 0.0; 0.0 -0.008079910329911847 0.008028554603272297; 0.0 0.008028554603272297 -0.008071132346749724],0.3
