L,J,Q,θ,μ,ϕx,ϕy,ϕz,ndims,T,χ,dχdlogT,Λ
71,2.0,0.6180339887498949,0.4487989505128276,0.25,3.229067569863798,0.3299713717630845,4.499184084023956,2,0.006723357536499335,[0.7929960474708464 0.0 0.0; 0.0 0.06025507508135598 -0.056769003912369644; 0.0 -0.0567690039123704 0.0602587721007668],[-0.2284508674540281 0.0 0.0; 0.0 -0.00990134532772693 0.009372882441288291; 0.0 0.009372882441288042 -0.00990133229152231],0.3
