L,J,Q,θ,μ,ϕx,ϕy,ϕz,ndims,T,χ,dχdlogT,Λ
71,2.0,0.6180339887498949,0.4487989505128276,0.25,5.544644893954966,2.702600987319356,4.29023278526643,2,0.7880462815669912,[0.03539397383946632 0.0 0.0; 0.0 0.004216633811627631 -0.003954113286584019; 0.0 -0.003954113286584032 0.004216518456510282],[-0.03507182839778432 0.0 0.0; 0.0 -0.004163339198249019 0.0039045325055353077; 0.0 0.003904532505535314 -0.004163226217545511],0.3
