L,J,Q,θ,μ,ϕx,ϕy,ϕz,ndims,T,χ,dχdlogT,Λ
71,2.0,0.6180339887498949,0.4487989505128276,0.25,2.293346086788642,6.076104918668007,3.1639999693783416,2,0.04520353656360243,[0.36727221756971873 0.0 0.0; 0.0 0.03646116573273037 -0.03427849621806732; 0.0 -0.03427849621806762 0.03646310568563476],[-0.18899575105990382 0.0 0.0; 0.0 -0.013379856509825018 0.012604976107582867; 0.0 0.012604976107583035 -0.013379586078778215],0.3
