L,J,Q,θ,ϕx,ϕy,ϕz,ndims,T,χ,dχdlogT,Λ
71,2.0,0.6180339887498949,0.4487989505128276,6.211237417307202,3.0423839664543015,4.545113585115758,2,2.3950266199874855,[0.012916799782507185 0.0 0.0; 0.0 0.0016673301960632725 -0.0015799578003063385; 0.0 -0.0015799578003063686 0.0016674785988456497],[-0.012908321206515345 0.0 0.0; 0.0 -0.0016659074575953018 0.0015786176879555383; 0.0 0.001578617687955541 -0.001666055482984164],0.3
