L,J,Q,θ,μ,ϕx,ϕy,ϕz,ndims,T,χ,dχdlogT,Λ
71,2.0,0.6180339887498949,0.4487989505128276,0.25,1.8736324060542973,1.8275696295069044,5.811390459970529,2,0.02395026619987486,[0.49630593632396564 0.0 0.0; 0.0 0.04491407536591267 -0.04224365072851142; 0.0 -0.04224365072851125 0.04490646365772145],[-0.21759442887423616 0.0 0.0; 0.0 -0.013232762165594424 0.012492388718211936; 0.0 0.012492388718212703 -0.01323205955864815],0.3
