L,J,Q,θ,ϕx,ϕy,ϕz,ndims,T,χ,dχdlogT,Λ
71,1.0,0.6180339887498949,0.4487989505128276,0.45485070422243523,2.5319649035331926,4.952427249816695,2,0.009236708571873866,[1.0659138449614665 0.0 0.0; 0.0 0.19025570280952084 -0.1864033499685471; 0.0 -0.1864033499685435 0.19023006618892518],[-0.3928709287403842 0.0 0.0; 0.0 -0.08148118897438827 0.08128132517342215; 0.0 0.08128132517342275 -0.08140334863080598],0.3
