L,J,Q,θ,μ,ϕx,ϕy,ϕz,ndims,T,χ,dχdlogT,Λ
71,0.7,0.6180339887498949,0.4487989505128276,0.4411764705882353,2.903410484666291,3.212012235175181,2.2022524608562097,2,0.02395026619987486,[0.47214477077272804 0.0 0.0; 0.0 0.06242805008834398 -0.050818974646205356; 0.0 -0.05081897464620532 0.06242010444466748],[-0.18787738127431955 0.0 0.0; 0.0 -0.02475724475217386 0.019636098652386164; 0.0 0.01963609865238617 -0.024979897271636794],0.3
