L,J,Q,θ,μ,ϕx,ϕy,ϕz,ndims,T,χ,dχdlogT,Λ
71,2.0,0.6180339887498949,0.4487989505128276,0.25,5.800516426017421,4.364700539386552,4.5337704486656465,2,0.03290344562312668,[0.4298127931597385 0.0 0.0; 0.0 0.040769022398334215 -0.038338456556162484; 0.0 -0.0383384565561612 0.040769832622618615],[-0.20306629815070815 0.0 0.0; 0.0 -0.013297112850450253 0.012534521653701043; 0.0 0.012534521653700675 -0.013297384304899558],0.3
