L,J,Q,θ,μ,ϕx,ϕy,ϕz,ndims,T,χ,dχdlogT,Λ
71,1.0,0.6180339887498949,0.4487989505128276,0.375,5.800516426017421,4.364700539386552,4.5337704486656465,2,0.2212216291070449,[0.10089972225344358 0.0 0.0; 0.0 0.012418289720027882 -0.01040244320247095; 0.0 -0.010402443202471067 0.012415950410838815],[-0.0915916688788924 0.0 0.0; 0.0 -0.011269316449989365 0.009399713543941922; 0.0 0.009399713543942227 -0.011267160132837805],0.3
