L,J,Q,θ,μ,ϕx,ϕy,ϕz,ndims,T,χ,dχdlogT,Λ
71,20.0,0.6180339887498949,0.4487989505128276,0.75,6.1547420755836555,0.30174256478795936,2.025048678486541,2,0.004893900918477494,[0.15506963781042166 0.0 0.0; 0.0 0.006825016393998285 0.0009133791027343887; 0.0 0.0009133791027343875 0.008184275105432312],[-0.037974951241229876 0.0 0.0; 0.0 -0.001590501252936591 -0.001169699214285214; 0.0 -0.0011696992142852137 -0.00239378827880978],0.3
