L,J,Q,θ,μ,ϕx,ϕy,ϕz,ndims,T,χ,dχdlogT,Λ
71,4.0,0.6180339887498949,0.4487989505128276,0.15,0.8651877410637341,5.60382759600108,0.051235859328841206,2,0.0018873918221350976,[0.7083560029820174 0.0 0.0; 0.0 0.06571425587229944 -0.0637419810585382; 0.0 -0.06374198105853918 0.06725452749179806],[-0.1332740225569887 0.0 0.0; 0.0 -0.006885626967756375 0.007060877787612494; 0.0 0.007060877787612451 -0.007834201835768452],0.3
