L,J,Q,θ,ϕx,ϕy,ϕz,ndims,T,χ,dχdlogT,Λ
71,0.2,0.6180339887498949,0.4487989505128276,5.986913330920314,4.472633643426998,2.4841246518064026,2,0.5736152510448679,[0.0669789812544751 0.0 0.0; 0.0 0.033184341288534286 -0.032917433939560495; 0.0 -0.032917433939560495 0.033175613013864506],[-0.06607798432556503 0.0 0.0; 0.0 -0.03273156745667082 0.03247188990372683; 0.0 0.03247188990372683 -0.032723399977221304],0.3
