L,J,Q,θ,μ,ϕx,ϕy,ϕz,ndims,T,χ,dχdlogT,Λ
71,0.2,0.6180339887498949,0.4487989505128276,0.625,5.740732433376171,6.237769077588762,5.286294871706147,2,0.2212216291070449,[0.10392540070371944 0.0 0.0; 0.0 0.035035899682274864 -0.029704171458239483; 0.0 -0.029704171458239476 0.0344383661476161],[-0.09520798335127553 0.0 0.0; 0.0 -0.03157620507369784 0.026725553508312908; 0.0 0.026725553508312898 -0.031111455677673285],0.3
