L,J,Q,θ,μ,ϕx,ϕy,ϕz,ndims,T,χ,dχdlogT,Λ
71,1.0,0.6180339887498949,0.4487989505128276,0.375,0.5445839982573631,0.15541366388987202,5.862067558531531,2,0.02395026619987486,[0.3847689535182784 0.0 0.0; 0.0 0.050958547500621364 -0.042100345581929065; 0.0 -0.04210034558192892 0.0509320210935505],[-0.11768446828863773 0.0 0.0; 0.0 -0.019175815835808716 0.015816053884742633; 0.0 0.01581605388474226 -0.01915878774770063],0.3
