L,J,Q,θ,ϕx,ϕy,ϕz,ndims,T,χ,dχdlogT,Λ
71,0.2,0.6180339887498949,0.4487989505128276,0.45485070422243523,2.5319649035331926,4.952427249816695,2,0.41753189365604015,[0.0886155052249736 0.0 0.0; 0.0 0.04475923019490815 -0.04439477771172549; 0.0 -0.04439477771172549 0.04468562072951804],[-0.08655339914415786 0.0 0.0; 0.0 -0.04365735928098216 0.04331126936228482; 0.0 0.04331126936228481 -0.043589474951521115],0.3
