L,J,Q,θ,μ,ϕx,ϕy,ϕz,ndims,T,χ,dχdlogT,Λ
71,1.0,0.6180339887498949,0.4487989505128276,0.375,3.3269338046378176,0.30106851053895584,3.891592634817262,2,0.001,[0.5861001965677028 0.0 0.0; 0.0 0.06910964954599239 -0.05673226758164919; 0.0 -0.05673226758164877 0.06966512210822864],[-0.02496215274713075 0.0 0.0; 0.0 -1.1741552241937536e-5 -3.310173471732425e-5; 0.0 -3.310173471732478e-5 -0.0003817760828189062],0.3
