L,J,Q,θ,μ,ϕx,ϕy,ϕz,ndims,T,χ,dχdlogT,Λ
71,4.0,0.6180339887498949,0.4487989505128276,0.15,3.3269338046378176,0.30106851053895584,3.891592634817262,2,3.856620421163471,[0.005245706524648123 0.0 0.0; 0.0 0.000630267254723393 -0.000588342180201826; 0.0 -0.000588342180201813 0.0006334434164271412],[-0.005243953480543427 0.0 0.0; 0.0 -0.000630024060031812 0.000588124034800525; 0.0 0.0005881240348005326 -0.0006331971742407673],0.3
