L,J,Q,θ,μ,ϕx,ϕy,ϕz,ndims,T,χ,dχdlogT,Λ
71,0.2,0.6180339887498949,0.4487989505128276,0.625,5.800516426017421,4.364700539386552,4.5337704486656465,2,0.02395026619987486,[0.43118158267845397 0.0 0.0; 0.0 0.12922358907912326 -0.108239554859133; 0.0 -0.108239554859133 0.12908466795879375],[-0.15913736824341687 0.0 0.0; 0.0 -0.03957087162518271 0.031906188227139004; 0.0 0.03190618822713901 -0.03978914723664438],0.3
