L,J,Q,θ,μ,ϕx,ϕy,ϕz,ndims,T,χ,dχdlogT,Λ
71,0.2,0.6180339887498949,0.4487989505128276,0.625,1.7372020569887296,3.577781000938902,1.9844189455036316,2,0.0018873918221350976,[0.8325281769180671 0.0 0.0; 0.0 0.226629186481113 -0.18480644662805562; 0.0 -0.18480644662805565 0.22511164011486182],[-0.14692574138997963 0.0 0.0; 0.0 -0.03164880839482526 0.022177629477815076; 0.0 0.02217762947781508 -0.028220446399091662],0.3
