L,J,Q,θ,μ,ϕx,ϕy,ϕz,ndims,T,χ,dχdlogT,Λ
71,1.0,0.6180339887498949,0.4487989505128276,0.375,0.04794858829728465,2.3412264847098085,5.747630452081085,2,0.5736152510448679,[0.04048912478647989 0.0 0.0; 0.0 0.004996392343184377 -0.004196747339942916; 0.0 -0.004196747339942998 0.004996643174839354],[-0.039861498192611165 0.0 0.0; 0.0 -0.004917394075452716 0.004127353414447283; 0.0 0.0041273534144472684 -0.00491768877141893],0.3
