L,J,Q,θ,μ,ϕx,ϕy,ϕz,ndims,T,χ,dχdlogT,Λ
71,20.0,0.6180339887498949,0.4487989505128276,0.75,1.826801792876445,3.454103295194125,4.971246085980444,2,0.02395026619987486,[0.10912440486329736 0.0 0.0; 0.0 0.0029850224417294615 -0.001212735812951292; 0.0 -0.001212735812951293 0.002992611687450895],[-0.04706403756219594 0.0 0.0; 0.0 -0.0012587136752799793 0.000702898869055161; 0.0 0.0007028988690551601 -0.0013324815363773687],0.3
