L,J,Q,θ,μ,ϕx,ϕy,ϕz,ndims,T,χ,dχdlogT,Λ
71,1.0,0.6180339887498949,0.4487989505128276,0.375,2.293346086788642,6.076104918668007,3.1639999693783416,2,10.0,[0.0023655390281037227 0.0 0.0; 0.0 0.0002928895912617245 -0.00024646438881918464; 0.0 -0.00024646438881918735 0.00029303197422464813],[-0.002365412964943687 0.0 0.0; 0.0 -0.0002928735932643679 0.00024645028123436647; 0.0 0.00024645028123437184 -0.00029301594669489905],0.3
