L,J,Q,θ,μ,ϕx,ϕy,ϕz,ndims,T,χ,dχdlogT,Λ
71,20.0,0.6180339887498949,0.4487989505128276,0.75,3.7410222069360826,2.6950718831975515,2.916074054151873,2,3.856620421163471,[0.001324290629956075 0.0 0.0; 0.0 5.203826746210672e-5 -8.95019429308098e-6; 0.0 -8.950194293080972e-6 5.412875007580942e-5],[-0.0013238618185329781 0.0 0.0; 0.0 -5.202063039823005e-5 8.948488353303798e-6; 0.0 8.948488353303796e-6 -5.4108542105060966e-5],0.3
