L,J,Q,θ,μ,ϕx,ϕy,ϕz,ndims,T,χ,dχdlogT,Λ
71,4.0,0.6180339887498949,0.4487989505128276,0.15,1.071075307057084,0.8392702853433741,3.9271510690544,2,0.2212216291070449,[0.08746358920583674 0.0 0.0; 0.0 0.010446495374040216 -0.0097425507343353; 0.0 -0.00974255073433518 0.01042150535848126],[-0.07981699844821197 0.0 0.0; 0.0 -0.009396592642256396 0.008805876561605466; 0.0 0.008805876561605612 -0.009380250501345968],0.3
