L,J,Q,θ,μ,ϕx,ϕy,ϕz,ndims,T,χ,dχdlogT,Λ
71,4.0,0.6180339887498949,0.4487989505128276,0.15,1.071075307057084,0.8392702853433741,3.9271510690544,2,1.0826367338740543,[0.018695681871520334 0.0 0.0; 0.0 0.0022484641781098315 -0.0020920930043994883; 0.0 -0.002092093004399493 0.0022423372740143746],[-0.01861653246983777 0.0 0.0; 0.0 -0.002237447687115541 0.002082312538326846; 0.0 0.0020823125383268287 -0.0022314281221811733],0.3
