L,J,Q,θ,μ,ϕx,ϕy,ϕz,ndims,T,χ,dχdlogT,Λ
71,0.2,0.6180339887498949,0.4487989505128276,0.625,2.903410484666291,3.212012235175181,2.2022524608562097,2,0.01268961003167922,[0.5338924735498695 0.0 0.0; 0.0 0.1538862936370501 -0.12823512698971704; 0.0 -0.12823512698971704 0.15467470106630424],[-0.1637049771394317 0.0 0.0; 0.0 -0.04169298835637042 0.0341478415814173; 0.0 0.034147841581417294 -0.04302920472612792],0.3
