L,J,Q,θ,μ,ϕx,ϕy,ϕz,ndims,T,χ,dχdlogT,Λ
71,0.0,0.6180339887498949,0.4487989505128276,0.75,0.9080487978982934,6.045819004612462,5.895824398121898,2,0.30391953823131973,[0.07627236983676533 0.0 0.0; 0.0 0.03060885019302622 -0.025028049436301356; 0.0 -0.02502804943630135 0.030447592986219307],[-0.07239197621785273 0.0 0.0; 0.0 -0.029006377921766156 0.02372397152138324; 0.0 0.02372397152138324 -0.02886775573524176],0.3
