L,J,Q,θ,ϕx,ϕy,ϕz,ndims,T,χ,dχdlogT,Λ
71,2.0,0.6180339887498949,0.4487989505128276,0.22606108604297762,3.472734375396318,0.24041933733318346,2,0.002592943797404667,[1.3235394031311374 0.0 0.0; 0.0 0.07180201147607063 -0.06774553667029888; 0.0 -0.06774553667029894 0.07175420981191132],[-0.32075500581195926 0.0 0.0; 0.0 -0.0007043966859913383 0.00036365439161255574; 0.0 0.00036365439161256013 -0.0006240595708368905],0.3
