L,J,Q,θ,μ,ϕx,ϕy,ϕz,ndims,T,χ,dχdlogT,Λ
71,2.0,0.6180339887498949,0.4487989505128276,0.25,2.903410484666291,3.212012235175181,2.2022524608562097,2,0.003562247890262444,[0.923728660168777 0.0 0.0; 0.0 0.06535025404387035 -0.06157423852537669; 0.0 -0.06157423852537562 0.06534141821100166],[-0.17895047084984717 0.0 0.0; 0.0 -0.006147856471098466 0.005786067487407586; 0.0 0.005786067487407362 -0.006148045996181798],0.3
