L,J,Q,θ,μ,ϕx,ϕy,ϕz,ndims,T,χ,dχdlogT,Λ
71,1.0,0.6180339887498949,0.4487989505128276,0.375,3.7575222882233583,5.692680470554446,6.224026549332305,2,1.0826367338740543,[0.021664408272666878 0.0 0.0; 0.0 0.0026638129579941105 -0.0022360543454180578; 0.0 -0.0022360543454180573 0.002663235202191366],[-0.02156775642236961 0.0 0.0; 0.0 -0.0026517645472269326 0.002225485661376316; 0.0 0.002225485661376296 -0.0026511947209871363],0.3
