L,J,Q,θ,μ,ϕx,ϕy,ϕz,ndims,T,χ,dχdlogT,Λ
71,4.0,0.6180339887498949,0.4487989505128276,0.15,0.9080487978982934,6.045819004612462,5.895824398121898,2,0.017433288221999882,[0.3944893588690999 0.0 0.0; 0.0 0.042559777441631884 -0.04056166469247402; 0.0 -0.04056166469247429 0.04248303469350404],[-0.134711508893131 0.0 0.0; 0.0 -0.012703711073034444 0.012278348624627773; 0.0 0.01227834862462788 -0.01262680439583842],0.3
