L,J,Q,θ,μ,ϕx,ϕy,ϕz,ndims,T,χ,dχdlogT,Λ
71,1.0,0.6180339887498949,0.4487989505128276,0.375,5.740732433376171,6.237769077588762,5.286294871706147,2,0.30391953823131973,[0.07526024307542023 0.0 0.0; 0.0 0.009231098425093467 -0.0077287981106796185; 0.0 -0.007728798110679609 0.009213980046458757],[-0.07130951981641893 0.0 0.0; 0.0 -0.008745807057561172 0.007305722096542205; 0.0 0.007305722096542162 -0.008730919618829533],0.3
