L,J,Q,θ,μ,ϕx,ϕy,ϕz,ndims,T,χ,dχdlogT,Λ
71,0.7,0.6180339887498949,0.4487989505128276,0.4411764705882353,3.7575222882233583,5.692680470554446,6.224026549332305,2,0.03290344562312668,[0.4141263125852652 0.0 0.0; 0.0 0.0548576520593574 -0.04479458793902495; 0.0 -0.04479458793902499 0.054844530821681246],[-0.184351979259632 0.0 0.0; 0.0 -0.02437956966546548 0.019444956281556427; 0.0 0.019444956281556416 -0.024369746084327088],0.3
