L,J,Q,θ,μ,ϕx,ϕy,ϕz,ndims,T,χ,dχdlogT,Λ
71,0.0,0.6180339887498949,0.4487989505128276,0.75,0.5445839982573631,0.15541366388987202,5.862067558531531,2,0.01268961003167922,[0.5117625578768724 0.0 0.0; 0.0 0.20173242614666903 -0.16523637129970828; 0.0 -0.16523637129970828 0.20141375332406977],[-0.1494860523357068 0.0 0.0; 0.0 -0.05897848988476557 0.048604172333757266; 0.0 0.04860417233375726 -0.059380571620530356],0.3
