L,J,Q,θ,ϕx,ϕy,ϕz,ndims,T,χ,dχdlogT,Λ
71,0.7,0.6180339887498949,0.4487989505128276,0.04307574063236956,1.4243585509553534,2.650856197035276,2,0.30391953823131973,[0.11088529953966748 0.0 0.0; 0.0 0.022820380377627562 -0.022034117281798497; 0.0 -0.022034117281798514 0.02283259515037489],[-0.1058045241514312 0.0 0.0; 0.0 -0.02209591693628298 0.021375798190153977; 0.0 0.021375798190153967 -0.022106294127128372],0.3
