L,J,Q,θ,μ,ϕx,ϕy,ϕz,ndims,T,χ,dχdlogT,Λ
71,0.0,0.6180339887498949,0.4487989505128276,0.75,2.903410484666291,3.212012235175181,2.2022524608562097,2,0.06210169418915616,[0.2671360496242648 0.0 0.0; 0.0 0.10571199383758152 -0.08639653315372899; 0.0 -0.086396533153729 0.1052144106351644],[-0.15390751066426742 0.0 0.0; 0.0 -0.06056866061440577 0.0496605222172112; 0.0 0.049660522217211185 -0.0605426602266561],0.3
