L,J,Q,θ,μ,ϕx,ϕy,ϕz,ndims,T,χ,dχdlogT,Λ
71,2.0,0.6180339887498949,0.4487989505128276,0.25,1.7372020569887296,3.577781000938902,1.9844189455036316,2,0.004893900918477494,[0.8626770822140525 0.0 0.0; 0.0 0.06318426818266201 -0.05953631736988336; 0.0 -0.05953631736988244 0.06318167567071885],[-0.20684467449897673 0.0 0.0; 0.0 -0.008014982144715762 0.007568030481939981; 0.0 0.007568030481940008 -0.008014942489456339],0.3
