L,J,Q,θ,ϕx,ϕy,ϕz,ndims,T,χ,dχdlogT,Λ
71,4.0,0.6180339887498949,0.4487989505128276,3.1015703765679126,4.390202420652395,5.5633019913836685,2,0.11721022975334802,[0.15077810085194715 0.0 0.0; 0.0 0.017818231646229657 -0.016821617087087657; 0.0 -0.016821617087087504 0.017864244046392013],[-0.11961939898928976 0.0 0.0; 0.0 -0.013894568735980847 0.013268387877583335; 0.0 0.013268387877583093 -0.013897981590197322],0.3
