L,J,Q,θ,ϕx,ϕy,ϕz,ndims,T,χ,dχdlogT,Λ
71,2.0,0.6180339887498949,0.4487989505128276,0.04307574063236956,1.4243585509553534,2.650856197035276,2,0.01268961003167922,[1.083990464030562 0.0 0.0; 0.0 0.1201759503681038 -0.11574332686354333; 0.0 -0.11574332686354567 0.12017595044791236],[-0.4322504306317968 0.0 0.0; 0.0 -0.02687278198925256 0.026611319696333315; 0.0 0.026611319696333915 -0.026872782611198163],0.3
