L,J,Q,θ,μ,ϕx,ϕy,ϕz,ndims,T,χ,dχdlogT,Λ
71,20.0,0.6180339887498949,0.4487989505128276,0.75,2.6164348359514444,6.167811691156104,0.8672789541312548,2,7.27895384398315,[0.0007221707760920466 0.0 0.0; 0.0 2.8764313077343043e-5 -3.0615089075803104e-6; 0.0 -3.061508907580313e-6 3.056862689106975e-5],[-0.0007221032661583602 0.0 0.0; 0.0 -2.876106530010907e-5 3.0616183340074317e-6; 0.0 3.0616183340074317e-6 -3.056583251355441e-5],0.3
