L,J,Q,θ,μ,ϕx,ϕy,ϕz,ndims,T,χ,dχdlogT,Λ
71,20.0,0.6180339887498949,0.4487989505128276,0.75,2.6164348359514444,6.167811691156104,0.8672789541312548,2,3.856620421163471,[0.0013628560233991532 0.0 0.0; 0.0 5.42816785828344e-5 -5.778531186138177e-6; 0.0 -5.7785311861381715e-6 5.768822150184011e-5],[-0.0013624023761863275 0.0 0.0; 0.0 -5.425985585394933e-5 5.779265338820685e-6; 0.0 5.77926533882069e-6 -5.76694441927936e-5],0.3
