L,J,Q,θ,μ,ϕx,ϕy,ϕz,ndims,T,χ,dχdlogT,Λ
71,0.0,0.6180339887498949,0.4487989505128276,0.75,0.6402292625156705,3.4522164941781406,2.487652041625667,2,0.04520353656360243,[0.3165754496495026 0.0 0.0; 0.0 0.12470350896556755 -0.1021739346977405; 0.0 -0.10217393469774048 0.12477086619260326],[-0.15611832568287998 0.0 0.0; 0.0 -0.0612293073194725 0.05017156173526587; 0.0 0.050171561735265886 -0.06118464337297487],0.3
