L,J,Q,θ,μ,ϕx,ϕy,ϕz,ndims,T,χ,dχdlogT,Λ
71,0.0,0.6180339887498949,0.4487989505128276,0.75,3.229067569863798,0.3299713717630845,4.499184084023956,2,7.27895384398315,[0.0032497654012469124 0.0 0.0; 0.0 0.0012915034580139018 -0.0010748134678005463; 0.0 -0.0010748134678005463 0.0013166676473187287],[-0.00324945542379989 0.0 0.0; 0.0 -0.0012913786291966142 0.001074706750611194; 0.0 0.001074706750611194 -0.001316536075118902],0.3
