L,J,Q,θ,μ,ϕx,ϕy,ϕz,ndims,T,χ,dχdlogT,Λ
71,4.0,0.6180339887498949,0.4487989505128276,0.15,2.293346086788642,6.076104918668007,3.1639999693783416,2,0.01268961003167922,[0.43223799674877905 0.0 0.0; 0.0 0.045860899056584005 -0.043750647820970864; 0.0 -0.04375064782097064 0.04577277952093962],[-0.12666542845254086 0.0 0.0; 0.0 -0.011181270818487079 0.0107608992321987; 0.0 0.010760899232198862 -0.011065232248396945],0.3
