L,J,Q,θ,ϕx,ϕy,ϕz,ndims,T,χ,dχdlogT,Λ
71,0.7,0.6180339887498949,0.4487989505128276,2.2727838634578985,4.701883349946189,4.517993212414445,2,1.0826367338740543,[0.02856827293880789 0.0 0.0; 0.0 0.005271543419036678 -0.004843485844519398; 0.0 -0.004843485844519395 0.005286691488341642],[-0.028445518611369163 0.0 0.0; 0.0 -0.00524302084217394 0.004816388737125941; 0.0 0.004816388737125939 -0.005257987695845556],0.3
