L,J,Q,θ,ϕx,ϕy,ϕz,ndims,T,χ,dχdlogT,Λ
71,0.2,0.6180339887498949,0.4487989505128276,0.45485070422243523,2.5319649035331926,4.952427249816695,2,10.0,[0.0037442172215806286 0.0 0.0; 0.0 0.001892499239147962 -0.0018768846836213907; 0.0 -0.0018768846836213907 0.0018893007577602122],[-0.003744058139992396 0.0 0.0; 0.0 -0.0018924140865247418 0.001876800973322278; 0.0 0.0018768009733222781 -0.001889216062842277],0.3
