L,J,Q,θ,μ,ϕx,ϕy,ϕz,ndims,T,χ,dχdlogT,Λ
71,2.0,0.6180339887498949,0.4487989505128276,0.25,0.8651877410637341,5.60382759600108,0.051235859328841206,2,2.043359717856942,[0.01367919466902736 0.0 0.0; 0.0 0.0016301240496067375 -0.0015282668636638671; 0.0 -0.0015282668636638845 0.0016296118720070766],[-0.013660501660547634 0.0 0.0; 0.0 -0.001627027381860503 0.001525387390621084; 0.0 0.0015253873906210921 -0.0016265169719679748],0.3
