L,J,Q,θ,μ,ϕx,ϕy,ϕz,ndims,T,χ,dχdlogT,Λ
71,1.0,0.6180339887498949,0.4487989505128276,0.375,2.903410484666291,3.212012235175181,2.2022524608562097,2,0.11721022975334802,[0.1720714527393721 0.0 0.0; 0.0 0.021208891680917615 -0.01771101457693543; 0.0 -0.017711014576935566 0.021231398835579753],[-0.13014956497655833 0.0 0.0; 0.0 -0.016185370607573156 0.013369342724437405; 0.0 0.013369342724437436 -0.016192542686608687],0.3
