L,J,Q,θ,μ,ϕx,ϕy,ϕz,ndims,T,χ,dχdlogT,Λ
71,1.0,0.6180339887498949,0.4487989505128276,0.375,5.544644893954966,2.702600987319356,4.29023278526643,2,0.006723357536499335,[0.5074148216337476 0.0 0.0; 0.0 0.06755089616662531 -0.05569220698832507; 0.0 -0.05569220698832481 0.06751081182090374],[-0.06897227316030026 0.0 0.0; 0.0 -0.004752244651778045 0.003644504965797119; 0.0 0.00364450496579708 -0.004769039967824861],0.3
