L,J,Q,θ,μ,ϕx,ϕy,ϕz,ndims,T,χ,dχdlogT,Λ
71,0.7,0.6180339887498949,0.4487989505128276,0.4411764705882353,3.229067569863798,0.3299713717630845,4.499184084023956,2,0.7880462815669912,[0.032850813498648615 0.0 0.0; 0.0 0.004491971429130605 -0.003747578651962724; 0.0 -0.0037475786519627235 0.00450010859183436],[-0.03260181389710576 0.0 0.0; 0.0 -0.00445309083066327 0.0037135294030213495; 0.0 0.003713529403021347 -0.004461060709871621],0.3
