L,J,Q,θ,μ,ϕx,ϕy,ϕz,ndims,T,χ,dχdlogT,Λ
71,2.0,0.6180339887498949,0.4487989505128276,0.25,5.800516426017421,4.364700539386552,4.5337704486656465,2,0.0853167852417281,[0.25470959231915025 0.0 0.0; 0.0 0.02765578686162815 -0.025982557080217794; 0.0 -0.025982557080217322 0.02765636203300956],[-0.1671208394015238 0.0 0.0; 0.0 -0.014787831628867702 0.013932607814003127; 0.0 0.013932607814002528 -0.014788073492770754],0.3
