L,J,Q,θ,μ,ϕx,ϕy,ϕz,ndims,T,χ,dχdlogT,Λ
71,4.0,0.6180339887498949,0.4487989505128276,0.15,0.04794858829728465,2.3412264847098085,5.747630452081085,2,0.006723357536499335,[0.575529548521101 0.0 0.0; 0.0 0.05985497574183289 -0.05746172406403761; 0.0 -0.05746172406403821 0.05994483545011679],[-0.22484607863315656 0.0 0.0; 0.0 -0.021286853899293214 0.020807227354418353; 0.0 0.02080722735441804 -0.021422797074119],0.3
