L,J,Q,θ,μ,ϕx,ϕy,ϕz,ndims,T,χ,dχdlogT,Λ
71,0.2,0.6180339887498949,0.4487989505128276,0.625,0.5445839982573631,0.15541366388987202,5.862067558531531,2,5.298316906283709,[0.004567389558808751 0.0 0.0; 0.0 0.001550351353438338 -0.0013244848318972509; 0.0 -0.0013244848318972509 0.0015372292245057412],[-0.004566608325443037 0.0 0.0; 0.0 -0.0015500400560881677 0.0013242128062077067; 0.0 0.0013242128062077067 -0.0015369237176095674],0.3
