L,J,Q,θ,ϕx,ϕy,ϕz,ndims,T,χ,dχdlogT,Λ
71,0.2,0.6180339887498949,0.4487989505128276,0.04307574063236956,1.4243585509553534,2.650856197035276,2,5.298316906283709,[0.006916695664959059 0.0 0.0; 0.0 0.003537135824674264 -0.0035110074336701827; 0.0 -0.0035110074336701827 0.0035340822414029215],[-0.006915703550092038 0.0 0.0; 0.0 -0.003536579214749525 0.0035104588978486563; 0.0 0.0035104588978486563 -0.00353352728710438],0.3
