L,J,Q,θ,ϕx,ϕy,ϕz,ndims,T,χ,dχdlogT,Λ
71,0.2,0.6180339887498949,0.4487989505128276,0.22606108604297762,3.472734375396318,0.24041933733318346,2,0.0853167852417281,[0.26376565125289153 0.0 0.0; 0.0 0.09562023137952383 -0.08951973741094325; 0.0 -0.08951973741094324 0.0954587723592555],[-0.17697597207713214 0.0 0.0; 0.0 -0.05831121645651055 0.05430513089529194; 0.0 0.05430513089529193 -0.05827891905823969],0.3
