L,J,Q,θ,ϕx,ϕy,ϕz,ndims,T,χ,dχdlogT,Λ
71,0.0,0.6180339887498949,0.4487989505128276,5.986913330920314,4.472633643426998,2.4841246518064026,2,0.03290344562312668,[0.6443248746498399 0.0 0.0; 0.0 0.40570429017653636 -0.4043399031128295; 0.0 -0.40433990311282947 0.4055368653079431],[-0.3043525044126466 0.0 0.0; 0.0 -0.21546649737642146 0.21534005595372807; 0.0 0.21534005595372813 -0.21546611577397157],0.3
