L,J,Q,θ,μ,ϕx,ϕy,ϕz,ndims,T,χ,dχdlogT,Λ
71,2.0,0.6180339887498949,0.4487989505128276,0.25,6.269259794128315,0.765299952466832,5.852277874936172,2,2.043359717856942,[0.013679194619515783 0.0 0.0; 0.0 0.001629696432969088 -0.0015281865748145878; 0.0 -0.0015281865748145494 0.001629909550088459],[-0.01366050151243719 0.0 0.0; 0.0 -0.0016266007695324455 0.0015253072253194847; 0.0 0.001525307225319478 -0.0016268137605556718],0.3
