L,J,Q,θ,ϕx,ϕy,ϕz,ndims,T,χ,dχdlogT,Λ
71,1.0,0.6180339887498949,0.4487989505128276,0.22606108604297762,3.472734375396318,0.24041933733318346,2,0.0018873918221350976,[1.131395996687516 0.0 0.0; 0.0 0.14790406838452783 -0.1258179178023155; 0.0 -0.1258179178023118 0.14100081737301107],[-0.2571757858612982 0.0 0.0; 0.0 -0.02965963492580988 0.021311918282306663; 0.0 0.021311918282306608 -0.021674161163697275],0.3
