L,J,Q,θ,μ,ϕx,ϕy,ϕz,ndims,T,χ,dχdlogT,Λ
71,0.2,0.6180339887498949,0.4487989505128276,0.625,3.3269338046378176,0.30106851053895584,3.891592634817262,2,1.0826367338740543,[0.022445839268354636 0.0 0.0; 0.0 0.007736572042757492 -0.0066295607611631426; 0.0 -0.006629560761163141 0.007667301141035406],[-0.022354540221041854 0.0 0.0; 0.0 -0.0076986090116967065 0.0065962358422182255; 0.0 0.006596235842218223 -0.00763023253184584],0.3
