L,J,Q,θ,μ,ϕx,ϕy,ϕz,ndims,T,χ,dχdlogT,Λ
71,20.0,0.6180339887498949,0.4487989505128276,0.75,1.129749778163619,5.588944812809016,3.487456797920304,2,0.11721022975334802,[0.04287098841638196 0.0 0.0; 0.0 0.0015496696926045551 -0.00030898548068655264; 0.0 -0.00030898548068655253 0.0012774479923604108],[-0.0335434555310486 0.0 0.0; 0.0 -0.0012054575031694842 0.00024488606118869765; 0.0 0.0002448860611886973 -0.0009860849754953019],0.3
