L,J,Q,θ,μ,ϕx,ϕy,ϕz,ndims,T,χ,dχdlogT,Λ
71,2.0,0.6180339887498949,0.4487989505128276,0.25,0.8651877410637341,5.60382759600108,0.051235859328841206,2,0.006723357536499335,[0.7929962227761154 0.0 0.0; 0.0 0.060258088940953435 -0.05676569256592434; 0.0 -0.05676569256592575 0.060249298097970014],[-0.22845099498798632 0.0 0.0; 0.0 -0.009900884052975113 0.009372381856778815; 0.0 0.009372381856778784 -0.009900873416139952],0.3
