L,J,Q,θ,μ,ϕx,ϕy,ϕz,ndims,T,χ,dχdlogT,Λ
71,4.0,0.6180339887498949,0.4487989505128276,0.15,5.544644893954966,2.702600987319356,4.29023278526643,2,0.04520353656360243,[0.2718005133248305 0.0 0.0; 0.0 0.030647019960872022 -0.029052785403922487; 0.0 -0.029052785403922376 0.03071626689856851],[-0.13099976333050634 0.0 0.0; 0.0 -0.013231877484343471 0.012828180584412277; 0.0 0.012828180584411722 -0.013223741056002236],0.3
