L,J,Q,θ,ϕx,ϕy,ϕz,ndims,T,χ,dχdlogT,Λ
71,1.0,0.6180339887498949,0.4487989505128276,2.381329778023674,5.7218147897117015,5.417675661622122,2,0.0011721022975334804,[1.2838052390218548 0.0 0.0; 0.0 0.1507195353389803 -0.13407036126243177; 0.0 -0.13407036126243058 0.15951542791133547],[-0.2601510769315787 0.0 0.0; 0.0 -0.01726202548549974 0.015347231878482265; 0.0 0.015347231878482182 -0.022300026775347953],0.3
