L,J,Q,θ,μ,ϕx,ϕy,ϕz,ndims,T,χ,dχdlogT,Λ
71,0.0,0.6180339887498949,0.4487989505128276,0.75,0.8651877410637341,5.60382759600108,0.051235859328841206,2,7.27895384398315,[0.003249765031421985 0.0 0.0; 0.0 0.0012995172761997471 -0.0010550063315957283; 0.0 -0.0010550063315957283 0.0012769142418375106],[-0.003249454314568517 0.0 0.0; 0.0 -0.0012993902389933502 0.001054905135072915; 0.0 0.001054905135072915 -0.0012767934918508394],0.3
