L,J,Q,θ,μ,ϕx,ϕy,ϕz,ndims,T,χ,dχdlogT,Λ
71,2.0,0.6180339887498949,0.4487989505128276,0.25,0.04794858829728465,2.3412264847098085,5.747630452081085,2,2.807216203941177,[0.009977873028577802 0.0 0.0; 0.0 0.0011905371571267417 -0.00111636731458743; 0.0 -0.0011163673145874202 0.0011905243565092035],[-0.009970620608089684 0.0 0.0; 0.0 -0.0011893351759224974 0.0011152492707562703; 0.0 0.001115249270756261 -0.0011893223949263117],0.3
