L,J,Q,θ,ϕx,ϕy,ϕz,ndims,T,χ,dχdlogT,Λ
71,2.0,0.6180339887498949,0.4487989505128276,3.0959974108403223,1.2556741887045844,5.690103367459748,2,3.856620421163471,[0.008023169620807501 0.0 0.0; 0.0 0.0010358500968846937 -0.0009815303155742139; 0.0 -0.0009815303155742145 0.0010358558490883068],[-0.0080211368628699 0.0 0.0; 0.0 -0.0010355089052073213 0.0009812089732188568; 0.0 0.0009812089732188283 -0.0010355146420025607],0.3
