L,J,Q,θ,μ,ϕx,ϕy,ϕz,ndims,T,χ,dχdlogT,Λ
71,1.0,0.6180339887498949,0.4487989505128276,0.375,6.269259794128315,0.765299952466832,5.852277874936172,2,0.0013738237958832624,[0.5860745749547038 0.0 0.0; 0.0 0.0699519673164055 -0.05670867835746376; 0.0 -0.05670867835746294 0.06892731450518008],[-0.03360532460890577 0.0 0.0; 0.0 -0.00048353416972623197 -3.927764589375114e-5; 0.0 -3.9277645893753483e-5 -7.250927226816219e-5],0.3
