L,J,Q,θ,μ,ϕx,ϕy,ϕz,ndims,T,χ,dχdlogT,Λ
71,2.0,0.6180339887498949,0.4487989505128276,0.25,0.8651877410637341,5.60382759600108,0.051235859328841206,2,0.2212216291070449,[0.1198379126493003 0.0 0.0; 0.0 0.013991631166973901 -0.013124643623745207; 0.0 -0.013124643623744896 0.013987479710371535],[-0.10802512998701938 0.0 0.0; 0.0 -0.01208407044290315 0.011347725565791202; 0.0 0.011347725565790414 -0.012080906123207197],0.3
