L,J,Q,θ,μ,ϕx,ϕy,ϕz,ndims,T,χ,dχdlogT,Λ
71,4.0,0.6180339887498949,0.4487989505128276,0.15,0.04794858829728465,2.3412264847098085,5.747630452081085,2,0.7880462815669912,[0.02538780492446362 0.0 0.0; 0.0 0.0030510227642909895 -0.0028502334324645756; 0.0 -0.002850233432464577 0.003061788431556358],[-0.02519016409656086 0.0 0.0; 0.0 -0.0030236195180625967 0.002825600299147387; 0.0 0.0028256002991473707 -0.003034126919936599],0.3
