L,J,Q,θ,ϕx,ϕy,ϕz,ndims,T,χ,dχdlogT,Λ
71,2.0,0.6180339887498949,0.4487989505128276,3.5144868998921113,0.2525105177700184,5.203106117624585,2,2.043359717856942,[0.01513795367592249 0.0 0.0; 0.0 0.001954244480297198 -0.0018517098412167297; 0.0 -0.0018517098412167308 0.0019541120097695554],[-0.015124309058149389 0.0 0.0; 0.0 -0.001951953991621568 0.0018495528341538913; 0.0 0.0018495528341539293 -0.0019518220096245245],0.3
