L,J,Q,θ,μ,ϕx,ϕy,ϕz,ndims,T,χ,dχdlogT,Λ
71,0.2,0.6180339887498949,0.4487989505128276,0.625,1.7372020569887296,3.577781000938902,1.9844189455036316,2,2.043359717856942,[0.011958414947211591 0.0 0.0; 0.0 0.004106443129706313 -0.0035319362278847205; 0.0 -0.0035319362278847214 0.004110105031812228],[-0.011944562221307744 0.0 0.0; 0.0 -0.004100751711767125 0.0035268886613008593; 0.0 0.003526888661300859 -0.004104392725332728],0.3
