L,J,Q,θ,ϕx,ϕy,ϕz,ndims,T,χ,dχdlogT,Λ
71,2.0,0.6180339887498949,0.4487989505128276,0.36523718829088186,3.059818025414653,4.598283914938706,2,1.4873521072935114,[0.02078857202439769 0.0 0.0; 0.0 0.002682873324613883 -0.0025423687452837576; 0.0 -0.002542368745283746 0.0026832748576796133],[-0.020753262514827786 0.0 0.0; 0.0 -0.0026769488400988067 0.0025367878113160412; 0.0 0.002536787811315995 -0.0026773477322274944],0.3
