L,J,Q,θ,μ,ϕx,ϕy,ϕz,ndims,T,χ,dχdlogT,Λ
71,0.7,0.6180339887498949,0.4487989505128276,0.4411764705882353,3.3269338046378176,0.30106851053895584,3.891592634817262,2,5.298316906283709,[0.004904330868786833 0.0 0.0; 0.0 0.0006676865892760077 -0.0005557874539766122; 0.0 -0.0005557874539766126 0.000670383670557821],[-0.004903497477250732 0.0 0.0; 0.0 -0.0006675586056320809 0.0005556760382629064; 0.0 0.000555676038262906 -0.0006702542467093368],0.3
