L,J,Q,θ,μ,ϕx,ϕy,ϕz,ndims,T,χ,dχdlogT,Λ
71,0.2,0.6180339887498949,0.4487989505128276,0.625,5.544644893954966,2.702600987319356,4.29023278526643,2,1.4873521072935114,[0.016387080600342135 0.0 0.0; 0.0 0.005619609844307151 -0.004840919272714053; 0.0 -0.004840919272714054 0.005638184420584448],[-0.01635144674255819 0.0 0.0; 0.0 -0.005604996627491396 0.004827909867863963; 0.0 0.004827909867863964 -0.005623438660632189],0.3
