L,J,Q,θ,ϕx,ϕy,ϕz,ndims,T,χ,dχdlogT,Λ
71,4.0,0.6180339887498949,0.4487989505128276,0.45485070422243523,2.5319649035331926,4.952427249816695,2,1.4873521072935114,[0.013724245856621558 0.0 0.0; 0.0 0.0016606735271537936 -0.0015644492383354745; 0.0 -0.0015644492383354589 0.001662815406067051],[-0.013697862430716893 0.0 0.0; 0.0 -0.0016573249043673004 0.0015614603602019754; 0.0 0.0015614603602019659 -0.0016594595335901853],0.3
