L,J,Q,θ,ϕx,ϕy,ϕz,ndims,T,χ,dχdlogT,Λ
71,0.0,0.6180339887498949,0.4487989505128276,0.04307574063236956,1.4243585509553534,2.650856197035276,2,1.0826367338740543,[0.034158503856852686 0.0 0.0; 0.0 0.020932285478093234 -0.020814276799511942; 0.0 -0.02081427679951194 0.020907436323581902],[-0.03403899718326684 0.0 0.0; 0.0 -0.02086300745672328 0.020745906999014706; 0.0 0.020745906999014706 -0.020838465459272808],0.3
