L,J,Q,θ,μ,ϕx,ϕy,ϕz,ndims,T,χ,dχdlogT,Λ
71,4.0,0.6180339887498949,0.4487989505128276,0.15,6.269259794128315,0.765299952466832,5.852277874936172,2,0.16102620275609392,[0.11463448441917426 0.0 0.0; 0.0 0.013589633365304376 -0.01269990705813585; 0.0 -0.01269990705813593 0.01355459574359467],[-0.09814094038243379 0.0 0.0; 0.0 -0.011358192983558195 0.010698229522230956; 0.0 0.010698229522230695 -0.01133709663669377],0.3
