L,J,Q,θ,μ,ϕx,ϕy,ϕz,ndims,T,χ,dχdlogT,Λ
71,2.0,0.6180339887498949,0.4487989505128276,0.25,0.04794858829728465,2.3412264847098085,5.747630452081085,2,1.4873521072935114,[0.018814653513477525 0.0 0.0; 0.0 0.002244109970725623 -0.00210432489561967; 0.0 -0.0021043248956196677 0.0022440858582798004],[-0.018766080576293583 0.0 0.0; 0.0 -0.0022360633172049393 0.0020968399172538927; 0.0 0.0020968399172538433 -0.0022360393360744153],0.3
