L,J,Q,θ,μ,ϕx,ϕy,ϕz,ndims,T,χ,dχdlogT,Λ
71,0.7,0.6180339887498949,0.4487989505128276,0.4411764705882353,1.8736324060542973,1.8275696295069044,5.811390459970529,2,0.06210169418915616,[0.29750247161847654 0.0 0.0; 0.0 0.03944082093094107 -0.032389613845175004; 0.0 -0.032389613845175 0.039380454382601356],[-0.17672286842961935 0.0 0.0; 0.0 -0.02295452130623034 0.018534098590412496; 0.0 0.01853409859041248 -0.022959787188946215],0.3
