L,J,Q,θ,μ,ϕx,ϕy,ϕz,ndims,T,χ,dχdlogT,Λ
71,4.0,0.6180339887498949,0.4487989505128276,0.15,1.071075307057084,0.8392702853433741,3.9271510690544,2,0.001,[0.8750046028942791 0.0 0.0; 0.0 0.08241931073346845 -0.08131058626899199; 0.0 -0.08131058626899157 0.08619730546204626],[-0.26853150770939127 0.0 0.0; 0.0 -0.02437228171948091 0.025104512947151172; 0.0 0.02510451294715127 -0.02681347928087203],0.3
