L,J,Q,θ,ϕx,ϕy,ϕz,ndims,T,χ,dχdlogT,Λ
71,4.0,0.6180339887498949,0.4487989505128276,0.04307574063236956,1.4243585509553534,2.650856197035276,2,0.003562247890262444,[0.808529805597259 0.0 0.0; 0.0 0.10056828130113983 -0.09845456850183819; 0.0 -0.09845456850183697 0.10063114976180909],[-0.22284138328705147 0.0 0.0; 0.0 -0.02883912984024844 0.028701358614383284; 0.0 0.028701358614383197 -0.028998818119114214],0.3
