L,J,Q,θ,ϕx,ϕy,ϕz,ndims,T,χ,dχdlogT,Λ
71,0.2,0.6180339887498949,0.4487989505128276,0.04307574063236956,1.4243585509553534,2.650856197035276,2,0.06210169418915616,[0.44214792594492897 0.0 0.0; 0.0 0.22204677985675103 -0.22080519190022332; 0.0 -0.22080519190022332 0.22193961960140846],[-0.2848534746230594 0.0 0.0; 0.0 -0.14049242172730003 0.140101572696404; 0.0 0.14010157269640403 -0.14048130268616676],0.3
