L,J,Q,θ,μ,ϕx,ϕy,ϕz,ndims,T,χ,dχdlogT,Λ
71,0.0,0.6180339887498949,0.4487989505128276,0.75,6.269259794128315,0.765299952466832,5.852277874936172,2,0.006723357536499335,[0.6095598707015583 0.0 0.0; 0.0 0.24354773931522544 -0.19892897248231178; 0.0 -0.19892897248231178 0.24071061943893646],[-0.15703517680559745 0.0 0.0; 0.0 -0.06403228946948632 0.0500340725310913; 0.0 0.0500340725310913 -0.05812110935719359],0.3
