L,J,Q,θ,μ,ϕx,ϕy,ϕz,ndims,T,χ,dχdlogT,Λ
71,0.0,0.6180339887498949,0.4487989505128276,0.75,0.04794858829728465,2.3412264847098085,5.747630452081085,2,0.002592943797404667,[0.7378435020492957 0.0 0.0; 0.0 0.2659466706684736 -0.21328392368217344; 0.0 -0.21328392368217342 0.2655651960955393],[-0.1104700653926943 0.0 0.0; 0.0 -0.02638225243231566 0.01842178173421171; 0.0 0.018421781734211704 -0.02597670139216404],0.3
