L,J,Q,θ,ϕx,ϕy,ϕz,ndims,T,χ,dχdlogT,Λ
71,4.0,0.6180339887498949,0.4487989505128276,0.04307574063236956,1.4243585509553534,2.650856197035276,2,3.856620421163471,[0.005245849121759969 0.0 0.0; 0.0 0.0006350798907733962 -0.0005975958344363219; 0.0 -0.0005975958344363118 0.0006342458319456202],[-0.005244381151684443 0.0 0.0; 0.0 -0.0006348941225881309 0.0005974308639153995; 0.0 0.0005974308639153962 -0.0006340609167732879],0.3
