L,J,Q,θ,μ,ϕx,ϕy,ϕz,ndims,T,χ,dχdlogT,Λ
71,1.0,0.6180339887498949,0.4487989505128276,0.375,2.293346086788642,6.076104918668007,3.1639999693783416,2,2.807216203941177,[0.00842401334912465 0.0 0.0; 0.0 0.0010430124662789845 -0.000877673725185593; 0.0 -0.0008776737251856012 0.0010435190553817345],[-0.008418322024004627 0.0 0.0; 0.0 -0.0010422902826400264 0.0008770369026624378; 0.0 0.0008770369026624364 -0.0010427955392780506],0.3
