L,J,Q,θ,ϕx,ϕy,ϕz,ndims,T,χ,dχdlogT,Λ
71,0.2,0.6180339887498949,0.4487989505128276,2.2727838634578985,4.701883349946189,4.517993212414445,2,0.03290344562312668,[0.4386269755003263 0.0 0.0; 0.0 0.14876910955896136 -0.13882595201381928; 0.0 -0.1388259520138193 0.14857285147303473],[-0.18229481092898855 0.0 0.0; 0.0 -0.05272669322655113 0.04876007719558826; 0.0 0.04876007719558824 -0.05268084898432163],0.3
