L,J,Q,θ,μ,ϕx,ϕy,ϕz,ndims,T,χ,dχdlogT,Λ
71,20.0,0.6180339887498949,0.4487989505128276,0.75,0.7574572807337386,5.59004872074335,3.7455520589211577,2,0.5736152510448679,[0.009700569813312918 0.0 0.0; 0.0 0.0003007469841491797 -7.937624616574647e-5; 0.0 -7.937624616574655e-5 0.0002919088711669371],[-0.009564508585798107 0.0 0.0; 0.0 -0.00029593478069458616 7.879526738551253e-5; 0.0 7.879526738551253e-5 -0.0002875832645636053],0.3
