L,J,Q,θ,μ,ϕx,ϕy,ϕz,ndims,T,χ,dχdlogT,Λ
71,0.2,0.6180339887498949,0.4487989505128276,0.625,5.544644893954966,2.702600987319356,4.29023278526643,2,0.06210169418915616,[0.27832684469609115 0.0 0.0; 0.0 0.08955456598563998 -0.07618510000340264; 0.0 -0.07618510000340264 0.08972993116410018],[-0.1603364602261675 0.0 0.0; 0.0 -0.04498613505764792 0.03719233196076905; 0.0 0.03719233196076905 -0.04499267210538507],0.3
