L,J,Q,θ,μ,ϕx,ϕy,ϕz,ndims,T,χ,dχdlogT,Λ
71,20.0,0.6180339887498949,0.4487989505128276,0.75,3.742488659768443,2.653889680062671,5.7682237110213395,2,0.003562247890262444,[0.16255137528387767 0.0 0.0; 0.0 0.005198939753361775 -0.0022790802407163684; 0.0 -0.002279080240716371 0.004231022588084112],[-0.03288139561246799 0.0 0.0; 0.0 -0.0013914148904291023 0.0005302739971866836; 0.0 0.0005302739971866831 -0.00035319510207620653],0.3
