L,J,Q,θ,μ,ϕx,ϕy,ϕz,ndims,T,χ,dχdlogT,Λ
71,0.7,0.6180339887498949,0.4487989505128276,0.4411764705882353,0.9080487978982934,6.045819004612462,5.895824398121898,2,0.0853167852417281,[0.24298724117734138 0.0 0.0; 0.0 0.03246453606019379 -0.026747777866880568; 0.0 -0.02674777786688057 0.03240581152396838],[-0.1674150474643401 0.0 0.0; 0.0 -0.021781763551829054 0.017685503234527694; 0.0 0.017685503234527715 -0.02176427397670001],0.3
