L,J,Q,θ,μ,ϕx,ϕy,ϕz,ndims,T,χ,dχdlogT,Λ
71,20.0,0.6180339887498949,0.4487989505128276,0.75,5.364407606511341,0.15268198253609977,4.970664815045906,2,0.5736152510448679,[0.009694847007468949 0.0 0.0; 0.0 0.00031481108771541107 -5.740092636761508e-5; 0.0 -5.740092636761504e-5 0.00037273246213004476],[-0.009547666576575681 0.0 0.0; 0.0 -0.0003097960072809515 5.705082281662166e-5; 0.0 5.7050822816621706e-5 -0.0003675948334335714],0.3
