L,J,Q,θ,μ,ϕx,ϕy,ϕz,ndims,T,χ,dχdlogT,Λ
71,0.2,0.6180339887498949,0.4487989505128276,0.625,5.800516426017421,4.364700539386552,4.5337704486656465,2,1.4873521072935114,[0.016420281813135235 0.0 0.0; 0.0 0.005646415854228674 -0.00484269216317692; 0.0 -0.00484269216317692 0.005621558469766765],[-0.016384364991140685 0.0 0.0; 0.0 -0.00563157931699847 0.00482964451394783; 0.0 0.004829644513947831 -0.005606910596525342],0.3
