L,J,Q,θ,μ,ϕx,ϕy,ϕz,ndims,T,χ,dχdlogT,Λ
71,0.0,0.6180339887498949,0.4487989505128276,0.75,1.8736324060542973,1.8275696295069044,5.811390459970529,2,5.298316906283709,[0.004529919840440053 0.0 0.0; 0.0 0.0018100955629983158 -0.001461743061519636; 0.0 -0.0014617430615196352 0.0017660284495366835],[-0.004529080835419283 0.0 0.0; 0.0 -0.001809753342496243 0.0014614745472470104; 0.0 0.0014614745472470107 -0.0017657096123387035],0.3
