L,J,Q,θ,μ,ϕx,ϕy,ϕz,ndims,T,χ,dχdlogT,Λ
71,2.0,0.6180339887498949,0.4487989505128276,0.25,0.04794858829728465,2.3412264847098085,5.747630452081085,2,0.009236708571873866,[0.7187059270760517 0.0 0.0; 0.0 0.0569362205750684 -0.053623765860242256; 0.0 -0.05362376586024156 0.05693601071012846],[-0.2394316343781291 0.0 0.0; 0.0 -0.011376987893049311 0.010780467552688803; 0.0 0.010780467552688553 -0.011377014514441999],0.3
