L,J,Q,θ,μ,ϕx,ϕy,ϕz,ndims,T,χ,dχdlogT,Λ
71,0.7,0.6180339887498949,0.4487989505128276,0.4411764705882353,3.229067569863798,0.3299713717630845,4.499184084023956,2,0.002592943797404667,[0.8899438060350201 0.0 0.0; 0.0 0.10591548258746622 -0.08179628903576504; 0.0 -0.08179628903576504 0.10688870168589086],[-0.16668335439626591 0.0 0.0; 0.0 -0.011792723854386651 0.005788589588383026; 0.0 0.005788589588383024 -0.011616628523249335],0.3
