L,J,Q,θ,μ,ϕx,ϕy,ϕz,ndims,T,χ,dχdlogT,Λ
71,0.7,0.6180339887498949,0.4487989505128276,0.4411764705882353,6.213002473495444,3.971498822793594,5.8927351282100755,2,10.0,[0.002563915970308994 0.0 0.0; 0.0 0.0003459985322397163 -0.0002879716448519687; 0.0 -0.0002879716448519686 0.0003469677691127276],[-0.0025637971136450205 0.0 0.0; 0.0 -0.0003459807920163965 0.0002879561785474587; 0.0 0.0002879561785474583 -0.0003469498884926169],0.3
