L,J,Q,θ,μ,ϕx,ϕy,ϕz,ndims,T,χ,dχdlogT,Λ
71,1.0,0.6180339887498949,0.4487989505128276,0.375,3.7575222882233583,5.692680470554446,6.224026549332305,2,10.0,[0.0023506621851876416 0.0 0.0; 0.0 0.0002890418205346449 -0.00024265163161868653; 0.0 -0.0002426516316186811 0.0002889788436257088],[-0.002350538436773249 0.0 0.0; 0.0 -0.0002890263847441445 0.00024263808822573189; 0.0 0.0002426380882257303 -0.00028896341802756064],0.3
