L,J,Q,θ,μ,ϕx,ϕy,ϕz,ndims,T,χ,dχdlogT,Λ
71,0.2,0.6180339887498949,0.4487989505128276,0.625,3.229067569863798,0.3299713717630845,4.499184084023956,2,0.16102620275609392,[0.14013026533246853 0.0 0.0; 0.0 0.04757148049895635 -0.04064674761339257; 0.0 -0.04064674761339256 0.04719459306148186],[-0.1198997853917401 0.0 0.0; 0.0 -0.03933640421820166 0.03344377691420328; 0.0 0.03344377691420326 -0.03912825159411218],0.3
