L,J,Q,θ,μ,ϕx,ϕy,ϕz,ndims,T,χ,dχdlogT,Λ
71,1.0,0.6180339887498949,0.4487989505128276,0.375,0.9080487978982934,6.045819004612462,5.895824398121898,2,0.0853167852417281,[0.2161281843344486 0.0 0.0; 0.0 0.02658337543422618 -0.022129054106358768; 0.0 -0.02212905410635798 0.026632563787926545],[-0.13999952363136817 0.0 0.0; 0.0 -0.017780844104139472 0.014601961002190736; 0.0 0.014601961002190305 -0.017787920086301607],0.3
