L,J,Q,θ,μ,ϕx,ϕy,ϕz,ndims,T,χ,dχdlogT,Λ
71,2.0,0.6180339887498949,0.4487989505128276,0.25,1.7372020569887296,3.577781000938902,1.9844189455036316,2,0.01268961003167922,[0.6424829219376369 0.0 0.0; 0.0 0.05316401949011246 -0.050048720949714645; 0.0 -0.05004872094971509 0.053161490232007995],[-0.23885439754817295 0.0 0.0; 0.0 -0.01232362594442381 0.011672015616316709; 0.0 0.011672015616316382 -0.012323506503083911],0.3
