L,J,Q,θ,ϕx,ϕy,ϕz,ndims,T,χ,dχdlogT,Λ
71,0.2,0.6180339887498949,0.4487989505128276,2.381329778023674,5.7218147897117015,5.417675661622122,2,0.1373823795883263,[0.18693197774000891 0.0 0.0; 0.0 0.06905785888514702 -0.06481236438619972; 0.0 -0.06481236438619974 0.06909356133144581],[-0.15142882775573885 0.0 0.0; 0.0 -0.05349185333326937 0.05005670017037393; 0.0 0.0500567001703739 -0.05350793198182811],0.3
