L,J,Q,θ,μ,ϕx,ϕy,ϕz,ndims,T,χ,dχdlogT,Λ
71,0.0,0.6180339887498949,0.4487989505128276,0.75,1.7372020569887296,3.577781000938902,1.9844189455036316,2,7.27895384398315,[0.0032088914142436556 0.0 0.0; 0.0 0.0013062739768037713 -0.0010714423218470743; 0.0 -0.0010714423218470743 0.0012988471622501557],[-0.0032085924650258196 0.0 0.0; 0.0 -0.0013061453082915625 0.0010713365289731836; 0.0 0.0010713365289731836 -0.001298720405426432],0.3
