L,J,Q,θ,μ,ϕx,ϕy,ϕz,ndims,T,χ,dχdlogT,Λ
71,0.2,0.6180339887498949,0.4487989505128276,0.625,3.229067569863798,0.3299713717630845,4.499184084023956,2,0.017433288221999882,[0.48288433758175714 0.0 0.0; 0.0 0.14237640590922082 -0.11871576622908836; 0.0 -0.11871576622908829 0.1419512530951337],[-0.16304519269866707 0.0 0.0; 0.0 -0.04081882297545143 0.03275556924541951; 0.0 0.03275556924541953 -0.040815840174198155],0.3
