L,J,Q,θ,μ,ϕx,ϕy,ϕz,ndims,T,χ,dχdlogT,Λ
71,0.2,0.6180339887498949,0.4487989505128276,0.625,0.9080487978982934,6.045819004612462,5.895824398121898,2,0.02395026619987486,[0.4307267696360657 0.0 0.0; 0.0 0.12839698997115231 -0.10735959681987346; 0.0 -0.10735959681987348 0.12803333013217227],[-0.15940287787060448 0.0 0.0; 0.0 -0.0401712220063512 0.03191171741738981; 0.0 0.03191171741738983 -0.03936601613063259],0.3
