L,J,Q,θ,μ,ϕx,ϕy,ϕz,ndims,T,χ,dχdlogT,Λ
71,2.0,0.6180339887498949,0.4487989505128276,0.25,3.229067569863798,0.3299713717630845,4.499184084023956,2,0.7880462815669912,[0.03533179188934992 0.0 0.0; 0.0 0.004203611019592468 -0.003942008093077268; 0.0 -0.003942008093077306 0.004204114446880337],[-0.035011125115205065 0.0 0.0; 0.0 -0.00415060743123077 0.0038926950738921214; 0.0 0.003892695073892172 -0.0041510982622699096],0.3
