L,J,Q,θ,μ,ϕx,ϕy,ϕz,ndims,T,χ,dχdlogT,Λ
71,1.0,0.6180339887498949,0.4487989505128276,0.375,3.7575222882233583,5.692680470554446,6.224026549332305,2,1.4873521072935114,[0.015785996651505107 0.0 0.0; 0.0 0.0019410435238044466 -0.0016294263295718267; 0.0 -0.0016294263295718425 0.0019406216169967992],[-0.0157485631866072 0.0 0.0; 0.0 -0.001936375772787358 0.0016253313676584604; 0.0 0.0016253313676584432 -0.0019359569428230063],0.3
