L,J,Q,θ,ϕx,ϕy,ϕz,ndims,T,χ,dχdlogT,Λ
71,0.2,0.6180339887498949,0.4487989505128276,2.2727838634578985,4.701883349946189,4.517993212414445,2,0.01268961003167922,[0.6077554019890475 0.0 0.0; 0.0 0.19974045882449923 -0.18620110679067758; 0.0 -0.18620110679067758 0.19954332223269192],[-0.17369672553147913 0.0 0.0; 0.0 -0.05500693666607955 0.051548679578987434; 0.0 0.051548679578987434 -0.05533063393579649],0.3
