L,J,Q,θ,μ,ϕx,ϕy,ϕz,ndims,T,χ,dχdlogT,Λ
71,0.2,0.6180339887498949,0.4487989505128276,0.625,1.7372020569887296,3.577781000938902,1.9844189455036316,2,2.807216203941177,[0.008706846857385151 0.0 0.0; 0.0 0.0029900354982728373 -0.00257174434059154; 0.0 -0.0025717443405915393 0.002992704559387767],[-0.008701498163034074 0.0 0.0; 0.0 -0.0029878378226655612 0.0025697952528558297; 0.0 0.002569795252855831 -0.0029904988048754153],0.3
