L,J,Q,θ,μ,ϕx,ϕy,ϕz,ndims,T,χ,dχdlogT,Λ
71,4.0,0.6180339887498949,0.4487989505128276,0.15,5.544644893954966,2.702600987319356,4.29023278526643,2,0.0853167852417281,[0.18900582072450792 0.0 0.0; 0.0 0.02194635469796493 -0.020657646771249424; 0.0 -0.02065764677124983 0.022013770590792202],[-0.12678899646871186 0.0 0.0; 0.0 -0.013854264058820714 0.013272151095045523; 0.0 0.013272151095045844 -0.013867945604711723],0.3
