L,J,Q,θ,ϕx,ϕy,ϕz,ndims,T,χ,dχdlogT,Λ
71,0.7,0.6180339887498949,0.4487989505128276,4.471964403030754,4.359706597246151,2.8899932201261898,2,0.04520353656360243,[0.41809943581057774 0.0 0.0; 0.0 0.06893441248922096 -0.06208812936315543; 0.0 -0.062088129363155525 0.06895878456542542],[-0.21369569756452397 0.0 0.0; 0.0 -0.02732509018405376 0.023532558845441594; 0.0 0.023532558845441587 -0.027327059979861523],0.3
