L,J,Q,θ,μ,ϕx,ϕy,ϕz,ndims,T,χ,dχdlogT,Λ
71,1.0,0.6180339887498949,0.4487989505128276,0.375,3.7575222882233583,5.692680470554446,6.224026549332305,2,3.856620421163471,[0.006094216977747217 0.0 0.0; 0.0 0.0007493546967952676 -0.0006290815823773577; 0.0 -0.0006290815823773547 0.000749191476805807],[-0.006092060948681145 0.0 0.0; 0.0 -0.0007490857753196916 0.0006288456341201587; 0.0 0.0006288456341201531 -0.0007489227328611133],0.3
