L,J,Q,θ,ϕx,ϕy,ϕz,ndims,T,χ,dχdlogT,Λ
71,0.0,0.6180339887498949,0.4487989505128276,5.986913330920314,4.472633643426998,2.4841246518064026,2,0.0013738237958832624,[1.3368486304049496 0.0 0.0; 0.0 1.024452142595164 -1.0230179437825642; 0.0 -1.0230179437825642 1.0242854572789855],[-0.12912103204332354 0.0 0.0; 0.0 -0.12881044177453635 0.1288094794739106; 0.0 0.1288094794739106 -0.1288088081155046],0.3
