L,J,Q,θ,μ,ϕx,ϕy,ϕz,ndims,T,χ,dχdlogT,Λ
71,4.0,0.6180339887498949,0.4487989505128276,0.15,5.800516426017421,4.364700539386552,4.5337704486656465,2,0.006723357536499335,[0.5556595903857396 0.0 0.0; 0.0 0.05816522451487962 -0.05580953418180379; 0.0 -0.05580953418180458 0.05818016471607174],[-0.18382268967392804 0.0 0.0; 0.0 -0.018375366992528445 0.01806016587243876; 0.0 0.018060165872439003 -0.018477534467413584],0.3
