L,J,Q,θ,μ,ϕx,ϕy,ϕz,ndims,T,χ,dχdlogT,Λ
71,4.0,0.6180339887498949,0.4487989505128276,0.15,3.7575222882233583,5.692680470554446,6.224026549332305,2,1.0826367338740543,[0.018650168586867875 0.0 0.0; 0.0 0.002242067580649006 -0.0020828183334087964; 0.0 -0.0020828183334087834 0.002230453752744339],[-0.018571603823896422 0.0 0.0; 0.0 -0.002231175045576377 0.0020731882710815315; 0.0 0.002073188271081551 -0.0022197456952820723],0.3
