L,J,Q,θ,ϕx,ϕy,ϕz,ndims,T,χ,dχdlogT,Λ
71,0.7,0.6180339887498949,0.4487989505128276,5.986913330920314,4.472633643426998,2.4841246518064026,2,0.30391953823131973,[0.11058305464786664 0.0 0.0; 0.0 0.022662518327309294 -0.021921844257320158; 0.0 -0.02192184425732016 0.022743006427964473],[-0.1055461375320802 0.0 0.0; 0.0 -0.021960206012097857 0.021279095312267404; 0.0 0.02127909531226742 -0.022028942595430204],0.3
