L,J,Q,θ,μ,ϕx,ϕy,ϕz,ndims,T,χ,dχdlogT,Λ
71,0.2,0.6180339887498949,0.4487989505128276,0.625,6.269259794128315,0.765299952466832,5.852277874936172,2,0.0853167852417281,[0.22696039497242246 0.0 0.0; 0.0 0.07340963910723203 -0.06237747703924535; 0.0 -0.06237747703924533 0.07323109620598976],[-0.15394696556299942 0.0 0.0; 0.0 -0.04594978191958564 0.03843646886449592; 0.0 0.03843646886449593 -0.045884079714397084],0.3
