L,J,Q,θ,μ,ϕx,ϕy,ϕz,ndims,T,χ,dχdlogT,Λ
71,4.0,0.6180339887498949,0.4487989505128276,0.15,5.544644893954966,2.702600987319356,4.29023278526643,2,0.0013738237958832624,[0.8891397307713244 0.0 0.0; 0.0 0.09484479250667578 -0.09110837276780806; 0.0 -0.0911083727678082 0.09330687537429654],[-0.21283688767120507 0.0 0.0; 0.0 -0.023422646250100324 0.02192204160674881; 0.0 0.02192204160674852 -0.02118341000632918],0.3
