L,J,Q,θ,μ,ϕx,ϕy,ϕz,ndims,T,χ,dχdlogT,Λ
71,0.7,0.6180339887498949,0.4487989505128276,0.4411764705882353,0.9080487978982934,6.045819004612462,5.895824398121898,2,2.043359717856942,[0.012613564841032762 0.0 0.0; 0.0 0.0017185123318776503 -0.0014282863886069266; 0.0 -0.0014282863886069244 0.001714342303801011],[-0.012599406167284711 0.0 0.0; 0.0 -0.0017163394920486758 0.001426400853743878; 0.0 0.001426400853743877 -0.0017121818183392366],0.3
