L,J,Q,θ,ϕx,ϕy,ϕz,ndims,T,χ,dχdlogT,Λ
71,0.7,0.6180339887498949,0.4487989505128276,3.9641023528590744,2.5499163356582333,5.672185553248013,2,0.0853167852417281,[0.32790612788366735 0.0 0.0; 0.0 0.07122127059060386 -0.06917339831527157; 0.0 -0.06917339831527158 0.0711002706183631],[-0.23188984789887715 0.0 0.0; 0.0 -0.05634371825796046 0.055425042249452466; 0.0 0.055425042249452494 -0.05631821913961951],0.3
