L,J,Q,θ,ϕx,ϕy,ϕz,ndims,T,χ,dχdlogT,Λ
71,0.7,0.6180339887498949,0.4487989505128276,0.45485070422243523,2.5319649035331926,4.952427249816695,2,0.0013738237958832624,[1.7622865070203604 0.0 0.0; 0.0 0.5495635696932036 -0.5474446882490407; 0.0 -0.5474446882490407 0.5511207302850175],[-0.44934816732529426 0.0 0.0; 0.0 -0.1775111909253976 0.1784099722134124; 0.0 0.1784099722134124 -0.17946204830765242],0.3
