L,J,Q,θ,μ,ϕx,ϕy,ϕz,ndims,T,χ,dχdlogT,Λ
71,1.0,0.6180339887498949,0.4487989505128276,0.375,2.903410484666291,3.212012235175181,2.2022524608562097,2,0.004893900918477494,[0.5148241156642037 0.0 0.0; 0.0 0.06845685713063784 -0.056335982669195005; 0.0 -0.05633598266919493 0.06829573613582549],[-0.04686113800336181 0.0 0.0; 0.0 -0.0020029691682109515 0.0012738088140439258; 0.0 0.0012738088140439269 -0.0017047148568330674],0.3
