L,J,Q,θ,ϕx,ϕy,ϕz,ndims,T,χ,dχdlogT,Λ
71,0.0,0.6180339887498949,0.4487989505128276,2.552598146004643,0.8989916554124286,0.15699716845863185,2,0.009236708571873866,[0.6378353148865135 0.0 0.0; 0.0 0.29006094701516855 -0.2696222607917817; 0.0 -0.26962226079178175 0.2900306267033236],[-0.1737581390461453 0.0 0.0; 0.0 -0.08181514883210352 0.07632919207370689; 0.0 0.0763291920737069 -0.08173064539788652],0.3
