L,J,Q,θ,μ,ϕx,ϕy,ϕz,ndims,T,χ,dχdlogT,Λ
71,1.0,0.6180339887498949,0.4487989505128276,0.375,0.9080487978982934,6.045819004612462,5.895824398121898,2,0.01268961003167922,[0.45417446265363015 0.0 0.0; 0.0 0.06168061306055544 -0.05097713393550967; 0.0 -0.05097713393551001 0.06171544514730722],[-0.09510023764028637 0.0 0.0; 0.0 -0.013640709050772665 0.011131747885414071; 0.0 0.011131747885414135 -0.01358302501645559],0.3
