L,J,Q,θ,μ,ϕx,ϕy,ϕz,ndims,T,χ,dχdlogT,Λ
71,20.0,0.6180339887498949,0.4487989505128276,0.75,2.6164348359514444,6.167811691156104,0.8672789541312548,2,10.0,[0.0005256763273151085 0.0 0.0; 0.0 2.0937966504147314e-5 -2.2284394747893313e-6; 0.0 -2.2284394747893305e-6 2.2251240610024046e-5],[-0.0005256502887031768 0.0 0.0; 0.0 -2.0936713820310994e-5 2.228481692847342e-6; 0.0 2.228481692847342e-6 -2.2250162816310637e-5],0.3
