L,J,Q,θ,μ,ϕx,ϕy,ϕz,ndims,T,χ,dχdlogT,Λ
71,2.0,0.6180339887498949,0.4487989505128276,0.25,5.800516426017421,4.364700539386552,4.5337704486656465,2,0.006723357536499335,[0.7933264472464486 0.0 0.0; 0.0 0.06033093417785939 -0.056839961163404576; 0.0 -0.05683996116340439 0.06033210564995184],[-0.22845090347515648 0.0 0.0; 0.0 -0.009901536905376448 0.009373136955130824; 0.0 0.009373136955130765 -0.009901604512645547],0.3
