L,J,Q,θ,μ,ϕx,ϕy,ϕz,ndims,T,χ,dχdlogT,Λ
71,1.0,0.6180339887498949,0.4487989505128276,0.375,6.213002473495444,3.971498822793594,5.8927351282100755,2,0.009236708571873866,[0.47419295076663714 0.0 0.0; 0.0 0.0651600841351942 -0.053790087683378264; 0.0 -0.053790087683377764 0.06517944416703453],[-0.06418100951284626 0.0 0.0; 0.0 -0.008735575386948639 0.007138127493583748; 0.0 0.007138127493583822 -0.008841558994261657],0.3
