L,J,Q,θ,μ,ϕx,ϕy,ϕz,ndims,T,χ,dχdlogT,Λ
71,0.0,0.6180339887498949,0.4487989505128276,0.75,6.269259794128315,0.765299952466832,5.852277874936172,2,0.11721022975334802,[0.1767217974582367 0.0 0.0; 0.0 0.07042367382996663 -0.05706916556766858; 0.0 -0.05706916556766856 0.06909137826243854],[-0.13528389505790986 0.0 0.0; 0.0 -0.05363758485837272 0.043720940226766876; 0.0 0.04372094022676688 -0.05311414239612671],0.3
