L,J,Q,θ,μ,ϕx,ϕy,ϕz,ndims,T,χ,dχdlogT,Λ
71,0.2,0.6180339887498949,0.4487989505128276,0.625,1.8736324060542973,1.8275696295069044,5.811390459970529,2,7.27895384398315,[0.003365588810683238 0.0 0.0; 0.0 0.0011314446876333133 -0.0009664527993965842; 0.0 -0.0009664527993965846 0.0011254765810224852],[-0.003365275141030352 0.0 0.0; 0.0 -0.0011313233242328693 0.0009663466439959133; 0.0 0.0009663466439959133 -0.0011253562186340532],0.3
