L,J,Q,θ,μ,ϕx,ϕy,ϕz,ndims,T,χ,dχdlogT,Λ
71,2.0,0.6180339887498949,0.4487989505128276,0.25,0.9080487978982934,6.045819004612462,5.895824398121898,2,0.009236708571873866,[0.7187059809809222 0.0 0.0; 0.0 0.05693766872703863 -0.05362804793156099; 0.0 -0.053628047931562346 0.05694419167955581],[-0.23943164769663047 0.0 0.0; 0.0 -0.011376689088547921 0.010780164203375754; 0.0 0.010780164203375827 -0.011376791339820754],0.3
