L,J,Q,θ,ϕx,ϕy,ϕz,ndims,T,χ,dχdlogT,Λ
71,4.0,0.6180339887498949,0.4487989505128276,2.381329778023674,5.7218147897117015,5.417675661622122,2,0.0011721022975334804,[0.7531080104185436 0.0 0.0; 0.0 0.07867050270583117 -0.0753468579111367; 0.0 -0.07534685791113696 0.0772170313491815],[-0.08970558745500251 0.0 0.0; 0.0 -0.0021860728962826933 0.001680427054229146; 0.0 0.0016804270542291435 -0.0014737823970794623],0.3
