L,J,Q,θ,ϕx,ϕy,ϕz,ndims,T,χ,dχdlogT,Λ
71,4.0,0.6180339887498949,0.4487989505128276,0.04307574063236956,1.4243585509553534,2.650856197035276,2,1.0826367338740543,[0.01865657497178051 0.0 0.0; 0.0 0.002258460135495835 -0.0021253635973887464; 0.0 -0.002125363597388721 0.0022555066429113288],[-0.018590754997501853 0.0 0.0; 0.0 -0.0022501318315583524 0.0021179665072291643; 0.0 0.002117966507229195 -0.0022472163419573112],0.3
