L,J,Q,θ,μ,ϕx,ϕy,ϕz,ndims,T,χ,dχdlogT,Λ
71,0.7,0.6180339887498949,0.4487989505128276,0.4411764705882353,5.800516426017421,4.364700539386552,4.5337704486656465,2,0.0018873918221350976,[0.9464442065568591 0.0 0.0; 0.0 0.10806554511387828 -0.08198939090692635; 0.0 -0.08198939090692638 0.10927733780169462],[-0.180138286004611 0.0 0.0; 0.0 -0.01078893490191984 0.0040040573255431455; 0.0 0.00400405732554315 -0.009946827578212634],0.3
