L,J,Q,θ,μ,ϕx,ϕy,ϕz,ndims,T,χ,dχdlogT,Λ
71,20.0,0.6180339887498949,0.4487989505128276,0.75,4.2314893241446905,1.714712625531967,2.880510870893315,2,0.11721022975334802,[0.04303744614461726 0.0 0.0; 0.0 0.0014846074526852406 -0.00036856961145922555; 0.0 -0.00036856961145922566 0.0011702199445673082],[-0.03456055644793797 0.0 0.0; 0.0 -0.0011426345323047088 0.000311959613850256; 0.0 0.00031195961385025556 -0.0008953130517935046],0.3
