L,J,Q,θ,μ,ϕx,ϕy,ϕz,ndims,T,χ,dχdlogT,Λ
71,1.0,0.6180339887498949,0.4487989505128276,0.375,0.5445839982573631,0.15541366388987202,5.862067558531531,2,7.27895384398315,[0.003229319926933777 0.0 0.0; 0.0 0.000397099135488251 -0.0003323119201991384; 0.0 -0.0003323119201991409 0.0003966140332701455],[-0.0032289985034589723 0.0 0.0; 0.0 -0.0003970590884313435 0.0003322770658602086; 0.0 0.00033227706586020744 -0.0003965741129328867],0.3
