L,J,Q,θ,μ,ϕx,ϕy,ϕz,ndims,T,χ,dχdlogT,Λ
71,0.2,0.6180339887498949,0.4487989505128276,0.625,1.8736324060542973,1.8275696295069044,5.811390459970529,2,0.5736152510448679,[0.04239459491195892 0.0 0.0; 0.0 0.0142363470523119 -0.01215786986280143; 0.0 -0.012157869862801433 0.014161623467451515],[-0.04177384425996869 0.0 0.0; 0.0 -0.013996249770434656 0.011947907986316597; 0.0 0.011947907986316595 -0.013923542767970731],0.3
