L,J,Q,θ,ϕx,ϕy,ϕz,ndims,T,χ,dχdlogT,Λ
71,0.7,0.6180339887498949,0.4487989505128276,5.572117758521282,4.729888087704749,1.3488104122557083,2,0.004893900918477494,[0.8947579375178806 0.0 0.0; 0.0 0.11729836734376436 -0.10158805147110171; 0.0 -0.10158805147110173 0.11588804063942654],[-0.21777319537106107 0.0 0.0; 0.0 -0.020858642900468547 0.015954089475195186; 0.0 0.015954089475195173 -0.01839772644258847],0.3
