L,J,Q,θ,μ,ϕx,ϕy,ϕz,ndims,T,χ,dχdlogT,Λ
71,4.0,0.6180339887498949,0.4487989505128276,0.15,5.800516426017421,4.364700539386552,4.5337704486656465,2,0.002592943797404667,[0.7430672137498201 0.0 0.0; 0.0 0.07793968440629212 -0.07542044714391477; 0.0 -0.07542044714391423 0.07828561823450517],[-0.21209350938887442 0.0 0.0; 0.0 -0.023389960948785166 0.023323299004434337; 0.0 0.02332329900443415 -0.023983620862428716],0.3
