L,J,Q,θ,ϕx,ϕy,ϕz,ndims,T,χ,dχdlogT,Λ
71,0.2,0.6180339887498949,0.4487989505128276,0.22606108604297762,3.472734375396318,0.24041933733318346,2,1.4873521072935114,[0.019083875900031105 0.0 0.0; 0.0 0.007232305227937946 -0.006786560826411305; 0.0 -0.006786560826411305 0.007215218670688272],[-0.019040231085221758 0.0 0.0; 0.0 -0.007212584632172902 0.006767900307275942; 0.0 0.006767900307275942 -0.007195608736262533],0.3
