L,J,Q,θ,μ,ϕx,ϕy,ϕz,ndims,T,χ,dχdlogT,Λ
71,4.0,0.6180339887498949,0.4487989505128276,0.15,1.8736324060542973,1.8275696295069044,5.811390459970529,2,0.06210169418915616,[0.22751755594222295 0.0 0.0; 0.0 0.026129807490626145 -0.024729453273148422; 0.0 -0.02472945327314838 0.026161690458365007],[-0.13087447673844282 0.0 0.0; 0.0 -0.013792771111507184 0.013315398318040976; 0.0 0.013315398318041119 -0.01380187939318563],0.3
