L,J,Q,θ,μ,ϕx,ϕy,ϕz,ndims,T,χ,dχdlogT,Λ
71,0.2,0.6180339887498949,0.4487989505128276,0.625,5.740732433376171,6.237769077588762,5.286294871706147,2,2.043359717856942,[0.011764467535289968 0.0 0.0; 0.0 0.003997303308438424 -0.003391623573455291; 0.0 -0.003391623573455292 0.00392442182138583],[-0.011751047328270512 0.0 0.0; 0.0 -0.0039919498392490625 0.003387017456736577; 0.0 0.0033870174567365756 -0.003919292310351295],0.3
