L,J,Q,θ,μ,ϕx,ϕy,ϕz,ndims,T,χ,dχdlogT,Λ
71,4.0,0.6180339887498949,0.4487989505128276,0.15,1.071075307057084,0.8392702853433741,3.9271510690544,2,0.03290344562312668,[0.31269070269629695 0.0 0.0; 0.0 0.034771471936932974 -0.03302492899570436; 0.0 -0.03302492899570407 0.03472935748890786],[-0.1292035978317487 0.0 0.0; 0.0 -0.012629833657179405 0.012228691348491931; 0.0 0.012228691348491926 -0.012573713444313402],0.3
