L,J,Q,θ,μ,ϕx,ϕy,ϕz,ndims,T,χ,dχdlogT,Λ
71,0.2,0.6180339887498949,0.4487989505128276,0.625,1.071075307057084,0.8392702853433741,3.9271510690544,2,0.11721022975334802,[0.17943216369104278 0.0 0.0; 0.0 0.059261856023925696 -0.050247697752055225; 0.0 -0.05024769775205521 0.058743616400145554],[-0.13944798343433426 0.0 0.0; 0.0 -0.04378365053373324 0.03685425184262039; 0.0 0.036854251842620374 -0.04353855656235477],0.3
