L,J,Q,θ,μ,ϕx,ϕy,ϕz,ndims,T,χ,dχdlogT,Λ
71,1.0,0.6180339887498949,0.4487989505128276,0.375,5.800516426017421,4.364700539386552,4.5337704486656465,2,0.017433288221999882,[0.4214323085013841 0.0 0.0; 0.0 0.056784466733257204 -0.04695790257029905; 0.0 -0.046957902570298866 0.05678639623791466],[-0.11015704684641632 0.0 0.0; 0.0 -0.017252483385920846 0.014218774633982544; 0.0 0.014218774633982662 -0.01728261082364365],0.3
