L,J,Q,θ,μ,ϕx,ϕy,ϕz,ndims,T,χ,dχdlogT,Λ
71,0.7,0.6180339887498949,0.4487989505128276,0.4411764705882353,2.293346086788642,6.076104918668007,3.1639999693783416,2,0.0013738237958832624,[1.039639522604737 0.0 0.0; 0.0 0.1189430761095296 -0.08829842361137369; 0.0 -0.08829842361137356 0.11465359894812928],[-0.1904450493075452 0.0 0.0; 0.0 -0.010010956951265354 0.004755922694510801; 0.0 0.004755922694510806 -0.012367874454410125],0.3
