L,J,Q,θ,ϕx,ϕy,ϕz,ndims,T,χ,dχdlogT,Λ
71,0.2,0.6180339887498949,0.4487989505128276,3.9641023528590744,2.5499163356582333,5.672185553248013,2,1.0826367338740543,[0.034887260117581795 0.0 0.0; 0.0 0.01758314580427648 -0.017456111207708118; 0.0 -0.01745611120770812 0.01759183697981067],[-0.03475946409068346 0.0 0.0; 0.0 -0.017515404933172305 0.017389279577211147; 0.0 0.017389279577211144 -0.01752400110190396],0.3
