L,J,Q,θ,ϕx,ϕy,ϕz,ndims,T,χ,dχdlogT,Λ
71,0.0,0.6180339887498949,0.4487989505128276,1.689994053806694,0.44316066128026027,0.6025743485034252,2,0.03290344562312668,[0.41913275884189644 0.0 0.0; 0.0 0.1883685382896107 -0.17470703767194457; 0.0 -0.1747070376719445 0.18798445267374378],[-0.1684558472416905 0.0 0.0; 0.0 -0.07821124682513993 0.07290804267585108; 0.0 0.07290804267585109 -0.07818500552228927],0.3
