L,J,Q,θ,ϕx,ϕy,ϕz,ndims,T,χ,dχdlogT,Λ
71,1.0,0.6180339887498949,0.4487989505128276,0.22606108604297762,3.472734375396318,0.24041933733318346,2,0.11721022975334802,[0.22359585363922915 0.0 0.0; 0.0 0.035824419318664105 -0.032673249343639736; 0.0 -0.032673249343639896 0.03586309685876777],[-0.17093062012734378 0.0 0.0; 0.0 -0.02667919497812631 0.024129152556708125; 0.0 0.02412915255670923 -0.026694279808499085],0.3
