L,J,Q,θ,μ,ϕx,ϕy,ϕz,ndims,T,χ,dχdlogT,Λ
71,2.0,0.6180339887498949,0.4487989505128276,0.25,0.8651877410637341,5.60382759600108,0.051235859328841206,2,7.27895384398315,[0.0038424658549813095 0.0 0.0; 0.0 0.0004580120478382793 -0.0004293904051538845; 0.0 -0.0004293904051538665 0.00045786803947738105],[-0.0038420512427920837 0.0 0.0; 0.0 -0.00045794334254941065 0.00042932652015539993; 0.0 0.0004293265201554178 -0.00045779937345538315],0.3
