L,J,Q,θ,μ,ϕx,ϕy,ϕz,ndims,T,χ,dχdlogT,Λ
71,0.0,0.6180339887498949,0.4487989505128276,0.75,1.071075307057084,0.8392702853433741,3.9271510690544,2,0.001,[0.7564570320030135 0.0 0.0; 0.0 0.3189157138036205 -0.2592130296411267; 0.0 -0.2592130296411267 0.30612836494181433],[-0.05623772556190497 0.0 0.0; 0.0 -0.013947439183277047 0.01480824227602411; 0.0 0.014808242276024109 -0.023573699198018033],0.3
