L,J,Q,θ,μ,ϕx,ϕy,ϕz,ndims,T,χ,dχdlogT,Λ
71,0.7,0.6180339887498949,0.4487989505128276,0.4411764705882353,0.8651877410637341,5.60382759600108,0.051235859328841206,2,0.7880462815669912,[0.032850732613240355 0.0 0.0; 0.0 0.00445061540933428 -0.0036862933591783847; 0.0 -0.003686293359178382 0.00443798443520531],[-0.032601576286472506 0.0 0.0; 0.0 -0.004413205816987222 0.0036542040901845277; 0.0 0.0036542040901845255 -0.004400903562573161],0.3
