L,J,Q,θ,μ,ϕx,ϕy,ϕz,ndims,T,χ,dχdlogT,Λ
71,0.7,0.6180339887498949,0.4487989505128276,0.4411764705882353,3.229067569863798,0.3299713717630845,4.499184084023956,2,0.5736152510448679,[0.04498057245098202 0.0 0.0; 0.0 0.0061476742201460885 -0.005127934827869793; 0.0 -0.005127934827869793 0.006158752217376259],[-0.044344444355199006 0.0 0.0; 0.0 -0.006048527038907875 0.005041146662874496; 0.0 0.005041146662874494 -0.0060591792362550195],0.3
