L,J,Q,θ,ϕx,ϕy,ϕz,ndims,T,χ,dχdlogT,Λ
71,2.0,0.6180339887498949,0.4487989505128276,0.04307574063236956,1.4243585509553534,2.650856197035276,2,0.0013738237958832624,[2.093833095787267 0.0 0.0; 0.0 0.13328061490925064 -0.12869167838812146; 0.0 -0.12869167838812504 0.13328079662059772],[-0.46231493991536404 0.0 0.0; 0.0 0.0006297291139373329 -0.0006303274442593513; 0.0 -0.0006303274442593285 0.0006274281715205729],0.3
