L,J,Q,θ,ϕx,ϕy,ϕz,ndims,T,χ,dχdlogT,Λ
71,4.0,0.6180339887498949,0.4487989505128276,0.5592963656621641,0.7629693143227725,1.7583094647153754,2,0.04520353656360243,[0.28023823301367734 0.0 0.0; 0.0 0.03262930194338371 -0.031147617993263384; 0.0 -0.03114761799326377 0.03264422267541847],[-0.14551541512360502 0.0 0.0; 0.0 -0.015996329671670195 0.015614147653083662; 0.0 0.015614147653083693 -0.01600393746467907],0.3
