L,J,Q,θ,μ,ϕx,ϕy,ϕz,ndims,T,χ,dχdlogT,Λ
71,1.0,0.6180339887498949,0.4487989505128276,0.375,5.544644893954966,2.702600987319356,4.29023278526643,2,0.41753189365604015,[0.0553614212886765 0.0 0.0; 0.0 0.006815943542751295 -0.0057228316838780855; 0.0 -0.005722831683878221 0.006812013735906357],[-0.053768688795131546 0.0 0.0; 0.0 -0.006617243443828728 0.005548415890574101; 0.0 0.005548415890574023 -0.0066136805773668135],0.3
