L,J,Q,θ,ϕx,ϕy,ϕz,ndims,T,χ,dχdlogT,Λ
71,4.0,0.6180339887498949,0.4487989505128276,0.22606108604297762,3.472734375396318,0.24041933733318346,2,3.856620421163471,[0.0052329329300230334 0.0 0.0; 0.0 0.0006305037854998141 -0.0005900018253831749; 0.0 -0.0005900018253831921 0.000628409444556351],[-0.005231351161201795 0.0 0.0; 0.0 -0.0006302956075351111 0.000589817115049768; 0.0 0.000589817115049773 -0.0006282032153065158],0.3
