L,J,Q,θ,μ,ϕx,ϕy,ϕz,ndims,T,χ,dχdlogT,Λ
71,0.7,0.6180339887498949,0.4487989505128276,0.4411764705882353,3.3269338046378176,0.30106851053895584,3.891592634817262,2,7.27895384398315,[0.003569982422809662 0.0 0.0; 0.0 0.000486027888844933 -0.0004045741894610201; 0.0 -0.0004045741894610204 0.0004879913283422833],[-0.0035696609582041103 0.0 0.0; 0.0 -0.00048597852071356095 0.0004045312119984589; 0.0 0.0004045312119984588 -0.000487941404607702],0.3
