L,J,Q,θ,μ,ϕx,ϕy,ϕz,ndims,T,χ,dχdlogT,Λ
71,2.0,0.6180339887498949,0.4487989505128276,0.25,0.6402292625156705,3.4522164941781406,2.487652041625667,2,3.856620421163471,[0.007251236390898029 0.0 0.0; 0.0 0.0008639526964582237 -0.0008101729488889278; 0.0 -0.0008101729488889204 0.0008641383979970652],[-0.007248450397153534 0.0 0.0; 0.0 -0.0008634913633888174 0.0008097437565827473; 0.0 0.0008097437565827221 -0.0008636768351899224],0.3
