L,J,Q,θ,ϕx,ϕy,ϕz,ndims,T,χ,dχdlogT,Λ
71,2.0,0.6180339887498949,0.4487989505128276,4.471964403030754,4.359706597246151,2.8899932201261898,2,0.30391953823131973,[0.09984483908380087 0.0 0.0; 0.0 0.012813076219606027 -0.012142404010173923; 0.0 -0.012142404010173979 0.012811959002599934],[-0.0960734199474759 0.0 0.0; 0.0 -0.012178813424693045 0.011544969788545032; 0.0 0.011544969788544976 -0.012177854125668788],0.3
