L,J,Q,θ,μ,ϕx,ϕy,ϕz,ndims,T,χ,dχdlogT,Λ
71,0.0,0.6180339887498949,0.4487989505128276,0.75,1.071075307057084,0.8392702853433741,3.9271510690544,2,0.02395026619987486,[0.41508287665780425 0.0 0.0; 0.0 0.16452519724418857 -0.13494903785395765; 0.0 -0.13494903785395765 0.1642059837952673],[-0.14547945133020757 0.0 0.0; 0.0 -0.06045928758847402 0.05024506259206831; 0.0 0.050245062592068304 -0.06033603188628414],0.3
