L,J,Q,θ,μ,ϕx,ϕy,ϕz,ndims,T,χ,dχdlogT,Λ
71,2.0,0.6180339887498949,0.4487989505128276,0.25,3.7575222882233583,5.692680470554446,6.224026549332305,2,0.0013738237958832624,[1.046478848927074 0.0 0.0; 0.0 0.0692271054279142 -0.06522419707306089; 0.0 -0.06522419707306078 0.06923077501135055],[-0.07474693898900968 0.0 0.0; 0.0 -0.0021819452097450935 0.0020526930910467135; 0.0 0.0020526930910467122 -0.0021839493923437457],0.3
