L,J,Q,θ,μ,ϕx,ϕy,ϕz,ndims,T,χ,dχdlogT,Λ
71,20.0,0.6180339887498949,0.4487989505128276,0.75,0.431684125907304,3.596221035560044,1.2012754831426828,2,2.807216203941177,[0.0019252081628040169 0.0 0.0; 0.0 5.578590577312793e-5 -1.558005032527763e-5; 0.0 -1.5580050325277643e-5 5.624058725888376e-5],[-0.0019243552020094393 0.0 0.0; 0.0 -5.5753192110579485e-5 1.5575936413287493e-5; 0.0 1.557593641328751e-5 -5.621270811847238e-5],0.3
