L,J,Q,θ,ϕx,ϕy,ϕz,ndims,T,χ,dχdlogT,Λ
71,4.0,0.6180339887498949,0.4487989505128276,2.381329778023674,5.7218147897117015,5.417675661622122,2,0.0002807216203941176,[0.880293186796656 0.0 0.0; 0.0 0.07965428961300317 -0.0757502453075212; 0.0 -0.0757502453075216 0.07752265657274475],[-0.07464784746189997 0.0 0.0; 0.0 -0.00040297057556468895 1.6796886804642008e-5; 0.0 1.679688680464217e-5 7.042893372452894e-6],0.3
