L,J,Q,θ,ϕx,ϕy,ϕz,ndims,T,χ,dχdlogT,Λ
71,1.0,0.6180339887498949,0.4487989505128276,3.9641023528590744,2.5499163356582333,5.672185553248013,2,7.27895384398315,[0.0049939009168160475 0.0 0.0; 0.0 0.0008008901055636398 -0.0007523577706437772; 0.0 -0.0007523577706437744 0.0007991686737784496],[-0.00499347781468294 0.0 0.0; 0.0 -0.0008008238980052562 0.0007522996053252892; 0.0 0.0007522996053252992 -0.0007991029362485908],0.3
