L,J,Q,θ,μ,ϕx,ϕy,ϕz,ndims,T,χ,dχdlogT,Λ
71,2.0,0.6180339887498949,0.4487989505128276,0.25,6.269259794128315,0.765299952466832,5.852277874936172,2,0.04520353656360243,[0.3672719779951975 0.0 0.0; 0.0 0.036460730979944934 -0.03427912723342978; 0.0 -0.03427912723342991 0.03646487296083433],[-0.18899572260485328 0.0 0.0; 0.0 -0.01337955943862526 0.012604816220574317; 0.0 0.012604816220574851 -0.013379579094539783],0.3
