L,J,Q,θ,μ,ϕx,ϕy,ϕz,ndims,T,χ,dχdlogT,Λ
71,0.2,0.6180339887498949,0.4487989505128276,0.625,6.213002473495444,3.971498822793594,5.8927351282100755,2,0.06210169418915616,[0.2758542241870722 0.0 0.0; 0.0 0.08723906702457834 -0.07422162704428166; 0.0 -0.07422162704428165 0.08787680007137949],[-0.16008256414112304 0.0 0.0; 0.0 -0.04469906359154313 0.036954447970837065; 0.0 0.03695444797083706 -0.04478697623930807],0.3
