L,J,Q,θ,ϕx,ϕy,ϕz,ndims,T,χ,dχdlogT,Λ
71,0.0,0.6180339887498949,0.4487989505128276,5.986913330920314,4.472633643426998,2.4841246518064026,2,0.2212216291070449,[0.16752477156369397 0.0 0.0; 0.0 0.09890442553354464 -0.09830746334757984; 0.0 -0.09830746334757984 0.09880679645900736],[-0.15426429716318474 0.0 0.0; 0.0 -0.09216602407669688 0.09166753835157551; 0.0 0.09166753835157551 -0.09209229426234844],0.3
