L,J,Q,θ,μ,ϕx,ϕy,ϕz,ndims,T,χ,dχdlogT,Λ
71,0.7,0.6180339887498949,0.4487989505128276,0.4411764705882353,2.903410484666291,3.212012235175181,2.2022524608562097,2,10.0,[0.0025837518236782606 0.0 0.0; 0.0 0.00035048740699008727 -0.0002913601959514535; 0.0 -0.0002913601959514533 0.000349525542801019],[-0.002583630006290411 0.0 0.0; 0.0 -0.0003504690260856933 0.00029134426113622876; 0.0 0.00029134426113622893 -0.0003495073190141934],0.3
