L,J,Q,θ,μ,ϕx,ϕy,ϕz,ndims,T,χ,dχdlogT,Λ
71,4.0,0.6180339887498949,0.4487989505128276,0.15,2.293346086788642,6.076104918668007,3.1639999693783416,2,0.0018873918221350976,[0.6778996068974743 0.0 0.0; 0.0 0.06668166840269146 -0.06251251568566216; 0.0 -0.06251251568566227 0.06387734121957107],[-0.137024387424966 0.0 0.0; 0.0 -0.010932281543121277 0.008889382844067708; 0.0 0.008889382844067798 -0.00766583554420968],0.3
