L,J,Q,θ,μ,ϕx,ϕy,ϕz,ndims,T,χ,dχdlogT,Λ
71,0.0,0.6180339887498949,0.4487989505128276,0.75,0.04794858829728465,2.3412264847098085,5.747630452081085,2,0.009236708571873866,[0.5738099274564115 0.0 0.0; 0.0 0.2203155043071714 -0.17936772730335054; 0.0 -0.17936772730335052 0.22027424883588356],[-0.15208767235045637 0.0 0.0; 0.0 -0.04888828051183029 0.0381182769582385; 0.0 0.03811827695823851 -0.048781564333148356],0.3
