L,J,Q,θ,μ,ϕx,ϕy,ϕz,ndims,T,χ,dχdlogT,Λ
71,2.0,0.6180339887498949,0.4487989505128276,0.25,0.9080487978982934,6.045819004612462,5.895824398121898,2,2.043359717856942,[0.01370342158251507 0.0 0.0; 0.0 0.0016350539180997106 -0.0015333901703355976; 0.0 -0.0015333901703356468 0.001635420901373646],[-0.013684641615537323 0.0 0.0; 0.0 -0.001631940418954378 0.0015304934508548632; 0.0 0.0015304934508548688 -0.0016323064951394627],0.3
