L,J,Q,θ,μ,ϕx,ϕy,ϕz,ndims,T,Λ,χ_dwave,dχdlogT_dwave,χ_pwave,dχdlogT_pwave
11,0.1,0.6180339887498949,0.4487989505128276,0.75,3.0608354678845404,3.7478059669165082,5.4204922075902,3,0.0517947467923121,0.3,[0.2933054885237693 0.0 0.0 0.0; 0.0 0.10683184433718988 -0.04808087297519044 -0.04754593486192021; 0.0 -0.04808087297519063 0.1063510651435317 -0.04529685096174478; 0.0 -0.04754593486192058 -0.04529685096174507 0.10534459841697583],[-0.16092132145865998 0.0 0.0 0.0; 0.0 -0.052052687891808315 0.022312231697375833 0.023565561274451204; 0.0 0.022312231697376 -0.05898155029927207 0.029964683269703172; 0.0 0.02356556127445108 0.02996468326970308 -0.06028103138810526],[2.1628554874227496e-18 0.0 0.0 0.0; 0.0 0.16763690085646465 0.020931230607530063 -0.0029676653544700024; 0.0 0.020931230607530504 0.1683133055418033 0.0001847833821972171; 0.0 -0.002967665354469993 0.00018478338219720303 0.16888820273128272],[3.3777791665134683e-19 0.0 0.0 0.0; 0.0 -0.09214171708665492 -0.020457801753526305 0.0024621348833511743; 0.0 -0.02045780175352622 -0.08605755288712644 0.000838451819819637; 0.0 0.0024621348833511816 0.0008384518198196815 -0.08452550388213953]
