L,J,Q,θ,μ,ϕx,ϕy,ϕz,ndims,T,Λ,χ_dwave,dχdlogT_dwave,χ_pwave,dχdlogT_pwave
11,1.2,0.6180339887498949,0.4487989505128276,0.75,2.0760510342028513,2.1711495157278233,4.576365600082355,3,0.0071968567300115215,0.3,[0.4642148477459479 0.0 0.0 0.0; 0.0 0.013686582465985822 -0.003570347599598114 -0.003604934209238914; 0.0 -0.0035703475995981005 0.015150384070269243 -0.003570172914279085; 0.0 -0.003604934209238914 -0.0035701729142791068 0.01386688530118257],[-0.1227533139755583 0.0 0.0 0.0; 0.0 -0.0004467601008116627 -0.00038166220215158595 -0.00047229824759274677; 0.0 -0.0003816622021515843 -0.0004892334120233458 -0.00063980055216318; 0.0 -0.0004722982475927459 -0.0006398005521631833 -0.0004700020853312489],[-7.304975109588146e-18 0.0 0.0 0.0; 0.0 0.013352156130854003 -0.00023176282141627747 -0.000521537849668177; 0.0 -0.00023176282141627717 0.013706410051505568 -0.00047834414877942385; 0.0 -0.0005215378496681715 -0.0004783441487794199 0.014013844786282367],[3.1165893745451636e-18 0.0 0.0 0.0; 0.0 0.00014075742381327948 4.791091205030189e-5 0.00017181919367792084; 0.0 4.791091205030142e-5 -5.9751839060036766e-5 9.930041151387577e-5; 0.0 0.00017181919367792103 9.930041151387617e-5 -0.0001736724859426213]
