L,J,Q,θ,μ,ϕx,ϕy,ϕz,ndims,T,Λ,χ_dwave,dχdlogT_dwave,χ_pwave,dχdlogT_pwave
11,1.25,0.6180339887498949,0.4487989505128276,0.75,6.131343488272533,6.2199038445083525,2.3360468446434557,3,0.001,0.3,[0.6441730655433809 0.0 0.0 0.0; 0.0 0.013992179018000695 -0.001951377017014012 -0.0028613166501705537; 0.0 -0.001951377017014019 0.013941984581210697 -0.0032185555201884606; 0.0 -0.002861316650170548 -0.00321855552018847 0.013652551462010354],[-0.12780896317735546 0.0 0.0 0.0; 0.0 -0.0006334282923392467 -0.000680181442013874 -0.0003111291409221477; 0.0 -0.0006801814420138736 -0.0006986163612146999 -0.00033193258929491203; 0.0 -0.0003111291409221489 -0.0003319325892949118 -0.00018381441812429582],[3.8535280063543417e-17 0.0 0.0 0.0; 0.0 0.012090323370994286 -0.00016590861309071905 0.00037354187955785317; 0.0 -0.00016590861309071823 0.013258653239203805 0.00011658264027128643; 0.0 0.0003735418795578514 0.00011658264027128433 0.011399806781210418],[-2.836679108703339e-17 0.0 0.0 0.0; 0.0 -0.00018887306200782042 0.00011376039257677797 -0.00016742395898626644; 0.0 0.00011376039257677759 -0.00013675076409680828 8.516330898922423e-5; 0.0 -0.0001674239589862662 8.516330898922498e-5 -0.00012928194526007068]
