L,J,Q,θ,μ,ϕx,ϕy,ϕz,ndims,T,Λ,χ_dwave,dχdlogT_dwave,χ_pwave,dχdlogT_pwave
11,0.9,0.6180339887498949,0.4487989505128276,0.75,4.746388633579302,2.733867409478656,2.7877728154891153,3,0.0037275937203149418,0.3,[0.6148854434208938 0.0 0.0 0.0; 0.0 0.021055394667959148 -0.0059334261947540995 -0.006343277776393821; 0.0 -0.005933426194754093 0.021651793059519836 -0.005979921744187984; 0.0 -0.006343277776393817 -0.00597992174418795 0.02303868468471263],[-0.1698682006081536 0.0 0.0 0.0; 0.0 -0.00030709976864307087 -0.0004050612344198904 -0.0007560359563113009; 0.0 -0.0004050612344198905 -0.0006939059064120554 -0.0008435101438812509; 0.0 -0.0007560359563113014 -0.0008435101438812545 -0.001665375694626516],[1.4042545879926672e-17 0.0 0.0 0.0; 0.0 0.02405954533908965 0.0008654185553270752 0.0004617093561474302; 0.0 0.0008654185553270725 0.023561844518825818 0.0002052878777711461; 0.0 0.0004617093561474301 0.00020528787777114355 0.024292522547473876],[-5.740821137456772e-18 0.0 0.0 0.0; 0.0 -0.0006259249587399021 -0.0003450537114134186 -0.00018733763688865963; 0.0 -0.00034505371141341977 2.6352737671033023e-5 1.0387079596449287e-5; 0.0 -0.0001873376368886589 1.0387079596449107e-5 -6.432249696405892e-5]
