L,J,Q,θ,μ,ϕx,ϕy,ϕz,ndims,T,Λ,χ_dwave,dχdlogT_dwave,χ_pwave,dχdlogT_pwave
11,1.25,0.6180339887498949,0.4487989505128276,0.75,2.0760510342028513,2.1711495157278233,4.576365600082355,3,0.01,0.3,[0.42818921325797443 0.0 0.0 0.0; 0.0 0.012806226411731621 -0.004239342748884409 -0.004234619607079922; 0.0 -0.004239342748884402 0.013479452882065673 -0.003926244440985538; 0.0 -0.004234619607079919 -0.00392624444098555 0.012660264461928795],[-0.11338871060859756 0.0 0.0 0.0; 0.0 -7.249973428672405e-5 -0.00033968135608285904 -0.0003012953423100898; 0.0 -0.00033968135608285866 -0.0003494763443911717 -7.813587080755769e-5; 0.0 -0.0003012953423100862 -7.813587080755727e-5 -0.0003258891403796255],[4.844871102856777e-19 0.0 0.0 0.0; 0.0 0.01349880415981326 0.00013736539419536884 -0.00026314023139069873; 0.0 0.00013736539419536962 0.013802484509057621 -0.00012389510018566812; 0.0 -0.0002631402313906964 -0.00012389510018566711 0.01256097493772848],[2.0981882138963752e-18 0.0 0.0 0.0; 0.0 -0.00016141435500597456 -0.00013631111090387443 7.642913020637362e-5; 0.0 -0.0001363111109038746 0.00011983097340718046 1.666439648530837e-5; 0.0 7.642913020637332e-5 1.6664396485308027e-5 0.00014815596376402558]
