L,J,Q,θ,μ,ϕx,ϕy,ϕz,ndims,T,Λ,χ_dwave,dχdlogT_dwave,χ_pwave,dχdlogT_pwave
11,1.2,0.6180339887498949,0.4487989505128276,0.75,3.0608354678845404,3.7478059669165082,5.4204922075902,3,0.0517947467923121,0.3,[0.2251873134118961 0.0 0.0 0.0; 0.0 0.012329709538912251 -0.0038954173586665756 -0.003703394639012177; 0.0 -0.003895417358666556 0.01224865586902802 -0.003990931233267924; 0.0 -0.0037033946390121995 -0.003990931233267918 0.012180648603887846],[-0.1220130434049155 0.0 0.0 0.0; 0.0 -0.0028900689183838806 0.00043427875999155045 0.0005671057681378419; 0.0 0.00043427875999155186 -0.002715638617791784 0.00042921080178629477; 0.0 0.0005671057681378443 0.0004292108017862948 -0.0029399728599108737],[2.966412825695272e-18 0.0 0.0 0.0; 0.0 0.012268596918276703 0.00015435048380157396 1.9754747300641237e-5; 0.0 0.0001543504838015748 0.011871671146069325 -0.00041827623444366937; 0.0 1.975474730064128e-5 -0.0004182762344436689 0.012505087133727716],[-2.0038099501475104e-18 0.0 0.0 0.0; 0.0 -0.0023028417886150755 -5.139366444698595e-5 6.800297574089726e-6; 0.0 -5.139366444698605e-5 -0.0020586031211624885 0.00017720794167249188; 0.0 6.800297574089322e-6 0.00017720794167249164 -0.00222567338811517]
