L,J,Q,θ,μ,ϕx,ϕy,ϕz,ndims,T,Λ,χ_dwave,dχdlogT_dwave,χ_pwave,dχdlogT_pwave
11,1.2,0.6180339887498949,0.4487989505128276,0.75,6.131343488272533,6.2199038445083525,2.3360468446434557,3,0.0013894954943731374,0.3,[0.6556462827326293 0.0 0.0 0.0; 0.0 0.015436076962386032 -0.003965596032654589 -0.0027390662455127686; 0.0 -0.003965596032654577 0.013984251424003693 -0.004970608932042086; 0.0 -0.0027390662455127764 -0.004970608932042082 0.014008946826319967],[-0.13961631291197246 0.0 0.0 0.0; 0.0 -0.001117537534044677 -0.00031311330920310145 -0.0007010294392185738; 0.0 -0.00031311330920310025 -4.0379240566207865e-5 -0.00018959213789834244; 0.0 -0.0007010294392185747 -0.00018959213789834285 -0.00039607856521927705],[-6.068109305112725e-18 0.0 0.0 0.0; 0.0 0.013261235617414456 4.304103896268825e-5 0.00018105476781189752; 0.0 4.304103896268683e-5 0.013359869792508331 0.00031867986763636254; 0.0 0.00018105476781189503 0.00031867986763636015 0.013300882268094658],[7.1540063541087465e-19 0.0 0.0 0.0; 0.0 -1.4300997039876835e-5 -0.00013958291662237958 -4.988417361534424e-5; 0.0 -0.0001395829166223787 -0.0002127119825842979 -0.00017530249949830004; 0.0 -4.988417361534304e-5 -0.0001753024994983007 -3.497743651973931e-5]
