L,J,Q,θ,μ,ϕx,ϕy,ϕz,ndims,T,Λ,χ_dwave,dχdlogT_dwave,χ_pwave,dχdlogT_pwave
11,1.25,0.6180339887498949,0.4487989505128276,0.75,6.131343488272533,6.2199038445083525,2.3360468446434557,3,0.019306977288832506,0.3,[0.3485978663938407 0.0 0.0 0.0; 0.0 0.014043993448043341 -0.004601925203484969 -0.004479534163225858; 0.0 -0.004601925203484957 0.013102485661500442 -0.0036397557908347125; 0.0 -0.00447953416322587 -0.0036397557908347217 0.013395145242579726],[-0.12312752628320685 0.0 0.0 0.0; 0.0 -0.0005511881726142394 -0.00014540893716674528 -0.00027898781561571317; 0.0 -0.00014540893716674395 -0.0005790110036280151 -0.000420733474706269; 0.0 -0.0002789878156157128 -0.000420733474706269 -0.0008159396147395155],[3.560385969618413e-18 0.0 0.0 0.0; 0.0 0.01333652962362623 -0.0005255641528462073 -0.00019569019635290097; 0.0 -0.0005255641528462056 0.012615798239931168 -0.0002898598920401329; 0.0 -0.00019569019635290132 -0.000289859892040135 0.013040775843293207],[-2.9189210436010306e-18 0.0 0.0 0.0; 0.0 -0.00030456667987942005 1.9808919208212738e-5 4.18977620595887e-5; 0.0 1.9808919208212538e-5 -0.0002621328450914812 0.00010166790561009977; 0.0 4.1897762059589005e-5 0.00010166790561009936 -0.00038692653156262253]
