L,J,Q,θ,μ,ϕx,ϕy,ϕz,ndims,T,Λ,χ_dwave,dχdlogT_dwave,χ_pwave,dχdlogT_pwave
11,0.05,0.6180339887498949,0.4487989505128276,0.75,2.0760510342028513,2.1711495157278233,4.576365600082355,3,0.0037275937203149418,0.3,[0.6878135033226235 0.0 0.0 0.0; 0.0 0.2950217509365997 -0.1649514423366786 -0.12525192264414542; 0.0 -0.16495144233667686 0.2757514737571466 -0.0705077188956897; 0.0 -0.12525192264414467 -0.07050771889569021 0.24460104840402017],[-0.11217031161683438 0.0 0.0 0.0; 0.0 -0.04829626704209135 0.02642858676955732 0.02502422080827304; 0.0 0.026428586769557408 -0.03403836420874508 -0.0019364341600808888; 0.0 0.02502422080827299 -0.0019364341600808788 -0.0316459227400445],[-6.4353791992486754e-18 0.0 0.0 0.0; 0.0 0.34258286732560006 0.17851068407617038 -0.02458739681861291; 0.0 0.17851068407616988 0.3679359221700609 -0.035067869503233776; 0.0 -0.02458739681861295 -0.03506786950323384 0.3946468059974352],[-3.3084518932638763e-19 0.0 0.0 0.0; 0.0 -0.026586502253874995 -0.016358619484048317 0.0016458741316147593; 0.0 -0.016358619484048386 -0.045411950749717295 0.01981767954091068; 0.0 0.0016458741316147344 0.01981767954091053 -0.04725434013682383]
