L,J,Q,θ,μ,ϕx,ϕy,ϕz,ndims,T,Λ,χ_dwave,dχdlogT_dwave,χ_pwave,dχdlogT_pwave
11,0.15,0.6180339887498949,0.4487989505128276,0.75,3.0766046577380743,0.4471779334510794,1.0503382973802378,3,0.07196856730011521,0.3,[0.22273569749060712 0.0 0.0 0.0; 0.0 0.08654260763497448 -0.04002262508399962 -0.03922879297912616; 0.0 -0.04002262508399971 0.08316162770959722 -0.03208664333533862; 0.0 -0.039228792979126154 -0.03208664333533862 0.08115592563875405],[-0.1422804090523283 0.0 0.0 0.0; 0.0 -0.054159083130147306 0.025300411482252212 0.02403425130260087; 0.0 0.02530041148225226 -0.049877459816665234 0.01807190126764322; 0.0 0.02403425130260091 0.018071901267643197 -0.04825896138649857],[-1.960610072864259e-19 0.0 0.0 0.0; 0.0 0.10996736577528995 -0.018781091653230286 -0.00568008924742955; 0.0 -0.018781091653230227 0.11107434588614269 -0.025547381997869472; 0.0 -0.005680089247429505 -0.025547381997869576 0.1144533346904278],[-2.344040376383293e-20 0.0 0.0 0.0; 0.0 -0.067608580079472 0.01220571491143192 0.0017591145511981305; 0.0 0.012205714911431883 -0.0703580589569874 0.01868252593131869; 0.0 0.0017591145511981288 0.018682525931318514 -0.07263686473692046]
