L,J,Q,θ,μ,ϕx,ϕy,ϕz,ndims,T,Λ,χ_dwave,dχdlogT_dwave,χ_pwave,dχdlogT_pwave
11,0.95,0.6180339887498949,0.4487989505128276,0.75,6.131343488272533,6.2199038445083525,2.3360468446434557,3,0.013894954943731374,0.3,[0.40478230711342283 0.0 0.0 0.0; 0.0 0.01949376447848511 -0.004927486999923669 -0.006327755598209311; 0.0 -0.004927486999923663 0.018673590343287496 -0.004779162565056441; 0.0 -0.006327755598209292 -0.0047791625650564756 0.01864501908608279],[-0.12265603723975084 0.0 0.0 0.0; 0.0 -0.0007310315819472479 -0.0007848473581700455 -0.0006457251905729678; 0.0 -0.0007848473581700484 -0.0008220169474623046 -0.0007540017514347532; 0.0 -0.0006457251905729699 -0.0007540017514347548 -0.0004982272989535101],[2.9823342497507197e-18 0.0 0.0 0.0; 0.0 0.02052740032759077 -0.0006254592882147797 -0.0005256475219092499; 0.0 -0.0006254592882147796 0.019349089593857033 -0.00031254253718007854; 0.0 -0.0005256475219092516 -0.0003125425371800774 0.019216079666083474],[-2.682395676207957e-18 0.0 0.0 0.0; 0.0 -0.00017328946251706526 -4.045229031518796e-5 5.824259209798298e-5; 0.0 -4.0452290315187815e-5 -0.000123796658717676 2.413145679404926e-5; 0.0 5.8242592097982855e-5 2.4131456794049187e-5 -5.479874639175777e-5]
