L,J,Q,θ,μ,ϕx,ϕy,ϕz,ndims,T,Λ,χ_dwave,dχdlogT_dwave,χ_pwave,dχdlogT_pwave
11,0.35,0.6180339887498949,0.4487989505128276,0.75,6.131343488272533,6.2199038445083525,2.3360468446434557,3,0.0026826957952797246,0.3,[0.6970038631526626 0.0 0.0 0.0; 0.0 0.08809388122929819 -0.03453325709163059 -0.036700727861539245; 0.0 -0.034533257091630555 0.09304860474617721 -0.02864265936053802; 0.0 -0.03670072786153921 -0.02864265936053808 0.08900799313654068],[-0.1490899606913116 0.0 0.0 0.0; 0.0 -0.0004020467159297416 -0.0019370621117902975 -0.0016912192172135652; 0.0 -0.001937062111790304 -0.0028629415473891465 -0.0017061655938619986; 0.0 -0.0016912192172135665 -0.0017061655938620007 -0.0006182059248464974],[9.936717174831475e-18 0.0 0.0 0.0; 0.0 0.11430978192084046 0.01630260645517095 -0.006073372869174467; 0.0 0.016302606455171034 0.10504340434541977 0.0027110071300633686; 0.0 -0.006073372869174513 0.0027110071300633556 0.10865254229291466],[-9.395606310482534e-18 0.0 0.0 0.0; 0.0 -0.002526163015432351 0.0006370020398882273 -0.0009551577210530465; 0.0 0.0006370020398882309 -0.0025791608641342538 0.00167092739816089; 0.0 -0.000955157721053048 0.0016709273981608916 0.0003259861336997604]
