L,J,Q,θ,μ,ϕx,ϕy,ϕz,ndims,T,Λ,χ_dwave,dχdlogT_dwave,χ_pwave,dχdlogT_pwave
11,0.6,0.6180339887498949,0.4487989505128276,0.75,3.0766046577380743,0.4471779334510794,1.0503382973802378,3,0.0372759372031494,0.3,[0.2984548901986347 0.0 0.0 0.0; 0.0 0.03494662001465992 -0.013029716029511534 -0.014304714575729877; 0.0 -0.013029716029511496 0.033763324157823474 -0.011923661838368708; 0.0 -0.014304714575729958 -0.01192366183836875 0.03429108692398288],[-0.13326525336328918 0.0 0.0 0.0; 0.0 -0.005173432709858398 0.0008003916265970467 0.0013190315617742276; 0.0 0.0008003916265970485 -0.005116865565626839 0.0005652839496060312; 0.0 0.0013190315617742326 0.000565283949606033 -0.0050289055011004495],[-5.863438706201949e-18 0.0 0.0 0.0; 0.0 0.042322091780732256 -0.0009057623601499277 -0.0025515119782149633; 0.0 -0.000905762360149949 0.04171677475292071 -0.0008046731779829812; 0.0 -0.0025515119782149537 -0.0008046731779829808 0.041685351852667356],[3.7608439651337194e-18 0.0 0.0 0.0; 0.0 -0.004988558779420399 -9.107367118393062e-5 0.0010187896838053307; 0.0 -9.107367118393024e-5 -0.005786479107788609 -0.0006327894673470038; 0.0 0.0010187896838053322 -0.0006327894673470079 -0.005479190032424718]
