L,J,Q,θ,μ,ϕx,ϕy,ϕz,ndims,T,Λ,χ_dwave,dχdlogT_dwave,χ_pwave,dχdlogT_pwave
11,0.1,0.6180339887498949,0.4487989505128276,0.75,3.0608354678845404,3.7478059669165082,5.4204922075902,3,0.013894954943731374,0.3,[0.5088842886328602 0.0 0.0 0.0; 0.0 0.1638417376581632 -0.0690178112764937 -0.0745353423794843; 0.0 -0.06901781127649381 0.1792891586143866 -0.08967301425526242; 0.0 -0.07453534237948391 -0.08967301425526183 0.18666287234762732],[-0.16820998932809403 0.0 0.0 0.0; 0.0 -0.0336969085832469 0.010872425769260879 0.014925563169614986; 0.0 0.010872425769260825 -0.049713336270872245 0.034553915692042345; 0.0 0.01492556316961508 0.03455391569204212 -0.057867693332569525],[-1.930442349278439e-18 0.0 0.0 0.0; 0.0 0.2849702259517966 0.05429120392369735 -0.009034361189571264; 0.0 0.054291203923697205 0.27146265880688064 -0.007678767484997244; 0.0 -0.009034361189571271 -0.00767876748499728 0.2632494327885205],[3.575868644705376e-18 0.0 0.0 0.0; 0.0 -0.07880076157533179 -0.023616402160313327 0.008744788730520347; 0.0 -0.023616402160313587 -0.07117596774729909 0.012863273561594238; 0.0 0.008744788730520413 0.012863273561594316 -0.057879855999866864]
