L,J,Q,θ,μ,ϕx,ϕy,ϕz,ndims,T,Λ,χ_dwave,dχdlogT_dwave,χ_pwave,dχdlogT_pwave
11,0.8,0.6180339887498949,0.4487989505128276,0.75,2.0760510342028513,2.1711495157278233,4.576365600082355,3,0.0019306977288832496,0.3,[0.6550503324485674 0.0 0.0 0.0; 0.0 0.02581970781009895 -0.005454787746474664 -0.007406174043038467; 0.0 -0.005454787746474648 0.02461867434620818 -0.00747641346522764; 0.0 -0.007406174043038489 -0.007476413465227633 0.026246949070579253],[-0.12490720952161435 0.0 0.0 0.0; 0.0 -0.0021786943631799975 -0.001207187830349906 0.00018430354533825117; 0.0 -0.0012071878303499142 -0.0005423452305273445 -8.119902647597059e-5; 0.0 0.00018430354533825264 -8.119902647596928e-5 -0.0004519440822726567],[-1.336451758792731e-17 0.0 0.0 0.0; 0.0 0.026760981097005462 -0.003498886781420241 -0.00014839392152800283; 0.0 -0.003498886781420244 0.027971605527992053 2.5656747915761224e-5; 0.0 -0.00014839392152799646 2.565674791576506e-5 0.026532206452971396],[3.2085566284155772e-18 0.0 0.0 0.0; 0.0 1.801155906864818e-5 0.00012990143143676118 0.00019391879311083334; 0.0 0.00012990143143676278 -0.00042998588025986123 -0.0004218849292867786; 0.0 0.00019391879311083212 -0.0004218849292867795 -0.00038173915891606095]
