L,J,Q,θ,μ,ϕx,ϕy,ϕz,ndims,T,Λ,χ_dwave,dχdlogT_dwave,χ_pwave,dχdlogT_pwave
11,0.35,0.6180339887498949,0.4487989505128276,0.75,2.0760510342028513,2.1711495157278233,4.576365600082355,3,0.02682695795279726,0.3,[0.37280322470574806 0.0 0.0 0.0; 0.0 0.08187544339163187 -0.03345677263612994 -0.03895289640777396; 0.0 -0.03345677263612998 0.07540378640109727 -0.02529177482941505; 0.0 -0.03895289640777433 -0.025291774829415234 0.07861778293085024],[-0.1489302649322695 0.0 0.0 0.0; 0.0 -0.013985355917795502 0.003885704131500828 0.007272010683122329; 0.0 0.003885704131500826 -0.012778935526522268 0.0018912662008918097; 0.0 0.007272010683122338 0.0018912662008918142 -0.01443062105049397],[-4.192467228294919e-18 0.0 0.0 0.0; 0.0 0.10242731350173556 0.021422348299970678 -0.002397367218590462; 0.0 0.021422348299970598 0.10622677638229168 0.0010341987429526047; 0.0 -0.002397367218590466 0.0010341987429526099 0.10509934455268238],[2.2639694520783154e-18 0.0 0.0 0.0; 0.0 -0.016191508964717032 -0.00512694752951788 0.0010080722600682192; 0.0 -0.005126947529517907 -0.01915750776749298 0.00014277007082436345; 0.0 0.0010080722600682237 0.0001427700708243586 -0.015535524164868274]
