L,J,Q,θ,μ,ϕx,ϕy,ϕz,ndims,T,Λ,χ_dwave,dχdlogT_dwave,χ_pwave,dχdlogT_pwave
11,1.0,0.6180339887498949,0.4487989505128276,0.75,4.746388633579302,2.733867409478656,2.7877728154891153,3,0.07196856730011521,0.3,[0.19757026601672512 0.0 0.0 0.0; 0.0 0.015883072349153888 -0.005401695066450461 -0.0060060716282491; 0.0 -0.005401695066450493 0.015373646491595632 -0.005577670820203088; 0.0 -0.006006071628249084 -0.005577670820203101 0.01549280191519402],[-0.12309986052681916 0.0 0.0 0.0; 0.0 -0.005533032457058209 0.0014542375657689089 0.0017742708037817335; 0.0 0.0014542375657689015 -0.005349430833686919 0.0015133406133821191; 0.0 0.0017742708037817307 0.001513340613382112 -0.005439005674379876],[-5.4621682710953035e-19 0.0 0.0 0.0; 0.0 0.01719350830850652 0.0005628957502733479 5.916839089892931e-5; 0.0 0.0005628957502733456 0.016818711461266164 0.000670478360507067; 0.0 5.916839089892946e-5 0.0006704783605070754 0.017067494906881114],[3.66326319544656e-19 0.0 0.0 0.0; 0.0 -0.0054731364390728605 -0.00023968875569052283 -7.200777854522246e-5; 0.0 -0.00023968875569052093 -0.00528116404104274 -0.00034605360816263036; 0.0 -7.20077785452218e-5 -0.0003460536081626302 -0.005278799936982084]
