L,J,Q,θ,μ,ϕx,ϕy,ϕz,ndims,T,Λ,χ_dwave,dχdlogT_dwave,χ_pwave,dχdlogT_pwave
11,0.55,0.6180339887498949,0.4487989505128276,0.75,3.0608354678845404,3.7478059669165082,5.4204922075902,3,0.0019306977288832496,0.3,[0.7548903918432137 0.0 0.0 0.0; 0.0 0.051353526100467915 -0.016914627669716447 -0.016704276204497357; 0.0 -0.016914627669716426 0.05225703756621692 -0.01282858468810467; 0.0 -0.016704276204497395 -0.012828584688104652 0.048692722303249454],[-0.15344497977468907 0.0 0.0 0.0; 0.0 -0.00022221421138973648 -0.0014186460678140785 -0.0011446411004352804; 0.0 -0.0014186460678140818 -0.0024913641859483026 -0.0014931078496844053; 0.0 -0.0011446411004352752 -0.0014931078496844036 -0.0006748841810338749],[1.7297695623829162e-17 0.0 0.0 0.0; 0.0 0.05733101319724219 -0.0006580473808141588 0.0001075971984665289; 0.0 -0.0006580473808141591 0.05933240756946122 -0.001665887867821192; 0.0 0.00010759719846653534 -0.001665887867821195 0.05756074342644348],[-1.3482224546158423e-17 0.0 0.0 0.0; 0.0 -0.0003773722668343301 0.00028202123097902494 -3.923468906456355e-5; 0.0 0.0002820212309790266 -0.0001941946911572331 0.00023225122324428436; 0.0 -3.923468906456409e-5 0.00023225122324428365 -0.00022201613581600217]
