L,J,Q,θ,μ,ϕx,ϕy,ϕz,ndims,T,Λ,χ_dwave,dχdlogT_dwave,χ_pwave,dχdlogT_pwave
11,0.7,0.6180339887498949,0.4487989505128276,0.75,4.746388633579302,2.733867409478656,2.7877728154891153,3,0.01,0.3,[0.47313479143456544 0.0 0.0 0.0; 0.0 0.02717595609487681 -0.008268868374484005 -0.00968731605809243; 0.0 -0.008268868374483965 0.028249199243117366 -0.010276379043647513; 0.0 -0.009687316058092388 -0.010276379043647508 0.030241836709805993],[-0.1375154822695188 0.0 0.0 0.0; 0.0 -0.0009218927943991108 -0.0007465699104356085 -0.0009747116048987455; 0.0 -0.0007465699104356049 -0.0009359258197383782 -0.0007429322083148011; 0.0 -0.0009747116048987505 -0.000742932208314798 -0.0008753594908926475],[-1.0814092037959827e-18 0.0 0.0 0.0; 0.0 0.03355954414929421 0.0015228897165190669 -4.8280122616406176e-5; 0.0 0.001522889716519069 0.034041810754839016 -0.00023316431213133923; 0.0 -4.828012261640937e-5 -0.00023316431213134015 0.036182365657895565],[-5.81172443096444e-19 0.0 0.0 0.0; 0.0 -0.0005734073143116918 -0.00012685972028025279 3.125763509729285e-5; 0.0 -0.00012685972028025246 -1.2078702833339464e-5 0.00021904557845431422; 0.0 3.12576350972934e-5 0.00021904557845431438 -0.000587914389169399]
