L,J,Q,θ,μ,ϕx,ϕy,ϕz,ndims,T,Λ,χ_dwave,dχdlogT_dwave,χ_pwave,dχdlogT_pwave
11,0.9,0.6180339887498949,0.4487989505128276,0.75,4.746388633579302,2.733867409478656,2.7877728154891153,3,0.019306977288832506,0.3,[0.37344617763034654 0.0 0.0 0.0; 0.0 0.02237331496723422 -0.007679812151887621 -0.008120564996401772; 0.0 -0.007679812151887623 0.021357290680678476 -0.007172746629003193; 0.0 -0.008120564996401746 -0.007172746629003222 0.021273315465355522],[-0.12858090478842066 0.0 0.0 0.0; 0.0 -0.0012817431431203484 -0.00020987128858329177 -0.0004011428677131243; 0.0 -0.0002098712885832935 -0.0011483168742607627 -0.00047943611502805525; 0.0 -0.00040114286771312504 -0.0004794361150280535 -0.00071796225086742],[3.7205152520793497e-19 0.0 0.0 0.0; 0.0 0.024717472724926786 0.0010847195757698296 0.0008463232873665869; 0.0 0.0010847195757698257 0.025419412806692483 0.000862277990873816; 0.0 0.000846323287366584 0.0008622779908738131 0.024485687001765368],[-2.1435491970294653e-19 0.0 0.0 0.0; 0.0 -0.0009273283438018768 1.2112437630972106e-5 0.00011474301507284123; 0.0 1.2112437630972543e-5 -0.0005178088172511879 5.0294953811273605e-5; 0.0 0.00011474301507284172 5.029495381127389e-5 -0.0007725162507310903]
