L,J,Q,θ,μ,ϕx,ϕy,ϕz,ndims,T,Λ,χ_dwave,dχdlogT_dwave,χ_pwave,dχdlogT_pwave
11,0.5,0.6180339887498949,0.4487989505128276,0.75,4.746388633579302,2.733867409478656,2.7877728154891153,3,0.0013894954943731374,0.3,[0.7215633707558703 0.0 0.0 0.0; 0.0 0.047032145370626076 -0.015792597495822125 -0.01643483157004864; 0.0 -0.015792597495822108 0.05519883969051568 -0.015592947019112126; 0.0 -0.016434831570048564 -0.015592947019112081 0.054815608781402285],[-0.103967521084634 0.0 0.0 0.0; 0.0 0.0002019497023643837 -0.00053637945316672 0.00016893583840500354; 0.0 -0.0005363794531667192 -0.001836574839795652 -0.001702758984263381; 0.0 0.00016893583840500338 -0.00170275898426338 -0.0029338397002683877],[-1.2394344101874558e-17 0.0 0.0 0.0; 0.0 0.05870242271972983 -0.004212271870373635 -0.0029440276900398435; 0.0 -0.004212271870373577 0.06496497995209884 -0.0028060782904601833; 0.0 -0.0029440276900398535 -0.002806078290460164 0.05677275522956306],[-4.08678638430288e-18 0.0 0.0 0.0; 0.0 0.00037959216399250924 -0.0005951153605415479 0.0002613291036636646; 0.0 -0.0005951153605415474 -0.0008957881714655472 -0.0005536546178557703; 0.0 0.00026132910366366373 -0.0005536546178557698 5.8679635123575746e-5]
