L,J,Q,θ,μ,ϕx,ϕy,ϕz,ndims,T,Λ,χ_dwave,dχdlogT_dwave,χ_pwave,dχdlogT_pwave
11,0.1,0.6180339887498949,0.4487989505128276,0.75,4.746388633579302,2.733867409478656,2.7877728154891153,3,0.005179474679231213,0.3,[0.7256716006028159 0.0 0.0 0.0; 0.0 0.2659474601966471 -0.14538249711886153 -0.09473696510722855; 0.0 -0.1453824971188622 0.246996997345985 -0.0713616714718109; 0.0 -0.09473696510722811 -0.07136167147181137 0.2018364303688354],[-0.21740441643312786 0.0 0.0 0.0; 0.0 -0.04287258996666242 0.030731654033828954 0.001533764660160306; 0.0 0.030731654033828902 -0.03743799270638829 0.0030935892455821565; 0.0 0.0015337646601603038 0.0030935892455821387 -0.017263822916031117],[1.0137396401183634e-17 0.0 0.0 0.0; 0.0 0.28794842374201063 -0.13908253889380306 -0.007000120292701656; 0.0 -0.1390825388938019 0.303874358254467 -0.01127655303056108; 0.0 -0.007000120292701597 -0.011276553030560892 0.36072779594899196],[-1.3682711175845765e-17 0.0 0.0 0.0; 0.0 -0.028775652217618478 0.02155291390181035 -0.0047507952774983875; 0.0 0.02155291390181037 -0.03170286511826486 0.003133780141581329; 0.0 -0.004750795277498332 0.0031337801415813426 -0.05931674346233095]
