L,J,Q,θ,μ,ϕx,ϕy,ϕz,ndims,T,Λ,χ_dwave,dχdlogT_dwave,χ_pwave,dχdlogT_pwave
11,0.6,0.6180339887498949,0.4487989505128276,0.75,4.746388633579302,2.733867409478656,2.7877728154891153,3,0.0037275937203149418,0.3,[0.5672617480159483 0.0 0.0 0.0; 0.0 0.037067932540605746 -0.012123555453966277 -0.014869176287014205; 0.0 -0.012123555453966366 0.036560570215010996 -0.011154138697813058; 0.0 -0.014869176287014235 -0.011154138697813017 0.0397487662275982],[-0.09279294071343452 0.0 0.0 0.0; 0.0 0.0002210965454663622 -0.0005482922111798337 -3.157760016270805e-5; 0.0 -0.0005482922111798354 -0.00042879662651972494 -0.0011940900324667223; 0.0 -3.1577600162708084e-5 -0.0011940900324667225 -0.0014896641243585529],[1.2958907752209464e-17 0.0 0.0 0.0; 0.0 0.046328022060685495 0.000632758105639286 0.0014585925825362795; 0.0 0.0006327581056392887 0.046406275751440726 -0.0014773559324883217; 0.0 0.001458592582536275 -0.0014773559324883247 0.04621210950245755],[-1.190305665997571e-17 0.0 0.0 0.0; 0.0 0.0002842923986032352 -7.786182612696122e-5 -4.741091315404262e-5; 0.0 -7.786182612696076e-5 0.00019788963969990183 0.0002257951700407428; 0.0 -4.741091315404155e-5 0.00022579517004074165 1.3130768623244017e-5]
