L,J,Q,θ,μ,ϕx,ϕy,ϕz,ndims,T,Λ,χ_dwave,dχdlogT_dwave,χ_pwave,dχdlogT_pwave
11,0.35,0.6180339887498949,0.4487989505128276,0.75,4.746388633579302,2.733867409478656,2.7877728154891153,3,0.0026826957952797246,0.3,[0.7329236820145338 0.0 0.0 0.0; 0.0 0.08775193804626688 -0.0314929912323741 -0.03384988425102398; 0.0 -0.0314929912323741 0.08876830165146264 -0.030565184444525977; 0.0 -0.033849884251024025 -0.03056518444452599 0.08827446184441218],[-0.15109910924824038 0.0 0.0 0.0; 0.0 -0.0009551841772118255 -0.0016911077877750692 -0.0013268260189334897; 0.0 -0.0016911077877750673 -0.0027003072224382617 -0.001706518900642834; 0.0 -0.0013268260189334875 -0.001706518900642826 -0.0016650348028383432],[-9.343247931428283e-19 0.0 0.0 0.0; 0.0 0.10659486088379642 -0.021809750566720555 -0.009504188803119457; 0.0 -0.0218097505667205 0.11167666848994616 -0.00027796798028165826; 0.0 -0.009504188803119425 -0.00027796798028166417 0.10774458276688353],[9.147015652229924e-19 0.0 0.0 0.0; 0.0 -0.0015419501164323592 0.00019792088261579003 5.447008927384578e-5; 0.0 0.00019792088261579244 -0.0005723897820118419 -0.000202814085037096; 0.0 5.44700892738472e-5 -0.00020281408503709648 -0.00015688690280962986]
