L,J,Q,θ,μ,ϕx,ϕy,ϕz,ndims,T,Λ,χ_dwave,dχdlogT_dwave,χ_pwave,dχdlogT_pwave
11,0.8,0.6180339887498949,0.4487989505128276,0.75,3.0608354678845404,3.7478059669165082,5.4204922075902,3,0.013894954943731374,0.3,[0.44312886285301883 0.0 0.0 0.0; 0.0 0.029083577977346342 -0.009843504561558547 -0.009951857483021695; 0.0 -0.009843504561558546 0.030482762307778476 -0.010502982982264035; 0.0 -0.009951857483021678 -0.010502982982263936 0.029822964822846628],[-0.14665237712200596 0.0 0.0 0.0; 0.0 -0.0016026889970487484 -0.00045375125298569935 -0.0006029011154818695; 0.0 -0.0004537512529856989 -0.0022750655676145063 -0.0005284959901278221; 0.0 -0.0006029011154818652 -0.0005284959901278185 -0.0015795148210126534],[-3.0598824484161807e-18 0.0 0.0 0.0; 0.0 0.03206076896362532 -0.0008708672368755102 0.0006672722410689585; 0.0 -0.000870867236875506 0.029463088158275582 0.0003207319298236152; 0.0 0.0006672722410689618 0.0003207319298236136 0.031133167388926606],[1.3080937695536333e-18 0.0 0.0 0.0; 0.0 -0.001170134275621302 8.256051707922551e-6 -0.00036366482372289174; 0.0 8.256051707921992e-6 -0.00038911627666156844 0.00011506778330296863; 0.0 -0.00036366482372289413 0.00011506778330296824 -0.0005934408215792743]
