L,J,Q,θ,μ,ϕx,ϕy,ϕz,ndims,T,Λ,χ_dwave,dχdlogT_dwave,χ_pwave,dχdlogT_pwave
11,0.15,0.6180339887498949,0.4487989505128276,0.75,6.131343488272533,6.2199038445083525,2.3360468446434557,3,0.001,0.3,[0.7781680099374695 0.0 0.0 0.0; 0.0 0.22872885904713702 -0.11999175773910445 -0.10846954193060108; 0.0 -0.11999175773910463 0.20986415765766933 -0.046250654116615844; 0.0 -0.10846954193060125 -0.046250654116615886 0.2050850427571016],[-0.18851801224507017 0.0 0.0 0.0; 0.0 -0.007595944431447992 0.003209291082153374 -0.001453820378746158; 0.0 0.0032092910821533813 -0.004318150258071077 -0.002448315220749025; 0.0 -0.0014538203787461592 -0.0024483152207490297 -0.008450705813076616],[-9.630940350018315e-18 0.0 0.0 0.0; 0.0 0.21231214902652948 0.0648965154190103 -0.023013625197622678; 0.0 0.06489651541901055 0.22694803198271438 -0.008584901389165496; 0.0 -0.023013625197622956 -0.008584901389165516 0.2555454595222172],[1.9348227461232825e-17 0.0 0.0 0.0; 0.0 -0.008427124484072969 -0.010129034869844246 -0.00939459757045676; 0.0 -0.010129034869844261 -0.014425541427296556 -0.010789988572121854; 0.0 -0.009394597570456778 -0.010789988572121862 -0.013040848011348395]
