L,J,Q,θ,μ,ϕx,ϕy,ϕz,ndims,T,Λ,χ_dwave,dχdlogT_dwave,χ_pwave,dχdlogT_pwave
11,0.4,0.6180339887498949,0.4487989505128276,0.75,4.746388633579302,2.733867409478656,2.7877728154891153,3,0.0019306977288832496,0.3,[0.7078732334117139 0.0 0.0 0.0; 0.0 0.07820776227394823 -0.026647269983087682 -0.028262594581306023; 0.0 -0.02664726998308771 0.07511685453560461 -0.026624677148101517; 0.0 -0.028262594581306005 -0.026624677148101607 0.07763760216307514],[-0.07744934888094447 0.0 0.0 0.0; 0.0 -0.0010794627888790738 -0.0006147221859609694 -0.0016864727800081991; 0.0 -0.000614722185960967 0.0009296356315345357 -0.0005426849081458761; 0.0 -0.0016864727800081937 -0.0005426849081458746 -0.0012428000287493409],[1.5127513860974533e-17 0.0 0.0 0.0; 0.0 0.09100836313813945 -0.01892380966197776 -0.0020935631094049843; 0.0 -0.01892380966197798 0.0919790208402739 -0.0038019611845824097; 0.0 -0.002093563109405001 -0.0038019611845824313 0.09660874542327585],[-9.395023850255436e-19 0.0 0.0 0.0; 0.0 0.0012909518539357266 -0.0013191202455830227 -5.702716089522088e-5; 0.0 -0.001319120245583023 0.001928936469351049 -0.0003787202427188562; 0.0 -5.702716089522075e-5 -0.00037872024271885763 -0.00023101984405247343]
