L,J,Q,θ,μ,ϕx,ϕy,ϕz,ndims,T,Λ,χ_dwave,dχdlogT_dwave,χ_pwave,dχdlogT_pwave
11,0.9,0.6180339887498949,0.4487989505128276,0.75,6.131343488272533,6.2199038445083525,2.3360468446434557,3,0.0037275937203149418,0.3,[0.5919195293488693 0.0 0.0 0.0; 0.0 0.022082715091750908 -0.005694989432586607 -0.006619294353225852; 0.0 -0.0056949894325865995 0.02321388897718545 -0.006568407644336741; 0.0 -0.006619294353225828 -0.006568407644336774 0.023792857881892702],[-0.12798950721024738 0.0 0.0 0.0; 0.0 -0.0003811170038062507 -0.0005296573516808836 -0.0006845449549531139; 0.0 -0.0005296573516808869 -0.0009135239612384146 -0.0005391063767056644; 0.0 -0.0006845449549531137 -0.0005391063767056645 -0.0008124465666357278],[3.437873409072423e-18 0.0 0.0 0.0; 0.0 0.024068279576527685 -0.00043265341318241235 0.000488802729582618; 0.0 -0.0004326534131824141 0.02507670550370235 -0.000284744650345427; 0.0 0.0004888027295826174 -0.00028474465034542755 0.02377858876170672],[-3.9651365795357364e-18 0.0 0.0 0.0; 0.0 5.735062866596419e-5 -6.344368753675307e-5 -5.310543855115991e-5; 0.0 -6.344368753675245e-5 -0.0003153779943759585 -0.00013977925642224678; 0.0 -5.310543855115949e-5 -0.00013977925642224637 9.021494791540284e-5]
