L,J,Q,θ,μ,ϕx,ϕy,ϕz,ndims,T,Λ,χ_dwave,dχdlogT_dwave,χ_pwave,dχdlogT_pwave
11,0.6,0.6180339887498949,0.4487989505128276,0.75,3.0766046577380743,0.4471779334510794,1.0503382973802378,3,0.019306977288832506,0.3,[0.39219357153640055 0.0 0.0 0.0; 0.0 0.03701276091171301 -0.01304451717106464 -0.014860645565585072; 0.0 -0.013044517171064564 0.0351732104618246 -0.01092505029423348; 0.0 -0.014860645565585053 -0.010925050294233503 0.037216018299968914],[-0.13997100024565906 0.0 0.0 0.0; 0.0 -0.0017190543179591033 -0.0008642135866661336 -0.00024792485524676626; 0.0 -0.000864213586666135 -0.002385974140737037 -0.0005621818414969155; 0.0 -0.00024792485524676545 -0.0005621818414969143 -0.0028719993300130482],[-2.450424877443109e-18 0.0 0.0 0.0; 0.0 0.0436637796365944 -0.0013259529509490576 -0.0003596567561079053; 0.0 -0.001325952950949062 0.042751495395919256 -0.00241340849010901; 0.0 -0.000359656756107909 -0.002413408490108998 0.045578452741676365],[7.979229916375411e-19 0.0 0.0 0.0; 0.0 -0.0023579675157336037 -0.0002952954648639695 0.00010930047216983078; 0.0 -0.00029529546486397115 -0.0024260797750184767 -0.00031191028783079716; 0.0 0.00010930047216982941 -0.00031191028783079635 -0.0028541115789634795]
