L,J,Q,θ,μ,ϕx,ϕy,ϕz,ndims,T,Λ,χ_dwave,dχdlogT_dwave,χ_pwave,dχdlogT_pwave
11,0.4,0.6180339887498949,0.4487989505128276,0.75,6.131343488272533,6.2199038445083525,2.3360468446434557,3,0.001,0.3,[0.7613487175985996 0.0 0.0 0.0; 0.0 0.07421961533920367 -0.029680465500593597 -0.025448629852772995; 0.0 -0.029680465500593667 0.07808471236312882 -0.02243928560453479; 0.0 -0.025448629852772877 -0.022439285604534797 0.07481472751547627],[-0.03829297452747221 0.0 0.0 0.0; 0.0 -0.0003954234789970087 -0.0003293399779259335 -0.0009098493117117283; 0.0 -0.00032933997792593256 0.0006820512842322659 -0.0011667237443384105; 0.0 -0.0009098493117117261 -0.0011667237443384081 0.0010466956694676769],[1.7299318190614065e-17 0.0 0.0 0.0; 0.0 0.095786073441386 0.009442755847953743 -0.00628761128731477; 0.0 0.009442755847953732 0.09261773020253104 0.005369820619582919; 0.0 -0.0062876112873147105 0.00536982061958294 0.08418147954434982],[-5.218206679790704e-18 0.0 0.0 0.0; 0.0 -9.68263137430817e-5 -0.0002675680365918585 0.00040462247592711905; 0.0 -0.0002675680365918581 2.129544246444059e-5 0.00011814036415737013; 0.0 0.00040462247592711834 0.00011814036415737024 0.0016871835893112748]
