L,J,Q,θ,μ,ϕx,ϕy,ϕz,ndims,T,Λ,χ_dwave,dχdlogT_dwave,χ_pwave,dχdlogT_pwave
11,0.7,0.6180339887498949,0.4487989505128276,0.75,2.0760510342028513,2.1711495157278233,4.576365600082355,3,0.005179474679231213,0.3,[0.5492972628078486 0.0 0.0 0.0; 0.0 0.03004878006742142 -0.007333513106956577 -0.009868415088796913; 0.0 -0.007333513106956559 0.030530837419515233 -0.01073981553311175; 0.0 -0.009868415088796895 -0.010739815533111818 0.032974431963006],[-0.11854105423097011 0.0 0.0 0.0; 0.0 -0.0006183596578313446 -0.0012355021654141722 -0.0007997861241406695; 0.0 -0.0012355021654141753 -0.0008840491663242255 -0.0006227242588261963; 0.0 -0.0007997861241406722 -0.0006227242588261974 -0.0006705412499648703],[-4.092541328584754e-18 0.0 0.0 0.0; 0.0 0.03505899276589729 -0.00033463145819187393 0.0010581027235712199; 0.0 -0.00033463145819185284 0.03573050825682443 -3.584940671297108e-5; 0.0 0.0010581027235712177 -3.5849406712968244e-5 0.03466944675274328],[3.0285779968071504e-18 0.0 0.0 0.0; 0.0 -3.0469239443532573e-5 4.8330713506544456e-5 -0.00012879315564499235; 0.0 4.833071350654398e-5 -0.0004978650030726669 -0.00023768458974724946; 0.0 -0.00012879315564499148 -0.00023768458974724873 0.00042665383596103383]
