L,J,Q,θ,μ,ϕx,ϕy,ϕz,ndims,T,Λ,χ_dwave,dχdlogT_dwave,χ_pwave,dχdlogT_pwave
11,0.15,0.6180339887498949,0.4487989505128276,0.75,6.131343488272533,6.2199038445083525,2.3360468446434557,3,0.0372759372031494,0.3,[0.32966472270365593 0.0 0.0 0.0; 0.0 0.12882913419360745 -0.06043759259510342 -0.060154756710239954; 0.0 -0.06043759259510331 0.12864006644757464 -0.05060408692366837; 0.0 -0.0601547567102397 -0.05060408692366848 0.12777609188347136],[-0.14198823788877096 0.0 0.0 0.0; 0.0 -0.05130185753691393 0.025609886301577192 0.02474794122151865; 0.0 0.025609886301577067 -0.050620946776954175 0.016207946118301557; 0.0 0.024747941221518417 0.016207946118301557 -0.04902747801501235],[-6.814134081199813e-18 0.0 0.0 0.0; 0.0 0.15266954872123245 0.04131668694252009 -0.03083445732500551; 0.0 0.0413166869425203 0.15316818631504545 -0.004108794486714557; 0.0 -0.030834457325005324 -0.004108794486714585 0.15414412479696676],[3.659998639535321e-18 0.0 0.0 0.0; 0.0 -0.05379847592908397 -0.019566489189274835 0.011717502390260318; 0.0 -0.01956648918927496 -0.055056705187089355 0.003950437997398001; 0.0 0.011717502390260322 0.003950437997397919 -0.05671356516110365]
