L,J,Q,θ,μ,ϕx,ϕy,ϕz,ndims,T,Λ,χ_dwave,dχdlogT_dwave,χ_pwave,dχdlogT_pwave
11,1.15,0.6180339887498949,0.4487989505128276,0.75,3.0608354678845404,3.7478059669165082,5.4204922075902,3,0.0019306977288832496,0.3,[0.6053685516870294 0.0 0.0 0.0; 0.0 0.01574447091771889 -0.004159196119773682 -0.004149457754725334; 0.0 -0.004159196119773694 0.01590104081867029 -0.0038921354623339126; 0.0 -0.004149457754725346 -0.0038921354623339135 0.016220496756412624],[-0.11725510164389931 0.0 0.0 0.0; 0.0 -0.0002335294261778952 -0.00047388676462177976 -0.00035968331561558387; 0.0 -0.00047388676462178036 -0.0005633260515434944 -0.00046776588726403647; 0.0 -0.000359683315615582 -0.00046776588726403414 -0.0003721652503701812],[1.5896645902103892e-18 0.0 0.0 0.0; 0.0 0.013546472109468188 -0.0012899276436690171 0.00010203267980913294; 0.0 -0.0012899276436690167 0.014641395564708084 -0.0002977901702887765; 0.0 0.00010203267980913459 -0.00029779017028877644 0.015263997021139319],[9.851869758876939e-18 0.0 0.0 0.0; 0.0 -2.7672598656601212e-5 -2.7597236893671556e-5 -3.264960433532247e-5; 0.0 -2.7597236893671844e-5 2.673543057602516e-5 -0.00011427807273532066; 0.0 -3.264960433532328e-5 -0.00011427807273532145 -0.00016928809707987037]
