L,J,Q,θ,μ,ϕx,ϕy,ϕz,ndims,T,Λ,χ_dwave,dχdlogT_dwave,χ_pwave,dχdlogT_pwave
11,1.0,0.6180339887498949,0.4487989505128276,0.75,2.0760510342028513,2.1711495157278233,4.576365600082355,3,0.1,0.3,[0.15768437625704504 0.0 0.0 0.0; 0.0 0.01227845391668285 -0.0044749507348696566 -0.004610918541518018; 0.0 -0.0044749507348695984 0.012847449764977278 -0.004615381328066698; 0.0 -0.004610918541517995 -0.0046153813280666945 0.013288633179313242],[-0.11377907176072706 0.0 0.0 0.0; 0.0 -0.0062101569783058 0.002018298662530123 0.002113710487391907; 0.0 0.0020182986625301292 -0.006585075719599755 0.0020750739034099725; 0.0 0.0021137104873919185 0.0020750739034099677 -0.006743122866548298],[-1.872221734556185e-18 0.0 0.0 0.0; 0.0 0.013461274074600838 0.00014004057592459506 -0.00020152884657926977; 0.0 0.000140040575924596 0.014027164696657515 0.0001941529888700701; 0.0 -0.00020152884657926833 0.0001941529888700697 0.015166241175068984],[1.160001385048193e-18 0.0 0.0 0.0; 0.0 -0.006494353282372297 -0.0001604691708417612 0.00020455272577140794; 0.0 -0.0001604691708417621 -0.006683746429287092 4.945221554591339e-5; 0.0 0.0002045527257714072 4.945221554591281e-5 -0.007280602809179679]
