L,J,Q,θ,μ,ϕx,ϕy,ϕz,ndims,T,Λ,χ_dwave,dχdlogT_dwave,χ_pwave,dχdlogT_pwave
11,0.7,0.6180339887498949,0.4487989505128276,0.75,2.0760510342028513,2.1711495157278233,4.576365600082355,3,0.07196856730011521,0.3,[0.21086412545302163 0.0 0.0 0.0; 0.0 0.025228303025038916 -0.009184670827492705 -0.010686394235632198; 0.0 -0.00918467082749268 0.02416927220632068 -0.008478633964541295; 0.0 -0.010686394235632238 -0.008478633964541338 0.025184119404848306],[-0.13101657578408984 0.0 0.0 0.0; 0.0 -0.009430575630145302 0.0027474293943964547 0.0035111208108047683; 0.0 0.0027474293943964626 -0.00885399682275121 0.002440050307985193; 0.0 0.0035111208108047926 0.0024400503079851825 -0.009390343919115102],[-8.2881182543053e-19 0.0 0.0 0.0; 0.0 0.02978863912822053 0.0012405220825721704 -0.00024949390328036277; 0.0 0.001240522082572169 0.029152838932700056 -0.0004329831696310146; 0.0 -0.0002494939032803633 -0.00043298316963100847 0.028839265783029606],[8.400509441208455e-19 0.0 0.0 0.0; 0.0 -0.010345585988624959 -0.0005058634735356257 0.00015954961419069184; 0.0 -0.0005058634735356235 -0.009997237474667985 8.16682519834134e-5; 0.0 0.0001595496141906901 8.166825198341213e-5 -0.009907606614446772]
