L,J,Q,θ,μ,ϕx,ϕy,ϕz,ndims,T,Λ,χ_dwave,dχdlogT_dwave,χ_pwave,dχdlogT_pwave
11,0.35,0.6180339887498949,0.4487989505128276,0.75,4.746388633579302,2.733867409478656,2.7877728154891153,3,0.005179474679231213,0.3,[0.6056308227676062 0.0 0.0 0.0; 0.0 0.08361634063977263 -0.03113526915015737 -0.033890835254868884; 0.0 -0.031135269150157494 0.08466378806213772 -0.0305966201871303; 0.0 -0.03389083525486856 -0.03059662018713043 0.08190210960268185],[-0.13769333571203443 0.0 0.0 0.0; 0.0 -0.0004683257411427743 -0.0017813619549018646 -0.0016114867354124812; 0.0 -0.001781361954901871 -0.00243833886807286 -0.001803130336997156; 0.0 -0.0016114867354124892 -0.0018031303369971526 0.000413601566703561],[-6.399899427824768e-18 0.0 0.0 0.0; 0.0 0.10052588046474513 -0.019276886213258893 -0.007348075900866363; 0.0 -0.019276886213258744 0.10844713674768887 -0.002817531507962143; 0.0 -0.0073480759008663354 -0.002817531507962158 0.10155608957817376],[6.460510254781583e-18 0.0 0.0 0.0; 0.0 0.000750025841862355 0.0004009162327781853 0.0009606479566959335; 0.0 0.0004009162327781878 -0.0013881065208232856 -0.000991433412495772; 0.0 0.0009606479566959343 -0.0009914334124957608 -0.0001638926329689195]
