L,J,Q,θ,μ,ϕx,ϕy,ϕz,ndims,T,Λ,χ_dwave,dχdlogT_dwave,χ_pwave,dχdlogT_pwave
11,1.2,0.6180339887498949,0.4487989505128276,0.75,6.131343488272533,6.2199038445083525,2.3360468446434557,3,0.01,0.3,[0.4217558488259061 0.0 0.0 0.0; 0.0 0.013710872075392901 -0.003841982537829778 -0.0032451408935285325; 0.0 -0.0038419825378297697 0.015336447024143959 -0.004152385756169745; 0.0 -0.003245140893528551 -0.004152385756169749 0.014098245973926374],[-0.11487886231933166 0.0 0.0 0.0; 0.0 -0.0004927798008019949 -0.00038323366225879356 -0.0005883923654358907; 0.0 -0.0003832336622587951 -0.0006361821564760319 -0.0003934482453770615; 0.0 -0.0005883923654358882 -0.00039344824537705897 -0.0005403216534446627],[-2.982856655780997e-18 0.0 0.0 0.0; 0.0 0.01392604604726254 -0.000685596883796892 9.351332634881409e-5; 0.0 -0.0006855968837968913 0.013068336397692747 -7.42125659807864e-6; 0.0 9.351332634881392e-5 -7.4212565980793355e-6 0.01332523597948986],[5.247934097891452e-19 0.0 0.0 0.0; 0.0 -6.652892443086481e-5 3.739310404008637e-5 2.0322268501442603e-5; 0.0 3.739310404008605e-5 6.705739749975764e-5 -3.033614006594827e-5; 0.0 2.0322268501442396e-5 -3.0336140065948327e-5 6.782145730391685e-5]
