L,J,Q,θ,μ,ϕx,ϕy,ϕz,ndims,T,Λ,χ_dwave,dχdlogT_dwave,χ_pwave,dχdlogT_pwave
11,1.2,0.6180339887498949,0.4487989505128276,0.75,6.131343488272533,6.2199038445083525,2.3360468446434557,3,0.019306977288832506,0.3,[0.34337975206593446 0.0 0.0 0.0; 0.0 0.013246119688394144 -0.0038907922281519263 -0.005075859401386579; 0.0 -0.003890792228151939 0.012638125302614728 -0.0055060413981327955; 0.0 -0.005075859401386609 -0.005506041398132825 0.013069640829247102],[-0.11685799330858646 0.0 0.0 0.0; 0.0 -0.0006819176803232049 -0.0001775769454809971 2.647562006459875e-5; 0.0 -0.00017757694548099765 -0.0003371557221398673 -5.980299687750959e-5; 0.0 2.647562006459739e-5 -5.980299687750982e-5 -0.00031946876157959366],[3.510915776247791e-18 0.0 0.0 0.0; 0.0 0.013747943336776503 -0.00024705263939072786 6.0540515790544546e-5; 0.0 -0.0002470526393907275 0.012894588296896702 0.0001534453816512448; 0.0 6.0540515790544024e-5 0.00015344538165124407 0.01343038999040538],[4.38283936230579e-20 0.0 0.0 0.0; 0.0 -0.0002354796173147675 1.3921411260215572e-5 -4.062113237233613e-6; 0.0 1.3921411260215415e-5 4.213129140206025e-5 -0.00010027033043101781; 0.0 -4.062113237233275e-6 -0.00010027033043101705 -0.00025745658172224815]
