L,J,Q,θ,μ,ϕx,ϕy,ϕz,ndims,T,Λ,χ_dwave,dχdlogT_dwave,χ_pwave,dχdlogT_pwave
11,0.85,0.6180339887498949,0.4487989505128276,0.75,3.0608354678845404,3.7478059669165082,5.4204922075902,3,0.01,0.3,[0.45068494779274637 0.0 0.0 0.0; 0.0 0.02346329586076873 -0.007294191011187542 -0.00831927485343552; 0.0 -0.007294191011187533 0.0233117318932775 -0.00832214027301057; 0.0 -0.00831927485343554 -0.008322140273010542 0.023126136325145034],[-0.11406411046479487 0.0 0.0 0.0; 0.0 -0.00018759401079109712 -0.0008003351505140092 -0.0007205530145435675; 0.0 -0.0008003351505140088 -0.00040919009195341063 -0.0004933364377512728; 0.0 -0.0007205530145435699 -0.0004933364377512698 -0.0002308328066210853],[-7.018243847093744e-18 0.0 0.0 0.0; 0.0 0.025129871040833085 -0.0003479041446351795 0.00026624811870186845; 0.0 -0.00034790414463517884 0.023902585362800474 0.00044514568260091864; 0.0 0.00026624811870186975 0.0004451456826009178 0.02449935362642635],[1.1019238806839878e-19 0.0 0.0 0.0; 0.0 0.00014669099459805346 -6.691876808739601e-5 0.00011626541490432295; 0.0 -6.691876808739653e-5 0.00017604568856083267 0.00017342503366480475; 0.0 0.0001162654149043219 0.00017342503366480342 0.000203957621524508]
