L,J,Q,θ,μ,ϕx,ϕy,ϕz,ndims,T,Λ,χ_dwave,dχdlogT_dwave,χ_pwave,dχdlogT_pwave
11,0.15,0.6180339887498949,0.4487989505128276,0.75,6.131343488272533,6.2199038445083525,2.3360468446434557,3,0.0037275937203149418,0.3,[0.5819539232285083 0.0 0.0 0.0; 0.0 0.20027079458222483 -0.10086553130769861 -0.09896098256972002; 0.0 -0.10086553130769849 0.1843713772437149 -0.0490883497932895; 0.0 -0.09896098256971964 -0.04908834979328945 0.18687900306183836],[-0.09398545152648495 0.0 0.0 0.0; 0.0 -0.011546583882183816 0.00997396506316071 0.006937194460127355; 0.0 0.009973965063160742 -0.009768375385488557 -0.006215465875869153; 0.0 0.006937194460127327 -0.006215465875869143 -0.011556792570634265],[-3.123194248519386e-17 0.0 0.0 0.0; 0.0 0.1977545505711275 0.06000992557175305 -0.037728855673521654; 0.0 0.060009925571753234 0.20888673365003763 -0.012139750175067618; 0.0 -0.03772885567352147 -0.012139750175067706 0.22008297032015336],[1.1327291543057811e-17 0.0 0.0 0.0; 0.0 -0.0038437283135576857 -0.003205025450522072 0.00020836347218626604; 0.0 -0.0032050254505220817 -0.0056579168231924775 0.0019970585536931342; 0.0 0.00020836347218626425 0.0019970585536931208 -0.0093024719157118]
