L,J,Q,θ,μ,ϕx,ϕy,ϕz,ndims,T,Λ,χ_dwave,dχdlogT_dwave,χ_pwave,dχdlogT_pwave
11,0.3,0.6180339887498949,0.4487989505128276,0.75,3.0766046577380743,0.4471779334510794,1.0503382973802378,3,0.001,0.3,[0.7481091016737341 0.0 0.0 0.0; 0.0 0.10269115916855098 -0.042020900663479736 -0.036602184597938646; 0.0 -0.042020900663479736 0.09696041648945146 -0.031030771841527225; 0.0 -0.036602184597938764 -0.031030771841527194 0.10042060458122788],[-0.03590676552230198 0.0 0.0 0.0; 0.0 0.0014241390543162469 -0.0008126800549954646 -0.0018711396211368162; 0.0 -0.0008126800549954636 0.00048754285685678603 0.00010170950418813638; 0.0 -0.0018711396211368117 0.00010170950418813638 -0.0004953304055402049],[1.845035978220634e-17 0.0 0.0 0.0; 0.0 0.1291270039249756 -0.00455610726983155 -0.013631599855133193; 0.0 -0.0045561072698316225 0.14789961238185467 -0.03400558235641565; 0.0 -0.013631599855133233 -0.0340055823564155 0.13060488463102723],[-4.802983006290554e-18 0.0 0.0 0.0; 0.0 0.00031888218993382966 1.3059194039016139e-5 0.000132902679371941; 0.0 1.3059194039015863e-5 0.0004350386713997094 0.00019299543915331167; 0.0 0.00013290267937194052 0.00019299543915331186 0.0001640648233534794]
