L,J,Q,θ,μ,ϕx,ϕy,ϕz,ndims,T,Λ,χ_dwave,dχdlogT_dwave,χ_pwave,dχdlogT_pwave
11,0.1,0.6180339887498949,0.4487989505128276,0.75,6.131343488272533,6.2199038445083525,2.3360468446434557,3,0.0372759372031494,0.3,[0.3314550368928814 0.0 0.0 0.0; 0.0 0.14246438041084383 -0.06709801388193797 -0.06688048805093026; 0.0 -0.06709801388193791 0.1399549404730601 -0.05468557273784473; 0.0 -0.06688048805093084 -0.054685572737844766 0.13981141645446518],[-0.14276638878214634 0.0 0.0 0.0; 0.0 -0.06137218643438409 0.030900692309391915 0.02981444513426339; 0.0 0.030900692309392037 -0.059731415011304016 0.019219055230556625; 0.0 0.029814445134263366 0.019219055230556514 -0.05760668673517298],[4.024693243035174e-20 0.0 0.0 0.0; 0.0 0.16669920397649654 0.04919676184974587 -0.03631051178685506; 0.0 0.0491967618497462 0.16772128448806886 -0.006856782792564038; 0.0 -0.03631051178685496 -0.00685678279256394 0.16701816837499064],[3.3447404391266515e-19 0.0 0.0 0.0; 0.0 -0.06346120824428554 -0.026153102429264236 0.01844511704375295; 0.0 -0.026153102429264104 -0.06516438132119003 0.008750315315372315; 0.0 0.018445117043753016 0.008750315315372225 -0.06625845780456963]
