L,J,Q,θ,μ,ϕx,ϕy,ϕz,ndims,T,Λ,χ_dwave,dχdlogT_dwave,χ_pwave,dχdlogT_pwave
11,1.1,0.6180339887498949,0.4487989505128276,0.75,4.746388633579302,2.733867409478656,2.7877728154891153,3,0.1,0.3,[0.15316761112527558 0.0 0.0 0.0; 0.0 0.011130057237491725 -0.0046773739888925974 -0.003859359414457338; 0.0 -0.004677373988892601 0.011052079308179159 -0.004244120847450055; 0.0 -0.003859359414457329 -0.004244120847450057 0.010911501450617058],[-0.11072674330679098 0.0 0.0 0.0; 0.0 -0.005571652066745761 0.002261994684075624 0.0017452864440132426; 0.0 0.0022619946840756236 -0.005477576020601852 0.0019420533218479392; 0.0 0.00174528644401324 0.0019420533218479392 -0.005423091251964834],[-4.907243574374649e-19 0.0 0.0 0.0; 0.0 0.01215322654481287 0.00030321884264323986 0.00030003400450558966; 0.0 0.00030321884264323856 0.011521790769203245 0.00024445453220751576; 0.0 0.00030003400450559 0.00024445453220751733 0.011925658036740209],[2.298292901226606e-19 0.0 0.0 0.0; 0.0 -0.005853974168379855 -9.027518577508978e-5 -0.00012820321957619205; 0.0 -9.027518577508913e-5 -0.005472750316925304 -0.00013365461323279284; 0.0 -0.00012820321957619118 -0.00013365461323279194 -0.005619687681717728]
