L,J,Q,θ,μ,ϕx,ϕy,ϕz,ndims,T,Λ,χ_dwave,dχdlogT_dwave,χ_pwave,dχdlogT_pwave
11,0.85,0.6180339887498949,0.4487989505128276,0.75,6.131343488272533,6.2199038445083525,2.3360468446434557,3,0.0037275937203149418,0.3,[0.5806418143971683 0.0 0.0 0.0; 0.0 0.023738985347602555 -0.006499559883891236 -0.0060512209236242365; 0.0 -0.006499559883891237 0.023911751315047827 -0.005804409043447736; 0.0 -0.006051220923624225 -0.005804409043447733 0.025185398110293997],[-0.11649186355289608 0.0 0.0 0.0; 0.0 -0.00021294788099115398 -0.0006488549633615301 -0.0009423488351688521; 0.0 -0.0006488549633615291 -0.0004730731247770745 -0.0007985450266218322; 0.0 -0.0009423488351688502 -0.0007985450266218303 -0.0005714179364686172],[-1.2478962506640842e-17 0.0 0.0 0.0; 0.0 0.026753748157756316 0.0007641476215421209 0.000519987168363116; 0.0 0.0007641476215421186 0.02477177939759431 0.00033553564147507876; 0.0 0.0005199871683631145 0.00033553564147507605 0.025219744418103558],[4.790953232834382e-18 0.0 0.0 0.0; 0.0 -1.3802884513640031e-5 -0.0003418881773472466 -4.4551872992851674e-5; 0.0 -0.0003418881773472466 -0.00021603129422231935 -0.0003311440567430382; 0.0 -4.455187299285186e-5 -0.0003311440567430355 0.0001632101117895752]
