L,J,Q,θ,μ,ϕx,ϕy,ϕz,ndims,T,Λ,χ_dwave,dχdlogT_dwave,χ_pwave,dχdlogT_pwave
11,0.45,0.6180339887498949,0.4487989505128276,0.75,6.131343488272533,6.2199038445083525,2.3360468446434557,3,0.0372759372031494,0.3,[0.3107901393750296 0.0 0.0 0.0; 0.0 0.05647817159276442 -0.023015969717483768 -0.025213884794724455; 0.0 -0.023015969717483622 0.05613029387708711 -0.021347882856376715; 0.0 -0.025213884794724556 -0.021347882856376618 0.058467056616440645],[-0.1405152640905152 0.0 0.0 0.0; 0.0 -0.011037598858581752 0.003439404100364535 0.0043178186614528805; 0.0 0.003439404100364534 -0.011802690143920892 0.0031656008957269; 0.0 0.004317818661452889 0.0031656008957268904 -0.012627981550556102],[-3.569570440515574e-18 0.0 0.0 0.0; 0.0 0.06876981803878708 0.007576480817305186 -0.007249842466347187; 0.0 0.007576480817305202 0.06834770208489782 0.0013339265110576092; 0.0 -0.007249842466347135 0.001333926511057593 0.06925374075215115],[4.393120971928356e-19 0.0 0.0 0.0; 0.0 -0.013911654263937985 -0.0007792810739667548 0.0008622254611072029; 0.0 -0.0007792810739667548 -0.012837974418014361 -0.0008564258425375044; 0.0 0.000862225461107212 -0.0008564258425375047 -0.012386926319193243]
