L,J,Q,θ,μ,ϕx,ϕy,ϕz,ndims,T,Λ,χ_dwave,dχdlogT_dwave,χ_pwave,dχdlogT_pwave
11,0.7,0.6180339887498949,0.4487989505128276,0.75,4.746388633579302,2.733867409478656,2.7877728154891153,3,0.013894954943731374,0.3,[0.42441553148092065 0.0 0.0 0.0; 0.0 0.029814855271840624 -0.010147885952852587 -0.010444182547175386; 0.0 -0.0101478859528526 0.031109134589530546 -0.009321631833842143; 0.0 -0.010444182547175426 -0.009321631833842117 0.03044309370314696],[-0.13551027892991693 0.0 0.0 0.0; 0.0 -0.0012464297777480585 -0.0006904628100721856 -0.0010664973029619437; 0.0 -0.000690462810072182 -0.0015975097126033416 -0.0008845328314320564; 0.0 -0.0010664973029619457 -0.0008845328314320547 -0.001100888442634282],[-2.000545967340941e-18 0.0 0.0 0.0; 0.0 0.034729093063548475 -0.0006948628794707624 -0.0008350617159394046; 0.0 -0.0006948628794707656 0.035602801970088985 -0.0004830984190882559; 0.0 -0.0008350617159394155 -0.00048309841908826003 0.034190121465932394],[3.3114641310078457e-18 0.0 0.0 0.0; 0.0 -0.0009300399498822269 -0.00011335919868106688 4.7490655937867134e-5; 0.0 -0.00011335919868106683 -0.0009246767190610537 -2.7934881708239696e-6; 0.0 4.7490655937867235e-5 -2.7934881708240026e-6 -0.0004844423866950097]
