L,J,Q,θ,μ,ϕx,ϕy,ϕz,ndims,T,Λ,χ_dwave,dχdlogT_dwave,χ_pwave,dχdlogT_pwave
11,1.1,0.6180339887498949,0.4487989505128276,0.75,3.0608354678845404,3.7478059669165082,5.4204922075902,3,0.0026826957952797246,0.3,[0.5795002883045921 0.0 0.0 0.0; 0.0 0.01727315630390147 -0.0054069077183727405 -0.004320694041745804; 0.0 -0.005406907718372753 0.017526651396340288 -0.004752826124613481; 0.0 -0.004320694041745821 -0.004752826124613485 0.017114260444349442],[-0.10754418411844899 0.0 0.0 0.0; 0.0 -0.000169172161309436 -0.0001363376758118996 -0.0005590946794813879; 0.0 -0.0001363376758118992 3.2992475547101445e-5 -0.00040399993354842546; 0.0 -0.000559094679481388 -0.0004039999335484257 -0.0008565443898510814],[-1.7284333447950894e-18 0.0 0.0 0.0; 0.0 0.015439191158450424 0.0006933197564520949 -0.0007292509776637299; 0.0 0.0006933197564520986 0.016411139217487564 0.0002633948710906931; 0.0 -0.0007292509776637328 0.0002633948710906921 0.015328231249409971],[-9.41723881450226e-19 0.0 0.0 0.0; 0.0 -9.175354085630625e-5 -0.00011226341539072702 -8.157660759675823e-5; 0.0 -0.00011226341539072711 2.8304125244291604e-5 -0.00023777541684248245; 0.0 -8.157660759675911e-5 -0.00023777541684248202 -7.594093466341824e-5]
