L,J,Q,θ,μ,ϕx,ϕy,ϕz,ndims,T,Λ,χ_dwave,dχdlogT_dwave,χ_pwave,dχdlogT_pwave
11,0.15,0.6180339887498949,0.4487989505128276,0.75,3.0766046577380743,0.4471779334510794,1.0503382973802378,3,0.0037275937203149418,0.3,[0.611239105043902 0.0 0.0 0.0; 0.0 0.19038729289932568 -0.08068226991394249 -0.0747970420996536; 0.0 -0.08068226991394274 0.17319399817436104 -0.06706910902072524; 0.0 -0.07479704209965353 -0.06706910902072538 0.1573269739450751],[-0.12050783657260472 0.0 0.0 0.0; 0.0 -0.01581992375186689 0.00020797295495161668 0.004189762514885544; 0.0 0.00020797295495161847 -0.010403749222961603 0.004206980365474996; 0.0 0.004189762514885552 0.004206980365474949 -0.0056628661598092135],[5.190896125203143e-18 0.0 0.0 0.0; 0.0 0.2244920394031887 -0.035463793843527165 0.011046571312794358; 0.0 -0.035463793843527304 0.22441976346335074 -0.062399413423839784; 0.0 0.011046571312794297 -0.06239941342383967 0.24154760159640526],[-6.098450821926248e-18 0.0 0.0 0.0; 0.0 -0.015267939766289332 -0.0018175161904237238 -0.005416622347098695; 0.0 -0.0018175161904237214 -0.0031688868386996433 -0.0002643818159278946; 0.0 -0.005416622347098714 -0.0002643818159278955 -0.006053620424561142]
