L,J,Q,θ,μ,ϕx,ϕy,ϕz,ndims,T,Λ,χ_dwave,dχdlogT_dwave,χ_pwave,dχdlogT_pwave
11,0.15,0.6180339887498949,0.4487989505128276,0.75,3.0608354678845404,3.7478059669165082,5.4204922075902,3,0.0071968567300115215,0.3,[0.6595032116105809 0.0 0.0 0.0; 0.0 0.1640642101845221 -0.06941249395637897 -0.08013798550460423; 0.0 -0.06941249395637854 0.17963121420987185 -0.07643419163149366; 0.0 -0.08013798550460409 -0.07643419163149348 0.18520693746825564],[-0.20773276571728344 0.0 0.0 0.0; 0.0 -0.014717759926185363 0.004045557000643982 0.01231469038570642; 0.0 0.004045557000643998 -0.02050984095652871 0.002280347707419986; 0.0 0.012314690385706437 0.0022803477074199497 -0.02612636320972471],[5.242486304565964e-18 0.0 0.0 0.0; 0.0 0.2782806078714508 0.06344543790099164 -0.0024746052011916614; 0.0 0.06344543790099194 0.2829591001276892 0.002212260985149398; 0.0 -0.002474605201191615 0.0022122609851493863 0.2503607561274909],[-3.3630563901002427e-18 0.0 0.0 0.0; 0.0 -0.028241092263232265 -0.01768818898924832 0.0011930824326803582; 0.0 -0.01768818898924834 -0.057218568097041664 0.0029056380797347313; 0.0 0.001193082432680354 0.002905638079734756 -0.019020878933637495]
