L,J,Q,θ,μ,ϕx,ϕy,ϕz,ndims,T,Λ,χ_dwave,dχdlogT_dwave,χ_pwave,dχdlogT_pwave
11,0.15,0.6180339887498949,0.4487989505128276,0.75,4.746388633579302,2.733867409478656,2.7877728154891153,3,0.0019306977288832496,0.3,[0.9624336373522234 0.0 0.0 0.0; 0.0 0.21953691146826002 -0.10970272097538387 -0.08460116551483668; 0.0 -0.10970272097538321 0.21195922199418074 -0.0575430502348305; 0.0 -0.08460116551483668 -0.05754305023483068 0.18928146882072686],[-0.2346024306507411 0.0 0.0 0.0; 0.0 -0.001855201411649764 0.0008362077195313409 -0.0010126573303712427; 0.0 0.0008362077195313397 -0.008078573531178024 -0.00541082035644225; 0.0 -0.001012657330371245 -0.005410820356442278 -0.006968228561760833],[4.131549801371208e-17 0.0 0.0 0.0; 0.0 0.2628603038026418 -0.12151135349564048 -0.04715650030212791; 0.0 -0.12151135349564136 0.2694509458685083 0.027981835111988748; 0.0 -0.04715650030212799 0.027981835111988866 0.3333486824018907],[-7.305397077792723e-18 0.0 0.0 0.0; 0.0 -0.009526147881188971 0.00497468577751268 0.009046618971416825; 0.0 0.00497468577751268 -0.006801167667920592 -0.011473751614718775; 0.0 0.00904661897141682 -0.01147375161471874 -0.03100131472186318]
