L,J,Q,θ,μ,ϕx,ϕy,ϕz,ndims,T,Λ,χ_dwave,dχdlogT_dwave,χ_pwave,dχdlogT_pwave
11,0.0,0.6180339887498949,0.4487989505128276,0.75,3.0766046577380743,0.4471779334510794,1.0503382973802378,3,0.0517947467923121,0.3,[0.2815488124702331 0.0 0.0 0.0; 0.0 0.12502856550536626 -0.05945747193661414 -0.05619881887878548; 0.0 -0.059457471936614145 0.1210910680281938 -0.04450227751811164; 0.0 -0.05619881887878548 -0.04450227751811164 0.11634627874256571],[-0.1489678471795066 0.0 0.0 0.0; 0.0 -0.0645027133044453 0.03256299503615264 0.02712585442186944; 0.0 0.03256299503615265 -0.06293637674455498 0.021404956577116326; 0.0 0.027125854421869433 0.021404956577116323 -0.05604631131250523],[5.321589745982622e-42 0.0 0.0 0.0; 0.0 0.15652024696486685 -0.027711715444008356 -0.007823278352685602; 0.0 -0.027711715444008356 0.16045774444203925 -0.04583766820850138; 0.0 -0.007823278352685597 -0.045837668208501416 0.16520253372766736],[-9.075073062210783e-44 0.0 0.0 0.0; 0.0 -0.08446513387506134 0.025278278069106416 -0.009200940847505536; 0.0 0.025278278069106413 -0.08603147043495167 0.030589339404803597; 0.0 -0.009200940847505536 0.03058933940480359 -0.09292153586700146]
