L,J,Q,θ,μ,ϕx,ϕy,ϕz,ndims,T,Λ,χ_dwave,dχdlogT_dwave,χ_pwave,dχdlogT_pwave
11,0.8,0.6180339887498949,0.4487989505128276,0.75,4.746388633579302,2.733867409478656,2.7877728154891153,3,0.1,0.3,[0.16554447532725622 0.0 0.0 0.0; 0.0 0.016919839634161417 -0.006676532910503182 -0.0066461174168300245; 0.0 -0.006676532910503194 0.016881362371319805 -0.006565950188099049; 0.0 -0.00664611741683001 -0.006565950188099048 0.0170551434219844],[-0.11958910780644438 0.0 0.0 0.0; 0.0 -0.008790271998881162 0.0030961111518225644 0.003223322550243828; 0.0 0.0030961111518225453 -0.00862449908403708 0.0031814257323666416; 0.0 0.0032233225502438343 0.003181425732366641 -0.00884507892323028],[-2.310781361888833e-19 0.0 0.0 0.0; 0.0 0.01971342596270381 0.0005372707374000149 -0.0002066688771054194; 0.0 0.0005372707374000132 0.020523501054843563 0.0007462971990652329; 0.0 -0.00020666887710542203 0.000746297199065234 0.020880650676687422],[3.4594471805497074e-19 0.0 0.0 0.0; 0.0 -0.009728903945040732 -0.00014728296289823764 2.021064667698614e-5; 0.0 -0.00014728296289823705 -0.010118109151617618 -0.0003802814428492662; 0.0 2.0210646676986386e-5 -0.0003802814428492659 -0.010371940659848143]
