L,J,Q,θ,μ,ϕx,ϕy,ϕz,ndims,T,Λ,χ_dwave,dχdlogT_dwave,χ_pwave,dχdlogT_pwave
11,0.05,0.6180339887498949,0.4487989505128276,0.75,2.0760510342028513,2.1711495157278233,4.576365600082355,3,0.005179474679231213,0.3,[0.6464174626647137 0.0 0.0 0.0; 0.0 0.28041444097638485 -0.1553155925318444 -0.12150565953407937; 0.0 -0.15531559253184377 0.26148662119343086 -0.06848524090066767; 0.0 -0.1215056595340791 -0.06848524090066711 0.2368025472611254],[-0.14156953460275915 0.0 0.0 0.0; 0.0 -0.06952461387929688 0.03904549333977894 0.03382545326143652; 0.0 0.03904549333977889 -0.0490375188721745 -0.0010420629497206316; 0.0 0.03382545326143649 -0.0010420629497206375 -0.04388690059007016],[3.55961082099757e-17 0.0 0.0 0.0; 0.0 0.32687927651302395 0.16945250939616385 -0.016273206683393323; 0.0 0.16945250939616327 0.351975127953418 -0.02624580113205711; 0.0 -0.01627320668339347 -0.026245801132057232 0.37109249382006443],[-2.5829916167225415e-17 0.0 0.0 0.0; 0.0 -0.040132631165494294 -0.02665988619992979 -0.0019129562409603532; 0.0 -0.026659886199929702 -0.0647013424708454 0.020410675777333645; 0.0 -0.0019129562409603506 0.020410675777333773 -0.06575274098516572]
