L,J,Q,θ,μ,ϕx,ϕy,ϕz,ndims,T,Λ,χ_dwave,dχdlogT_dwave,χ_pwave,dχdlogT_pwave
11,0.9,0.6180339887498949,0.4487989505128276,0.75,3.0608354678845404,3.7478059669165082,5.4204922075902,3,0.0037275937203149418,0.3,[0.6015604347121195 0.0 0.0 0.0; 0.0 0.024833299328697895 -0.005244500274704132 -0.005265633012969499; 0.0 -0.005244500274704123 0.02254812851041449 -0.0058831896387703505; 0.0 -0.005265633012969484 -0.005883189638770346 0.022976372846899223],[-0.1611683031269686 0.0 0.0 0.0; 0.0 -0.0022084094484429886 -0.0011741260402126851 -0.0006846136242948493; 0.0 -0.0011741260402126875 -0.0009082102120940327 -0.0003469690015007474; 0.0 -0.0006846136242948464 -0.00034696900150074796 -0.000996237140276328],[-1.601252695806571e-17 0.0 0.0 0.0; 0.0 0.024891113727000726 -0.0010116754375193195 0.0014997785995450258; 0.0 -0.0010116754375193175 0.026324565234242266 0.0005678551694907228; 0.0 0.0014997785995450276 0.0005678551694907242 0.022490879691204058],[6.5784164958957686e-18 0.0 0.0 0.0; 0.0 -0.0008081963420106435 0.0005906538545568001 -0.0003007219671483532; 0.0 0.0005906538545568007 -0.000730606522041085 -3.7715717245206553e-5; 0.0 -0.0003007219671483527 -3.7715717245206784e-5 -0.00032897414126038094]
