L,J,Q,θ,μ,ϕx,ϕy,ϕz,ndims,T,Λ,χ_dwave,dχdlogT_dwave,χ_pwave,dχdlogT_pwave
11,0.4,0.6180339887498949,0.4487989505128276,0.75,2.0760510342028513,2.1711495157278233,4.576365600082355,3,0.013894954943731374,0.3,[0.45907961143499926 0.0 0.0 0.0; 0.0 0.07045723015613589 -0.026177404881788525 -0.03201350240353352; 0.0 -0.026177404881788553 0.067179186261792 -0.021765402473522356; 0.0 -0.03201350240353343 -0.021765402473522526 0.06916124044528828],[-0.14159064428650514 0.0 0.0 0.0; 0.0 -0.003944237939238552 -0.0007450479368617824 0.000579659953297957; 0.0 -0.0007450479368617767 -0.004269611035465592 -0.0008776446217866343; 0.0 0.0005796599532979619 -0.0008776446217866329 -0.0032019769233263703],[1.2644251234418776e-17 0.0 0.0 0.0; 0.0 0.08177018665803108 0.01282826495905957 0.0004730999369988599; 0.0 0.012828264959059522 0.09377361741772759 0.002115940944872224; 0.0 0.0004730999369988683 0.002115940944872205 0.08975138573822157],[-2.3415341378135847e-18 0.0 0.0 0.0; 0.0 -0.0028077530949577154 0.000461320793264429 -0.0005251959529324891; 0.0 0.0004613207932644313 -0.006107744940344337 -0.0005224897701692498; 0.0 -0.0005251959529324872 -0.0005224897701692524 -0.0035389929553237675]
