L,J,Q,θ,μ,ϕx,ϕy,ϕz,ndims,T,Λ,χ_dwave,dχdlogT_dwave,χ_pwave,dχdlogT_pwave
11,0.1,0.6180339887498949,0.4487989505128276,0.75,2.0760510342028513,2.1711495157278233,4.576365600082355,3,0.0517947467923121,0.3,[0.29358355528143004 0.0 0.0 0.0; 0.0 0.1183127139457787 -0.05808769579181368 -0.052910922928896625; 0.0 -0.05808769579181356 0.11648283670406662 -0.043590954621670355; 0.0 -0.05291092292889685 -0.0435909546216701 0.11328739065916883],[-0.15478208390035683 0.0 0.0 0.0; 0.0 -0.06077193461071032 0.03131681559818265 0.028209581707454686; 0.0 0.031316815598182765 -0.05972363221945883 0.019420146490929897; 0.0 0.028209581707454537 0.0194201464909301 -0.05733680782848917],[-2.970021851137138e-18 0.0 0.0 0.0; 0.0 0.15634504384873663 0.051156861422986984 -0.0013518044788801546; 0.0 0.051156861422987504 0.15949893467564374 0.0015927415748155614; 0.0 -0.001351804478880153 0.0015927415748155749 0.1615692550125678],[1.1326682653826887e-18 0.0 0.0 0.0; 0.0 -0.07754608488885507 -0.04137993432362793 0.001117515776317243; 0.0 -0.041379934323627895 -0.07968553877909947 0.0003518313347791493; 0.0 0.0011175157763172545 0.0003518313347791606 -0.08122676822415235]
