L,J,Q,θ,μ,ϕx,ϕy,ϕz,ndims,T,Λ,χ_dwave,dχdlogT_dwave,χ_pwave,dχdlogT_pwave
11,0.95,0.6180339887498949,0.4487989505128276,0.75,6.131343488272533,6.2199038445083525,2.3360468446434557,3,0.01,0.3,[0.4535174245491754 0.0 0.0 0.0; 0.0 0.01897301348496649 -0.006534498128539216 -0.004739222100278372; 0.0 -0.006534498128539187 0.020430443197165676 -0.006313890745135727; 0.0 -0.00473922210027834 -0.006313890745135666 0.019219314962692594],[-0.13322394531625079 0.0 0.0 0.0; 0.0 -0.001175800506954744 -0.000339210547324808 -0.0006025129371602088; 0.0 -0.00033921054732480814 -0.0010758232716674527 -0.0005456729629136664; 0.0 -0.0006025129371602054 -0.0005456729629136683 -0.0006263082146756237],[6.642112244137863e-19 0.0 0.0 0.0; 0.0 0.022175022154388605 -0.0007322575922399827 0.0011597603138917133; 0.0 -0.0007322575922399791 0.021323212059871782 -0.0009513308607365678; 0.0 0.001159760313891711 -0.0009513308607365714 0.021095797728628168],[-9.591812620844142e-19 0.0 0.0 0.0; 0.0 -0.0001854735040947723 -0.0003327345572562793 0.0003884434051530932; 0.0 -0.0003327345572562774 -0.00044440445251623794 0.00010426823328554665; 0.0 0.00038844340515309264 0.00010426823328554627 -7.253069319344824e-5]
