L,J,Q,θ,ϕx,ϕy,ϕz,ndims,T,χ,dχdlogT,Λ
23,0.5,0.6180339887498949,0.4487989505128276,4.439427892322912,0.859058061415959,0.5074784174426545,3,0.006723357536499335,[0.5316573616169086 0.0 0.0 0.0; 0.0 0.08770046380996208 -0.023505213393568654 -0.038929751569495505; 0.0 -0.02350521339356826 0.08220779847159711 -0.03491291011297219; 0.0 -0.038929751569497524 -0.034912910112973004 0.09294392499384899],[-0.13348237793418913 0.0 0.0 0.0; 0.0 -0.017579512919618644 0.0008188720771347168 0.0077349139026454865; 0.0 0.0008188720771347272 -0.014567280707540627 0.00875636669307971; 0.0 0.007734913902645604 0.008756366693079998 -0.01880112272867706],0.3
