L,J,Q,θ,ϕx,ϕy,ϕz,ndims,T,χ,dχdlogT,Λ
23,0.1,0.6180339887498949,0.4487989505128276,4.439427892322912,0.859058061415959,0.5074784174426545,3,0.0018873918221350976,[0.6463629138484451 0.0 0.0 0.0; 0.0 0.2663483754843226 -0.11187584479421886 -0.13462298182240304; 0.0 -0.11187584479421893 0.2580734137381387 -0.10274007640323236; 0.0 -0.13462298182240312 -0.10274007640323236 0.2658931875101566],[-0.08547429736062687 0.0 0.0 0.0; 0.0 -0.040720666372825474 0.016222774706210287 0.03129094948010209; 0.0 0.016222774706210287 -0.04076981679823147 0.007159539155418226; 0.0 0.031290949480102095 0.007159539155418221 -0.03938468596103619],0.3
