L,J,Q,θ,ϕx,ϕy,ϕz,ndims,T,χ,dχdlogT,Λ
23,0.25,0.6180339887498949,0.4487989505128276,4.439427892322912,0.859058061415959,0.5074784174426545,3,0.009236708571873866,[0.49266915401005873 0.0 0.0 0.0; 0.0 0.1429093069088378 -0.055723955035873636 -0.0657012058838979; 0.0 -0.055723955035873414 0.14162781364039329 -0.061775591738093355; 0.0 -0.06570120588389813 -0.061775591738093216 0.1505290228364204],[-0.13686313151874124 0.0 0.0 0.0; 0.0 -0.030769712305983347 0.01418935108878905 0.013486076029798023; 0.0 0.014189351088789071 -0.0403528546339734 0.018959506229705426; 0.0 0.013486076029798035 0.018959506229705412 -0.040462241820461646],0.3
