L,J,Q,θ,ϕx,ϕy,ϕz,ndims,T,χ,dχdlogT,Λ
23,0.1,0.6180339887498949,0.4487989505128276,4.439427892322912,0.859058061415959,0.5074784174426545,3,0.017433288221999882,[0.41400756457252785 0.0 0.0 0.0; 0.0 0.16710039918465125 -0.07322977975036554 -0.07454541639423222; 0.0 -0.07322977975036557 0.1648890018376604 -0.07177044254687243; 0.0 -0.0745454163942322 -0.07177044254687243 0.16675373135903318],[-0.12461217888951012 0.0 0.0 0.0; 0.0 -0.04715527234713768 0.021505230056052354 0.021408187240310725; 0.0 0.021505230056052354 -0.047363685344575496 0.019479322766275998; 0.0 0.02140818724031072 0.019479322766276 -0.04779446691909323],0.3
