L,J,Q,θ,ϕx,ϕy,ϕz,ndims,T,χ,dχdlogT,Λ
15,0.3,0.6180339887498949,0.4487989505128276,0.0,0.0,0.0,3,0.017433288221999882,[0.7544675881000814 0.0 0.0 0.0; 0.0 0.2638420423394605 -0.06323542874182596 -0.07130089074738014; 0.0 -0.0632354287418251 0.252480148912232 -0.055470684665739595; 0.0 -0.07130089074735635 -0.05547068466573407 0.2585492919509408],[-0.13087033826289882 0.0 0.0 0.0; 0.0 -0.015568497726502855 0.0013278407321630607 0.004664625781145557; 0.0 0.0013278407321631865 -0.012504811695105252 -0.0006187261071000235; 0.0 0.004664625781145221 -0.0006187261071000258 -0.013787781398370358],0.3
