L,J,Q,θ,ϕx,ϕy,ϕz,ndims,T,χ,dχdlogT,Λ
15,0.9,0.6180339887498949,0.4487989505128276,0.0,0.0,0.0,3,0.0018873918221350976,[1.005663415392241 0.0 0.0 0.0; 0.0 0.1543127841572167 -0.019099709037683 -0.024256080726810323; 0.0 -0.01909970903768791 0.15978906593682152 -0.007455555578533757; 0.0 -0.024256080726809785 -0.007455555578536048 0.15716433299642385],[-0.1246500679927979 0.0 0.0 0.0; 0.0 -0.0008276015941117549 -0.0019070481904412031 -0.0014669106917021548; 0.0 -0.001907048190441202 -0.0038701463837538426 -0.002941582097341731; 0.0 -0.0014669106917021579 -0.002941582097341562 -0.0022217067272711304],0.3
