L,J,Q,θ,ϕx,ϕy,ϕz,ndims,T,χ,dχdlogT,Λ
15,0.35,0.6180339887498949,0.4487989505128276,0.0,0.0,0.0,3,0.006723357536499335,[0.8825163386386289 0.0 0.0 0.0; 0.0 0.25702945177352954 -0.05545691882229222 -0.06558712758402632; 0.0 -0.055456918822300416 0.24573060711216316 -0.04633798811590923; 0.0 -0.06558712758401687 -0.046337988115914344 0.2518918608121345],[-0.13426882087183256 0.0 0.0 0.0; 0.0 -0.0066724608990677845 -0.0021214440227815086 -0.0002865032039178243; 0.0 -0.00212144402278132 -0.006581332810887627 -0.0032099930504093516; 0.0 -0.00028650320391782205 -0.0032099930504092705 -0.006288935963365131],0.3
