L,J,Q,θ,ϕx,ϕy,ϕz,ndims,T,χ,dχdlogT,Λ
15,0.8157894736842106,0.6180339887498949,0.4487989505128276,0.0,0.0,0.0,3,0.004893900918477494,[0.876714003856718 0.0 0.0 0.0; 0.0 0.16460643970005306 -0.042574210458215085 -0.040170846077677624; 0.0 -0.0425742104582123 0.1464710028806257 -0.02504050196644484; 0.0 -0.04017084607768472 -0.025040501966447113 0.14733895468826796],[-0.12827536409718607 0.0 0.0 0.0; 0.0 -0.0006403515584338757 0.0002827491716125288 0.0002840565226238501; 0.0 0.00028274917161254443 -9.322137123066616e-5 -0.00017585422191127793; 0.0 0.0002840565226238583 -0.00017585422191127882 -9.049717399167061e-5],0.3
