L,J,Q,θ,ϕx,ϕy,ϕz,ndims,T,χ,dχdlogT,Λ
15,4.334482758620689,0.6180339887498949,0.4487989505128276,0.0,0.0,0.0,3,0.30391953823131973,[0.19513381353615852 0.0 0.0 0.0; 0.0 0.04169451497710976 -0.003992295077290501 -0.004140568571125008; 0.0 -0.00399229507729185 0.039028238333199926 -0.0012145645651465012; 0.0 -0.004140568571123263 -0.0012145645651465945 0.041339642383223504],[-0.05194860412095573 0.0 0.0 0.0; 0.0 -0.001774629447564533 0.0012173969148412853 0.0010855045119065566; 0.0 0.0012173969148417127 -0.0015314718942964526 0.00027165719063536065; 0.0 0.0010855045119064423 0.0002716571906353757 -0.001994466360563384],0.3
