L,J,Q,θ,ϕx,ϕy,ϕz,ndims,T,χ,dχdlogT,Λ
15,1.75,0.6180339887498949,0.4487989505128276,0.0,0.0,0.0,3,0.0018873918221350976,[0.8179217511678769 0.0 0.0 0.0; 0.0 0.09820872960349684 -0.019913806936022235 -0.018100175780861205; 0.0 -0.01991380693602461 0.08824448319341131 -0.008089493279909484; 0.0 -0.018100175780856556 -0.008089493279908355 0.0903863861835688],[-0.1117573593038286 0.0 0.0 0.0; 0.0 -6.5870289707463e-5 0.00014018460376612806 -7.190198772007027e-5; 0.0 0.00014018460376612456 -0.0002342036705465275 3.0851769753393946e-5; 0.0 -7.190198772007355e-5 3.08517697533944e-5 6.039523974376668e-5],0.3
