L,J,Q,θ,ϕx,ϕy,ϕz,ndims,T,χ,dχdlogT,Λ
15,2.0,0.6180339887498949,0.4487989505128276,0.0,0.0,0.0,3,2.043359717856942,[0.10389026530262359 0.0 0.0 0.0; 0.0 0.04684601683431232 -0.002009351650145276 -0.0020384055567220527; 0.0 -0.002009351650145932 0.04601209233691935 -0.0018158311630603816; 0.0 -0.002038405556722968 -0.0018158311630611717 0.04641618676254786],[-0.07877607121189424 0.0 0.0 0.0; 0.0 -0.02844904669059593 0.0037815051063342857 0.003867456340417062; 0.0 0.0037815051063349904 -0.026882178283277474 0.0031219652376638135; 0.0 0.0038674563404158084 0.0031219652376644653 -0.0276718614731488],0.3
