L,J,Q,θ,ϕx,ϕy,ϕz,ndims,T,χ,dχdlogT,Λ
15,4.220689655172414,0.6180339887498949,0.4487989505128276,0.0,0.0,0.0,3,0.30391953823131973,[0.19812000677917713 0.0 0.0 0.0; 0.0 0.042724703134450426 -0.004170350860579299 -0.0043403069033888485; 0.0 -0.004170350860578555 0.039976987743038116 -0.0012873484733024443; 0.0 -0.004340306903390481 -0.0012873484733028242 0.04233929801704999],[-0.05310964128260281 0.0 0.0 0.0; 0.0 -0.00185905772485609 0.0012740750808811695 0.0011644967480485893; 0.0 0.0012740750808812728 -0.0015619195806933148 0.00027403335198171875; 0.0 0.0011644967480486993 0.0002740333519817468 -0.0020517663602698504],0.3
