L,J,Q,θ,ϕx,ϕy,ϕz,ndims,T,χ,dχdlogT,Λ
15,4.313793103448276,0.6180339887498949,0.4487989505128276,0.0,0.0,0.0,3,0.04520353656360243,[0.2895326574595047 0.0 0.0 0.0; 0.0 0.04559780220458207 -0.0066056041952297015 -0.005264396949389558; 0.0 -0.00660560419522945 0.042228067203766165 -0.0014775875204040723; 0.0 -0.005264396949389846 -0.001477587520403982 0.04376263610268112],[-0.0506037483189394 0.0 0.0 0.0; 0.0 -0.002263870588436332 0.001694418228989015 0.00037979019963458335; 0.0 0.0016944182289891387 -0.0018517879847170843 -0.00011875605652006842; 0.0 0.0003797901996345849 -0.00011875605652005601 -0.0006973161642740505],0.3
