L,J,Q,θ,ϕx,ϕy,ϕz,ndims,T,χ,dχdlogT,Λ
15,4.355172413793104,0.6180339887498949,0.4487989505128276,0.0,0.0,0.0,3,0.41753189365604015,[0.17782708644289227 0.0 0.0 0.0; 0.0 0.040906499448330524 -0.003548014101398918 -0.0037113933490217884; 0.0 -0.0035480141013979403 0.03834559202157258 -0.0011241951025965688; 0.0 -0.003711393349021809 -0.0011241951025964662 0.040478241419843214],[-0.0538769809097493 0.0 0.0 0.0; 0.0 -0.002098020614938801 0.0014020421824640146 0.001409274149304978; 0.0 0.0014020421824643215 -0.0017375251333756332 0.00021367332333985166; 0.0 0.001409274149304979 0.0002136733233398282 -0.002344933049217241],0.3
