L,J,Q,θ,ϕx,ϕy,ϕz,ndims,T,χ,dχdlogT,Λ
15,4.489655172413793,0.6180339887498949,0.4487989505128276,0.0,0.0,0.0,3,7.27895384398315,[0.032663370979728844 0.0 0.0 0.0; 0.0 0.01558432063764102 -7.563715411273866e-5 -7.625503842488726e-5; 0.0 -7.563715411271438e-5 0.015438431326691067 -7.20904076146593e-5; 0.0 -7.625503842487412e-5 -7.209040761469931e-5 0.015506414395380886],[-0.02971846759718601 0.0 0.0 0.0; 0.0 -0.012872319775286934 0.00019710892645538407 0.00019965890161856932; 0.0 0.00019710892645541841 -0.012519608976889026 0.00018136445863580164; 0.0 0.00019965890161847253 0.00018136445863577809 -0.012684375978148007],0.3
