L,J,Q,θ,ϕx,ϕy,ϕz,ndims,T,χ,dχdlogT,Λ
15,4.2827586206896555,0.6180339887498949,0.4487989505128276,0.0,0.0,0.0,3,0.017433288221999882,[0.34159329773206487 0.0 0.0 0.0; 0.0 0.04797326791424311 -0.008336864706974319 -0.0056407507437707585; 0.0 -0.008336864706975793 0.04431995137425215 -0.0013750999910326724; 0.0 -0.005640750743770774 -0.0013750999910328216 0.04473248673868828],[-0.05537504968822636 0.0 0.0 0.0; 0.0 -0.0020209765507055314 0.0017946435556762232 0.00022262762044245653; 0.0 0.0017946435556761777 -0.002015018030324888 -9.96392508986369e-5; 0.0 0.00022262762044246044 -9.963925089863578e-5 -0.0007542877857250835],0.3
