L,J,Q,θ,ϕx,ϕy,ϕz,ndims,T,χ,dχdlogT,Λ
15,4.334482758620689,0.6180339887498949,0.4487989505128276,0.0,0.0,0.0,3,1.0826367338740543,[0.12448598506828985 0.0 0.0 0.0; 0.0 0.0379675358616068 -0.002027242357800016 -0.002098628473872519; 0.0 -0.0020272423578002003 0.036063613737152146 -0.0009804802231702576; 0.0 -0.002098628473873079 -0.000980480223169934 0.03736593463307535],[-0.05784326969344699 0.0 0.0 0.0; 0.0 -0.005094252537099233 0.0016916839319748008 0.0017988829106119287; 0.0 0.001691683931974918 -0.004092235018435988 0.0002302282380738791; 0.0 0.0017988829106117684 0.00023022823807383446 -0.00519314447641911],0.3
