L,J,Q,θ,ϕx,ϕy,ϕz,ndims,T,χ,dχdlogT,Λ
15,0.8157894736842106,0.6180339887498949,0.4487989505128276,0.0,0.0,0.0,3,0.0013738237958832624,[1.051984613372317 0.0 0.0 0.0; 0.0 0.16556063421777653 -0.04298364128676195 -0.04064726408436828; 0.0 -0.04298364128675575 0.146648936900446 -0.0248223959622016; 0.0 -0.04064726408437691 -0.024822395962203182 0.1475693750726938],[-0.15544863093156133 0.0 0.0 0.0; 0.0 -0.0009210335860598566 0.0003863691867630652 0.0005064790557463747; 0.0 0.0003863691867630679 -0.00018668659185241718 -0.00020153643573154946; 0.0 0.0005064790557463701 -0.0002015364357315556 -0.000279765698623905],0.3
