L,J,Q,θ,ϕx,ϕy,ϕz,ndims,T,χ,dχdlogT,Λ
15,3.5,0.6180339887498949,0.4487989505128276,0.0,0.0,0.0,3,10.0,[0.024526134985457967 0.0 0.0 0.0; 0.0 0.012062172741630699 -3.337293669538372e-5 -3.347709483998389e-5; 0.0 -3.337293669536922e-5 0.012020006330550094 -3.283950591360068e-5; 0.0 -3.3477094839938994e-5 -3.283950591362659e-5 0.012039676744961342],[-0.02362539608024518 0.0 0.0 0.0; 0.0 -0.011237052284596807 9.472819456362432e-5 9.521362727599219e-5; 0.0 9.472819456360693e-5 -0.01112003996244351 9.218154688837911e-5; 0.0 9.521362727607704e-5 9.21815468884609e-5 -0.011174620195244775],0.3
