L,J,Q,θ,ϕx,ϕy,ϕz,ndims,T,χ,dχdlogT,Λ
15,0.8315789473684211,0.6180339887498949,0.4487989505128276,0.0,0.0,0.0,3,0.006723357536499335,[0.8327583599647705 0.0 0.0 0.0; 0.0 0.16243918430822213 -0.04171385432370496 -0.0392941571365957; 0.0 -0.0417138543237058 0.14469755144693308 -0.024459991353037645; 0.0 -0.039294157136590645 -0.024459991353035133 0.1455962481666225],[-0.12821254709316188 0.0 0.0 0.0; 0.0 -0.0007418607678485676 0.0003609075762244931 0.00028627034937497555; 0.0 0.0003609075762244812 -0.00014335870660887585 -0.00018914657850644385; 0.0 0.0002862703493749644 -0.00018914657850644233 -7.884236102215895e-5],0.3
