L,J,Q,θ,ϕx,ϕy,ϕz,ndims,T,χ,dχdlogT,Λ
15,0.25,0.6180339887498949,0.4487989505128276,0.0,0.0,0.0,3,0.41753189365604015,[0.3161482387387617 0.0 0.0 0.0; 0.0 0.14592962270502519 -0.030180702985242877 -0.030336100092488886; 0.0 -0.030180702985248234 0.14521096104370879 -0.029841126430656357; 0.0 -0.030336100092493722 -0.029841126430648422 0.14554089290855238],[-0.14630373694837584 0.0 0.0 0.0; 0.0 -0.05853096165529102 0.0246911084227674 0.025012754938066005; 0.0 0.02469110842276957 -0.0574033480559631 0.02418455266469086; 0.0 0.02501275493807201 0.02418455266469686 -0.057915469414393135],0.3
