L,J,Q,θ,ϕx,ϕy,ϕz,ndims,T,χ,dχdlogT,Λ
15,4.0,0.6180339887498949,0.4487989505128276,0.0,0.0,0.0,3,0.017433288221999882,[0.35382176524723413 0.0 0.0 0.0; 0.0 0.05040631367263006 -0.008503999298528317 -0.006408029770540546; 0.0 -0.008503999298529167 0.04627656082242783 -0.0015984587205627742; 0.0 -0.006408029770541035 -0.0015984587205626734 0.04739308761964508],[-0.05156517076512263 0.0 0.0 0.0; 0.0 -0.0012025623402432393 0.001071544046166501 0.00019930866532333346; 0.0 0.0010715440461665626 -0.0011712058282363216 -6.85936481478506e-5; 0.0 0.00019930866532333184 -6.859364814785423e-5 -0.0005601349767363919],0.3
