L,J,Q,θ,ϕx,ϕy,ϕz,ndims,T,χ,dχdlogT,Λ
15,4.251724137931035,0.6180339887498949,0.4487989505128276,0.0,0.0,0.0,3,0.5736152510448679,[0.1624161889360998 0.0 0.0 0.0; 0.0 0.04101749429993339 -0.003192650817962211 -0.003346331942452191; 0.0 -0.003192650817962421 0.03856102967855116 -0.0011303943320718917; 0.0 -0.0033463319424513298 -0.001130394332072155 0.040500238549695686],[-0.05686982879634105 0.0 0.0 0.0; 0.0 -0.0028136698792363877 0.0016578797507524874 0.0017686245531665023; 0.0 0.0016578797507527054 -0.002189961220161336 0.00015393507804047012; 0.0 0.001768624553166818 0.0001539350780405017 -0.0030076849005112546],0.3
