L,J,Q,θ,ϕx,ϕy,ϕz,ndims,T,χ,dχdlogT,Λ
15,2.75,0.6180339887498949,0.4487989505128276,0.0,0.0,0.0,3,0.11721022975334802,[0.3165027119046549 0.0 0.0 0.0; 0.0 0.06532489437548221 -0.009792574189274166 -0.010178572302002831; 0.0 -0.009792574189273788 0.05975728875199189 -0.003259518699411732; 0.0 -0.010178572302004193 -0.003259518699412018 0.06332261211244665],[-0.07278100305420661 0.0 0.0 0.0; 0.0 -0.0028058689784339554 0.0017492607713937105 0.0013632553041682575; 0.0 0.001749260771393717 -0.0017057106435799457 4.800419481978639e-5; 0.0 0.0013632553041683538 4.800419481978794e-5 -0.001946622860020121],0.3
