L,J,Q,θ,ϕx,ϕy,ϕz,ndims,T,χ,dχdlogT,Λ
15,1.0,0.6180339887498949,0.4487989505128276,0.0,0.0,0.0,3,0.02395026619987486,[0.6709171970361333 0.0 0.0 0.0; 0.0 0.14241091687305338 -0.022174837148354 -0.0254753066184769; 0.0 -0.022174837148358263 0.14029976234922695 -0.012269174252913422; 0.0 -0.025475306618477314 -0.01226917425291331 0.14193827054118666],[-0.13410221395386135 0.0 0.0 0.0; 0.0 -0.0017169573107405783 -0.0013815167242596377 -0.001342796080302891; 0.0 -0.001381516724259673 -0.004669792904649214 -0.0026214421653987427; 0.0 -0.0013427960803030548 -0.002621442165398639 -0.0031992487408008725],0.3
