L,J,Q,θ,ϕx,ϕy,ϕz,ndims,T,χ,dχdlogT,Λ
15,0.1,0.6180339887498949,0.4487989505128276,0.0,0.0,0.0,3,0.0013738237958832624,[1.0899169311150236 0.0 0.0 0.0; 0.0 0.4639225378045749 -0.1260968307341228 -0.17192747627985538; 0.0 -0.12609683073411976 0.4312382648247232 -0.1260211539387895; 0.0 -0.17192747627984725 -0.12602115393877442 0.4446238012729509],[-0.18703375946878142 0.0 0.0 0.0; 0.0 -0.0804112919669526 0.01189194222945074 0.058588017448640874; 0.0 0.011891942229450897 -0.06712115664110167 0.006869229000156405; 0.0 0.05858801744864152 0.006869229000156475 -0.06037399521360968],0.3
