L,J,Q,θ,ϕx,ϕy,ϕz,ndims,T,χ,dχdlogT,Λ
15,4.355172413793104,0.6180339887498949,0.4487989505128276,0.0,0.0,0.0,3,0.2212216291070449,[0.21071199251360725 0.0 0.0 0.0; 0.0 0.042050697041839336 -0.0043258265004574754 -0.004396854748498474; 0.0 -0.004325826500457772 0.039328069848875276 -0.0012922683783054036; 0.0 -0.004396854748498637 -0.0012922683783052724 0.0417449978561508],[-0.04977235894308686 0.0 0.0 0.0; 0.0 -0.0016667163281729191 0.001112632269192168 0.0007766324697983867; 0.0 0.0011126322691921533 -0.0014380512848846997 0.0002902866492106064; 0.0 0.0007766324697984123 0.00029028664921054644 -0.0016833133804960523],0.3
