L,J,Q,θ,ϕx,ϕy,ϕz,ndims,T,χ,dχdlogT,Λ
15,2.25,0.6180339887498949,0.4487989505128276,0.0,0.0,0.0,3,0.017433288221999882,[0.5189829097516357 0.0 0.0 0.0; 0.0 0.08125602786212122 -0.015249617718349236 -0.014531180535330533; 0.0 -0.015249617718350402 0.07287940943417309 -0.004805957159596801; 0.0 -0.01453118053532901 -0.004805957159596629 0.07637876916929008],[-0.0957854200990185 0.0 0.0 0.0; 0.0 -0.0015152491973120265 0.001021625742201761 0.00044920895789159844; 0.0 0.0010216257422017805 -0.0009969959295795497 -6.142682451012969e-5; 0.0 0.00044920895789160077 -6.142682451013576e-5 -0.0006365402250723476],0.3
