L,J,Q,θ,ϕx,ϕy,ϕz,ndims,T,χ,dχdlogT,Λ
15,2.25,0.6180339887498949,0.4487989505128276,0.0,0.0,0.0,3,0.30391953823131973,[0.26876636282494865 0.0 0.0 0.0; 0.0 0.07317702272536879 -0.010137047097642252 -0.010704204014042436; 0.0 -0.010137047097642366 0.06802659101837298 -0.004751808595546497; 0.0 -0.010704204014039306 -0.004751808595545759 0.07115763845358784],[-0.08536300102157478 0.0 0.0 0.0; 0.0 -0.005326651196174044 0.0031976968086444924 0.003400891931552349; 0.0 0.0031976968086447496 -0.003251366205241521 0.00013726925418929326; 0.0 0.0034008919315524195 0.00013726925418926824 -0.0043281818678362555],0.3
