L,J,Q,θ,ϕx,ϕy,ϕz,ndims,T,χ,dχdlogT,Λ
15,1.0,0.6180339887498949,0.4487989505128276,0.0,0.0,0.0,3,0.01268961003167922,[0.7206998555390998 0.0 0.0 0.0; 0.0 0.1433600897299636 -0.034454342631211804 -0.03184689662087678; 0.0 -0.03445434263120576 0.12852452482537327 -0.0191151785853513; 0.0 -0.03184689662087887 -0.0191151785853508 0.12956794152092524],[-0.12278853477556005 0.0 0.0 0.0; 0.0 -0.0008323595688623114 0.000600286155330136 0.00014570789014068408; 0.0 0.0006002861553301679 -0.00046357195181246454 -4.072468255365898e-5; 0.0 0.00014570789014068828 -4.072468255365943e-5 -0.00013869447691064186],0.3
