L,J,Q,θ,ϕx,ϕy,ϕz,ndims,T,χ,dχdlogT,Λ
15,5.0,0.6180339887498949,0.4487989505128276,0.0,0.0,0.0,3,0.2212216291070449,[0.19391801408988366 0.0 0.0 0.0; 0.0 0.03696629930740237 -0.0034244135407401712 -0.0033568611674473976; 0.0 -0.00342441354074002 0.03469558480249428 -0.0009509461604163296; 0.0 -0.0033568611674471096 -0.0009509461604162012 0.03682074116641336],[-0.04466015543321672 0.0 0.0 0.0; 0.0 -0.001388699856116104 0.00089598949395664 0.0004702159934435758; 0.0 0.0008959894939567058 -0.0013744175656585235 0.00023070692171244984; 0.0 0.0004702159934436149 0.00023070692171242978 -0.0015494182169478459],0.3
