L,J,Q,θ,ϕx,ϕy,ϕz,ndims,T,χ,dχdlogT,Λ
15,4.2620689655172415,0.6180339887498949,0.4487989505128276,0.0,0.0,0.0,3,0.0013738237958832624,[0.4828048321379575 0.0 0.0 0.0; 0.0 0.05274098602168352 -0.01358391869913522 -0.006791068198287474; 0.0 -0.013583918699132613 0.05114873357222743 -0.00041983501941903015; 0.0 -0.00679106819828791 -0.0004198350194190055 0.04643563164853596],[-0.055473978558969655 0.0 0.0 0.0; 0.0 -0.0030202100987705145 0.003691312759549751 0.0008222542415045749; 0.0 0.003691312759549723 -0.004615866767800102 -0.0009184117614658243; 0.0 0.0008222542415045544 -0.0009184117614658318 -0.0003921898204382981],0.3
