L,J,Q,θ,ϕx,ϕy,ϕz,ndims,T,χ,dχdlogT,Λ
15,1.25,0.6180339887498949,0.4487989505128276,0.0,0.0,0.0,3,0.30391953823131973,[0.3197764158841843 0.0 0.0 0.0; 0.0 0.10904477627741423 -0.018881989444752452 -0.019705137151071236; 0.0 -0.01888198944475586 0.10209032103816801 -0.013326261504217998; 0.0 -0.019705137151078765 -0.01332626150421882 0.10503762464216186],[-0.11585879078528206 0.0 0.0 0.0; 0.0 -0.015063483870515402 0.006895353312250302 0.007161872259256821; 0.0 0.006895353312251045 -0.01015129278095505 0.0018101688878771989; 0.0 0.0071618722592562585 0.001810168887877676 -0.011361273939680195],0.3
