L,J,Q,θ,ϕx,ϕy,ϕz,ndims,T,χ,dχdlogT,Λ
15,4.396551724137931,0.6180339887498949,0.4487989505128276,0.0,0.0,0.0,3,2.807216203941177,[0.07133927144358407 0.0 0.0 0.0; 0.0 0.029175609625104685 -0.0006208035590321979 -0.0006341349664894913; 0.0 -0.0006208035590319533 0.028324285976840013 -0.000488547988680455; 0.0 -0.0006341349664895872 -0.0004885479886804784 0.02875048810185369],[-0.0501414765758778 0.0 0.0 0.0; 0.0 -0.013012287143160706 0.0010554153058968047 0.001085166683497182; 0.0 0.0010554153058966837 -0.011928579731477323 0.0006535372207859526; 0.0 0.0010851666834974629 0.0006535372207861223 -0.012561932108418081],0.3
