L,J,Q,θ,ϕx,ϕy,ϕz,ndims,T,χ,dχdlogT,Λ
15,4.427586206896552,0.6180339887498949,0.4487989505128276,0.0,0.0,0.0,3,0.06210169418915616,[0.2691743167251765 0.0 0.0 0.0; 0.0 0.04382470547465126 -0.005866904947230715 -0.004868836268749276; 0.0 -0.005866904947230122 0.0407438211800586 -0.0014349935097142446; 0.0 -0.004868836268749315 -0.0014349935097138376 0.042526611517661364],[-0.04832789882907788 0.0 0.0 0.0; 0.0 -0.0022087932719728753 0.001606355616361666 0.00038124760253457847; 0.0 0.0016063556163615246 -0.0017994531734541685 -4.9151202239917776e-5; 0.0 0.0003812476025345799 -4.915120223991376e-5 -0.0007289337331053311],0.3
