L,J,Q,θ,ϕx,ϕy,ϕz,ndims,T,χ,dχdlogT,Λ
15,4.489655172413793,0.6180339887498949,0.4487989505128276,0.0,0.0,0.0,3,0.01268961003167922,[0.3484987331275114 0.0 0.0 0.0; 0.0 0.046927797524423734 -0.008678630696133009 -0.0051607965887559065; 0.0 -0.008678630696132061 0.04355044909705311 -0.001316903586761297; 0.0 -0.005160796588755799 -0.0013169035867609256 0.04319609752188061],[-0.05598979636455559 0.0 0.0 0.0; 0.0 -0.0024677779738861223 0.00210461779766999 0.0001254700727176512; 0.0 0.0021046177976697705 -0.0023638072269547227 7.359803702554873e-5; 0.0 0.00012547007271765154 7.359803702554619e-5 -0.00094769466431093],0.3
