L,J,Q,θ,ϕx,ϕy,ϕz,ndims,T,χ,dχdlogT,Λ
15,3.75,0.6180339887498949,0.4487989505128276,0.0,0.0,0.0,3,0.41753189365604015,[0.19259552329983862 0.0 0.0 0.0; 0.0 0.04676515443682582 -0.004500294282075265 -0.004745477560597882; 0.0 -0.004500294282074582 0.04382584750272316 -0.001581810639462598; 0.0 -0.004745477560598013 -0.001581810639463095 0.046175690623733515],[-0.06089290765694043 0.0 0.0 0.0; 0.0 -0.0027812668393637384 0.0018151133142644503 0.0019354207312634085; 0.0 0.001815113314264625 -0.002101156055407038 0.0002183814052685044; 0.0 0.0019354207312638203 0.00021838140526850283 -0.002922279738383771],0.3
