L,J,Q,θ,ϕx,ϕy,ϕz,ndims,T,χ,dχdlogT,Λ
15,0.35,0.6180339887498949,0.4487989505128276,0.0,0.0,0.0,3,10.0,[0.02486107922741452 0.0 0.0 0.0; 0.0 0.012419084081550921 -3.526643870711488e-5 -3.526763930147553e-5; 0.0 -3.5266438706873154e-5 0.012418616023263034 -3.526062984092703e-5; 0.0 -3.526763930176033e-5 -3.526062984108194e-5 0.012418835078003536],[-0.02458792399801226 0.0 0.0 0.0; 0.0 -0.012260222447174172 0.00010380288715695235 0.00010380881538729372; 0.0 0.00010380288715680403 -0.012258830463966528 0.00010377428152329034; 0.0 0.00010380881538708827 0.0001037742815233551 -0.012259482956265997],0.3
