L,J,Q,θ,ϕx,ϕy,ϕz,ndims,T,χ,dχdlogT,Λ
15,4.2620689655172415,0.6180339887498949,0.4487989505128276,0.0,0.0,0.0,3,0.2212216291070449,[0.2134269129294965 0.0 0.0 0.0; 0.0 0.042901878106912594 -0.00448223619807987 -0.004576686289258736; 0.0 -0.004482236198079914 0.04010027421040667 -0.0013515221020315707; 0.0 -0.004576686289258695 -0.0013515221020315232 0.04256459538048976],[-0.05068676806682235 0.0 0.0 0.0; 0.0 -0.0017207496915470073 0.0011496802831638011 0.0008321591263847952; 0.0 0.0011496802831639774 -0.001451579352880166 0.0002937048326355657; 0.0 0.0008321591263848766 0.00029370483263559496 -0.0017142369075411551],0.3
