L,J,Q,θ,ϕx,ϕy,ϕz,ndims,T,χ,dχdlogT,Λ
15,0.5,0.6180339887498949,0.4487989505128276,0.0,0.0,0.0,3,0.0018873918221350976,[1.0887443850759224 0.0 0.0 0.0; 0.0 0.2159987824173199 -0.06403396078943711 -0.06334948454034763; 0.0 -0.06403396078943768 0.19642641591213322 -0.0468215837012393; 0.0 -0.06334948454034561 -0.046821583701243244 0.197523466093812],[-0.13426816140040737 0.0 0.0 0.0; 0.0 -0.0006548090751556399 6.070635975408946e-5 0.000542256941288537; 0.0 6.070635975409325e-5 0.00017409183359284736 -0.00021051830485233322; 0.0 0.0005422569412885299 -0.00021051830485233755 -0.00027141636131418063],0.3
