L,J,Q,θ,ϕx,ϕy,ϕz,ndims,T,χ,dχdlogT,Λ
15,4.4172413793103456,0.6180339887498949,0.4487989505128276,0.0,0.0,0.0,3,0.006723357536499335,[0.3915063747196111 0.0 0.0 0.0; 0.0 0.04940830682574579 -0.010382189590545243 -0.00530308735150779; 0.0 -0.01038218959054719 0.04576948152927459 -0.0014215744670604876; 0.0 -0.005303087351508202 -0.0014215744670606114 0.0444939905354748],[-0.06254117564098484 0.0 0.0 0.0; 0.0 -0.0031505502068359965 0.002560142003127203 -0.00015438794817188885; 0.0 0.0025601420031272472 -0.002652793537634904 0.0002344608156139866; 0.0 -0.00015438794817188681 0.00023446081561398886 -0.0011572954425087773],0.3
