L,J,Q,θ,ϕx,ϕy,ϕz,ndims,T,χ,dχdlogT,Λ
15,4.334482758620689,0.6180339887498949,0.4487989505128276,0.0,0.0,0.0,3,0.004893900918477494,[0.41045963196023677 0.0 0.0 0.0; 0.0 0.050039372854877105 -0.010673244504783403 -0.0057165349487751345; 0.0 -0.010673244504783042 0.046773546277773005 -0.0012773763194218349; 0.0 -0.005716534948775062 -0.0012773763194217414 0.045282975451908306],[-0.04916524282414699 0.0 0.0 0.0; 0.0 -0.0014310749479206357 0.001490415499856262 0.0002601554913704229; 0.0 0.0014904154998563372 -0.0019390760981676616 -0.00013861646907469704; 0.0 0.0002601554913704348 -0.00013861646907470151 -0.0006312479366194626],0.3
