L,J,Q,θ,ϕx,ϕy,ϕz,ndims,T,χ,dχdlogT,Λ
20,4.220689655172414,0.6180339887498949,0.4487989505128276,0.0,0.0,0.0,3,10.0,[0.02436964533648526 0.0 0.0 0.0; 0.0 0.011892812558783343 -3.365347925418624e-5 -3.380180328112718e-5; 0.0 -3.365347925402663e-5 0.011837521183335123 -3.287915672196438e-5; 0.0 -3.380180328111687e-5 -3.287915672177399e-5 0.011863933991881357],[-0.023192269892767577 0.0 0.0 0.0; 0.0 -0.010774618082181997 9.387684860025375e-5 9.4550273781129e-5; 0.0 9.387684860029777e-5 -0.010625146821174719 9.023304656553753e-5; 0.0 9.455027378110988e-5 9.023304656559375e-5 -0.01069601195944193],0.3
