L,J,Q,θ,ϕx,ϕy,ϕz,ndims,T,χ,dχdlogT,Λ
20,4.293103448275863,0.6180339887498949,0.4487989505128276,0.0,0.0,0.0,3,0.0018873918221350976,[0.4381293974383196 0.0 0.0 0.0; 0.0 0.04845984073173777 -0.007513971303128759 -0.006982140527681308; 0.0 -0.007513971303130666 0.042398071905189794 -0.0009273917922695221; 0.0 -0.006982140527682356 -0.0009273917922693992 0.04479464671648765],[-0.0426761881854342 0.0 0.0 0.0; 0.0 -0.00033670390224836336 0.00014198241844073936 0.00017747413450320293; 0.0 0.0001419824184407393 -9.645254703166727e-5 -7.306683948217318e-5; 0.0 0.00017747413450319534 -7.306683948217421e-5 -0.00017650639068773433],0.3
