L,J,Q,θ,ϕx,ϕy,ϕz,ndims,T,χ,dχdlogT,Λ
20,4.458620689655172,0.6180339887498949,0.4487989505128276,0.0,0.0,0.0,3,2.807216203941177,[0.07100734625101636 0.0 0.0 0.0; 0.0 0.028804148668457714 -0.0006324688377063513 -0.0006462023798188566; 0.0 -0.0006324688377065114 0.0279540176795764 -0.0004945999930286421; 0.0 -0.0006462023798181066 -0.0004945999930287318 0.028360222248072137],[-0.04958454985618741 0.0 0.0 0.0; 0.0 -0.012577229272849898 0.0010662009573150209 0.0010963974251140078; 0.0 0.0010662009573145735 -0.01144971882579132 0.0006513095221729432; 0.0 0.0010963974251138118 0.0006513095221729927 -0.012041663259157826],0.3
