L,J,Q,θ,ϕx,ϕy,ϕz,ndims,T,χ,dχdlogT,Λ
20,0.6,0.6180339887498949,0.4487989505128276,0.0,0.0,0.0,3,0.0018873918221350976,[1.0497081548978813 0.0 0.0 0.0; 0.0 0.1987697493330099 -0.030498018570342816 -0.03671723457081137; 0.0 -0.030498018570329518 0.19556232563066894 -0.020474280741834168; 0.0 -0.0367172345708089 -0.020474280741832388 0.19946481783347186],[-0.1430267810335921 0.0 0.0 0.0; 0.0 -0.0025333667844853166 -0.0029178382067188333 -0.0029438717927945997; 0.0 -0.0029178382067188684 -0.003664322557925677 -0.0035788985981560777; 0.0 -0.0029438717927944905 -0.003578898598155865 -0.003887347484604214],0.3
