L,J,Q,θ,ϕx,ϕy,ϕz,ndims,T,χ,dχdlogT,Λ
20,3.25,0.6180339887498949,0.4487989505128276,0.0,0.0,0.0,3,0.7880462815669912,[0.1616211526345254 0.0 0.0 0.0; 0.0 0.0494817480259211 -0.004039465616282601 -0.004189526350043745; 0.0 -0.0040394656162817694 0.046751820387390196 -0.002056435572122328; 0.0 -0.004189526350044761 -0.0020564355721228757 0.04840955433444208],[-0.07143015741309361 0.0 0.0 0.0; 0.0 -0.006563791186552857 0.002823109185061146 0.0030194082448053187; 0.0 0.0028231091850610475 -0.005122053727066163 0.00041628960049887136; 0.0 0.0030194082448049358 0.00041628960049888057 -0.006390646023901293],0.3
