L,J,Q,θ,ϕx,ϕy,ϕz,ndims,T,χ,dχdlogT,Λ
20,5.0,0.6180339887498949,0.4487989505128276,0.0,0.0,0.0,3,0.30391953823131973,[0.17928315772347148 0.0 0.0 0.0; 0.0 0.03620323190530884 -0.003235140246179824 -0.003242142813147925; 0.0 -0.0032351402461802126 0.03396802489132572 -0.0008051563960131024; 0.0 -0.0032421428131496712 -0.0008051563960134784 0.035956718998649495],[-0.04685290705343053 0.0 0.0 0.0; 0.0 -0.0014051446607042627 0.0009153411400229137 0.000824167262413486; 0.0 0.0009153411400233086 -0.0014376475766861461 5.61771390073374e-5; 0.0 0.0008241672624136276 5.6177139007389876e-5 -0.0019760816304940413],0.3
