L,J,Q,θ,ϕx,ϕy,ϕz,ndims,T,χ,dχdlogT,Λ
20,1.0,0.6180339887498949,0.4487989505128276,0.0,0.0,0.0,3,0.017433288221999882,[0.7121968969556733 0.0 0.0 0.0; 0.0 0.14286378212600262 -0.022048502415661368 -0.02560354749705531; 0.0 -0.02204850241566345 0.14133565296193182 -0.01234145408376208; 0.0 -0.025603547497041745 -0.012341454083758132 0.14221379815879562],[-0.13671178480159762 0.0 0.0 0.0; 0.0 -0.0018106053305949356 -0.0016937301335690866 -0.001289648077797147; 0.0 -0.0016937301335689992 -0.004723578084179614 -0.002544389623803608; 0.0 -0.0012896480777971602 -0.0025443896238047663 -0.0030476844385590673],0.3
