L,J,Q,θ,ϕx,ϕy,ϕz,ndims,T,χ,dχdlogT,Λ
20,4.406896551724138,0.6180339887498949,0.4487989505128276,0.0,0.0,0.0,3,1.0826367338740543,[0.12328695667969423 0.0 0.0 0.0; 0.0 0.0371743255467878 -0.0020332943368186864 -0.0021004570207449422; 0.0 -0.002033294336817007 0.035221363512275485 -0.0009760049320532405; 0.0 -0.0021004570207449973 -0.0009760049320525951 0.03643558115538701],[-0.05682899616067215 0.0 0.0 0.0; 0.0 -0.004800158103825166 0.001677817119595966 0.0017613218221366454; 0.0 0.0016778171195961707 -0.0038119873496643636 0.00022509988147795907; 0.0 0.0017613218221367594 0.0002250998814780117 -0.004802921906194523],0.3
