L,J,Q,θ,ϕx,ϕy,ϕz,ndims,T,χ,dχdlogT,Λ
20,6.0,0.6180339887498949,0.4487989505128276,0.0,0.0,0.0,3,1.4873521072935114,[0.09247872957185425 0.0 0.0 0.0; 0.0 0.02761150656809905 -0.0009380286532508852 -0.0009666545026401583; 0.0 -0.0009380286532511367 0.026196663451222874 -0.00043379642881558413; 0.0 -0.0009666545026402221 -0.00043379642881565233 0.027076466561744707],[-0.04387440373124807 0.0 0.0 0.0; 0.0 -0.0034595500434570978 0.0008696879317371743 0.0009000008008308044; 0.0 0.0008696879317376635 -0.00272907874222771 0.00010925886666783772; 0.0 0.0009000008008309856 0.00010925886666778017 -0.0034734291028096606],0.3
