L,J,Q,θ,ϕx,ϕy,ϕz,ndims,T,χ,dχdlogT,Λ
20,0.3,0.6180339887498949,0.4487989505128276,0.0,0.0,0.0,3,0.30391953823131973,[0.34978957664874555 0.0 0.0 0.0; 0.0 0.16036561682259415 -0.03228656412253063 -0.032704613711446236; 0.0 -0.03228656412251381 0.15889057332503714 -0.03115127919353833; 0.0 -0.03270461371144136 -0.03115127919354043 0.15958888834327573],[-0.14318796948160634 0.0 0.0 0.0; 0.0 -0.0569556345808097 0.02065530620303632 0.02149320476359695; 0.0 0.02065530620300433 -0.05481055429049938 0.018900511269715866; 0.0 0.021493204763612283 0.01890051126971166 -0.05583569628113039],0.3
