L,J,Q,θ,ϕx,ϕy,ϕz,ndims,T,χ,dχdlogT,Λ
20,4.293103448275863,0.6180339887498949,0.4487989505128276,0.0,0.0,0.0,3,0.03290344562312668,[0.3040432768397783 0.0 0.0 0.0; 0.0 0.04540367461037526 -0.006091648756928097 -0.0058651856782087385; 0.0 -0.00609164875692918 0.04129779991913214 -0.001322893617908223; 0.0 -0.005865185678208284 -0.0013228936179089117 0.043983502414406926],[-0.047925983612085485 0.0 0.0 0.0; 0.0 -0.0016755776156699756 0.0007812063097170766 0.0006303833381980582; 0.0 0.0007812063097168878 -0.0006792884843463858 -0.00012001719983643874; 0.0 0.0006303833381980643 -0.0001200171998364445 -0.0006568412688527864],0.3
