L,J,Q,θ,ϕx,ϕy,ϕz,ndims,T,χ,dχdlogT,Λ
20,4.396551724137931,0.6180339887498949,0.4487989505128276,0.0,0.0,0.0,3,0.30391953823131973,[0.1932222932134598 0.0 0.0 0.0; 0.0 0.040812243165689724 -0.004016806124234344 -0.004095649884037556; 0.0 -0.004016806124235834 0.03817032951674193 -0.001135001845100087; 0.0 -0.004095649884035398 -0.0011350018450999187 0.04036455957379229],[-0.05185407126541289 0.0 0.0 0.0; 0.0 -0.001747031718878953 0.0011781074010388845 0.0011095077286265508; 0.0 0.0011781074010387166 -0.0015401816686450263 0.0001274944797549383; 0.0 0.0011095077286261887 0.00012749447975488344 -0.002136173559807171],0.3
