L,J,Q,θ,ϕx,ϕy,ϕz,ndims,T,χ,dχdlogT,Λ
20,0.1,0.6180339887498949,0.4487989505128276,0.0,0.0,0.0,3,0.01268961003167922,[0.8577921045965303 0.0 0.0 0.0; 0.0 0.35817054098289386 -0.1059133084842285 -0.1100379365442096; 0.0 -0.10591330848416339 0.3508893864447532 -0.10046769109567555; 0.0 -0.11003793654421336 -0.1004676910956701 0.3544895542907543],[-0.20358576690956284 0.0 0.0 0.0; 0.0 -0.05811954968668607 0.01847962600115488 0.02293428836861412; 0.0 0.018479626001156074 -0.05262216362831663 0.012986983643506839; 0.0 0.022934288368611964 0.01298698364350579 -0.05526080009878619],0.3
