L,J,Q,θ,ϕx,ϕy,ϕz,ndims,T,χ,dχdlogT,Λ
20,4.75,0.6180339887498949,0.4487989505128276,0.0,0.0,0.0,3,1.4873521072935114,[0.1022786515571123 0.0 0.0 0.0; 0.0 0.03336203750550287 -0.0013562144165339368 -0.0013958488612074204; 0.0 -0.0013562144165343208 0.031794116358887854 -0.0007458842793560193; 0.0 -0.0013958488612085397 -0.0007458842793557665 0.032694654498865196],[-0.053091353642965876 0.0 0.0 0.0; 0.0 -0.0059843709825019836 0.001377675286879192 0.0014356105120327312; 0.0 0.0013776752868799925 -0.004940843490385373 0.0003095571266682243; 0.0 0.0014356105120329414 0.0003095571266682871 -0.0058513877289580836],0.3
