L,J,Q,θ,ϕx,ϕy,ϕz,ndims,T,χ,dχdlogT,Λ
20,2.25,0.6180339887498949,0.4487989505128276,0.0,0.0,0.0,3,0.009236708571873866,[0.5575324062650112 0.0 0.0 0.0; 0.0 0.07988084730302224 -0.014991543255545092 -0.014398890725122508; 0.0 -0.01499154325554714 0.07167586327282341 -0.005067482414278404; 0.0 -0.014398890725118331 -0.005067482414277331 0.07499825854119087],[-0.07528100651619496 0.0 0.0 0.0; 0.0 -0.0003217906348723932 0.0002811437522046184 4.351091446753672e-5; 0.0 0.00028114375220463704 -0.00029358831395198323 6.011324441710734e-5; 0.0 4.351091446753844e-5 6.0113244417104495e-5 -0.0001722978332325325],0.3
