L,J,Q,θ,ϕx,ϕy,ϕz,ndims,T,χ,dχdlogT,Λ
20,4.468965517241379,0.6180339887498949,0.4487989505128276,0.0,0.0,0.0,3,5.298316906283709,[0.04324966425452771 0.0 0.0 0.0; 0.0 0.019899826056257192 -0.00017304139489390902 -0.00017523353631633106; 0.0 -0.0001730413948942407 0.019614807679763358 -0.00015882823111956754; 0.0 -0.00017523353631646797 -0.00015882823111952824 0.019748301307368217],[-0.036948113130082554 0.0 0.0 0.0; 0.0 -0.014280028101887186 0.0004088806500526842 0.000416734653900521; 0.0 0.0004088806500532705 -0.01367613182770247 0.00035081089415425087; 0.0 0.0004167346539004296 0.0003508108941546167 -0.013955549097325314],0.3
