L,J,Q,θ,ϕx,ϕy,ϕz,ndims,T,χ,dχdlogT,Λ
20,2.25,0.6180339887498949,0.4487989505128276,0.0,0.0,0.0,3,0.002592943797404667,[0.6440265354920551 0.0 0.0 0.0; 0.0 0.08012782897997635 -0.015238290049478421 -0.014390211751164362; 0.0 -0.015238290049481126 0.07191702229122832 -0.005107897854131678; 0.0 -0.014390211751162325 -0.005107897854131124 0.07507721659271269],[-0.05952450677567123 0.0 0.0 0.0; 0.0 -7.425036404911619e-5 0.00010924053437467045 -3.9175174281926446e-5; 0.0 0.00010924053437467007 -0.00010778414760523507 1.9325716064416457e-5; 0.0 -3.917517428192577e-5 1.932571606441533e-5 7.835478440276784e-6],0.3
