L,J,Q,θ,ϕx,ϕy,ϕz,ndims,T,χ,dχdlogT,Λ
20,0.35,0.6180339887498949,0.4487989505128276,0.0,0.0,0.0,3,0.017433288221999882,[0.7602248579349222 0.0 0.0 0.0; 0.0 0.24885508555419442 -0.05811648656583158 -0.06519782886517873; 0.0 -0.05811648656584883 0.23919669218133388 -0.050651868745461674; 0.0 -0.06519782886514203 -0.05065186874545695 0.2451172316651109],[-0.14519625716628404 0.0 0.0 0.0; 0.0 -0.011564631193370253 7.859531477816629e-5 0.001682436422290829; 0.0 7.859531477816392e-5 -0.01121980778018138 -0.001322600060695794; 0.0 0.0016824364222911452 -0.0013226000606952149 -0.011509245379417313],0.3
