L,J,Q,θ,ϕx,ϕy,ϕz,ndims,T,χ,dχdlogT,Λ
20,0.5,0.6180339887498949,0.4487989505128276,0.0,0.0,0.0,3,0.41753189365604015,[0.3008151253063378 0.0 0.0 0.0; 0.0 0.13489592763026417 -0.023486966085141815 -0.02398991856598398; 0.0 -0.023486966085141156 0.1328325191438155 -0.021980299221853634; 0.0 -0.02398991856597332 -0.02198029922186417 0.1338284440693461],[-0.1375792346634539 0.0 0.0 0.0; 0.0 -0.049996123580117735 0.016980977183815617 0.01802921936146239; 0.0 0.0169809771838107 -0.04700347470318887 0.014388473640195068; 0.0 0.018029219361458078 0.014388473640189877 -0.04844624120610466],0.3
