L,J,Q,θ,ϕx,ϕy,ϕz,ndims,T,χ,dχdlogT,Λ
20,4.406896551724138,0.6180339887498949,0.4487989505128276,0.0,0.0,0.0,3,0.06210169418915616,[0.26913580840862117 0.0 0.0 0.0; 0.0 0.04321974882366996 -0.00531977103853917 -0.0052061592759236495; 0.0 -0.005319771038539884 0.03986595305960662 -0.0012877850002443593; 0.0 -0.005206159275921249 -0.0012877850002445425 0.042537501218592816],[-0.045635050184109724 0.0 0.0 0.0; 0.0 -0.0016796869953295763 0.0007809793709494987 0.0005912564021775405; 0.0 0.0007809793709494795 -0.0008370820312108812 -9.348987755183767e-6; 0.0 0.000591256402177622 -9.348987755188478e-6 -0.0008843243900518591],0.3
