L,J,Q,θ,ϕx,ϕy,ϕz,ndims,T,χ,dχdlogT,Λ
20,4.241379310344827,0.6180339887498949,0.4487989505128276,0.0,0.0,0.0,3,0.7880462815669912,[0.1438910095532452 0.0 0.0 0.0; 0.0 0.039744703169679915 -0.002730424576500307 -0.0028304945977626495; 0.0 -0.002730424576500364 0.037452983120256425 -0.0011271404421184582; 0.0 -0.002830494597762904 -0.001127140442118629 0.03899088429203123],[-0.058099185821596275 0.0 0.0 0.0; 0.0 -0.003677665788262083 0.00180972377881047 0.0018935237987319927; 0.0 0.0018097237788107154 -0.0028602859345111514 0.00014103180165562693; 0.0 0.001893523798731653 0.00014103180165566585 -0.0037966649201697216],0.3
