L,J,Q,θ,ϕx,ϕy,ϕz,ndims,T,χ,dχdlogT,Λ
20,4.303448275862069,0.6180339887498949,0.4487989505128276,0.0,0.0,0.0,3,0.009236708571873866,[0.3657752015171609 0.0 0.0 0.0; 0.0 0.047164685737303015 -0.0069330131285503535 -0.006489724577263584; 0.0 -0.006933013128550776 0.04190413935482817 -0.0011263608488542957; 0.0 -0.006489724577262745 -0.0011263608488540206 0.04438309971205873],[-0.04912875887237878 0.0 0.0 0.0; 0.0 -0.0012144801493360685 0.0005722305045604361 0.0003950520528402267; 0.0 0.0005722305045604721 -0.00043751637991085586 -0.0001617094014129565; 0.0 0.0003950520528402164 -0.00016170940141293952 -0.00019752288361554054],0.3
