L,J,Q,θ,ϕx,ϕy,ϕz,ndims,T,χ,dχdlogT,Λ
20,4.334482758620689,0.6180339887498949,0.4487989505128276,0.0,0.0,0.0,3,0.0853167852417281,[0.2573502923684494 0.0 0.0 0.0; 0.0 0.043378554784845334 -0.005226583576198347 -0.005181745070668073; 0.0 -0.005226583576198861 0.0401737710510325 -0.0013352158724327457; 0.0 -0.005181745070668567 -0.0013352158724326054 0.042847910040701896],[-0.04685354969382378 0.0 0.0 0.0; 0.0 -0.0016398209971523392 0.0007865185139380196 0.0005865089241273366; 0.0 0.0007865185139377595 -0.0009390657419299732 5.071860712178795e-5; 0.0 0.0005865089241273757 5.071860712179478e-5 -0.0009949333366797326],0.3
