L,J,Q,θ,ϕx,ϕy,ϕz,ndims,T,χ,dχdlogT,Λ
20,4.2620689655172415,0.6180339887498949,0.4487989505128276,0.0,0.0,0.0,3,3.856620421163471,[0.05656693650413857 0.0 0.0 0.0; 0.0 0.024908566241044743 -0.0003613150865427074 -0.00036740737597438155; 0.0 -0.000361315086542899 0.02440270164701179 -0.0003150213978576945; 0.0 -0.0003674073759741968 -0.0003150213978577695 0.024639292592103807],[-0.044740216067854166 0.0 0.0 0.0; 0.0 -0.014991271878014493 0.0007522993575685668 0.0007704688383438421; 0.0 0.0007522993575686243 -0.014088848714508762 0.0005828809775525449; 0.0 0.0007704688383444561 0.0005828809775524472 -0.01451378402160871],0.3
