L,J,Q,θ,ϕx,ϕy,ϕz,ndims,T,χ,dχdlogT,Λ
20,2.25,0.6180339887498949,0.4487989505128276,0.0,0.0,0.0,3,10.0,[0.024730513185419616 0.0 0.0 0.0; 0.0 0.012270316656046144 -3.5816283810649316e-5 -3.586531515621172e-5; 0.0 -3.581628381060836e-5 0.012252874552469975 -3.557595426386645e-5; 0.0 -3.586531515628289e-5 -3.557595426351009e-5 0.012261290342838535],[-0.024206275539956995 0.0 0.0 0.0; 0.0 -0.011825465634896493 0.00010403250629816525 0.00010426897071337735; 0.0 0.00010403250629813907 -0.011774947254000391 0.00010286208168069635; 0.0 0.00010426897071383112 0.0001028620816807475 -0.011799292038310094],0.3
