L,J,Q,θ,ϕx,ϕy,ϕz,ndims,T,χ,dχdlogT,Λ
20,0.0,0.6180339887498949,0.4487989505128276,0.0,0.0,0.0,3,0.03290344562312668,[0.6857670134855843 0.0 0.0 0.0; 0.0 0.3000286437748917 -0.10513552056500704 -0.10513552056504082; 0.0 -0.10513552056500837 0.30002864377486244 -0.10513552056500117; 0.0 -0.10513552056504258 -0.10513552056500186 0.3000286437748368],[-0.1370944790687722 0.0 0.0 0.0; 0.0 -0.05984320688606462 0.029623710877544465 0.029623710877545714; 0.0 0.029623710877544604 -0.05984320688606357 0.0296237108775447; 0.0 0.029623710877546016 0.02962371087754481 -0.05984320688606291],0.3
