L,J,Q,θ,ϕx,ϕy,ϕz,ndims,T,χ,dχdlogT,Λ
20,0.2,0.6180339887498949,0.4487989505128276,0.0,0.0,0.0,3,0.04520353656360243,[0.6307345239474512 0.0 0.0 0.0; 0.0 0.26639786319325337 -0.07110340082036448 -0.07431103217759621; 0.0 -0.07110340082040191 0.26047687776886624 -0.06734144976146957; 0.0 -0.0743110321775895 -0.06734144976144744 0.26374696722504715],[-0.15124404755674276 0.0 0.0 0.0; 0.0 -0.04300555629331691 0.014074903538461917 0.016884972966026295; 0.0 0.014074903538460326 -0.03867390772844918 0.011489327112085309; 0.0 0.016884972966027145 0.011489327112087595 -0.041188939174339495],0.3
