L,J,Q,θ,ϕx,ϕy,ϕz,ndims,T,χ,dχdlogT,Λ
20,0.7,0.6180339887498949,0.4487989505128276,0.0,0.0,0.0,3,2.807216203941177,[0.08330061694014919 0.0 0.0 0.0; 0.0 0.04101118524775246 -0.0012184067046011819 -0.0012204112306402697; 0.0 -0.001218406704599543 0.0409435996702852 -0.0012092858709928597; 0.0 -0.0012204112306400847 -0.001209285870993074 0.04097681237284028],[-0.07370788951149373 0.0 0.0 0.0; 0.0 -0.03522218341056188 0.002969605400822733 0.002978307507920679; 0.0 0.0029696054008235572 -0.03504012057047655 0.0029309367373644836; 0.0 0.0029783075079181957 0.0029309367373651155 -0.03513021970073509],0.3
