L,J,Q,θ,ϕx,ϕy,ϕz,ndims,T,χ,dχdlogT,Λ
20,0.1,0.6180339887498949,0.4487989505128276,0.0,0.0,0.0,3,0.5736152510448679,[0.26202834445392587 0.0 0.0 0.0; 0.0 0.1256414842141367 -0.02000188645609997 -0.02001401636764184; 0.0 -0.020001886456107943 0.12557998294327838 -0.019962344303168688; 0.0 -0.02001401636766403 -0.019962344303175932 0.1256096869514993],[-0.13825491156023606 0.0 0.0 0.0; 0.0 -0.06317411057258163 0.02083960556887046 0.020870137572494268; 0.0 0.02083960556887411 -0.06305525283678574 0.02074347971792309; 0.0 0.020870137572516278 0.02074347971791641 -0.06311056366027888],0.3
