L,J,Q,θ,ϕx,ϕy,ϕz,ndims,T,χ,dχdlogT,Λ
20,4.479310344827586,0.6180339887498949,0.4487989505128276,0.0,0.0,0.0,3,0.002592943797404667,[0.4212060912966589 0.0 0.0 0.0; 0.0 0.047338146735305696 -0.006901039891758341 -0.006865871758528692; 0.0 -0.00690103989176182 0.04085209640250234 -0.0009593494932625008; 0.0 -0.0068658717585295456 -0.0009593494932623503 0.04344490169748758],[-0.05002687415029927 0.0 0.0 0.0; 0.0 -0.0012930739298123441 0.0001727105094071602 0.0006666895286214789; 0.0 0.00017271050940716 -0.0002074075965321344 -8.795015049646517e-5; 0.0 0.0006666895286214538 -8.795015049645766e-5 -0.0004176853272842201],0.3
