L,J,Q,θ,ϕx,ϕy,ϕz,ndims,T,χ,dχdlogT,Λ
23,1.0,0.6180339887498949,0.4487989505128276,0.0,0.0,0.0,3,0.03290344562312668,[0.5828340253078221 0.0 0.0 0.0; 0.0 0.15061178109548293 -0.017992954345924836 -0.06308020437358454; 0.0 -0.01799295434592519 0.15061178109548876 -0.06308020437359287; 0.0 -0.0630802043735846 -0.06308020437359288 0.21124968640878466],[-0.21941730578661778 0.0 0.0 0.0; 0.0 -0.04645203718076827 -0.00344465566013578 0.03499071715481204; 0.0 -0.003444655660136173 -0.04645203718061118 0.034990717154900604; 0.0 0.03499071715481195 0.034990717154900645 -0.09703956055030968],0.3
