L,J,Q,θ,ϕx,ϕy,ϕz,ndims,T,χ,Λ
23,2.25,0.6180339887498949,0.4487989505128276,0.0,0.0,0.0,3,0.04520353656360243,[9.727469871569806 0.0 0.0 0.0; 0.0 2.0484098028629174 -0.19247691072803805 -0.6259245786783144; 0.0 -0.19247691072804812 2.048409802862878 -0.6259245786783169; 0.0 -0.6259245786783144 -0.6259245786783171 2.4868854358704233],0.3
