L,J,Q,θ,ϕx,ϕy,ϕz,ndims,T,χ,dχdlogT,Λ
23,2.0,0.6180339887498949,0.4487989505128276,0.0,0.0,0.0,3,5.298316906283709,[0.045651711853580274 0.0 0.0 0.0; 0.0 0.022389959087536312 -0.0002352052734591022 -0.0002445337085860789; 0.0 -0.00023520527345915118 0.022389959087530883 -0.0002445337085860691; 0.0 -0.0002445337085860794 -0.00024453370858606885 0.022540246294620488],[4109.421866174561 0.0 0.0 0.0; 0.0 7417.749086990422 3229.3628138252598 7.705424123754128; 0.0 3229.3628138252598 7417.749031452382 7.705424123579891; 0.0 7.705424123754124 7.7054241235799115 2384.0812768898827],0.3
