L,J,Q,θ,ϕx,ϕy,ϕz,ndims,T,χ,dχdlogT,Λ
23,2.5,0.6180339887498949,0.4487989505128276,0.0,0.0,0.0,3,0.017433288221999882,[0.4855544414287124 0.0 0.0 0.0; 0.0 0.09097808441872118 -0.007779257923082894 -0.030266683671862474; 0.0 -0.007779257923082698 0.09097808441872117 -0.0302666836718626; 0.0 -0.03026668367186246 -0.030266683671862592 0.10900657799838066],[0.03655107805582412 0.0 0.0 0.0; 0.0 0.2342444953814783 0.1952918118505381 0.0065970377221722986; 0.0 0.19529181185053893 0.23424449538174802 0.006597037722138747; 0.0 0.006597037722172249 0.006597037722138822 -0.05148247779849293],0.3
