L,J,Q,θ,ϕx,ϕy,ϕz,ndims,T,χ,dχdlogT,Λ
23,0.0,0.6180339887498949,0.4487989505128276,0.0,0.0,0.0,3,0.003562247890262444,[0.9111889309972754 0.0 0.0 0.0; 0.0 0.40264638983649104 -0.1595525314296354 -0.15955253142963094; 0.0 -0.15955253142963055 0.40264638983649603 -0.1595525314296344; 0.0 -0.15955253142962916 -0.15955253142963158 0.40264638983650514],[-0.3133701114312983 0.0 0.0 0.0; 0.0 -0.11138828256841582 0.05569413939517228 0.055694139395173085; 0.0 0.05569413939517237 -0.11138828256841102 0.05569413939517064; 0.0 0.055694139395171975 0.05569413939517366 -0.11138828256841464],0.3
