L,J,Q,θ,ϕx,ϕy,ϕz,ndims,T,χ,dχdlogT,Λ
23,1.0,0.6180339887498949,0.4487989505128276,0.0,0.0,0.0,3,0.001,[0.8636576866867992 0.0 0.0 0.0; 0.0 0.17944431253773588 -0.016484329582213426 -0.10006568220730938; 0.0 -0.01648432958221422 0.17944431253774695 -0.10006568220731918; 0.0 -0.10006568220730942 -0.10006568220731914 0.30755322919462663],[-0.2789499732382478 0.0 0.0 0.0; 0.0 -0.05182103204915404 -0.007288100529373455 0.048785407814841045; 0.0 -0.007288100529374055 -0.051821032048995755 0.048785407814930126; 0.0 0.04878540781484085 0.048785407814930154 -0.13696562651530944],0.3
