L,J,Q,θ,ϕx,ϕy,ϕz,ndims,T,χ,dχdlogT,Λ
23,1.25,0.6180339887498949,0.4487989505128276,0.0,0.0,0.0,3,0.5736152510448679,[0.2435103363576039 0.0 0.0 0.0; 0.0 0.09644316003516337 -0.011625745186943509 -0.01838509413534453; 0.0 -0.01162574518694328 0.0964431600351656 -0.01838509413534485; 0.0 -0.01838509413534454 -0.018385094135344844 0.10559422308187136],[0.030433583678123776 0.0 0.0 0.0; 0.0 0.6864988946636709 0.2224800686931497 -0.006540080034227902; 0.0 0.2224800686931449 0.6864988946624886 -0.006540080034226508; 0.0 -0.006540080034227898 -0.006540080034226487 -0.5201682133887533],0.3
