L,J,Q,θ,ϕx,ϕy,ϕz,ndims,T,χ,Λ
23,0.0,0.6180339887498949,0.4487989505128276,0.0,0.0,0.0,3,0.11721022975334802,[11.337907872026028 0.0 0.0 0.0; 0.0 5.14909319427999 -1.6169715917664882 -1.616971591766513; 0.0 -1.6169715917665306 5.1490931942796205 -1.616971591766474; 0.0 -1.6169715917664698 -1.6169715917664844 5.149093194279784],0.3
