L,J,Q,θ,ϕx,ϕy,ϕz,ndims,T,χ,dχdlogT,Λ
23,0.0,0.6180339887498949,0.4487989505128276,0.0,0.0,0.0,3,2.807216203941177,[0.084262114557399 0.0 0.0 0.0; 0.0 0.04178297068679706 -0.0014475416635619319 -0.0014475416635619236; 0.0 -0.001447541663562103 0.04178297068679629 -0.0014475416635620906; 0.0 -0.0014475416635620312 -0.0014475416635619939 0.04178297068679699],[-0.2783453258313121 0.0 0.0 0.0; 0.0 -0.09790711701054847 0.05064019263065028 0.05064019263064822; 0.0 0.05064019263065008 -0.09790711701055398 0.05064019263065155; 0.0 0.05064019263064734 0.0506401926306472 -0.0979071170105533],0.3
