L,J,Q,θ,ϕx,ϕy,ϕz,ndims,T,χ,Λ
23,1.5,0.6180339887498949,0.4487989505128276,0.0,0.0,0.0,3,0.002592943797404667,[17.601448309819943 0.0 0.0 0.0; 0.0 3.1587821770897158 -0.17091735932636043 -1.6301393789680025; 0.0 -0.17091735932636062 3.1587821770896847 -1.6301393789680034; 0.0 -1.6301393789680025 -1.6301393789680036 5.135772954095776],0.3
