L,J,Q,θ,ϕx,ϕy,ϕz,ndims,T,χ,Λ
23,0.5,0.6180339887498949,0.4487989505128276,0.0,0.0,0.0,3,0.003562247890262444,"[0.9097960225336985, 0.0, 0.0, 0.0, 0.0, 0.28452869177916695, -0.07377451101593467, -0.13560948637854453, 0.0, -0.07377451101593445, 0.2845286917791706, -0.13560948637854417, 0.0, -0.13560948637854453, -0.13560948637854417, 0.36819053015002784]",0.3
