L,J,Q,θ,ϕx,ϕy,ϕz,ndims,T,χ,dχdlogT,Λ
23,1.25,0.6180339887498949,0.4487989505128276,0.0,0.0,0.0,3,0.0013738237958832624,[0.8390334527757126 0.0 0.0 0.0; 0.0 0.15610531036076133 -0.017205254390088326 -0.0695611849880766; 0.0 -0.017205254390088215 0.156105310360763 -0.06956118498807504; 0.0 -0.06956118498807663 -0.069561184988075 0.21623260742042266],[-0.10185350729698565 0.0 0.0 0.0; 0.0 0.9047236027415592 0.24278551679947707 -0.00188358770108229; 0.0 0.2427855167994645 0.9047236027398838 -0.001883587701079188; 0.0 -0.0018835877010822926 -0.0018835877010792053 -0.7070658402895682],0.3
