L,J,Q,θ,ϕx,ϕy,ϕz,ndims,T,χ,Λ
23,0.75,0.6180339887498949,0.4487989505128276,0.0,0.0,0.0,3,0.5736152510448679,[5.9200664395919835 0.0 0.0 0.0; 0.0 2.602741901550597 -0.4193834768700688 -0.5074298388241703; 0.0 -0.4193834768700831 2.6027419015506226 -0.507429838824109; 0.0 -0.5074298388241708 -0.5074298388241083 2.7248589218578014],0.3
