L,J,Q,θ,ϕx,ϕy,ϕz,ndims,T,χ,dχdlogT,Λ
23,0.5,0.6180339887498949,0.4487989505128276,0.0,0.0,0.0,3,1.4873521072935114,[0.14283979099317823 0.0 0.0 0.0; 0.0 0.06928926351837927 -0.0058276978382075665 -0.005970713200196316; 0.0 -0.005827697838207256 0.06928926351837361 -0.005970713200196275; 0.0 -0.005970713200196323 -0.005970713200196276 0.06962870037324984],[0.004070382739372301 0.0 0.0 0.0; 0.0 -0.024476821236853102 0.022604934868932443 0.01239068198777059; 0.0 0.022604934868930553 -0.024476821236850112 0.0123906819877699; 0.0 0.012390681987770536 0.012390681987769913 -0.0050588935916756625],0.3
