L,J,Q,θ,ϕx,ϕy,ϕz,ndims,T,χ,dχdlogT,Λ
23,0.75,0.6180339887498949,0.4487989505128276,0.0,0.0,0.0,3,0.06210169418915616,[0.5449384295116797 0.0 0.0 0.0; 0.0 0.16813695403417547 -0.02723728807584766 -0.06745175883071225; 0.0 -0.02723728807584767 0.1681369540341831 -0.06745175883070904; 0.0 -0.06745175883071228 -0.06745175883070897 0.22282792444061097],[-0.2414433780598422 0.0 0.0 0.0; 0.0 -0.008506414193032174 -0.010281512551445994 0.064378230029102; 0.0 -0.010281512551446376 -0.008506414193972262 0.06437823002908227; 0.0 0.06437823002910198 0.06437823002908238 -0.16794314680624586],0.3
