L,J,Q,θ,ϕx,ϕy,ϕz,ndims,T,χ,Λ
23,0.25,0.6180339887498949,0.4487989505128276,0.0,0.0,0.0,3,0.03290344562312668,[15.320128551086428 0.0 0.0 0.0; 0.0 6.154301167517774 -1.8625456894294192 -2.4193328991931002; 0.0 -1.8625456894293764 6.154301167517567 -2.4193328991931162; 0.0 -2.4193328991931 -2.4193328991931162 6.815883908628825],0.3
