L,J,Q,θ,ϕx,ϕy,ϕz,ndims,T,χ,Λ
23,0.75,0.6180339887498949,0.4487989505128276,0.0,0.0,0.0,3,0.41753189365604015,"[0.298832702786715, 0.0, 0.0, 0.0, 0.0, 0.12579996165570292, -0.022184697833321138, -0.02896627211846269, 0.0, -0.02218469783332125, 0.12579996165569635, -0.02896627211845996, 0.0, -0.02896627211846268, -0.028966272118459986, 0.13490025071687511]",0.3
