L,J,Q,θ,ϕx,ϕy,ϕz,ndims,T,χ,Λ
23,1.0,0.6180339887498949,0.4487989505128276,0.0,0.0,0.0,3,0.0853167852417281,[10.954543473555349 0.0 0.0 0.0; 0.0 3.1764480588450144 -0.38907029579154195 -1.1804661579630134; 0.0 -0.38907029579153496 3.1764480588451582 -1.180466157963176; 0.0 -1.1804661579630136 -1.180466157963175 4.240524776657812],0.3
