L,J,Q,θ,ϕx,ϕy,ϕz,ndims,T,χ,dχdlogT,Λ
23,2.75,0.6180339887498949,0.4487989505128276,0.0,0.0,0.0,3,0.02395026619987486,[0.4324451904848532 0.0 0.0 0.0; 0.0 0.08226735763163166 -0.006399058603454548 -0.02512168064482297; 0.0 -0.006399058603454081 0.08226735763163222 -0.025121680644823195; 0.0 -0.025121680644822977 -0.02512168064482319 0.09650560659629909],[-1.273950731017704 0.0 0.0 0.0; 0.0 -0.12105637897042978 -0.46314052616826 0.19980953824501924; 0.0 -0.4631405261682634 -0.1210563786838041 0.19980953824502584; 0.0 0.19980953824501912 0.19980953824502592 -0.3235608596098477],0.3
