L,J,Q,θ,ϕx,ϕy,ϕz,ndims,T,χ,Λ
23,1.25,0.6180339887498949,0.4487989505128276,0.0,0.0,0.0,3,0.01268961003167922,"[0.6418319507784603, 0.0, 0.0, 0.0, 0.0, 0.14064131736771462, -0.014790636367461849, -0.05921408367914719, 0.0, -0.014790636367461672, 0.1406413173677155, -0.05921408367914458, 0.0, -0.059214083679147246, -0.059214083679144554, 0.1970128183762412]",0.3
