L,J,Q,θ,ϕx,ϕy,ϕz,ndims,T,χ,dχdlogT,Λ
23,3.0,0.6180339887498949,0.4487989505128276,0.0,0.0,0.0,3,0.004893900918477494,[0.49607620323863805 0.0 0.0 0.0; 0.0 0.08347122141213144 -0.004839295667903917 -0.027941656533142328; 0.0 -0.004839295667903771 0.0834712214121338 -0.02794165653314411; 0.0 -0.027941656533142328 -0.027941656533144107 0.10199489288988617],[-0.05674353150165079 0.0 0.0 0.0; 0.0 0.004381257987118502 -0.05290790933421879 0.0016979248672925186; 0.0 -0.052907909334219565 0.004381257987019283 0.0016979248672944667; 0.0 0.001697924867292513 0.0016979248672944587 -0.015982370009073352],0.3
