L,J,Q,θ,ϕx,ϕy,ϕz,ndims,T,χ,Λ
23,3.0,0.6180339887498949,0.4487989505128276,0.0,0.0,0.0,3,0.017433288221999882,[9.85154728797212 0.0 0.0 0.0; 0.0 1.796728000722931 -0.13313504556500574 -0.5345224161997255; 0.0 -0.13313504556500458 1.7967280007228963 -0.5345224161997464; 0.0 -0.5345224161997258 -0.5345224161997466 2.113738381419861],0.3
