L,J,Q,θ,ϕx,ϕy,ϕz,ndims,T,χ,dχdlogT,Λ
23,0.75,0.6180339887498949,0.4487989505128276,0.0,0.0,0.0,3,0.0018873918221350976,[0.902745800685269 0.0 0.0 0.0; 0.0 0.22197948770942266 -0.028824899840706852 -0.12703928382238341; 0.0 -0.028824899840706537 0.22197948770943204 -0.12703928382238558; 0.0 -0.12703928382238353 -0.1270392838223855 0.3665492997344306],[-0.11258882784170593 0.0 0.0 0.0; 0.0 0.009984735525868394 -0.011710476723234912 0.04579433995335086; 0.0 -0.011710476723234104 0.009984735524928741 0.045794339953328725; 0.0 0.04579433995335093 0.045794339953328655 -0.12461607040356185],0.3
