L,J,Q,θ,ϕx,ϕy,ϕz,ndims,T,χ,dχdlogT,Λ
23,2.0,0.6180339887498949,0.4487989505128276,0.0,0.0,0.0,3,0.16102620275609392,[0.3295966987863996 0.0 0.0 0.0; 0.0 0.08432517276931496 -0.005540580181467504 -0.02326860973045147; 0.0 -0.0055405801814674156 0.08432517276931192 -0.023268609730451396; 0.0 -0.023268609730451466 -0.023268609730451383 0.10443672899670774],[4109.381123065681 0.0 0.0 0.0; 0.0 7417.761968914996 3229.3640343902557 7.710527786525843; 0.0 3229.364034390258 7417.761913376978 7.710527786351608; 0.0 7.710527786525837 7.710527786351626 2384.0897413524476],0.3
