L,J,Q,θ,ϕx,ϕy,ϕz,ndims,T,χ,dχdlogT,Λ
23,1.75,0.6180339887498949,0.4487989505128276,0.0,0.0,0.0,3,0.0013738237958832624,[0.8778295671606428 0.0 0.0 0.0; 0.0 0.13407574303989114 -0.005690375177578111 -0.07235889895918307; 0.0 -0.005690375177577917 0.13407574303989653 -0.07235889895918755; 0.0 -0.07235889895918304 -0.07235889895918758 0.2171712836876828],[-0.31005397734459106 0.0 0.0 0.0; 0.0 -0.13867146323717378 -0.0794960990277772 0.00945943489245107; 0.0 -0.07949609902777699 -0.13867146323296292 0.00945943489244222; 0.0 0.009459434892451053 0.009459434892442291 -0.0992911761231308],0.3
