L,J,Q,θ,ϕx,ϕy,ϕz,ndims,T,χ,Λ
23,0.25,0.6180339887498949,0.4487989505128276,0.0,0.0,0.0,3,0.01268961003167922,[18.0639215320909 0.0 0.0 0.0; 0.0 7.074244269172876 -2.1330747161473487 -3.083137942608423; 0.0 -2.133074716147393 7.0742442691727 -3.0831379426084364; 0.0 -3.083137942608423 -3.0831379426084364 8.178494164117279],0.3
