L,J,Q,θ,ϕx,ϕy,ϕz,ndims,T,χ,dχdlogT,Λ
23,0.25,0.6180339887498949,0.4487989505128276,0.0,0.0,0.0,3,0.30391953823131973,[0.3551114148066379 0.0 0.0 0.0; 0.0 0.1623699173372936 -0.03974535188509506 -0.041691512995583; 0.0 -0.0397453518850952 0.16236991733730505 -0.04169151299558288; 0.0 -0.04169151299558299 -0.04169151299558288 0.16491463819262098],[-0.002029994848539905 0.0 0.0 0.0; 0.0 0.026370376696850082 0.028978109863360982 -0.06235664546871161; 0.0 0.028978109863362918 0.026370376696847376 -0.062356645468708956; 0.0 -0.06235664546871157 -0.062356645468709025 0.13067941222181517],0.3
