L,J,Q,θ,ϕx,ϕy,ϕz,ndims,T,χ,Λ
23,1.0,0.6180339887498949,0.4487989505128276,0.0,0.0,0.0,3,2.043359717856942,[2.5096282915821297 0.0 0.0 0.0; 0.0 1.2090585803521645 -0.06346042644311867 -0.06713357249790698; 0.0 -0.06346042644311246 1.2090585803521328 -0.0671335724979369; 0.0 -0.06713357249790695 -0.06713357249793676 1.2216253422660242],0.3
