L,J,Q,θ,ϕx,ϕy,ϕz,ndims,T,χ,Λ
23,0.5,0.6180339887498949,0.4487989505128276,0.0,0.0,0.0,3,0.16102620275609392,[10.040688756929729 0.0 0.0 0.0; 0.0 4.021425468588465 -0.9329528187659187 -1.2725547727998994; 0.0 -0.9329528187658336 4.021425468588426 -1.2725547727998994; 0.0 -1.2725547727998996 -1.2725547727998991 4.466338459184451],0.3
