L,J,Q,θ,ϕx,ϕy,ϕz,ndims,T,χ,dχdlogT,Λ
23,0.75,0.6180339887498949,0.4487989505128276,0.0,0.0,0.0,3,0.04520353656360243,[0.5862547995079347 0.0 0.0 0.0; 0.0 0.17414293950597695 -0.027785781819619035 -0.07340125888194218; 0.0 -0.02778578181961897 0.17414293950598406 -0.07340125888193964; 0.0 -0.07340125888194224 -0.07340125888193957 0.23674085034218634],[-0.13491644752242926 0.0 0.0 0.0; 0.0 0.00719443476530007 -0.011425872128618408 0.04852067288843242; 0.0 -0.011425872128617951 0.007194434764361602 0.04852067288841029; 0.0 0.04852067288843245 0.04852067288841022 -0.13091606183043264],0.3
