L,J,Q,θ,ϕx,ϕy,ϕz,ndims,T,χ,Λ
23,1.5,0.6180339887498949,0.4487989505128276,0.0,0.0,0.0,3,7.27895384398315,[0.7787570319273969 0.0 0.0 0.0; 0.0 0.3868022049483037 -0.0023093350553274545 -0.0023371164525113892; 0.0 -0.002309335055326321 0.3868022049483142 -0.002337116452509373; 0.0 -0.0023371164525114387 -0.002337116452509388 0.3876107892875643],0.3
