L,J,Q,θ,ϕx,ϕy,ϕz,ndims,T,χ,dχdlogT,Λ
23,0.25,0.6180339887498949,0.4487989505128276,0.0,0.0,0.0,3,0.7880462815669912,[0.2222862521592451 0.0 0.0 0.0; 0.0 0.10644013303567992 -0.016768300022535737 -0.01702932441894347; 0.0 -0.01676830002253402 0.10644013303568223 -0.01702932441894336; 0.0 -0.017029324418943465 -0.01702932441894337 0.10683947346690738],[-0.13398397933893788 0.0 0.0 0.0; 0.0 -0.060031572739609934 0.021419705182452165 0.022103953463900993; 0.0 0.021419705182451263 -0.06003157273960922 0.022103953463900903; 0.0 0.022103953463900993 0.0221039534639009 -0.060913234522187144],0.3
