L,J,Q,θ,ϕx,ϕy,ϕz,ndims,T,χ,dχdlogT,Λ
23,2.0,0.6180339887498949,0.4487989505128276,0.0,0.0,0.0,3,0.002592943797404667,[0.758319509632043 0.0 0.0 0.0; 0.0 0.11746224205723398 -0.008166870235491692 -0.05355770402314352; 0.0 -0.008166870235491942 0.11746224205723203 -0.05355770402314373; 0.0 -0.05355770402314351 -0.05355770402314374 0.16708927916131547],[4109.322155343807 0.0 0.0 0.0; 0.0 7417.761532177448 3229.357414672485 7.71725531155227; 0.0 3229.357414672483 7417.761476639415 7.717255311378035; 0.0 7.717255311552267 7.7172553113780555 2384.0762939997876],0.3
