L,J,Q,θ,ϕx,ϕy,ϕz,ndims,T,χ,Λ
23,1.0,0.6180339887498949,0.4487989505128276,0.0,0.0,0.0,3,5.298316906283709,[1.0625073779094358 0.0 0.0 0.0; 0.0 0.5275491201528625 -0.005797914027684605 -0.005855598210080821; 0.0 -0.005797914027687293 0.5275491201528794 -0.005855598210092573; 0.0 -0.005855598210080786 -0.005855598210092566 0.5284715849872411],0.3
