L,J,Q,θ,ϕx,ϕy,ϕz,ndims,T,χ,dχdlogT,Λ
23,0.75,0.6180339887498949,0.4487989505128276,0.0,0.0,0.0,3,0.0018873918221350976,[0.902745800685269 0.0 0.0 0.0; 0.0 0.22197948770942266 -0.028824899840706852 -0.12703928382238341; 0.0 -0.028824899840706537 0.22197948770943204 -0.12703928382238558; 0.0 -0.12703928382238353 -0.1270392838223855 0.3665492997344306],[-0.16572776146366058 0.0 0.0 0.0; 0.0 0.0006554731958711527 -0.014825624854375592 0.06121405660446378; 0.0 -0.01482562485437451 0.0006554731949328922 0.06121405660444314; 0.0 0.06121405660446381 0.06121405660444314 -0.1633839569237684],0.3
