L,J,Q,θ,ϕx,ϕy,ϕz,ndims,T,χ,dχdlogT,Λ
23,3.0,0.6180339887498949,0.4487989505128276,0.0,0.0,0.0,3,0.04520353656360243,[0.3661820659605967 0.0 0.0 0.0; 0.0 0.07270586839495449 -0.0051367763508721395 -0.019546372269424444; 0.0 -0.005136776350871783 0.07270586839495397 -0.019546372269424347; 0.0 -0.01954637226942445 -0.01954637226942434 0.08373119757063291],[-0.028390513032113693 0.0 0.0 0.0; 0.0 0.00486787493912366 -0.04937491033485733 -0.0013127031201041093; 0.0 -0.049374910334856026 0.004867874939028009 -0.0013127031201026994; 0.0 -0.0013127031201041178 -0.0013127031201027016 -0.010759645960464389],0.3
