L,J,Q,θ,ϕx,ϕy,ϕz,ndims,T,χ,dχdlogT,Λ
23,1.25,0.6180339887498949,0.4487989505128276,0.0,0.0,0.0,3,0.0018873918221350976,[0.8166466673744917 0.0 0.0 0.0; 0.0 0.15501071334163233 -0.016930218977585416 -0.06889076568306905; 0.0 -0.016930218977585204 0.1550107133416334 -0.06889076568306736; 0.0 -0.06889076568306907 -0.06889076568306732 0.21486360184432593],[-0.11599894472654484 0.0 0.0 0.0; 0.0 0.9032622123326803 0.24309127226795868 -0.0010927457091736176; 0.0 0.24309127226794583 0.9032622123310046 -0.001092745709170768; 0.0 -0.0010927457091736148 -0.0010927457091708262 -0.7081891504222396],0.3
