L,J,Q,θ,ϕx,ϕy,ϕz,ndims,T,χ,dχdlogT,Λ
23,0.0,0.6180339887498949,0.4487989505128276,0.0,0.0,0.0,3,0.001,[0.9657688345625537 0.0 0.0 0.0; 0.0 0.42565877389431306 -0.17105863489482795 -0.1710586348948237; 0.0 -0.17105863489482387 0.4256587738943184 -0.17105863489482798; 0.0 -0.17105863489482112 -0.17105863489482534 0.4256587738943281],[-0.3190689385369221 0.0 0.0 0.0; 0.0 -0.11378718784364723 0.05689358559377012 0.056893585593771716; 0.0 0.05689358559376931 -0.11378718784364077 0.05689358559376672; 0.0 0.056893585593770106 0.05689358559377007 -0.11378718784364476],0.3
