L,J,Q,θ,ϕx,ϕy,ϕz,ndims,T,χ,dχdlogT,Λ
23,1.75,0.6180339887498949,0.4487989505128276,0.0,0.0,0.0,3,3.856620421163471,[0.06150118331358192 0.0 0.0 0.0; 0.0 0.02990659883839987 -0.0005512414638427662 -0.0005819968182366102; 0.0 -0.0005512414638427406 0.029906598838399776 -0.000581996818236614; 0.0 -0.0005819968182366138 -0.0005819968182366109 0.030187470000417868],[-0.2732007449093054 0.0 0.0 0.0; 0.0 -0.12688090303344493 -0.07471166239397127 0.00818352593627397; 0.0 -0.07471166239397332 -0.1268809030295131 0.00818352593627554; 0.0 0.008183525936273878 0.008183525936275613 -0.08962945124914123],0.3
