L,J,Q,θ,ϕx,ϕy,symmetry,T,χ
23,0.1,0.6180339887498949,0.4487989505128276,0.0,0.0,d-wave,0.003359818286283781,[751.2872179003264 -644.1063316136176 0.26557172697603965; -644.1063316136176 751.2872179003256 0.265571726999165; 0.13278586348802035 0.1327858634995821 582.4192084418746]
