L,J,Q,θ,ϕx,ϕy,ϕz,ndims,T,χ,Λ
23,1.25,0.6180339887498949,0.4487989505128276,0.0,0.0,0.0,3,0.0853167852417281,[10.33456013256744 0.0 0.0 0.0; 0.0 2.7760240811069306 -0.27881543470642095 -0.9814445732507366; 0.0 -0.2788154347064147 2.7760240811069505 -0.9814445732507213; 0.0 -0.9814445732507378 -0.9814445732507207 3.703148501954736],0.3
