L,J,Q,θ,ϕx,ϕy,ϕz,ndims,T,χ,dχdlogT,Λ
23,0.0,0.6180339887498949,0.4487989505128276,0.0,0.0,0.0,3,0.16102620275609392,[0.4477281519135517 0.0 0.0 0.0; 0.0 0.2050383496788851 -0.061005319500964376 -0.06100531950096738; 0.0 -0.06100531950096888 0.20503834967889223 -0.061005319500965; 0.0 -0.06100531950096327 -0.06100531950096499 0.20503834967889928],[-0.4559767344431256 0.0 0.0 0.0; 0.0 -0.17097515675009198 0.084979103503898 0.08497910350389892; 0.0 0.08497910350390005 -0.17097515675008892 0.0849791035038986; 0.0 0.08497910350389756 0.0849791035038993 -0.17097515675009742],0.3
