L,J,Q,θ,ϕx,ϕy,ϕz,ndims,T,χ,dχdlogT,Λ
23,0.25,0.6180339887498949,0.4487989505128276,0.0,0.0,0.0,3,0.41753189365604015,[0.3102612359425202 0.0 0.0 0.0; 0.0 0.14433042602131704 -0.03186541243002854 -0.03295985465583661; 0.0 -0.03186541243002795 0.14433042602132345 -0.03295985465583662; 0.0 -0.03295985465583661 -0.03295985465583662 0.1457881783841115],[0.13378005592747874 0.0 0.0 0.0; 0.0 0.07129886922697888 -0.0015901214730924108 -0.057153144594855786; 0.0 -0.0015901214730924262 0.07129886922697584 -0.0571531445948549; 0.0 -0.05715314459485581 -0.057153144594854884 0.13504465118372036],0.3
