L,J,Q,θ,ϕx,ϕy,ϕz,ndims,T,χ,dχdlogT,Λ
25,4.220689655172414,0.6180339887498949,0.4487989505128276,0.0,0.0,0.0,3,0.002592943797404667,[0.4194055117518696 0.0 0.0 0.0; 0.0 0.048303418041906195 -0.007511531313980776 -0.006091957840921987; 0.0 -0.007511531313981498 0.04373983654284367 -0.0016730024651859187; 0.0 -0.0060919578409237155 -0.0016730024651848523 0.047367483386461635],[-0.03404175343744818 0.0 0.0 0.0; 0.0 -0.0002035139605372449 0.00015911858745595305 -0.00013055318002943415; 0.0 0.00015911858745594723 -0.0003843004824180821 0.0001509356582300591; 0.0 -0.00013055318002943973 0.00015093565823005647 -0.0010311257306577332],0.3
