L,J,Q,θ,ϕx,ϕy,ϕz,ndims,T,χ,dχdlogT,Λ
25,4.241379310344827,0.6180339887498949,0.4487989505128276,0.0,0.0,0.0,3,0.2212216291070449,[0.21421774324743356 0.0 0.0 0.0; 0.0 0.04329578639613777 -0.004658885834417595 -0.0047903026393621324; 0.0 -0.004658885834418589 0.03987130785000326 -0.001253936570610038; 0.0 -0.004790302639365446 -0.001253936570613229 0.04306714775979589],[-0.05234376323187681 0.0 0.0 0.0; 0.0 -0.001737429055060284 0.0010041116183551505 0.0009537513103498579; 0.0 0.0010041116183542628 -0.0013712181626104553 0.00011193087534074364; 0.0 0.0009537513103484473 0.00011193087534074233 -0.002040242892648092],0.3
