L,J,Q,θ,ϕx,ϕy,ϕz,ndims,T,χ,dχdlogT,Λ
25,0.0,0.6180339887498949,0.4487989505128276,0.0,0.0,0.0,3,0.0013738237958832624,[1.7874878160999352 0.0 0.0 0.0; 0.0 0.6599713244574302 -0.2835980849312189 -0.2835980849311312; 0.0 -0.28359808493121874 0.6599713244574494 -0.2835980849312234; 0.0 -0.28359808493113126 -0.2835980849312236 0.6599713244574522],[-0.8723333986346392 0.0 0.0 0.0; 0.0 -0.28430942846346374 0.1401359893301613 0.14013598933015572; 0.0 0.1401359893301614 -0.28430942846348 0.14013598933016053; 0.0 0.14013598933015584 0.14013598933016075 -0.2843094284634742],0.3
