L,J,Q,θ,ϕx,ϕy,ϕz,ndims,T,χ,dχdlogT,Λ
25,4.251724137931035,0.6180339887498949,0.4487989505128276,0.0,0.0,0.0,3,0.04520353656360243,[0.29221698078701086 0.0 0.0 0.0; 0.0 0.04556487038933187 -0.005938588131804534 -0.0055853898498253955; 0.0 -0.0059385881318096195 0.041540694981175165 -0.0014347883728101903; 0.0 -0.005585389849826686 -0.0014347883728098878 0.04481292567221755],[-0.04747335639044033 0.0 0.0 0.0; 0.0 -0.001347059113781118 0.000769266905386468 0.00029592313493494507; 0.0 0.0007692669053861809 -0.0008986703561618714 7.338087637672243e-5; 0.0 0.0002959231349349603 7.338087637667279e-5 -0.0006506396819229886],0.3
