L,J,Q,θ,ϕx,ϕy,ϕz,ndims,T,χ,dχdlogT,Λ
25,4.2620689655172415,0.6180339887498949,0.4487989505128276,0.0,0.0,0.0,3,0.41753189365604015,[0.17955167853713863 0.0 0.0 0.0; 0.0 0.04183795451829961 -0.0038258708429865325 -0.0039721755901285585; 0.0 -0.003825870842988725 0.03870366867988782 -0.001180275141866547; 0.0 -0.003972175590134647 -0.0011802751418668444 0.04137638579140351],[-0.055143651021429145 0.0 0.0 0.0; 0.0 -0.0023221387007362677 0.0015220166002579126 0.001515291545416212; 0.0 0.0015220166002585139 -0.001782723973785614 7.731513917665443e-5; 0.0 0.0015152915454167463 7.731513917668086e-5 -0.002697577959916326],0.3
