L,J,Q,θ,ϕx,ϕy,ϕz,ndims,T,χ,dχdlogT,Λ
27,0.75,0.6180339887498949,0.4487989505128276,0.0,0.0,0.0,3,0.01268961003167922,[0.7444180151392251 0.0 0.0 0.0; 0.0 0.19902883218286624 -0.033088465592171906 -0.0948211990003358; 0.0 -0.03308846559217321 0.19902883218284587 -0.0948211990003235; 0.0 -0.09482119900033585 -0.09482119900032342 0.2872323632548957],[-0.16456137427536593 0.0 0.0 0.0; 0.0 0.2036075735919082 -0.18740199930991966 0.01626052159171115; 0.0 -0.18740199930992843 0.20360757359251092 0.016260521591485902; 0.0 0.016260521591711145 0.01626052159148588 -0.07746103116471201],0.3
