L,J,Q,θ,ϕx,ϕy,ϕz,ndims,T,χ,dχdlogT,Λ
27,0.75,0.6180339887498949,0.4487989505128276,0.0,0.0,0.0,3,0.002592943797404667,[0.9455716425469028 0.0 0.0 0.0; 0.0 0.23244139138544168 -0.043970667417963266 -0.1166038170975394; 0.0 -0.04397066741796437 0.2324413913854193 -0.11660381709752703; 0.0 -0.1166038170975395 -0.11660381709752692 0.3327798037794925],[-0.27394810569698075 0.0 0.0 0.0; 0.0 0.18586099135120354 -0.1823470331104861 0.028033664306561124; 0.0 -0.1823470331104958 0.18586099135180079 0.028033664306336314; 0.0 0.028033664306561387 0.02803366430633614 -0.10075519565633213],0.3
