L,J,Q,θ,ϕx,ϕy,ϕz,ndims,T,χ,dχdlogT,Λ
27,2.25,0.6180339887498949,0.4487989505128276,0.0,0.0,0.0,3,0.02395026619987486,[0.4931576870863499 0.0 0.0 0.0; 0.0 0.0962585123313287 -0.012484816178263032 -0.029598459180784468; 0.0 -0.0124848161782626 0.09625851233132829 -0.029598459180784492; 0.0 -0.02959845918078446 -0.02959845918078449 0.11088605271750396],[-0.14435327452889501 0.0 0.0 0.0; 0.0 -0.07674293213971384 -0.00536913819058625 0.030054644655502522; 0.0 -0.0053691381905869775 -0.07674293210120862 0.030054644655393925; 0.0 0.030054644655502488 0.030054644655393956 -0.05301650150577181],0.3
