L,J,Q,θ,ϕx,ϕy,ϕz,ndims,T,χ,dχdlogT,Λ
27,0.0,0.6180339887498949,0.4487989505128276,0.0,0.0,0.0,3,0.03290344562312668,[0.685390080397728 0.0 0.0 0.0; 0.0 0.3060793773794347 -0.11128816518233098 -0.11128816518232877; 0.0 -0.11128816518232945 0.306079377379423 -0.11128816518233703; 0.0 -0.1112881651823248 -0.11128816518233677 0.3060793773794244],[518209.5534682334 0.0 0.0 0.0; 0.0 259104.77747700227 -129552.38875412446 -129552.38874116538; 0.0 -129552.38875412688 259104.77767693874 -129552.38894110297; 0.0 -129552.38874116364 -129552.38894110058 259104.77766396845],0.3
