L,J,Q,θ,ϕx,ϕy,ϕz,ndims,T,χ,dχdlogT,Λ
27,0.0,0.6180339887498949,0.4487989505128276,0.0,0.0,0.0,3,3.856620421163471,[0.06283760312054357 0.0 0.0 0.0; 0.0 0.03126587199842925 -0.0006260746127375475 -0.0006260746127364359; 0.0 -0.00062607461273756 0.03126587199844583 -0.0006260746127525448; 0.0 -0.0006260746127363625 -0.0006260746127526333 0.03126587199844343],[518213.4720871492 0.0 0.0 0.0; 0.0 259106.73704997613 -129553.38142136323 -129553.38140840744; 0.0 -129553.38142136161 259106.7372499161 -129553.3816083384; 0.0 -129553.38140840354 -129553.38160833973 259106.73723695293],0.3
