L,J,Q,θ,ϕx,ϕy,ϕz,ndims,T,χ,dχdlogT,Λ
27,0.5,0.6180339887498949,0.4487989505128276,0.0,0.0,0.0,3,0.003562247890262444,[0.9408873992494825 0.0 0.0 0.0; 0.0 0.28424582922154623 -0.0640377982906797 -0.1465488908120721; 0.0 -0.06403779829067674 0.28424582922158315 -0.14654889081210384; 0.0 -0.14654889081207204 -0.14654889081210393 0.3933063728931032],[-0.02863929498652496 0.0 0.0 0.0; 0.0 0.019358383385817926 0.005482957135604822 -0.03915829984840362; 0.0 0.005482957135602964 0.019358383385673958 -0.039158299848279586; 0.0 -0.03915829984840347 -0.039158299848279746 0.07740926940715892],0.3
