L,J,Q,θ,ϕx,ϕy,ϕz,ndims,T,χ,dχdlogT,Λ
27,2.75,0.6180339887498949,0.4487989505128276,0.0,0.0,0.0,3,0.7880462815669912,[0.17265637927334523 0.0 0.0 0.0; 0.0 0.05754984905332566 -0.002562172774387243 -0.007465629406936456; 0.0 -0.0025621727743872424 0.057549849053326656 -0.0074656294069364; 0.0 -0.007465629406936464 -0.00746562940693641 0.06401531033446639],[-0.07995870260935428 0.0 0.0 0.0; 0.0 -0.009832669543192972 2.4807815790912418e-5 0.006795535099497076; 0.0 2.480781579093734e-5 -0.009832669543192077 0.006795535099497066; 0.0 0.006795535099497074 0.006795535099497064 -0.013792878969641386],0.3
