L,J,Q,θ,ϕx,ϕy,ϕz,ndims,T,χ,dχdlogT,Λ
27,0.0,0.6180339887498949,0.4487989505128276,0.0,0.0,0.0,3,1.4873521072935114,[0.14392933057380278 0.0 0.0 0.0; 0.0 0.07055309420372283 -0.006126058112167288 -0.006126058112223342; 0.0 -0.006126058112167779 0.07055309420391886 -0.006126058112416835; 0.0 -0.006126058112223112 -0.0061260581124170455 0.07055309420397128],[518213.4200697689 0.0 0.0 0.0; 0.0 259106.7133198433 -129553.37109998566 -129553.37108701814; 0.0 -129553.37109998304 259106.7135197732 -129553.3712869558; 0.0 -129553.37108702061 -129553.37128695329 259106.7135068095],0.3
