L,J,Q,θ,ϕx,ϕy,ϕz,ndims,T,χ,dχdlogT,Λ
27,2.0,0.6180339887498949,0.4487989505128276,0.0,0.0,0.0,3,10.0,[0.02475672469143759 0.0 0.0 0.0; 0.0 0.012307891532864022 -3.957924867366758e-5 -4.001665485231029e-5; 0.0 -3.957924867368088e-5 0.012307891532840695 -4.0016654852316454e-5; 0.0 -4.0016654852309834e-5 -4.001665485231647e-5 0.01233427145910069],[2540.239009909362 0.0 0.0 0.0; 0.0 5881.566908132861 2878.5255717959167 -0.3105795774657557; 0.0 2878.5255717959167 5881.566910911123 -0.31057957745914416; 0.0 -0.3105795774657557 -0.31057957745914216 1914.816168822337],0.3
