L,J,Q,θ,ϕx,ϕy,ϕz,ndims,T,χ,dχdlogT,Λ
27,2.75,0.6180339887498949,0.4487989505128276,0.0,0.0,0.0,3,1.0826367338740543,[0.14723701004472953 0.0 0.0 0.0; 0.0 0.053829911110461426 -0.002435325432930514 -0.005365351031563032; 0.0 -0.0024353254329307107 0.05382991111046295 -0.005365351031563041; 0.0 -0.005365351031563031 -0.0053653510315630395 0.058970481180775865],[-0.49251852104349453 0.0 0.0 0.0; 0.0 -0.14316057278402738 -0.042278117479332286 0.010709464560236541; 0.0 -0.04227811747933078 -0.1431605727759392 0.010709464560163176; 0.0 0.010709464560236491 0.010709464560163204 0.002269147255407511],0.3
