L,J,Q,θ,ϕx,ϕy,ϕz,ndims,T,χ,dχdlogT,Λ
27,1.75,0.6180339887498949,0.4487989505128276,0.0,0.0,0.0,3,2.807216203941177,[0.08131534647780754 0.0 0.0 0.0; 0.0 0.03873547851182402 -0.0011667480224150856 -0.0012801446921323894; 0.0 -0.0011667480224149822 0.03873547851182273 -0.0012801446921324093; 0.0 -0.0012801446921323933 -0.0012801446921324054 0.03942396978410792],[-0.06907631511075008 0.0 0.0 0.0; 0.0 -0.02977685071741634 0.0025629775338662612 0.0030182926526858235; 0.0 0.002562977533866029 -0.029776850717416207 0.003018292652685845; 0.0 0.003018292652685818 0.0030182926526858417 -0.03146995837477929],0.3
