L,J,Q,θ,ϕx,ϕy,ϕz,ndims,T,χ,dχdlogT,Λ
27,1.0,0.6180339887498949,0.4487989505128276,0.0,0.0,0.0,3,0.06210169418915616,[0.5128035824283598 0.0 0.0 0.0; 0.0 0.144255465013041 -0.01976559488649539 -0.05571331314739284; 0.0 -0.019765594886494434 0.14425546501304426 -0.055713313147396235; 0.0 -0.05571331314739292 -0.05571331314739616 0.19640964790027843],[1.2898297168784276 0.0 0.0 0.0; 0.0 0.4743029266433907 -0.18076281257540286 -0.267919370403198; 0.0 -0.18076281257539675 0.4743029266352653 -0.2679193704036421; 0.0 -0.26791937040319813 -0.26791937040364205 0.6569151205100908],0.3
