L,J,Q,θ,ϕx,ϕy,ϕz,ndims,T,χ,dχdlogT,Λ
27,0.25,0.6180339887498949,0.4487989505128276,0.0,0.0,0.0,3,1.4873521072935114,[0.1436528304516246 0.0 0.0 0.0; 0.0 0.07022985145896093 -0.00604991990468604 -0.006085729481306357; 0.0 -0.006049919904686088 0.07022985145896268 -0.006085729481306343; 0.0 -0.006085729481306361 -0.006085729481306339 0.07032362698104275],[-0.2673474654832067 0.0 0.0 0.0; 0.0 -0.11330350508896604 0.10857171111752889 0.012321193048433324; 0.0 0.10857171111752358 -0.11330350508897483 0.012321193048432622; 0.0 0.012321193048433305 0.01232119304843264 0.005180885228380025],0.3
