L,J,Q,θ,ϕx,ϕy,ϕz,ndims,T,χ,dχdlogT,Λ
27,3.0,0.6180339887498949,0.4487989505128276,0.0,0.0,0.0,3,0.2212216291070449,[0.25852308290973725 0.0 0.0 0.0; 0.0 0.06228174727837842 -0.002195104639620439 -0.013468496622520854; 0.0 -0.0021951046396202437 0.06228174727838037 -0.01346849662252063; 0.0 -0.013468496622520854 -0.013468496622520632 0.07035441598220886],[-0.104179720742171 0.0 0.0 0.0; 0.0 -0.3486446049497267 -0.24098390054833516 0.004919930748522587; 0.0 -0.2409839005483358 -0.34864460496789235 0.004919930748517862; 0.0 0.004919930748522562 0.004919930748517848 0.003416339552933499],0.3
