L,J,Q,θ,ϕx,ϕy,ϕz,ndims,T,χ,dχdlogT,Λ
27,0.75,0.6180339887498949,0.4487989505128276,0.0,0.0,0.0,3,0.009236708571873866,[0.7833810019850335 0.0 0.0 0.0; 0.0 0.20520515232032085 -0.03496519499626546 -0.09904719378225382; 0.0 -0.034965194996266505 0.20520515232030176 -0.09904719378224124; 0.0 -0.09904719378225392 -0.0990471937822411 0.2963020181709286],[-0.27043452402290763 0.0 0.0 0.0; 0.0 0.1863221157441241 -0.18067556694482131 0.026147065562738908; 0.0 -0.1806755669448298 0.18632211574472032 0.026147065562514196; 0.0 0.02614706556273902 0.026147065562514043 -0.09758682518985046],0.3
