L,J,Q,θ,ϕx,ϕy,ϕz,ndims,T,χ,dχdlogT,Λ
27,0.25,0.6180339887498949,0.4487989505128276,0.0,0.0,0.0,3,10.0,[0.024874932998487448 0.0 0.0 0.0; 0.0 0.012426373493012543 -4.067352508971074e-5 -4.0680558834351885e-5; 0.0 -4.067352508975787e-5 0.012426373493010037 -4.068055883435775e-5; 0.0 -4.068055883435265e-5 -4.068055883435732e-5 0.01242679599907005],[-0.3704958348384823 0.0 0.0 0.0; 0.0 -0.1605647443093847 0.13105278119613722 0.016000281266581352; 0.0 0.1310527811961379 -0.16056474430938864 0.01600028126658062; 0.0 0.016000281266581387 0.016000281266580586 -0.01899210885758153],0.3
