L,J,Q,θ,ϕx,ϕy,ϕz,ndims,T,χ,dχdlogT,Λ
27,0.5,0.6180339887498949,0.4487989505128276,0.0,0.0,0.0,3,1.0826367338740543,[0.17969676386609104 0.0 0.0 0.0; 0.0 0.08592612056702259 -0.010056829216940108 -0.010444370603016088; 0.0 -0.010056829216941567 0.08592612056702822 -0.010444370603021; 0.0 -0.010444370603016102 -0.010444370603020987 0.08669212003978315],[-0.12229243486765366 0.0 0.0 0.0; 0.0 -0.05409765333437146 0.015454644379756346 0.01661932264631863; 0.0 0.015454644379755854 -0.05409765333437373 0.016619322646323025; 0.0 0.01661932264631861 0.01661932264632304 -0.05583319478686505],0.3
