L,J,Q,θ,ϕx,ϕy,ϕz,ndims,T,χ,Λ
27,2.0,0.6180339887498949,0.4487989505128276,0.0,0.0,0.0,3,0.04520353656360243,[12.232680549910954 0.0 0.0 0.0; 0.0 2.663185235285678 -0.3409880032893953 -0.8141083788311123; 0.0 -0.34098800328939616 2.6631852352857166 -0.8141083788311179; 0.0 -0.8141083788311122 -0.814108378831118 3.1977067644599124],0.3
