L,J,Q,θ,ϕx,ϕy,ϕz,ndims,T,χ,dχdlogT,Λ
27,0.25,0.6180339887498949,0.4487989505128276,0.0,0.0,0.0,3,0.7880462815669912,[0.22228902405382678 0.0 0.0 0.0; 0.0 0.1064410971710511 -0.01677450381489913 -0.017026813311337624; 0.0 -0.016774503814898797 0.10644109717105031 -0.01702681331133757; 0.0 -0.017026813311337624 -0.017026813311337565 0.10685450685218748],[-0.13399336629807332 0.0 0.0 0.0; 0.0 -0.06004068755561184 0.021437854181950412 0.02209977354787142; 0.0 0.02143785418195259 -0.06004068755561727 0.022099773547871335; 0.0 0.02209977354787142 0.022099773547871328 -0.060931452102551305],0.3
