L,J,Q,θ,ϕx,ϕy,ϕz,ndims,T,χ,Λ
29,2.75,0.6180339887498949,0.4487989505128276,0.0,0.0,0.0,3,0.30391953823131973,"[0.24645881144027093, 0.0, 0.0, 0.0, 0.0, 0.06416326614493781, -0.0012656186196910871, -0.014153711528004868, 0.0, -0.001265618619691415, 0.06416326614493854, -0.014153711528005012, 0.0, -0.014153711528004868, -0.014153711528005021, 0.07444302863361693]",0.3
