L,J,Q,θ,ϕx,ϕy,ϕz,ndims,T,χ,Λ
29,1.75,0.6180339887498949,0.4487989505128276,0.0,0.0,0.0,3,2.807216203941177,"[0.08130765468965824, 0.0, 0.0, 0.0, 0.0, 0.038677550669578495, -0.0011583907451590385, -0.0012854092938076075, 0.0, -0.0011583907451591603, 0.038677550669579265, -0.0012854092938075704, 0.0, -0.0012854092938076116, -0.0012854092938075707, 0.039400391645775745]",0.3
