L,J,Q,θ,ϕx,ϕy,ϕz,ndims,T,χ,Λ
29,1.75,0.6180339887498949,0.4487989505128276,0.0,0.0,0.0,3,0.02395026619987486,"[0.5536644529675505, 0.0, 0.0, 0.0, 0.0, 0.11389200173211185, -0.013868991179291025, -0.042731687023498964, 0.0, -0.013868991179290857, 0.1138920017321115, -0.042731687023499096, 0.0, -0.04273168702349897, -0.04273168702349907, 0.15273910574378183]",0.3
