L,J,Q,θ,ϕx,ϕy,ϕz,ndims,T,χ,Λ
29,1.0,0.6180339887498949,0.4487989505128276,0.0,0.0,0.0,3,0.7880462815669912,[6.149243488511501 0.0 0.0 0.0; 0.0 2.691661959609906 -0.3324148106432361 -0.422616354430636; 0.0 -0.3324148106432422 2.6916619596099323 -0.4226163544305811; 0.0 -0.42261635443063594 -0.4226163544305817 2.8314312818901137],0.3
