L,J,Q,θ,ϕx,ϕy,ϕz,ndims,T,χ,Λ
29,2.75,0.6180339887498949,0.4487989505128276,0.0,0.0,0.0,3,0.002592943797404667,[17.533104271357022 0.0 0.0 0.0; 0.0 2.686743358371956 -0.06341776786536943 -0.9846888736673445; 0.0 -0.06341776786536868 2.6867433583718183 -0.9846888736673747; 0.0 -0.9846888736673443 -0.9846888736673742 3.0178779308310952],0.3
