L,J,Q,θ,ϕx,ϕy,ϕz,ndims,T,χ,Λ
29,1.75,0.6180339887498949,0.4487989505128276,0.0,0.0,0.0,3,0.04520353656360243,"[0.47877889964566067, 0.0, 0.0, 0.0, 0.0, 0.10635905276806701, -0.011049705099076497, -0.037430960662440116, 0.0, -0.011049705099076356, 0.10635905276806494, -0.03743096066244004, 0.0, -0.037430960662440116, -0.03743096066244004, 0.14060641576309812]",0.3
