L,J,Q,θ,ϕx,ϕy,ϕz,ndims,T,χ,Λ
29,2.0,0.6180339887498949,0.4487989505128276,0.0,0.0,0.0,3,0.004893900918477494,[22.142069464135645 0.0 0.0 0.0; 0.0 3.4932929734706786 -0.38888080304285527 -1.4703040042493758; 0.0 -0.3888808030428441 3.4932929734708456 -1.4703040042493816; 0.0 -1.470304004249376 -1.470304004249382 4.612615657006835],0.3
