L,J,Q,θ,ϕx,ϕy,ϕz,ndims,T,χ,Λ
29,0.25,0.6180339887498949,0.4487989505128276,0.0,0.0,0.0,3,0.004893900918477494,[25.903285641102283 0.0 0.0 0.0; 0.0 9.650051605619357 -2.8113485910883145 -4.513904680652637; 0.0 -2.8113485910886764 9.650051605617998 -4.513904680652628; 0.0 -4.5139046806526375 -4.513904680652628 11.60568088793134],0.3
