L,J,Q,θ,ϕx,ϕy,ϕz,ndims,T,χ,Λ
29,1.0,0.6180339887498949,0.4487989505128276,0.0,0.0,0.0,3,0.009236708571873866,"[0.7307871249322772, 0.0, 0.0, 0.0, 0.0, 0.1686064140915027, -0.02057285314503821, -0.0844978465873602, 0.0, -0.02057285314503933, 0.1686064140914889, -0.084497846587343, 0.0, -0.08449784658736023, -0.08449784658734298, 0.27096368409890437]",0.3
