L,J,Q,θ,ϕx,ϕy,ϕz,ndims,T,χ,Λ
29,1.25,0.6180339887498949,0.4487989505128276,0.0,0.0,0.0,3,0.003562247890262444,"[0.7727466302880297, 0.0, 0.0, 0.0, 0.0, 0.1563142509751908, -0.026694825102117032, -0.07052171627075973, 0.0, -0.026694825102116838, 0.15631425097518986, -0.07052171627075814, 0.0, -0.07052171627075975, -0.07052171627075814, 0.23528216417190267]",0.3
