L,J,Q,θ,ϕx,ϕy,ϕz,ndims,T,χ,Λ
29,0.0,0.6180339887498949,0.4487989505128276,0.0,0.0,0.0,3,0.5736152510448679,"[0.2668729945701922, 0.0, 0.0, 0.0, 0.0, 0.1274031914833129, -0.024971685189156937, -0.024971685189158058, 0.0, -0.024971685189157756, 0.12740319148330717, -0.0249716851891579, 0.0, -0.024971685189158058, -0.02497168518915664, 0.12740319148330112]",0.3
