L,J,Q,θ,ϕx,ϕy,ϕz,ndims,T,χ,Λ
29,1.0,0.6180339887498949,0.4487989505128276,0.0,0.0,0.0,3,0.0018873918221350976,[26.77239332649984 0.0 0.0 0.0; 0.0 5.567043114595086 -0.6366488466298343 -3.2146691334154927; 0.0 -0.6366488466298664 5.5670431145961805 -3.21466913341683; 0.0 -3.2146691334154953 -3.214669133416828 9.85377976682549],0.3
