L,J,Q,θ,ϕx,ϕy,ϕz,ndims,T,χ,Λ
29,0.0,0.6180339887498949,0.4487989505128276,0.0,0.0,0.0,3,0.002592943797404667,[24.808199085190857 0.0 0.0 0.0; 0.0 10.922111697369564 -4.249721079637432 -4.249721079637414; 0.0 -4.249721079637568 10.922111697369413 -4.249721079637783; 0.0 -4.249721079637871 -4.249721079637495 10.922111697369914],0.3
