L,J,Q,θ,ϕx,ϕy,ϕz,ndims,T,χ,Λ
29,0.5,0.6180339887498949,0.4487989505128276,0.0,0.0,0.0,3,0.2212216291070449,[11.419844101170165 0.0 0.0 0.0; 0.0 4.738357626032584 -1.070727152062765 -1.3815216815760016; 0.0 -1.0707271520629063 4.738357626032514 -1.3815216815759332; 0.0 -1.381521681576001 -1.3815216815759337 5.158638925878234],0.3
