L,J,Q,θ,ϕx,ϕy,ϕz,ndims,T,χ,Λ
29,2.75,0.6180339887498949,0.4487989505128276,0.0,0.0,0.0,3,2.043359717856942,[2.867611016397773 0.0 0.0 0.0; 0.0 1.225004151059142 -0.04116040455011234 -0.06097728807080805; 0.0 -0.04116040455011512 1.2250041510591092 -0.06097728807080972; 0.0 -0.06097728807080798 -0.06097728807080964 1.296099955154168],0.3
