L,J,Q,θ,ϕx,ϕy,ϕz,ndims,T,χ,Λ
31,3.0,0.6180339887498949,0.4487989505128276,0.0,0.0,0.0,3,0.003562247890262444,[15.412955148340432 0.0 0.0 0.0; 0.0 2.51116848938839 -0.28062369264882625 -0.7325040001877959; 0.0 -0.2806236926488354 2.511168489388363 -0.7325040001878006; 0.0 -0.7325040001877959 -0.7325040001878006 2.8013589297093593],0.3
