L,J,Q,θ,μ,ϕx,ϕy,ϕz,ndims,T,Λ,χ_dwave,dχdlogT_dwave,χ_pwave,dχdlogT_pwave
23,0.0,0.6180339887498949,0.4487989505128276,0.75,5.808272770750444,4.044985611512306,3.6469407673988647,3,0.20691380811147897,0.3,[0.09777203959021602 0.0 0.0 0.0; 0.0 0.04287962331608416 -0.018657444080547224 -0.019717429060375682; 0.0 -0.018657444080547224 0.04298584157220779 -0.01926291619493481; 0.0 -0.01971742906037569 -0.01926291619493481 0.04382002142158024],[-0.08828744918323385 0.0 0.0 0.0; 0.0 -0.03874778366365112 0.0169763855544701 0.017664469085204; 0.0 0.016976385554470102 -0.03886622002972743 0.01737900146208265; 0.0 0.017664469085204 0.017379001462082648 -0.039381051435485266],[1.9572137607969925e-40 0.0 0.0 0.0; 0.0 0.05489241627413188 0.0006254119297401941 -0.0002113095287857806; 0.0 0.0006254119297401944 0.05478619801800822 -0.0007390913553939665; 0.0 -0.00021130952878578056 -0.0007390913553939657 0.05395201816863582],[-1.9572704716104394e-40 0.0 0.0 0.0; 0.0 -0.04953966551958282 -0.0003403315404248095 0.0002489194880022236; 0.0 -0.0003403315404248116 -0.049421229153506566 0.000491347868298569; 0.0 0.0002489194880022251 0.0004913478682985697 -0.04890639774774852]
