L,J,Q,θ,μ,ϕx,ϕy,ϕz,ndims,T,Λ,χ_dwave,dχdlogT_dwave,χ_pwave,dχdlogT_pwave
23,0.1,0.6180339887498949,0.4487989505128276,0.75,2.345440509105221,1.1784473532620074,0.53491403360379,3,0.20691380811147897,0.3,[0.09955668201691054 0.0 0.0 0.0; 0.0 0.041631807502597956 -0.017878003436197137 -0.01863157828753298; 0.0 -0.017878003436197134 0.04109790927098075 -0.01770912482566284; 0.0 -0.018631578287532972 -0.017709124825662857 0.04173500249298415],[-0.08939914283731658 0.0 0.0 0.0; 0.0 -0.03728356730271178 0.015991740519297915 0.016678471162845755; 0.0 0.0159917405192979 -0.03683003830153254 0.01592794301101066; 0.0 0.016678471162845755 0.015927943011010658 -0.037397481336619645],[-6.186943989310068e-19 0.0 0.0 0.0; 0.0 0.05325658133064474 -0.0015982011868021283 -1.979718236396691e-5; 0.0 -0.0015982011868021294 0.052482916701804994 -0.0003041242383185592; 0.0 -1.9797182363966403e-5 -0.00030412423831855864 0.05245135714118255],[5.343696942961848e-19 0.0 0.0 0.0; 0.0 -0.0476116569720656 0.0013986134341692257 0.00017522727849714735; 0.0 0.0013986134341692229 -0.04683122439977439 0.0002067451278168478; 0.0 0.0001752272784971467 0.00020674512781684775 -0.04685770530040094]
