L,J,Q,θ,μ,ϕx,ϕy,ϕz,ndims,T,Λ,χ_dwave,dχdlogT_dwave,χ_pwave,dχdlogT_pwave
23,0.85,0.6180339887498949,0.4487989505128276,0.75,5.808272770750444,4.044985611512306,3.6469407673988647,3,0.12742749857031338,0.3,[0.13406551175942763 0.0 0.0 0.0; 0.0 0.014760438714569554 -0.0013877163071040757 -0.0050153884680760215; 0.0 -0.0013877163071040434 0.01537238685864676 -0.002137437310810487; 0.0 -0.005015388468076125 -0.00213743731081052 0.017097627730832704],[-0.10655748854211562 0.0 0.0 0.0; 0.0 -0.01004074402360315 0.0006194897165578207 0.0030715714351687773; 0.0 0.000619489716557831 -0.011156541876783927 0.0012094584011052962; 0.0 0.0030715714351687707 0.0012094584011052853 -0.01216152961684586],[-2.398211642805268e-19 0.0 0.0 0.0; 0.0 0.019470439138098095 -0.004763497783444438 -0.0030067107931258386; 0.0 -0.004763497783444522 0.016814820963657145 0.001916012167273628; 0.0 -0.0030067107931257427 0.0019160121672735803 0.017276598653852414],[2.8373924227178055e-19 0.0 0.0 0.0; 0.0 -0.01355437212140363 0.0037745790693589046 0.0022562775744283457; 0.0 0.003774579069358775 -0.011709156161622498 -0.0016062805192219398; 0.0 0.002256277574428194 -0.0016062805192218548 -0.011935511362907525]
