L,J,Q,θ,μ,ϕx,ϕy,ϕz,ndims,T,Λ,χ_dwave,dχdlogT_dwave,χ_pwave,dχdlogT_pwave
23,1.25,0.6180339887498949,0.4487989505128276,0.75,2.345440509105221,1.1784473532620074,0.53491403360379,3,0.0026366508987303583,0.3,[0.6139802049363701 0.0 0.0 0.0; 0.0 0.02494210082466832 0.009752941609108645 0.004107608990922451; 0.0 0.009752941609107718 0.03481964372465983 0.012243378673529431; 0.0 0.0041076089909226855 0.012243378673528586 0.02524905535244718],[-0.1311518373584883 0.0 0.0 0.0; 0.0 -0.0026983932388222006 -0.0036052411222742414 -0.002366281421185325; 0.0 -0.003605241122274183 -0.004992521279778006 -0.0032698105462003525; 0.0 -0.002366281421185211 -0.0032698105462003546 -0.0025083454309294453],[-5.536357997105973e-18 0.0 0.0 0.0; 0.0 0.01700186064779726 -0.004155862822671981 -0.0021164252884989685; 0.0 -0.004155862822671993 0.015567374189391995 0.0029595325894027293; 0.0 -0.0021164252884988207 0.002959532589402639 0.01742185590601219],[3.412023671450108e-19 0.0 0.0 0.0; 0.0 -0.00022069101934108878 3.379260459693884e-5 -4.9921958196048695e-5; 0.0 3.379260459693742e-5 -0.00015047527840319743 -3.618766483577462e-5; 0.0 -4.992195819604765e-5 -3.618766483577435e-5 -0.0001813688601503649]
