L,J,Q,θ,μ,ϕx,ϕy,ϕz,ndims,T,Λ,χ_dwave,dχdlogT_dwave,χ_pwave,dχdlogT_pwave
23,0.15,0.6180339887498949,0.4487989505128276,0.75,2.345440509105221,1.1784473532620074,0.53491403360379,3,0.0026366508987303583,0.3,[0.685088627635438 0.0 0.0 0.0; 0.0 0.2387055475088109 -0.10486847331183939 -0.10050301325386694; 0.0 -0.10486847331183938 0.23683488540245534 -0.09575843977293702; 0.0 -0.10050301325386689 -0.09575843977293699 0.23718491401576025],[-0.11603230196526407 0.0 0.0 0.0; 0.0 -0.038634978514825544 0.020812657267838642 0.011223402275634769; 0.0 0.020812657267838656 -0.037661013568550596 0.011476257543498321; 0.0 0.01122340227563476 0.011476257543498314 -0.029027036067343616],[1.033091937996854e-18 0.0 0.0 0.0; 0.0 0.31000069639072547 -0.07068103631816075 -0.011587965716002194; 0.0 -0.07068103631816068 0.29302080807494696 0.021369690027937597; 0.0 -0.01158796571600218 0.021369690027937552 0.3053404833511026],[6.983437415972631e-19 0.0 0.0 0.0; 0.0 -0.04116410919815178 0.012230025485007076 0.013333955504726063; 0.0 0.012230025485007075 -0.04206255573016271 -0.017238929466733378; 0.0 0.013333955504726066 -0.017238929466733385 -0.05424866851400397]
