L,J,Q,θ,μ,ϕx,ϕy,ϕz,ndims,T,Λ,χ_dwave,dχdlogT_dwave,χ_pwave,dχdlogT_pwave
23,0.35,0.6180339887498949,0.4487989505128276,0.75,5.808272770750444,4.044985611512306,3.6469407673988647,3,0.0016237767391887226,0.3,[0.6829355430850101 0.0 0.0 0.0; 0.0 0.146371874039468 -0.04634360796565388 -0.057879737551534916; 0.0 -0.046343607965653594 0.1422423693031715 -0.056100311116742047; 0.0 -0.057879737551534055 -0.05610031111674215 0.1607949268931582],[-0.10455784754693313 0.0 0.0 0.0; 0.0 -0.01421524982076142 0.0036575015179502327 0.00180720992655066; 0.0 0.0036575015179502518 -0.018279843495304537 0.008119140502599568; 0.0 0.0018072099265506463 0.008119140502599521 -0.015140898457090742],[7.620402264423906e-18 0.0 0.0 0.0; 0.0 0.1946100800632739 -0.006415842653455356 -0.01830032017933598; 0.0 -0.006415842653455257 0.16872579768584212 -0.007879572472713047; 0.0 -0.01830032017933548 -0.007879572472713066 0.15660688415168292],[-6.3292264549995795e-18 0.0 0.0 0.0; 0.0 -0.027057599131383746 -0.008621651581497476 0.0006377375712674007; 0.0 -0.008621651581497415 -0.022560961995038677 0.0041760044371945; 0.0 0.000637737571267388 0.004176004437194507 -0.01778176534732934]
