L,J,Q,θ,μ,ϕx,ϕy,ϕz,ndims,T,Λ,χ_dwave,dχdlogT_dwave,χ_pwave,dχdlogT_pwave
23,1.25,0.6180339887498949,0.4487989505128276,0.75,1.3228341052784347,2.2382869630536772,1.224191915609131,3,0.8858667904100826,0.3,[0.02044032930906551 0.0 0.0 0.0; 0.0 0.0016804069137523801 -0.00012810655923843817 -0.00035620191349792173; 0.0 -0.00012810655923843847 0.0018253786434580088 0.00022734699680573947; 0.0 -0.0003562019134979098 0.0002273469968057331 0.0017788774674167653],[-0.02031368274634836 0.0 0.0 0.0; 0.0 -0.001663426609617736 0.00012427561428261685 0.00035032649491792184; 0.0 0.0001242756142826175 -0.0018088904372688024 -0.00022764523994830177; 0.0 0.0003503264949179271 -0.00022764523994830459 -0.0017608309500939951],[7.995869996403827e-21 0.0 0.0 0.0; 0.0 0.0015766837150404177 -0.0003509618495954934 -0.00015879090368355712; 0.0 -0.0003509618495955051 0.0015047054218395193 0.0002059720115399209; 0.0 -0.00015879090368356696 0.00020597201153993645 0.001619688072331486],[-8.531263109663338e-21 0.0 0.0 0.0; 0.0 -0.0015590819981502178 0.0003473390107633044 0.00015770274413122532; 0.0 0.00034733901076328675 -0.0014881013519431356 -0.00020468455904916057; 0.0 0.00015770274413122744 -0.00020468455904915995 -0.0016026108384070952]
