L,J,Q,θ,μ,ϕx,ϕy,ϕz,ndims,T,Λ,χ_dwave,dχdlogT_dwave,χ_pwave,dχdlogT_pwave
23,0.35,0.6180339887498949,0.4487989505128276,0.75,5.808272770750444,4.044985611512306,3.6469407673988647,3,0.20691380811147897,0.3,[0.09512351865377598 0.0 0.0 0.0; 0.0 0.02779058837521865 -0.009576358275683835 -0.012403960470684539; 0.0 -0.009576358275683932 0.025797039103523597 -0.009641911835428757; 0.0 -0.01240396047068409 -0.00964191183542899 0.027795191998207396],[-0.08553790086587527 0.0 0.0 0.0; 0.0 -0.024047934092446516 0.008121500199953233 0.010763133921040339; 0.0 0.008121500199953318 -0.02236334116455885 0.008384330975786487; 0.0 0.010763133921040545 0.008384330975786657 -0.024350084761961387],[2.4096295721989445e-19 0.0 0.0 0.0; 0.0 0.03554900143233421 -0.0036263503249932007 -0.0031878274909505587; 0.0 -0.003626350324993348 0.03236084588482681 8.555370923914894e-5; 0.0 -0.0031878274909505943 8.555370923916314e-5 0.03335270535123797],[-2.8814471422336404e-19 0.0 0.0 0.0; 0.0 -0.031101716005007184 0.003406944762506774 0.002805875491906576; 0.0 0.0034069447625067195 -0.027912109692818463 5.2697817761509015e-5; 0.0 0.0028058754919065287 5.269781776150485e-5 -0.0286161557587504]
