L,J,Q,θ,μ,ϕx,ϕy,ϕz,ndims,T,Λ,χ_dwave,dχdlogT_dwave,χ_pwave,dχdlogT_pwave
23,0.7,0.6180339887498949,0.4487989505128276,0.75,5.808272770750444,4.044985611512306,3.6469407673988647,3,0.04832930238571752,0.3,[0.25560176979065774 0.0 0.0 0.0; 0.0 0.03107157587083782 -0.004851257591136342 -0.01176267945352707; 0.0 -0.004851257591136795 0.03282512290252295 -0.006800809872026708; 0.0 -0.011762679453526895 -0.0068008098720269946 0.03723668033148011],[-0.130192042757528 0.0 0.0 0.0; 0.0 -0.010060492675539202 0.0013069414274715781 0.00282435552887129; 0.0 0.0013069414274715948 -0.013176139222484853 0.0015939047778216534; 0.0 0.002824355528871339 0.0015939047778216506 -0.014534063626943535],[1.366727524055376e-18 0.0 0.0 0.0; 0.0 0.04402216912826327 -0.011439060839891664 -0.0064321264314881384; 0.0 -0.0114390608398926 0.037151369801064725 0.0032783782005397764; 0.0 -0.0064321264314882625 0.0032783782005397647 0.03781784825908361],[-1.483309387674621e-19 0.0 0.0 0.0; 0.0 -0.01634778178131511 0.005841158582135648 0.0027995335636525204; 0.0 0.005841158582135508 -0.01384576411146627 -0.0019039069597292242; 0.0 0.0027995335636526526 -0.001903906959729255 -0.013061703135722021]
