L,J,Q,θ,μ,ϕx,ϕy,ϕz,ndims,T,Λ,χ_dwave,dχdlogT_dwave,χ_pwave,dχdlogT_pwave
23,0.05,0.6180339887498949,0.4487989505128276,0.75,2.345440509105221,1.1784473532620074,0.53491403360379,3,3.79269019073225,0.3,[0.00576872539729898 0.0 0.0 0.0; 0.0 0.002501931054965186 -0.0011151945267580514 -0.001102443228551435; 0.0 -0.001115194526758051 0.0024958977317371136 -0.0010680059661779952; 0.0 -0.001102443228551435 -0.0010680059661779954 0.002466355733177115],[-0.005766630657422752 0.0 0.0 0.0; 0.0 -0.0025010110253805753 0.0011147703770024381 0.001102047690289435; 0.0 0.0011147703770024386 -0.0024949865891471888 0.0010676488323529913; 0.0 0.0011020476902894349 0.0010676488323529915 -0.0024654894914313955],[2.525550454849815e-20 0.0 0.0 0.0; 0.0 0.0031785797305362066 -0.0001114893908199904 -1.510824023532111e-5; 0.0 -0.0001114893908199903 0.0031662660547170495 -3.0917190257810295e-5; 0.0 -1.5108240235321089e-5 -3.091719025781036e-5 0.0032113109846530776],[-2.524241188792242e-20 0.0 0.0 0.0; 0.0 -0.0031774331852910576 0.00011137583684689175 1.5102970168342176e-5; 0.0 0.00011137583684689161 -0.0031651143799235814 3.088818112444227e-5; 0.0 1.5102970168342088e-5 3.088818112444237e-5 -0.003210108129311189]
