L,J,Q,θ,μ,ϕx,ϕy,ϕz,ndims,T,Λ,χ_dwave,dχdlogT_dwave,χ_pwave,dχdlogT_pwave
23,0.5,0.6180339887498949,0.4487989505128276,0.75,1.3228341052784347,2.2382869630536772,1.224191915609131,3,0.001,0.3,[0.8026532920700108 0.0 0.0 0.0; 0.0 0.10320420287998094 -0.026716801212402226 -0.03149497614645987; 0.0 -0.02671680121240144 0.12044171454698785 -0.04525411406504967; 0.0 -0.03149497614645863 -0.04525411406504931 0.14103775234451732],[-0.14061505097939211 0.0 0.0 0.0; 0.0 -0.009430227796934124 -0.0002567994826663981 -0.0012811408852475398; 0.0 -0.00025679948266640125 -0.020484788067088762 0.013225774496991673; 0.0 -0.0012811408852475368 0.013225774496991662 -0.02191554518268286],[-1.2356887963704308e-17 0.0 0.0 0.0; 0.0 0.15750060408477942 -0.031602128003340606 -0.024668305435113985; 0.0 -0.031602128003340786 0.1340728223130362 0.007170242015509502; 0.0 -0.024668305435114044 0.007170242015509667 0.13306005928865328],[4.533593861582412e-18 0.0 0.0 0.0; 0.0 -0.02136105355242274 0.01035362364381091 0.004877503653237989; 0.0 0.010353623643810933 -0.017206850013866713 -0.00922044507377728; 0.0 0.004877503653238112 -0.009220445073777356 -0.013409197595131674]
