L,J,Q,θ,μ,ϕx,ϕy,ϕz,ndims,T,Λ,χ_dwave,dχdlogT_dwave,χ_pwave,dχdlogT_pwave
23,0.2,0.6180339887498949,0.4487989505128276,0.75,2.345440509105221,1.1784473532620074,0.53491403360379,3,1.4384498882876628,0.3,[0.014823159889498267 0.0 0.0 0.0; 0.0 0.005622657380953715 -0.0022190622295676834 -0.0025437003440440245; 0.0 -0.0022190622295676825 0.0053406219439060595 -0.0022297448765146366; 0.0 -0.0025437003440440253 -0.0022297448765146353 0.005599378009595405],[-0.014786608704519642 0.0 0.0 0.0; 0.0 -0.00560693710940137 0.002212848627018728 0.0025364756436909797; 0.0 0.002212848627018727 -0.005325920592435651 0.0022234697462637436; 0.0 0.002536475643690981 0.002223469746263742 -0.005583768848437288],[3.001282686666777e-20 0.0 0.0 0.0; 0.0 0.007072401941014697 -0.0003959904981644999 -5.3184477597341e-5; 0.0 -0.00039599049816450046 0.00688227369082729 -0.0002921471865942353; 0.0 -5.3184477597340634e-5 -0.00029214718659423527 0.006872388833333078],[-2.977570750146387e-20 0.0 0.0 0.0; 0.0 -0.0070525344736145105 0.0003959641885394607 5.431926928676979e-5; 0.0 0.00039596418853946134 -0.006861422459090243 0.0002898673147423812; 0.0 5.431926928676961e-5 0.0002898673147423809 -0.006852457672237866]
