L,J,Q,θ,μ,ϕx,ϕy,ϕz,ndims,T,Λ,χ_dwave,dχdlogT_dwave,χ_pwave,dχdlogT_pwave
23,0.35,0.6180339887498949,0.4487989505128276,0.75,1.3228341052784347,2.2382869630536772,1.224191915609131,3,0.029763514416313176,0.3,[0.3302025247092558 0.0 0.0 0.0; 0.0 0.08270286077564495 -0.026397256870343878 -0.03673472315013188; 0.0 -0.02639725687034424 0.07803892273272384 -0.02995271807814965; 0.0 -0.03673472315013379 -0.029952718078150115 0.08735231872991928],[-0.1304477170416401 0.0 0.0 0.0; 0.0 -0.02750809485685705 0.008217484641149474 0.012199446804956411; 0.0 0.00821748464114953 -0.02577399572342906 0.00948417979859183; 0.0 0.012199446804956259 0.009484179798591695 -0.030694163475798845],[4.149089266209358e-19 0.0 0.0 0.0; 0.0 0.10932515425856075 -0.012136762215072566 -0.012006644183274679; 0.0 -0.01213676221507315 0.09547717847274434 -0.0012992529379860188; 0.0 -0.012006644183274729 -0.0012992529379860572 0.09544711239339045],[1.3820465533291961e-19 0.0 0.0 0.0; 0.0 -0.03469426817198747 0.0038986287596932097 0.0065894784773293195; 0.0 0.0038986287596932336 -0.030900117498476078 -0.0003502953477315961; 0.0 0.0065894784773295 -0.00035029534773160163 -0.02811142895659259]
