L,J,Q,θ,μ,ϕx,ϕy,ϕz,ndims,T,Λ,χ_dwave,dχdlogT_dwave,χ_pwave,dχdlogT_pwave
23,0.1,0.6180339887498949,0.4487989505128276,0.75,2.345440509105221,1.1784473532620074,0.53491403360379,3,1.4384498882876628,0.3,[0.015122379733173149 0.0 0.0 0.0; 0.0 0.006331609689276481 -0.0027202867215548013 -0.0028346290993558404; 0.0 -0.0027202867215548013 0.0062480987702803106 -0.002687387168835004; 0.0 -0.002834629099355839 -0.0026873871688350057 0.006345839459010285],[-0.015084329441908913 0.0 0.0 0.0; 0.0 -0.00631532877231958 0.002713242805903834 0.00282727220390419; 0.0 0.0027132428059038335 -0.006232152941946922 0.002680766972272019; 0.0 0.0028272722039041883 0.0026807669722720205 -0.006329577164945516],[-9.578129456777402e-20 0.0 0.0 0.0; 0.0 0.008106745835136073 -0.00024716982628408417 1.0379026137507697e-5; 0.0 -0.0002471698262840844 0.007996370691512678 -5.08030669181181e-5; 0.0 1.0379026137507835e-5 -5.08030669181185e-5 0.007986394648550575],[9.545270617541949e-20 0.0 0.0 0.0; 0.0 -0.008085548213279942 0.0002462820442350402 -9.707503347519468e-6; 0.0 0.0002462820442350405 -0.007975112618224051 5.050028034701955e-5; 0.0 -9.707503347519613e-6 5.050028034701944e-5 -0.00796543405181834]
