L,J,Q,θ,μ,ϕx,ϕy,ϕz,ndims,T,Λ,χ_dwave,dχdlogT_dwave,χ_pwave,dχdlogT_pwave
23,0.35,0.6180339887498949,0.4487989505128276,0.75,5.808272770750444,4.044985611512306,3.6469407673988647,3,0.04832930238571752,0.3,[0.266769213362846 0.0 0.0 0.0; 0.0 0.0693035653428965 -0.02272286680269225 -0.0308220480996151; 0.0 -0.022722866802692036 0.06555195969474185 -0.02498978166536894; 0.0 -0.03082204809961506 -0.02498978166536944 0.07235888627183606],[-0.1318337300530471 0.0 0.0 0.0; 0.0 -0.026833585360980544 0.007978565104225841 0.01153862578398306; 0.0 0.007978565104225881 -0.027133916303094172 0.010949315065889299; 0.0 0.011538625783982967 0.010949315065889998 -0.031181893423612803],[1.5198361559604017e-18 0.0 0.0 0.0; 0.0 0.0917233827050373 -0.0112864518069908 -0.008036273554190853; 0.0 -0.01128645180699039 0.08015989006058565 -0.0007278221147909525; 0.0 -0.00803627355419067 -0.00072782211479103 0.08132479709301928],[-1.5957804385766228e-18 0.0 0.0 0.0; 0.0 -0.03822545051740898 0.006135134247800904 0.0030746125389813925; 0.0 0.006135134247800949 -0.030632636008210597 0.000994688862101574; 0.0 0.0030746125389814003 0.0009946888621016712 -0.029693025524534445]
