L,J,Q,θ,μ,ϕx,ϕy,ϕz,ndims,T,Λ,χ_dwave,dχdlogT_dwave,χ_pwave,dχdlogT_pwave
23,0.45,0.6180339887498949,0.4487989505128276,0.75,5.808272770750444,4.044985611512306,3.6469407673988647,3,0.011288378916846888,0.3,[0.4457586427243787 0.0 0.0 0.0; 0.0 0.08302717322788494 -0.022933564840406196 -0.0355603742279536; 0.0 -0.022933564840405925 0.08077136454380612 -0.027107926440215983; 0.0 -0.03556037422795046 -0.02710792644021556 0.09396677089314043],[-0.11813055257164828 0.0 0.0 0.0; 0.0 -0.01802647260261 0.0054646272965080105 0.007248074126390537; 0.0 0.005464627296508095 -0.018605248505339463 0.004952941483252655; 0.0 0.007248074126390534 0.004952941483252614 -0.021349002786702657],[-5.936038848511068e-18 0.0 0.0 0.0; 0.0 0.1173577106538993 -0.02333789638191724 -0.010515482663835533; 0.0 -0.02333789638191733 0.097444803415616 -7.598198603840231e-5; 0.0 -0.01051548266383608 -7.598198603842298e-5 0.09379185691233201],[4.21675602590461e-18 0.0 0.0 0.0; 0.0 -0.02758088563052323 0.006312808249521609 0.00036866385561916106; 0.0 0.006312808249521754 -0.020852642712249236 0.0007760675911569895; 0.0 0.0003686638556191825 0.0007760675911569976 -0.018140156026278165]
