L,J,Q,θ,μ,ϕx,ϕy,ϕz,ndims,T,Λ,χ_dwave,dχdlogT_dwave,χ_pwave,dχdlogT_pwave
23,0.1,0.6180339887498949,0.4487989505128276,0.75,1.3228341052784347,2.2382869630536772,1.224191915609131,3,0.04832930238571752,0.3,[0.2799393487478351 0.0 0.0 0.0; 0.0 0.11581261712905508 -0.04870191882524101 -0.05191917047926601; 0.0 -0.04870191882524101 0.11406307020408057 -0.04990162346873905; 0.0 -0.05191917047926598 -0.049901623468739054 0.11629091731095319],[-0.14226874012135424 0.0 0.0 0.0; 0.0 -0.05606646867623529 0.02226728311993899 0.02581145366187578; 0.0 0.022267283119939 -0.05395080246720547 0.023538318109896185; 0.0 0.025811453661875785 0.023538318109896192 -0.05569417537918618],[1.6160544571518005e-20 0.0 0.0 0.0; 0.0 0.14600949998995427 -0.0037322865552047472 -0.002821392801094196; 0.0 -0.0037322865552047594 0.14400569163688007 0.0006032625185880996; 0.0 -0.002821392801094201 0.0006032625185880974 0.14373716700659628],[4.983010857261222e-19 0.0 0.0 0.0; 0.0 -0.07047674888920669 0.0021196842786483814 0.0028432745541904975; 0.0 0.0021196842786483797 -0.06948840096556669 -0.0009840398041341505; 0.0 0.0028432745541904962 -0.0009840398041341542 -0.069439799048276]
