L,J,Q,θ,μ,ϕx,ϕy,ϕz,ndims,T,Λ,χ_dwave,dχdlogT_dwave,χ_pwave,dχdlogT_pwave
23,1.0,0.6180339887498949,0.4487989505128276,0.75,1.3228341052784347,2.2382869630536772,1.224191915609131,3,0.011288378916846888,0.3,[0.4353796350815229 0.0 0.0 0.0; 0.0 0.025753923320403563 0.003242858592176505 -0.0028683005437808522; 0.0 0.0032428585921767876 0.033390006489356555 0.002752012643537109; 0.0 -0.0028683005437808444 0.002752012643537359 0.031218683112131086],[-0.1304454660053287 0.0 0.0 0.0; 0.0 -0.0036967854298022656 -0.0024638728739854645 -0.0015570649559535524; 0.0 -0.0024638728739853548 -0.007001814936117552 -0.0019389087756348812; 0.0 -0.0015570649559535686 -0.0019389087756348958 -0.004995286916273789],[4.57606344574798e-19 0.0 0.0 0.0; 0.0 0.02950581569132923 -0.00897271771852365 -0.004322552441525818; 0.0 -0.008972717718523992 0.026325767081700722 0.004580962797181031; 0.0 -0.004322552441526071 0.0045809627971809845 0.026496691838887167],[-6.415917269780793e-19 0.0 0.0 0.0; 0.0 -0.003257126982843175 0.0016173066761544755 0.00041709013527256556; 0.0 0.001617306676154471 -0.003159260753525136 -0.0005765218971432443; 0.0 0.0004170901352725853 -0.00057652189714328 -0.002634006181977532]
