L,J,Q,θ,μ,ϕx,ϕy,ϕz,ndims,T,Λ,χ_dwave,dχdlogT_dwave,χ_pwave,dχdlogT_pwave
23,0.2,0.6180339887498949,0.4487989505128276,0.75,5.808272770750444,4.044985611512306,3.6469407673988647,3,6.158482110660264,0.3,[0.0034763298673826807 0.0 0.0 0.0; 0.0 0.001328795532057425 -0.0005454085403214494 -0.0005853529047958867; 0.0 -0.000545408540321449 0.0012609401917302201 -0.0005125807921650562; 0.0 -0.0005853529047958866 -0.0005125807921650555 0.001299508368446638],[-0.0034758567603873987 0.0 0.0 0.0; 0.0 -0.001328589485376483 0.0005453176284624088 0.0005852650353230244; 0.0 0.0005453176284624088 -0.001260742955526698 0.0005125022700397886; 0.0 0.0005852650353230232 0.0005125022700397883 -0.001299312600828335],[1.2987165905310565e-21 0.0 0.0 0.0; 0.0 0.0016538084009313726 -0.00013249380127888842 -1.652429569394659e-5; 0.0 -0.0001324938012788887 0.0016176275103503665 -2.566734202299996e-5; 0.0 -1.6524295693946416e-5 -2.5667342022999983e-5 0.0016349408402108142],[-1.3032172072862768e-21 0.0 0.0 0.0; 0.0 -0.001653554527068139 0.00013246041794031602 1.653045238102647e-5; 0.0 0.00013246041794031597 -0.0016173635792276417 2.5661483303648523e-5; 0.0 1.6530452381026552e-5 2.5661483303648523e-5 -0.0016346737809319032]
