L,J,Q,θ,μ,ϕx,ϕy,ϕz,ndims,T,Λ,χ_dwave,dχdlogT_dwave,χ_pwave,dχdlogT_pwave
23,0.05,0.6180339887498949,0.4487989505128276,0.75,1.3228341052784347,2.2382869630536772,1.224191915609131,3,0.5455594781168519,0.3,[0.03914201298088664 0.0 0.0 0.0; 0.0 0.017228448164104484 -0.007395325591689321 -0.007739241571474679; 0.0 -0.0073953255916893185 0.017078073573394085 -0.007587401464516761; 0.0 -0.007739241571474678 -0.007587401464516754 0.017320124935012848],[-0.038496080379515636 0.0 0.0 0.0; 0.0 -0.01693646971534958 0.007276284470658106 0.007603266917470994; 0.0 0.007276284470658104 -0.016791425727157482 0.007456246430345569; 0.0 0.007603266917470994 0.007456246430345567 -0.01701967515322293],[-8.163509464829229e-20 0.0 0.0 0.0; 0.0 0.021319523325110015 -0.0006709275113147946 -0.00010509465921425341; 0.0 -0.0006709275113147956 0.021330436795188278 -2.3529664246420893e-5; 0.0 -0.0001050946592142534 -2.3529664246420896e-5 0.021117453022913284],[8.17944581793469e-20 0.0 0.0 0.0; 0.0 -0.020974274318710375 0.0006390575307570759 0.00010166730972883923; 0.0 0.0006390575307570752 -0.020981231482799425 2.33477613425717e-5; 0.0 0.00010166730972883888 2.3347761342571868e-5 -0.02078273553809185]
