L,J,Q,θ,μ,ϕx,ϕy,ϕz,ndims,T,Λ,χ_dwave,dχdlogT_dwave,χ_pwave,dχdlogT_pwave
23,0.35,0.6180339887498949,0.4487989505128276,0.75,5.808272770750444,4.044985611512306,3.6469407673988647,3,0.8858667904100826,0.3,[0.02339658918604354 0.0 0.0 0.0; 0.0 0.006957270220686241 -0.0024196685265461325 -0.003100482619487561; 0.0 -0.002419668526546087 0.006455164853862407 -0.0024099612426280396; 0.0 -0.0031004826194875475 -0.0024099612426279745 0.0069205661695936034],[-0.023244815862151682 0.0 0.0 0.0; 0.0 -0.006896457925944923 0.002395587562265034 0.0030741146080626998; 0.0 0.002395587562265105 -0.006398837578897362 0.0023891988348299234; 0.0 0.0030741146080627917 0.002389198834829899 -0.006864768386039041],[5.0574763201959527e-20 0.0 0.0 0.0; 0.0 0.008855651110530638 -0.0008727201702163536 -0.0007908091205476908; 0.0 -0.0008727201702163841 0.00811378887264645 3.8270322169113196e-5; 0.0 -0.0007908091205477086 3.827032216910466e-5 0.008382783961318982],[-5.129116755436306e-20 0.0 0.0 0.0; 0.0 -0.00878378261201291 0.0008695730356932546 0.0007849609664953135; 0.0 0.0008695730356932317 -0.008041226706315956 -3.574868288566662e-5; 0.0 0.0007849609664953023 -3.574868288567838e-5 -0.008305154319727377]
