L,J,Q,θ,μ,ϕx,ϕy,ϕz,ndims,T,Λ,χ_dwave,dχdlogT_dwave,χ_pwave,dχdlogT_pwave
23,0.25,0.6180339887498949,0.4487989505128276,0.75,5.808272770750444,4.044985611512306,3.6469407673988647,3,0.20691380811147897,0.3,[0.0979274977728875 0.0 0.0 0.0; 0.0 0.03454129033894698 -0.013442646623380272 -0.015355131331819422; 0.0 -0.01344264662338028 0.03254760057915489 -0.012863506084704225; 0.0 -0.015355131331819441 -0.012863506084704152 0.03385725856991943],[-0.08787166527974709 0.0 0.0 0.0; 0.0 -0.030229202363137708 0.011595709622102478 0.013496617462789086; 0.0 0.011595709622102511 -0.02843096937897033 0.011289554526139887; 0.0 0.013496617462789011 0.011289554526139852 -0.029844553695680936],[1.051548802937846e-18 0.0 0.0 0.0; 0.0 0.04297352276100608 -0.004137749685862254 -0.0017392222018877779; 0.0 -0.00413774968586226 0.04114738376286483 -0.0002785838517152596; 0.0 -0.001739222201887777 -0.0002785838517152593 0.042061618117801354],[-9.483764573330844e-19 0.0 0.0 0.0; 0.0 -0.03777365822819101 0.0034830439628910697 0.0016368882025824397; 0.0 0.003483043962891063 -0.0357826545857127 0.00032439620042546357; 0.0 0.0016368882025824382 0.00032439620042546774 -0.03647992829614056]
