L,J,Q,θ,μ,ϕx,ϕy,ϕz,ndims,T,Λ,χ_dwave,dχdlogT_dwave,χ_pwave,dχdlogT_pwave
23,0.5,0.6180339887498949,0.4487989505128276,0.75,5.808272770750444,4.044985611512306,3.6469407673988647,3,0.3359818286283782,0.3,[0.059462256950619526 0.0 0.0 0.0; 0.0 0.013072149453622112 -0.0035575414310192125 -0.005851455717264881; 0.0 -0.003557541431019211 0.012145625822254457 -0.00393884371929573; 0.0 -0.005851455717264901 -0.003938843719295687 0.01358288664668433],[-0.0569286856287645 0.0 0.0 0.0; 0.0 -0.012250654289020956 0.0033062010311007937 0.005468140190079475; 0.0 0.0033062010311007786 -0.011457454552093335 0.003721014705278501; 0.0 0.005468140190079165 0.003721014705278654 -0.012844867191117814],[-1.3494577750993824e-19 0.0 0.0 0.0; 0.0 0.017382297598371593 -0.0024217932463129516 -0.0021517298278737463; 0.0 -0.002421793246312992 0.014992359519445433 0.00024821631394342036; 0.0 -0.002151729827873691 0.00024821631394341347 0.015738922025337113],[1.0834397670328342e-19 0.0 0.0 0.0; 0.0 -0.01640868019262055 0.0024030848286461554 0.0020380523516220807; 0.0 0.0024030848286461484 -0.01408680570339442 -0.00023061023229483117; 0.0 0.002038052351621945 -0.0002306102322948481 -0.01474549389752201]
