L,J,Q,θ,μ,ϕx,ϕy,ϕz,ndims,T,Λ,χ_dwave,dχdlogT_dwave,χ_pwave,dχdlogT_pwave
23,0.35,0.6180339887498949,0.4487989505128276,0.75,1.3228341052784347,2.2382869630536772,1.224191915609131,3,0.20691380811147897,0.3,[0.0940151896995802 0.0 0.0 0.0; 0.0 0.027332266855308898 -0.009467925115206907 -0.012054306697923506; 0.0 -0.009467925115206903 0.02543645116597821 -0.009668949093258885; 0.0 -0.01205430669792353 -0.009668949093259086 0.02746482827255696],[-0.08490251158317642 0.0 0.0 0.0; 0.0 -0.023805417754203237 0.008064995128281698 0.010533868819042627; 0.0 0.008064995128281996 -0.0221742278096135 0.008429439495715655; 0.0 0.010533868819042617 0.00842943949571571 -0.02413941950045501],[-1.4155384776950061e-19 0.0 0.0 0.0; 0.0 0.034824806605273935 -0.0035645104742086354 -0.0023235323641266916; 0.0 -0.003564510474208656 0.03162982095481342 -0.0007564214271059285; 0.0 -0.002323532364126753 -0.0007564214271059327 0.03275152382733469],[5.253815490420028e-20 0.0 0.0 0.0; 0.0 -0.030738624148387517 0.003249923940502469 0.002378985837443351; 0.0 0.003249923940502436 -0.027506189789029502 0.0005735799521808961; 0.0 0.0023789858374433617 0.0005735799521808926 -0.02833432931698831]
