L,J,Q,θ,μ,ϕx,ϕy,ϕz,ndims,T,Λ,χ_dwave,dχdlogT_dwave,χ_pwave,dχdlogT_pwave
23,0.85,0.6180339887498949,0.4487989505128276,0.75,1.3228341052784347,2.2382869630536772,1.224191915609131,3,0.001,0.3,[0.8124165355998038 0.0 0.0 0.0; 0.0 0.04001742259950172 0.006681522259294891 -0.005979709471558; 0.0 0.006681522259295074 0.06646138237039037 0.002588739446497426; 0.0 -0.0059797094715580935 0.00258873944649722 0.059758299071310736],[-0.14326731772566237 0.0 0.0 0.0; 0.0 -0.002888163855498129 -0.003672311633588701 -0.000866314311202027; 0.0 -0.003672311633588614 -0.009033500091270099 -0.002973413854688224; 0.0 -0.0008663143112020161 -0.002973413854688282 -0.004129001920397674],[-1.9565391602632064e-17 0.0 0.0 0.0; 0.0 0.05710286028240508 -0.015524575958610601 -0.0063411896278832225; 0.0 -0.015524575958610523 0.044930261927975994 0.004468534049306103; 0.0 -0.006341189627883366 0.004468534049306308 0.042527988039562106],[7.034347112778134e-18 0.0 0.0 0.0; 0.0 -0.003173280810720954 0.00010111923266389811 0.0013931408159150276; 0.0 0.0001011192326638969 -0.0012698202453380557 -0.0006096094087864154; 0.0 0.0013931408159150328 -0.0006096094087864542 -0.00012182666869577812]
