L,J,Q,θ,μ,ϕx,ϕy,ϕz,ndims,T,Λ,χ_dwave,dχdlogT_dwave,χ_pwave,dχdlogT_pwave
23,0.75,0.6180339887498949,0.4487989505128276,0.75,5.808272770750444,4.044985611512306,3.6469407673988647,3,10.0,0.3,[0.001954007342911247 0.0 0.0 0.0; 0.0 0.000269301875192238 -3.913574104584109e-5 -0.00010666975444945018; 0.0 -3.913574104583949e-5 0.0002662463019218937 -5.704089948759585e-5; 0.0 -0.00010666975444944925 -5.7040899487597025e-5 0.00030423011344402957],[-0.001953909927432351 0.0 0.0 0.0; 0.0 -0.00026928061404230723 3.913150956578127e-5 0.00010666016377150187; 0.0 3.913150956578014e-5 -0.0002662281784414181 5.703606869349987e-5; 0.0 0.00010666016377149602 5.703606869350046e-5 -0.00030420889719909663],[2.315350048596401e-20 0.0 0.0 0.0; 0.0 0.00036340269569049406 -7.898016024289951e-5 -4.870381863523955e-5; 0.0 -7.898016024290157e-5 0.00030740245961033376 2.27377062036886e-5; 0.0 -4.8703818635237064e-5 2.273770620368805e-5 0.0003204951795494885],[-2.3151782470705636e-20 0.0 0.0 0.0; 0.0 -0.0003633760876433457 7.89772577640613e-5 4.870142630126249e-5; 0.0 7.897725776406164e-5 -0.00030737999665231166 -2.2736982948548098e-5; 0.0 4.870142630126219e-5 -2.2736982948547918e-5 -0.0003204707636334711]
