L,J,Q,θ,μ,ϕx,ϕy,ϕz,ndims,T,Λ,χ_dwave,dχdlogT_dwave,χ_pwave,dχdlogT_pwave
23,0.2,0.6180339887498949,0.4487989505128276,0.75,5.808272770750444,4.044985611512306,3.6469407673988647,3,0.011288378916846888,0.3,[0.46948556183151907 0.0 0.0 0.0; 0.0 0.15197954883394738 -0.05405333959100103 -0.07186372065411947; 0.0 -0.054053339591001025 0.1506084670586326 -0.06917530230345913; 0.0 -0.07186372065411933 -0.06917530230345913 0.16709410086614793],[-0.13552037261439845 0.0 0.0 0.0; 0.0 -0.03762734847952941 0.006178498635777104 0.022841318541932443; 0.0 0.006178498635777098 -0.039018907206724546 0.02540673526950393; 0.0 0.022841318541932436 0.025406735269503936 -0.054936456998694844],[3.691052861254291e-18 0.0 0.0 0.0; 0.0 0.20234150832618622 -0.008015966152736415 -0.005798091608721285; 0.0 -0.008015966152736418 0.182658583397961 -0.009515018953382158; 0.0 -0.005798091608721292 -0.009515018953382168 0.1759183526413289],[-1.552576456455694e-18 0.0 0.0 0.0; 0.0 -0.05651383525735308 -0.0012201155741581933 0.004567366195180262; 0.0 -0.0012201155741581931 -0.04774890886068811 0.004316672705472082; 0.0 0.004567366195180261 0.004316672705472082 -0.034856562106153226]
