L,J,Q,θ,μ,ϕx,ϕy,ϕz,ndims,T,Λ,χ_dwave,dχdlogT_dwave,χ_pwave,dχdlogT_pwave
23,0.8,0.6180339887498949,0.4487989505128276,0.75,1.3228341052784347,2.2382869630536772,1.224191915609131,3,0.011288378916846888,0.3,[0.45263757227835333 0.0 0.0 0.0; 0.0 0.03458618684182487 -0.0016942991453177793 -0.00972605315631102; 0.0 -0.0016942991453177114 0.045606032280863774 -0.004068818918241753; 0.0 -0.00972605315631141 -0.004068818918241789 0.04626121010246857],[-0.1438937756748493 0.0 0.0 0.0; 0.0 -0.005181996764082348 -0.0008257503925116031 0.0006038327948489198; 0.0 -0.0008257503925115846 -0.012319996412091366 -0.0006211616222611702; 0.0 0.0006038327948489102 -0.0006211616222611668 -0.009192877040065892],[3.37244239114546e-19 0.0 0.0 0.0; 0.0 0.05042685055457689 -0.01405808573659286 -0.006137647976997434; 0.0 -0.014058085736592802 0.04135629057996871 0.004150070696951912; 0.0 -0.006137647976997362 0.004150070696951865 0.04164494660779911],[1.6276692931342351e-19 0.0 0.0 0.0; 0.0 -0.008573637232398543 0.00226463306532394 -0.0009786055238903372; 0.0 0.002264633065323875 -0.005615265504944569 0.000819175726692786; 0.0 -0.0009786055238903703 0.0008191757266927538 -0.006465944716030597]
