L,J,Q,θ,μ,ϕx,ϕy,ϕz,ndims,T,Λ,χ_dwave,dχdlogT_dwave,χ_pwave,dχdlogT_pwave
23,0.8,0.6180339887498949,0.4487989505128276,0.75,5.808272770750444,4.044985611512306,3.6469407673988647,3,0.12742749857031338,0.3,[0.13446213892131914 0.0 0.0 0.0; 0.0 0.016004468320805054 -0.0017873839153036174 -0.0058122047476664605; 0.0 -0.001787383915303636 0.016336103487615 -0.002862635099839566; 0.0 -0.005812204747666433 -0.0028626350998396176 0.01844831672368651],[-0.10700817055578658 0.0 0.0 0.0; 0.0 -0.010974548410116327 0.0009747446950636331 0.0036686960675228805; 0.0 0.0009747446950636283 -0.01191990370730873 0.001736781173766996; 0.0 0.003668696067522998 0.0017367811737670142 -0.013236310604232379],[1.4175139302821022e-18 0.0 0.0 0.0; 0.0 0.021558526170570663 -0.005236954189053161 -0.0030489064921090307; 0.0 -0.005236954189053116 0.018298477650591397 0.001870592268174646; 0.0 -0.003048906492108964 0.0018705922681746456 0.01889627055683361],[-1.2738858650748831e-18 0.0 0.0 0.0; 0.0 -0.015131900687076158 0.004230419483106259 0.0024132134815169778; 0.0 0.004230419483106066 -0.012908245955186474 -0.001548134453718952; 0.0 0.002413213481516962 -0.0015481344537188778 -0.013112656948407922]
