L,J,Q,θ,ϕx,ϕy,ϕz,ndims,T,χ,dχdlogT,Λ
15,0.4,0.6180339887498949,0.4487989505128276,0.0,0.0,0.0,3,10.0,[0.024859939662618416 0.0 0.0 0.0; 0.0 0.012417895466652175 -3.525959029453029e-5 -3.526115821308311e-5; 0.0 -3.525959029463743e-5 0.012417284333150348 -3.525201154938543e-5; 0.0 -3.526115821295085e-5 -3.525201154952215e-5 0.012417570342400666],[-0.024584564894491776 0.0 0.0 0.0; 0.0 -0.012256707747645914 0.00010376930116019538 0.00010377704190510926; 0.0 0.00010376930116042203 -0.012254890675636631 0.00010373198427679885; 0.0 0.0001037770419052533 0.00010373198427721842 -0.012255742400559546],0.3
