L,J,Q,θ,ϕx,ϕy,ϕz,ndims,T,χ,dχdlogT,Λ
15,0.95,0.6180339887498949,0.4487989505128276,0.0,0.0,0.0,3,0.04520353656360243,[0.5877866139965197 0.0 0.0 0.0; 0.0 0.14506893562300813 -0.023792119760261046 -0.02739755804656608; 0.0 -0.02379211976025902 0.14097035300435015 -0.015028937877939167; 0.0 -0.02739755804656027 -0.01502893787794105 0.14370229980317947],[-0.1362511808187963 0.0 0.0 0.0; 0.0 -0.003563772728091955 -0.0007142455927759695 -0.0006914460537223535; 0.0 -0.000714245592775872 -0.006326377323322405 -0.002108557297162242; 0.0 -0.0006914460537224492 -0.0021085572971619236 -0.004920493058114181],0.3
