L,J,Q,θ,ϕx,ϕy,ϕz,ndims,T,χ,dχdlogT,Λ
15,0.25,0.6180339887498949,0.4487989505128276,0.0,0.0,0.0,3,0.11721022975334802,[0.4914121431499616 0.0 0.0 0.0; 0.0 0.21486908585439274 -0.05144143257991678 -0.05296569592075031; 0.0 -0.051441432579920336 0.21155502792354422 -0.04883917317912285; 0.0 -0.05296569592075484 -0.04883917317912295 0.21320316746152995],[-0.14594547529070678 0.0 0.0 0.0; 0.0 -0.04916468037376388 0.017599709543706963 0.01964246210013431; 0.0 0.01759970954370412 -0.04586702024343716 0.01527491687207011; 0.0 0.019642462100133047 0.015274916872068266 -0.04770751411833714],0.3
