L,J,Q,θ,ϕx,ϕy,ϕz,ndims,T,χ,dχdlogT,Λ
15,0.3,0.6180339887498949,0.4487989505128276,0.0,0.0,0.0,3,1.0826367338740543,[0.17863661489060428 0.0 0.0 0.0; 0.0 0.08648875039281191 -0.008421523098343785 -0.008437795676908885; 0.0 -0.008421523098346506 0.08634344154790785 -0.008363909857269126; 0.0 -0.008437795676911912 -0.008363909857267003 0.08641369848467502],[-0.12124233048456956 0.0 0.0 0.0; 0.0 -0.05576420749192467 0.013150994797262986 0.013205586448545423; 0.0 0.013150994797265048 -0.05544821933018082 0.012972554253493423; 0.0 0.013205586448546056 0.012972554253494351 -0.05560022054780245],0.3
