L,J,Q,θ,ϕx,ϕy,ϕz,ndims,T,χ,dχdlogT,Λ
15,0.55,0.6180339887498949,0.4487989505128276,0.0,0.0,0.0,3,1.0826367338740543,[0.17701056353638236 0.0 0.0 0.0; 0.0 0.08440114459459148 -0.008051269916458147 -0.008101173769364015; 0.0 -0.008051269916460388 0.08395387530651621 -0.007871879310380761; 0.0 -0.008101173769364605 -0.007871879310381028 0.0841707495287087],[-0.11861970608066642 0.0 0.0 0.0; 0.0 -0.05185533589634767 0.012141588313795441 0.012304281250803729; 0.0 0.012141588313793836 -0.05093193770002176 0.011604482763190399; 0.0 0.01230428125080267 0.01160448276319011 -0.05137986263482097],0.3
