L,J,Q,θ,ϕx,ϕy,ϕz,ndims,T,χ,dχdlogT,Λ
15,0.9,0.6180339887498949,0.4487989505128276,0.0,0.0,0.0,3,0.0853167852417281,[0.5039710030901448 0.0 0.0 0.0; 0.0 0.14610599406988342 -0.02498005567429543 -0.02870123526564527; 0.0 -0.024980055674290517 0.14036867788266694 -0.0174463229531214; 0.0 -0.028701235265651426 -0.017446322953113363 0.1439445885282778],[-0.13642516062142418 0.0 0.0 0.0; 0.0 -0.007519610475404605 0.0006379517076145018 0.0012615744429624197; 0.0 0.0006379517076144682 -0.009089930264499764 -0.0011502373527880261; 0.0 0.001261574442962269 -0.0011502373527880869 -0.008506302891452497],0.3
