L,J,Q,θ,ϕx,ϕy,ϕz,ndims,T,χ,dχdlogT,Λ
15,0.65,0.6180339887498949,0.4487989505128276,0.0,0.0,0.0,3,7.27895384398315,[0.033967596893328796 0.0 0.0 0.0; 0.0 0.016942181951429502 -8.895125483127198e-5 -8.8970872242115e-5; 0.0 -8.895125483074191e-5 0.01693806459450816 -8.885708727947597e-5; 0.0 -8.897087224191068e-5 -8.885708727909616e-5 0.016939994991568137],[-0.03323587987168323 0.0 0.0 0.0; 0.0 -0.01649684816681328 0.00025712556273030656 0.0002572211795410794; 0.0 0.0002571255627303483 -0.016484734870631765 0.0002566685864770888; 0.0 0.00025722117954076796 0.0002566685864769332 -0.01649042930472249],0.3
