L,J,Q,θ,ϕx,ϕy,ϕz,ndims,T,χ,dχdlogT,Λ
15,0.8,0.6180339887498949,0.4487989505128276,0.0,0.0,0.0,3,0.5736152510448679,[0.25235223852878297 0.0 0.0 0.0; 0.0 0.10978357876522836 -0.015261383960581366 -0.015743983193584107; 0.0 -0.01526138396058426 0.10745571879854472 -0.013731281505133525; 0.0 -0.015743983193586945 -0.01373128150513403 0.10860293889968163],[-0.12829644215703223 0.0 0.0 0.0; 0.0 -0.041339441305025655 0.012540674782361042 0.01359240622932825; 0.0 0.012540674782364982 -0.03823354135822905 0.009665861844439813; 0.0 0.013592406229328986 0.009665861844441556 -0.039801222611627635],0.3
