L,J,Q,θ,ϕx,ϕy,ϕz,ndims,T,χ,dχdlogT,Λ
15,0.25,0.6180339887498949,0.4487989505128276,0.0,0.0,0.0,3,0.2212216291070449,[0.39852286177460927 0.0 0.0 0.0; 0.0 0.18110562520577253 -0.039098246659495295 -0.03965514772095941; 0.0 -0.03909824665948816 0.1795092987829004 -0.037791198125352046; 0.0 -0.039655147720973234 -0.03779119812536134 0.18025329998777165],[-0.1460716196094008 0.0 0.0 0.0; 0.0 -0.056679756052585684 0.02087132717414647 0.021888830549764038; 0.0 0.02087132717415041 -0.05458601890362881 0.019153358450703845; 0.0 0.02188883054977351 0.01915335845070904 -0.05560735559247023],0.3
