L,J,Q,θ,ϕx,ϕy,ϕz,ndims,T,χ,dχdlogT,Λ
15,0.4,0.6180339887498949,0.4487989505128276,0.0,0.0,0.0,3,0.7880462815669912,[0.21790158705213453 0.0 0.0 0.0; 0.0 0.10344904759264771 -0.012890781444640322 -0.01296569981559288; 0.0 -0.012890781444643375 0.1029721221807998 -0.01264312246489014; 0.0 -0.01296569981559348 -0.012643122464888534 0.10320170282938819],[-0.12978020518694014 0.0 0.0 0.0; 0.0 -0.0564576271324388 0.015973065272627075 0.016186878073226614; 0.0 0.015973065272633924 -0.05554495794433618 0.015312382686491322; 0.0 0.016186878073227502 0.015312382686493308 -0.05597832714095922],0.3
