L,J,Q,θ,ϕx,ϕy,ϕz,ndims,T,χ,dχdlogT,Λ
15,0.95,0.6180339887498949,0.4487989505128276,0.0,0.0,0.0,3,1.4873521072935114,[0.13876969947436552 0.0 0.0 0.0; 0.0 0.06554606900017179 -0.0043648295558030474 -0.004405657759899817; 0.0 -0.004364829555803865 0.06497418004996883 -0.004194166881767952; 0.0 -0.004405657759900176 -0.004194166881767858 0.06525126603641185],[-0.1017478755232825 0.0 0.0 0.0; 0.0 -0.04284542717631898 0.007626463302149813 0.007768852397900004; 0.0 0.007626463302149831 -0.04163808098601747 0.00706809609265105; 0.0 0.0077688523978993885 0.007068096092651025 -0.0422312054488757],0.3
