L,J,Q,θ,ϕx,ϕy,ϕz,ndims,T,χ,dχdlogT,Λ
15,0.2,0.6180339887498949,0.4487989505128276,0.0,0.0,0.0,3,0.02395026619987486,[0.712008641096523 0.0 0.0 0.0; 0.0 0.28796817114148154 -0.07618148944582516 -0.08200498611745269; 0.0 -0.0761814894458241 0.27846577361762037 -0.07070047806883938; 0.0 -0.08200498611744782 -0.07070047806883742 0.28315096749311425],[-0.12605203721714667 0.0 0.0 0.0; 0.0 -0.031191978424006145 0.008133085049833058 0.012530936221843973; 0.0 0.00813308504983204 -0.02467868290244078 0.005353525634904857; 0.0 0.012530936221844573 0.005353525634904546 -0.027325097829699788],0.3
