L,J,Q,θ,ϕx,ϕy,ϕz,ndims,T,χ,dχdlogT,Λ
20,0.9,0.6180339887498949,0.4487989505128276,0.0,0.0,0.0,3,0.11721022975334802,[0.45828608060803205 0.0 0.0 0.0; 0.0 0.14267011649930078 -0.025189743132397132 -0.028431870239430505; 0.0 -0.02518974313239768 0.13622506549029567 -0.018272672642024274; 0.0 -0.028431870239442415 -0.018272672642018383 0.13986664610663932],[-0.135268169703185 0.0 0.0 0.0; 0.0 -0.010620407900961857 0.0016845981497362827 0.002903495495539366; 0.0 0.001684598149736214 -0.011233421114445303 -0.00011852622409496915; 0.0 0.0029034954955383854 -0.00011852622409485476 -0.011262162484915803],0.3
