L,J,Q,θ,ϕx,ϕy,ϕz,ndims,T,χ,dχdlogT,Λ
20,0.5,0.6180339887498949,0.4487989505128276,0.0,0.0,0.0,3,0.009236708571873866,[0.8353610144953866 0.0 0.0 0.0; 0.0 0.2141963447039404 -0.041811574059266325 -0.04877368347073899; 0.0 -0.04181157405927439 0.20747837390427679 -0.03327029041775859; 0.0 -0.048773683470750916 -0.0332702904177548 0.2124466623700406],[-0.14018896788024296 0.0 0.0 0.0; 0.0 -0.0038724065201848367 -0.002428162150261945 -0.0018287845490689342; 0.0 -0.0024281621502615204 -0.005281922385854705 -0.0034434978887812624; 0.0 -0.001828784549069 -0.0034434978887807137 -0.005061562761625089],0.3
