L,J,Q,θ,ϕx,ϕy,ϕz,ndims,T,χ,dχdlogT,Λ
20,0.65,0.6180339887498949,0.4487989505128276,0.0,0.0,0.0,3,0.41753189365604015,[0.29699484702339995 0.0 0.0 0.0; 0.0 0.1284210860241001 -0.021521605345933226 -0.022231123336942448; 0.0 -0.021521605345925936 0.12552504054832156 -0.0193838798307337; 0.0 -0.02223112333694719 -0.01938387983073218 0.12694047045194434],[-0.1345301338588285 0.0 0.0 0.0; 0.0 -0.042720650084490455 0.014066196948803691 0.015452456851599385; 0.0 0.014066196948795828 -0.03903791468826859 0.01075134732847127; 0.0 0.015452456851607347 0.010751347328464032 -0.04087066490148173],0.3
