L,J,Q,θ,ϕx,ϕy,ϕz,ndims,T,χ,dχdlogT,Λ
20,0.75,0.6180339887498949,0.4487989505128276,0.0,0.0,0.0,3,0.004893900918477494,[0.9012365739739673 0.0 0.0 0.0; 0.0 0.17185682475389905 -0.02603775972576536 -0.03105984865083043; 0.0 -0.026037759725760484 0.1711372836757359 -0.01629249258215389; 0.0 -0.03105984865083609 -0.01629249258215575 0.1733131401713508],[-0.13352248926406232 0.0 0.0 0.0; 0.0 -0.0016046252411916326 -0.0024090563285870093 -0.002163754369823167; 0.0 -0.0024090563285866047 -0.003881765305338808 -0.0032726001806444886; 0.0 -0.002163754369822918 -0.003272600180644665 -0.003278324058015759],0.3
