L,J,Q,θ,ϕx,ϕy,ϕz,ndims,T,χ,dχdlogT,Λ
20,0.65,0.6180339887498949,0.4487989505128276,0.0,0.0,0.0,3,0.001,[1.1304636058407298 0.0 0.0 0.0; 0.0 0.1908595297455183 -0.02613722876865403 -0.03216834698451964; 0.0 -0.026137228768643505 0.19002144826737918 -0.015212022231646201; 0.0 -0.0321683469845186 -0.015212022231657107 0.19322610217031153],[-0.14237365378385644 0.0 0.0 0.0; 0.0 -0.002399306283662877 -0.0029001580892200705 -0.0027645124361726885; 0.0 -0.0029001580892201876 -0.0035506420661871167 -0.0035347557858152598; 0.0 -0.0027645124361727774 -0.003534755785815155 -0.003648697642189572],0.3
