L,J,Q,θ,ϕx,ϕy,ϕz,ndims,T,χ,dχdlogT,Λ
20,0.3,0.6180339887498949,0.4487989505128276,0.0,0.0,0.0,3,0.0013738237958832624,[1.1584082456626057 0.0 0.0 0.0; 0.0 0.2847100003718037 -0.05933433396440134 -0.06919624789003645; 0.0 -0.0593343339644304 0.27558559394504584 -0.05044342717132307; 0.0 -0.06919624789001336 -0.050443427171312984 0.28120654615314267],[-0.16878031628669823 0.0 0.0 0.0; 0.0 -0.005370793771757506 -0.004231304986948572 -0.0036287695859794486; 0.0 -0.004231304986948307 -0.005652409759218722 -0.003837697839220607; 0.0 -0.0036287695859794386 -0.003837697839220704 -0.00522738143239667],0.3
