L,J,Q,θ,ϕx,ϕy,ϕz,ndims,T,χ,dχdlogT,Λ
20,0.75,0.6180339887498949,0.4487989505128276,0.0,0.0,0.0,3,0.5736152510448679,[0.2526334853167837 0.0 0.0 0.0; 0.0 0.1109260462437004 -0.016053848133498954 -0.0164852522610525; 0.0 -0.016053848133499957 0.10870405210720549 -0.014581849477131339; 0.0 -0.01648525226105938 -0.014581849477131259 0.10979487194630205],[-0.1285709671799067 0.0 0.0 0.0; 0.0 -0.043024794288829785 0.013480294235869564 0.014426274087846424; 0.0 0.013480294235861901 -0.03979711225240965 0.010649589451578746; 0.0 0.014426274087850606 0.010649589451580168 -0.041374285487450146],0.3
