L,J,Q,θ,ϕx,ϕy,ϕz,ndims,T,χ,dχdlogT,Λ
20,0.5,0.6180339887498949,0.4487989505128276,0.0,0.0,0.0,3,2.807216203941177,[0.08355028364775093 0.0 0.0 0.0; 0.0 0.04128916280982366 -0.0012342399551172301 -0.0012352960684297901; 0.0 -0.001234239955115522 0.0412538890747606 -0.0012295021225752203; 0.0 -0.0012352960684276126 -0.001229502122572163 0.041271255379396216],[-0.07432710259598535 0.0 0.0 0.0; 0.0 -0.035934691074916404 0.00303433263283639 0.0030389757128526417; 0.0 0.003034332632835121 -0.035838307694740605 0.0030141076325090606; 0.0 0.0030389757128504186 0.003014107632510669 -0.035886128527415136],0.3
