L,J,Q,θ,ϕx,ϕy,ϕz,ndims,T,χ,dχdlogT,Λ
20,0.05,0.6180339887498949,0.4487989505128276,0.0,0.0,0.0,3,0.0853167852417281,[0.539151972348792 0.0 0.0 0.0; 0.0 0.24898970791703634 -0.0667388708040276 -0.06686290849961964; 0.0 -0.06673887080399647 0.24870446082181638 -0.06654289266627161; 0.0 -0.06686290849960758 -0.06654289266630016 0.24884483403523747],[-0.14810831221233128 0.0 0.0 0.0; 0.0 -0.06381247654137893 0.025357059780882065 0.025542573648037123; 0.0 0.02535705978087918 -0.06346119956922944 0.02515144089867267; 0.0 0.02554257364803138 0.02515144089866908 -0.06364711161546216],0.3
