L,J,Q,θ,ϕx,ϕy,ϕz,ndims,T,χ,dχdlogT,Λ
20,0.35,0.6180339887498949,0.4487989505128276,0.0,0.0,0.0,3,10.0,[0.024859055740237453 0.0 0.0 0.0; 0.0 0.012417822706336139 -3.652476214879586e-5 -3.652601372554338e-5; 0.0 -3.6524762148879094e-5 0.012417383149214204 -3.651878044933751e-5; 0.0 -3.652601372538228e-5 -3.651878044899852e-5 0.012417596147704485],[-0.024581986450647346 0.0 0.0 0.0; 0.0 -0.0122565326940556 0.00010748253528930163 0.00010748871343667047; 0.0 0.00010748253528931241 -0.012255224844799927 0.00010745308195852414; 0.0 0.00010748871343749511 0.00010745308195892951 -0.012255859554047475],0.3
