L,J,Q,θ,ϕx,ϕy,ϕz,ndims,T,χ,dχdlogT,Λ
20,0.05,0.6180339887498949,0.4487989505128276,0.0,0.0,0.0,3,0.0013738237958832624,[1.7815659560664876 0.0 0.0 0.0; 0.0 0.6325950888631088 -0.17995148361444896 -0.22535963832278108; 0.0 -0.17995148361442903 0.6140620351025401 -0.16656435952764595; 0.0 -0.22535963832266304 -0.1665643595276145 0.6260945862646251],[-0.6416744151249895 0.0 0.0 0.0; 0.0 -0.11069450983609545 0.015483754000241127 0.04190801274076618; 0.0 0.015483754000239875 -0.12239954491505035 0.008369596293276051; 0.0 0.04190801274076421 0.008369596293275999 -0.11256819825006308],0.3
