L,J,Q,θ,ϕx,ϕy,ϕz,ndims,T,χ,dχdlogT,Λ
20,0.95,0.6180339887498949,0.4487989505128276,0.0,0.0,0.0,3,0.006723357536499335,[0.8458175960914266 0.0 0.0 0.0; 0.0 0.14890375413293278 -0.021259094238752958 -0.02537776533608946; 0.0 -0.021259094238749623 0.14982555672655176 -0.010980213383096358; 0.0 -0.025377765336096356 -0.010980213383094047 0.14963653939263918],[-0.13444467714205968 0.0 0.0 0.0; 0.0 -0.001315358718206318 -0.001964397037851981 -0.0016115915909938581; 0.0 -0.001964397037852266 -0.0040082573132379975 -0.0029374603126898382; 0.0 -0.001611591590993844 -0.0029374603126902793 -0.0026274885841650873],0.3
