L,J,Q,θ,ϕx,ϕy,ϕz,ndims,T,χ,dχdlogT,Λ
20,0.4,0.6180339887498949,0.4487989505128276,0.0,0.0,0.0,3,0.0853167852417281,[0.5287258477114593 0.0 0.0 0.0; 0.0 0.20740371645289576 -0.047705310453108926 -0.05157631723485028; 0.0 -0.04770531045310867 0.20030504677122804 -0.04259232798983492; 0.0 -0.05157631723484597 -0.04259232798982607 0.2043259984316743],[-0.14238979602403845 0.0 0.0 0.0; 0.0 -0.028839392784418338 0.00795528840593715 0.01097821206001944; 0.0 0.007955288405931273 -0.025588826044257374 0.005872136415727509; 0.0 0.010978212060018167 0.005872136415730242 -0.028028490974741107],0.3
