L,J,Q,θ,ϕx,ϕy,ϕz,ndims,T,χ,dχdlogT,Λ
27,0.5,0.6180339887498949,0.4487989505128276,0.0,0.0,0.0,3,0.0013738237958832624,[1.0610548863740004 0.0 0.0 0.0; 0.0 0.3097094453218226 -0.06176048363149986 -0.1740977340806137; 0.0 -0.061760483631495826 0.30970944532188555 -0.1740977340806731; 0.0 -0.17409773408061383 -0.17409773408067297 0.4490577822608403],[-0.12145106299278989 0.0 0.0 0.0; 0.0 -0.02403437118517043 -0.007073872997128467 0.030833029378384644; 0.0 -0.0070738729971284026 -0.02403437118520719 0.03083302937841613; 0.0 0.03083302937838464 0.030833029378416137 -0.06206960194261466],0.3
