L,J,Q,θ,ϕx,ϕy,ϕz,ndims,T,χ,dχdlogT,Λ
27,2.25,0.6180339887498949,0.4487989505128276,0.0,0.0,0.0,3,0.004893900918477494,[0.6762850709852608 0.0 0.0 0.0; 0.0 0.1069770829871984 -0.01262072475462384 -0.0392261943768314; 0.0 -0.012620724754623714 0.10697708298719867 -0.039226194376830635; 0.0 -0.03922619437683139 -0.03922619437683062 0.12899622737732008],[-0.1295823134598538 0.0 0.0 0.0; 0.0 -0.005961450074552557 -0.0021434180397705053 0.007465687347529845; 0.0 -0.0021434180397705187 -0.005961450074551584 0.007465687347528896; 0.0 0.007465687347529844 0.007465687347528896 -0.01417437663398253],0.3
