L,J,Q,θ,ϕx,ϕy,ϕz,ndims,T,χ,dχdlogT,Λ
27,0.5,0.6180339887498949,0.4487989505128276,0.0,0.0,0.0,3,0.01268961003167922,[0.7851885861882207 0.0 0.0 0.0; 0.0 0.24933406911748976 -0.056141877965786506 -0.11845532427403853; 0.0 -0.056141877965786395 0.24933406911751305 -0.11845532427405374; 0.0 -0.11845532427403853 -0.11845532427405374 0.3333130756498901],[-0.1258686416713025 0.0 0.0 0.0; 0.0 -0.02748916044628902 0.00694702034631623 0.022069372129700417; 0.0 0.00694702034631615 -0.02748916044629696 0.022069372129707193; 0.0 0.022069372129700435 0.02206937212970718 -0.04866791444121635],0.3
