L,J,Q,θ,μ,ϕx,ϕy,ϕz,ndims,T,Λ,χ_dwave,dχdlogT_dwave,χ_pwave,dχdlogT_pwave
11,0.85,0.6180339887498949,0.4487989505128276,0.75,3.0608354678845404,3.7478059669165082,5.4204922075902,3,0.019306977288832506,0.3,[0.3905481598061622 0.0 0.0 0.0; 0.0 0.029811766816406973 -0.01402474173434024 -0.012237180879603007; 0.0 -0.014024741734340235 0.03718019202789863 -0.01657533711829816; 0.0 -0.012237180879603056 -0.016575337118298113 0.039028658893390515],[-0.15544224187495326 0.0 0.0 0.0; 0.0 -0.007386641186551749 0.0047986603332849835 0.0020515314976603883; 0.0 0.004798660333285006 -0.01100307363338368 0.004215235686645288; 0.0 0.00205153149766038 0.0042152356866453095 -0.01006337981923257],[1.5944144820962038e-18 0.0 0.0 0.0; 0.0 0.03724648164853201 -0.009582152896213138 0.0005211448782469315; 0.0 -0.009582152896213166 0.029429858885148735 0.0062334543671165995; 0.0 0.0005211448782469404 0.006233454367116571 0.02932643577360393],[-2.1409271303456793e-18 0.0 0.0 0.0; 0.0 -0.007575196043899508 0.002752498919560396 0.0017093799984543882; 0.0 0.0027524989195604 -0.005639397205794597 -0.002903039570827176; 0.0 0.001709379998454389 -0.0029030395708271755 -0.006754069495694028]
