L,J,Q,θ,μ,ϕx,ϕy,ϕz,ndims,T,Λ,χ_dwave,dχdlogT_dwave,χ_pwave,dχdlogT_pwave
11,1.25,0.6180339887498949,0.4487989505128276,0.75,2.0760510342028513,2.1711495157278233,4.576365600082355,3,0.013894954943731374,0.3,[0.38231750925850005 0.0 0.0 0.0; 0.0 0.013609092980778855 -0.005352186282637833 -0.005234685791151216; 0.0 -0.005352186282637835 0.015498278418433641 -0.006646017059753459; 0.0 -0.005234685791151251 -0.006646017059753461 0.018270226525320416],[-0.11900661008791615 0.0 0.0 0.0; 0.0 -0.0006235258815892781 0.00011282389719633601 0.00041634764376750064; 0.0 0.00011282389719633701 -0.0012678468653127793 -0.0001285922424377494; 0.0 0.0004163476437675002 -0.00012859224243774953 -0.001974099644520607],[-3.603505764053573e-18 0.0 0.0 0.0; 0.0 0.013646739744518936 -0.0021859386185689926 -0.0007566757283325032; 0.0 -0.002185938618568997 0.013614672613149057 0.0015580830680844127; 0.0 -0.0007566757283324978 0.001558083068084411 0.013241797184615826],[1.6312392352550874e-18 0.0 0.0 0.0; 0.0 -0.0008032654595470012 9.013414952467777e-6 0.0002721291868182268; 0.0 9.013414952467427e-6 -0.0008077137216605313 -0.00012231960420243916; 0.0 0.0002721291868182263 -0.0001223196042024395 -0.0009454637587720161]
