L,J,Q,θ,μ,ϕx,ϕy,ϕz,ndims,T,Λ,χ_dwave,dχdlogT_dwave,χ_pwave,dχdlogT_pwave
11,1.2,0.6180339887498949,0.4487989505128276,0.75,3.0608354678845404,3.7478059669165082,5.4204922075902,3,0.019306977288832506,0.3,[0.3305678594695813 0.0 0.0 0.0; 0.0 0.014187280572853043 -0.0061049436214777025 -0.00528089792977213; 0.0 -0.006104943621477701 0.015959807622644106 -0.007118658255822852; 0.0 -0.005280897929772114 -0.007118658255822826 0.019207846061139032],[-0.10964025674072611 0.0 0.0 0.0; 0.0 -0.0011304505142187482 0.0005099258362950095 0.00019016583615520454; 0.0 0.0005099258362950108 -0.0022887302887940383 0.0013018846343376776; 0.0 0.0001901658361552034 0.0013018846343376808 -0.0032853929899963894],[-4.06808148786407e-18 0.0 0.0 0.0; 0.0 0.013812922616195981 -0.0027677398865963094 -0.0005500479212880027; 0.0 -0.0027677398865962937 0.013141260408831476 0.0021389811285547652; 0.0 -0.0005500479212880047 0.0021389811285547626 0.012019257270599064],[5.330408153861797e-18 0.0 0.0 0.0; 0.0 -0.001049614699912442 0.00019507578890070446 0.00038603223820622066; 0.0 0.0001950757889007044 -0.0008081044858067989 -7.231264652988456e-6; 0.0 0.00038603223820622197 -7.231264652988172e-6 -0.0007888470186897059]
