L,J,Q,θ,μ,ϕx,ϕy,ϕz,ndims,T,Λ,χ_dwave,dχdlogT_dwave,χ_pwave,dχdlogT_pwave
11,0.3,0.6180339887498949,0.4487989505128276,0.75,3.0766046577380743,0.4471779334510794,1.0503382973802378,3,0.0026826957952797246,0.3,[0.6732795108771086 0.0 0.0 0.0; 0.0 0.15816909397272116 -0.08915193271391822 -0.032825219016276004; 0.0 -0.08915193271391801 0.15596349598984607 -0.07663070674381912; 0.0 -0.03282521901627606 -0.07663070674381875 0.1510668464316048],[-0.12324439577375772 0.0 0.0 0.0; 0.0 -0.023424336485671732 0.01964592358667359 -0.010069518070866779; 0.0 0.019645923586673636 -0.025652810915438938 0.0189624459082598; 0.0 -0.010069518070866755 0.018962445908259785 -0.018265738529392297],[5.403052960226111e-18 0.0 0.0 0.0; 0.0 0.22345082503712035 0.0014945447897280052 -0.05210544973121372; 0.0 0.0014945447897278482 0.2250805112396937 -0.0877523418769771; 0.0 -0.05210544973121364 -0.08775234187697681 0.24039864379975182],[9.25688194365761e-18 0.0 0.0 0.0; 0.0 -0.03728751142819711 -0.01950541828005911 0.020122594150910528; 0.0 -0.01950541828005909 -0.04283013292525475 0.03885181578254682; 0.0 0.020122594150910587 0.03885181578254672 -0.043837010402874334]
