L,J,Q,θ,μ,ϕx,ϕy,ϕz,ndims,T,Λ,χ_dwave,dχdlogT_dwave,χ_pwave,dχdlogT_pwave
11,0.9,0.6180339887498949,0.4487989505128276,0.75,3.0608354678845404,3.7478059669165082,5.4204922075902,3,0.013894954943731374,0.3,[0.43611598285975284 0.0 0.0 0.0; 0.0 0.029114422868461144 -0.013900418132212742 -0.010805562134279344; 0.0 -0.013900418132212653 0.035925895215938704 -0.01582108652123245; 0.0 -0.010805562134279353 -0.01582108652123239 0.03673912418640702],[-0.16186879622741548 0.0 0.0 0.0; 0.0 -0.006679806712873088 0.004043257340365192 0.001009256336169183; 0.0 0.004043257340365221 -0.008595459839050142 0.0029491559932885063; 0.0 0.001009256336169187 0.002949155993288488 -0.006343650763814783],[-2.956016215947652e-19 0.0 0.0 0.0; 0.0 0.033259172937596004 -0.009471256023060847 -8.161406334902471e-5; 0.0 -0.009471256023060893 0.025889362048761976 0.006367162321574745; 0.0 -8.161406334901804e-5 0.0063671623215747685 0.02651354837716704],[3.892916117555812e-18 0.0 0.0 0.0; 0.0 -0.004638312736722633 0.0020215271111713074 0.0016180496587532905; 0.0 0.0020215271111713195 -0.0035407596331883135 -0.0020663409273112975; 0.0 0.001618049658753295 -0.002066340927311303 -0.004701879267217465]
