L,J,Q,θ,μ,ϕx,ϕy,ϕz,ndims,T,Λ,χ_dwave,dχdlogT_dwave,χ_pwave,dχdlogT_pwave
11,1.2,0.6180339887498949,0.4487989505128276,0.75,4.746388633579302,2.733867409478656,2.7877728154891153,3,0.0372759372031494,0.3,[0.2560255755565536 0.0 0.0 0.0; 0.0 0.0120397889575062 -0.004200135743517331 -0.004256428373264802; 0.0 -0.004200135743517338 0.013093616327589236 -0.006405405172574406; 0.0 -0.0042564283732648 -0.006405405172574394 0.015738904245948416],[-0.11668251372255724 0.0 0.0 0.0; 0.0 -0.0028082736150556306 0.0006545996001072643 0.0007756932301659902; 0.0 0.0006545996001072606 -0.0030159005761655807 0.0012246446402410102; 0.0 0.0007756932301659867 0.0012246446402410089 -0.0033212472743478993],[4.13306738975775e-18 0.0 0.0 0.0; 0.0 0.012025299329427058 -0.0010846357951380993 -0.001044344444589003; 0.0 -0.0010846357951381008 0.011028978563139552 0.0005000230186734621; 0.0 -0.0010443444445890017 0.0005000230186734633 0.010600524720673113],[-2.4377217819808582e-18 0.0 0.0 0.0; 0.0 -0.001745920239692184 0.00018995447023737797 0.0003536734057923066; 0.0 0.00018995447023737805 -0.0014490947563730178 -0.00015488588193906245; 0.0 0.000353673405792307 -0.00015488588193906204 -0.001990926651707854]
