L,J,Q,θ,μ,ϕx,ϕy,ϕz,ndims,T,Λ,χ_dwave,dχdlogT_dwave,χ_pwave,dχdlogT_pwave
11,0.9,0.6180339887498949,0.4487989505128276,0.75,3.0608354678845404,3.7478059669165082,5.4204922075902,3,0.0019306977288832496,0.3,[0.7649454462423878 0.0 0.0 0.0; 0.0 0.039828954561416385 -0.01923839421670782 -0.011057184584991194; 0.0 -0.01923839421670781 0.044453937829918765 -0.018123992350475154; 0.0 -0.011057184584991239 -0.018123992350475123 0.04313555024353841],[-0.17208699465376237 0.0 0.0 0.0; 0.0 -0.003874746026041839 0.0013755049552757138 -0.001296894562013205; 0.0 0.001375504955275711 -0.000732476085779482 0.0005934489011476635; 0.0 -0.001296894562013202 0.0005934489011476663 -0.0014736823420875337],[-8.84876468118558e-18 0.0 0.0 0.0; 0.0 0.03751635917904109 -0.010471620774122616 -0.0001500440956496783; 0.0 -0.010471620774122621 0.02986827251572772 0.00807550867026551; 0.0 -0.0001500440956496711 0.008075508670265512 0.031225886259961647],[-5.374389051623131e-19 0.0 0.0 0.0; 0.0 -0.001128545651877422 -0.0006368449388022635 -0.0008595636430593225; 0.0 -0.000636844938802267 -0.00047976545116188904 -0.00017413981950791655; 0.0 -0.0008595636430593239 -0.00017413981950791722 -0.0010679776244737562]
