L,J,Q,θ,μ,ϕx,ϕy,ϕz,ndims,T,Λ,χ_dwave,dχdlogT_dwave,χ_pwave,dχdlogT_pwave
11,1.25,0.6180339887498949,0.4487989505128276,0.75,2.0760510342028513,2.1711495157278233,4.576365600082355,3,0.0517947467923121,0.3,[0.2214607823964928 0.0 0.0 0.0; 0.0 0.011287669788555044 -0.004478188753527971 -0.004411226334396177; 0.0 -0.004478188753528003 0.01214408811208116 -0.00552095323739646; 0.0 -0.004411226334396198 -0.005520953237396443 0.013997544899254246],[-0.12145071481986791 0.0 0.0 0.0; 0.0 -0.0034204909859663324 0.0014122848855274122 0.001147353510507172; 0.0 0.0014122848855274176 -0.0041991059952029945 0.0019041086063891109; 0.0 0.001147353510507174 0.0019041086063891085 -0.00492847721044689],[-1.8212772023543664e-18 0.0 0.0 0.0; 0.0 0.011399776469865203 -0.0020662541654840167 -0.00021375771724657463; 0.0 -0.002066254165484 0.011515892387282534 0.0012119442448620442; 0.0 -0.00021375771724657173 0.0012119442448620486 0.011032813382391586],[1.5234191292705293e-18 0.0 0.0 0.0; 0.0 -0.0029403472438136865 0.00024460283846153063 0.00044832205033282305; 0.0 0.00024460283846153177 -0.0028492245924860294 -0.0005715544663326012; 0.0 0.00044832205033282295 -0.0005715544663326029 -0.0030158130344472224]
