L,J,Q,θ,μ,ϕx,ϕy,ϕz,ndims,T,Λ,χ_dwave,dχdlogT_dwave,χ_pwave,dχdlogT_pwave
11,0.3,0.6180339887498949,0.4487989505128276,0.75,3.0766046577380743,0.4471779334510794,1.0503382973802378,3,0.0372759372031494,0.3,[0.31949773679806187 0.0 0.0 0.0; 0.0 0.0881149051617851 -0.041003805847910024 -0.03682303614656744; 0.0 -0.0410038058479097 0.08342994472751374 -0.0318188916005388; 0.0 -0.03682303614656733 -0.03181889160053886 0.08201285194893573],[-0.14257149017835757 0.0 0.0 0.0; 0.0 -0.03801280313897338 0.01943095302354673 0.011930970722246333; 0.0 0.019430953023546693 -0.030716668804416456 0.010697377239996371; 0.0 0.011930970722246371 0.0106973772399963 -0.02987034613912075],[4.388182592372429e-18 0.0 0.0 0.0; 0.0 0.12038114143047478 -0.02445279454804484 -0.013104214259830644; 0.0 -0.024452794548044905 0.1193349493458997 -0.021122701282919855; 0.0 -0.013104214259830653 -0.021122701282920053 0.12026077685399943],[-2.3426840266956847e-18 0.0 0.0 0.0; 0.0 -0.04240589347065723 0.005569591055961607 0.010649054508630894; 0.0 0.005569591055961617 -0.04765226749763564 0.00913904246281024; 0.0 0.010649054508630936 0.009139042462810224 -0.05054769307255306]
