L,J,Q,θ,μ,ϕx,ϕy,ϕz,ndims,T,Λ,χ_dwave,dχdlogT_dwave,χ_pwave,dχdlogT_pwave
11,0.95,0.6180339887498949,0.4487989505128276,0.75,2.0760510342028513,2.1711495157278233,4.576365600082355,3,0.013894954943731374,0.3,[0.4440730878555688 0.0 0.0 0.0; 0.0 0.025803954183022608 -0.010886331253100377 -0.01002262115981675; 0.0 -0.010886331253100404 0.03040672237804892 -0.014105584936114772; 0.0 -0.01002262115981672 -0.01410558493611477 0.03293903152524289],[-0.15422562864388178 0.0 0.0 0.0; 0.0 -0.0045966722005471305 0.003131769958088573 0.0010942829256936242; 0.0 0.0031317699580885932 -0.006431316606830881 0.00143418782763791; 0.0 0.0010942829256936292 0.0014341878276379072 -0.005634756226672957],[-2.2627238080420006e-18 0.0 0.0 0.0; 0.0 0.03156427306471156 -0.010518430595814247 -0.0011235230769953176; 0.0 -0.010518430595814183 0.02814757755330835 0.004233363872180555; 0.0 -0.0011235230769953098 0.004233363872180539 0.02673645030922685],[6.599322933385675e-19 0.0 0.0 0.0; 0.0 -0.00557850325997698 0.003375997175436031 0.0018083751838752441; 0.0 0.0033759971754360307 -0.0043305247432679625 -0.0016299997484583962; 0.0 0.0018083751838752413 -0.0016299997484583958 -0.004431365853571289]
