L,J,Q,θ,μ,ϕx,ϕy,ϕz,ndims,T,Λ,χ_dwave,dχdlogT_dwave,χ_pwave,dχdlogT_pwave
11,1.2,0.6180339887498949,0.4487989505128276,0.75,2.0760510342028513,2.1711495157278233,4.576365600082355,3,0.0517947467923121,0.3,[0.2263343812597734 0.0 0.0 0.0; 0.0 0.011996463069261434 -0.0046729441738855544 -0.004740485368367771; 0.0 -0.004672944173885568 0.013273522948450687 -0.006302903008215325; 0.0 -0.004740485368367784 -0.006302903008215302 0.015235710337337784],[-0.1265368789379023 0.0 0.0 0.0; 0.0 -0.0038705266878303344 0.001632481308637412 0.0012798491921962695; 0.0 0.001632481308637409 -0.004954769644410416 0.002402758469139004; 0.0 0.0012798491921962732 0.0024027584691389907 -0.00563761842591811],[-2.373261148335703e-18 0.0 0.0 0.0; 0.0 0.012705398742055703 -0.0024133022691923043 -0.00012192568168925392; 0.0 -0.002413302269192293 0.012412184489286947 0.0013747806027036022; 0.0 -0.00012192568168925171 0.001374780602703601 0.011911397254475747],[2.103249622256341e-18 0.0 0.0 0.0; 0.0 -0.0035041411950899196 0.0004983732959865296 0.00047252727425304945; 0.0 0.0004983732959865283 -0.003294828997406306 -0.0007391839121992341; 0.0 0.00047252727425304935 -0.0007391839121992324 -0.003454157481664783]
