L,J,Q,θ,μ,ϕx,ϕy,ϕz,ndims,T,Λ,χ_dwave,dχdlogT_dwave,χ_pwave,dχdlogT_pwave
11,0.6,0.6180339887498949,0.4487989505128276,0.75,6.131343488272533,6.2199038445083525,2.3360468446434557,3,0.005179474679231213,0.3,[0.5418731254459903 0.0 0.0 0.0; 0.0 0.0625708778128166 -0.029556182733063822 -0.02813687281952628; 0.0 -0.029556182733063954 0.07786434346708833 -0.032786044881935414; 0.0 -0.02813687281952616 -0.03278604488193527 0.07830735420470014],[-0.1239291601047909 0.0 0.0 0.0; 0.0 -0.01009392754987877 0.011090450146903071 -0.001542426383541285; 0.0 0.011090450146903007 -0.021341445991683184 0.007939913431538605; 0.0 -0.0015424263835412868 0.007939913431538655 -0.011408800251007276],[-1.6306032542491955e-17 0.0 0.0 0.0; 0.0 0.08660123073569329 -0.02092888566404005 0.005484436653342229; 0.0 -0.020928885664040064 0.07348513735724793 0.0020706579005061745; 0.0 0.005484436653342287 0.0020706579005061476 0.07444028383047177],[3.6479337454049655e-19 0.0 0.0 0.0; 0.0 -0.011621506264240251 0.0020284933486807806 -0.0074300360926775645; 0.0 0.0020284933486807797 -0.008012713378134079 0.00230094215507768; 0.0 -0.007430036092677537 0.002300942155077695 -0.015304547385278281]
