L,J,Q,θ,μ,ϕx,ϕy,ϕz,ndims,T,Λ,χ_dwave,dχdlogT_dwave,χ_pwave,dχdlogT_pwave
11,0.2,0.6180339887498949,0.4487989505128276,0.75,3.0608354678845404,3.7478059669165082,5.4204922075902,3,0.02682695795279726,0.3,[0.3971025410668457 0.0 0.0 0.0; 0.0 0.12043563835353871 -0.050613489993639224 -0.058847159202999814; 0.0 -0.050613489993639314 0.12227679185044331 -0.05483660470606286; 0.0 -0.058847159203000265 -0.0548366047060625 0.13037063435431093],[-0.16648309320813268 0.0 0.0 0.0; 0.0 -0.03976970077897171 0.0163222879938157 0.02259652258317969; 0.0 0.0163222879938157 -0.050712381721008046 0.02650028286923401; 0.0 0.02259652258317966 0.02650028286923374 -0.05931443361613023],[1.2355886510900255e-17 0.0 0.0 0.0; 0.0 0.19151626799497545 0.021277544838661188 -0.016176462341667648; 0.0 0.02127754483866104 0.1770936793269926 -0.013373175162444996; 0.0 -0.016176462341667582 -0.013373175162444859 0.16760304089698522],[-8.967515265293064e-18 0.0 0.0 0.0; 0.0 -0.07933316814543637 -0.01806694492674064 0.0096856166372615; 0.0 -0.01806694492674058 -0.06411585660993202 0.012292930215789014; 0.0 0.009685616637261588 0.012292930215788919 -0.050847350279386486]
