L,J,Q,θ,μ,ϕx,ϕy,ϕz,ndims,T,Λ,χ_dwave,dχdlogT_dwave,χ_pwave,dχdlogT_pwave
11,0.2,0.6180339887498949,0.4487989505128276,0.75,2.0760510342028513,2.1711495157278233,4.576365600082355,3,0.0019306977288832496,0.3,[0.7010974721831914 0.0 0.0 0.0; 0.0 0.26150539448442656 -0.12742733666156855 -0.11018832196799606; 0.0 -0.12742733666156833 0.2282861707295371 -0.07706417963555712; 0.0 -0.11018832196799624 -0.07706417963555712 0.2210451780287079],[-0.06745950885306538 0.0 0.0 0.0; 0.0 -0.041589431569281465 0.024755347921477554 0.01358555120669324; 0.0 0.024755347921477565 -0.027229798307119846 0.0020790382325395723; 0.0 0.01358555120669323 0.002079038232539577 -0.01935288082111989],[-1.1867091585687233e-17 0.0 0.0 0.0; 0.0 0.2567733612301361 0.09767651350971761 -0.01165705540577944; 0.0 0.0976765135097176 0.27100178516844176 -0.057408175614235085; 0.0 -0.011657055405779475 -0.05740817561423512 0.2727601253009774],[1.7438615291452326e-18 0.0 0.0 0.0; 0.0 -0.004701063447324111 -0.0013876824684898716 -0.006353742837242904; 0.0 -0.0013876824684898599 -0.015161619443355413 0.012305486547739377; 0.0 -0.006353742837242891 0.012305486547739363 -0.026668700937042912]
