L,J,Q,θ,μ,ϕx,ϕy,ϕz,ndims,T,Λ,χ_dwave,dχdlogT_dwave,χ_pwave,dχdlogT_pwave
11,0.15,0.6180339887498949,0.4487989505128276,0.75,3.0766046577380743,0.4471779334510794,1.0503382973802378,3,0.005179474679231213,0.3,[0.6034405745101199 0.0 0.0 0.0; 0.0 0.24077017009049395 -0.12453379122028918 -0.07707951989914066; 0.0 -0.12453379122028928 0.20188426670053863 -0.06913738646326832; 0.0 -0.07707951989914014 -0.0691373864632682 0.1729435237976715],[-0.16389979830993118 0.0 0.0 0.0; 0.0 -0.07244135439407158 0.05097368113447339 0.005961560325035411; 0.0 0.05097368113447341 -0.057782645998125715 0.011058294236907735; 0.0 0.0059615603250354095 0.011058294236907712 -0.025829929204814805],[-1.2015972235483434e-17 0.0 0.0 0.0; 0.0 0.26272343965445694 -0.07384702722661823 0.009980352000877324; 0.0 -0.07384702722661765 0.27178691580798015 -0.05221041492804271; 0.0 0.00998035200087721 -0.05221041492804267 0.30512915719720385],[1.0134291607777001e-17 0.0 0.0 0.0; 0.0 -0.05317321574067643 0.03769493405690235 -0.003869791115351304; 0.0 0.037694934056902336 -0.0492246491983339 0.00867264078990811; 0.0 -0.003869791115351321 0.00867264078990809 -0.08819858832248706]
