L,J,Q,θ,μ,ϕx,ϕy,ϕz,ndims,T,Λ,χ_dwave,dχdlogT_dwave,χ_pwave,dχdlogT_pwave
11,0.2,0.6180339887498949,0.4487989505128276,0.75,3.0766046577380743,0.4471779334510794,1.0503382973802378,3,0.02682695795279726,0.3,[0.3712933263646439 0.0 0.0 0.0; 0.0 0.12937190545835853 -0.059484750966062344 -0.05404747132670418; 0.0 -0.05948475096606245 0.1141038566184221 -0.04301337377459069; 0.0 -0.05404747132670429 -0.04301337377459065 0.1131625878625159],[-0.1401161555675489 0.0 0.0 0.0; 0.0 -0.05069475831676126 0.024151326475045778 0.01669876277963773; 0.0 0.02415132647504588 -0.033095617817598594 0.011238834562175976; 0.0 0.016698762779637628 0.011238834562175894 -0.0360488379010782],[5.314485941632226e-19 0.0 0.0 0.0; 0.0 0.16347655030827202 -0.027809214065974516 -0.010436640746661173; 0.0 -0.027809214065974402 0.16708495484897035 -0.03474882445610503; 0.0 -0.010436640746661173 -0.034748824456105165 0.1676785307518604],[1.1481887149010578e-18 0.0 0.0 0.0; 0.0 -0.049806837730709284 0.0023409553287915236 0.0005181377277892065; 0.0 0.0023409553287915435 -0.0582950990943237 0.012737507843549904; 0.0 0.0005181377277892047 0.012737507843549973 -0.05710914129296437]
