L,J,Q,θ,μ,ϕx,ϕy,ϕz,ndims,T,Λ,χ_dwave,dχdlogT_dwave,χ_pwave,dχdlogT_pwave
11,0.1,0.6180339887498949,0.4487989505128276,0.75,2.0760510342028513,2.1711495157278233,4.576365600082355,3,0.0019306977288832496,0.3,[0.7930128016869223 0.0 0.0 0.0; 0.0 0.33198443494115215 -0.20150174757794348 -0.14632676398058356; 0.0 -0.2015017475779439 0.29895516582305504 -0.06828224247458792; 0.0 -0.14632676398058342 -0.06828224247458799 0.3045842458506948],[-0.15981921155992532 0.0 0.0 0.0; 0.0 -0.09351510418149794 0.05508501942878081 0.062380704395529875; 0.0 0.05508501942878082 -0.04686717318868211 -0.014209540702870343; 0.0 0.062380704395529896 -0.014209540702870333 -0.0864514904226644],[5.420774933603907e-18 0.0 0.0 0.0; 0.0 0.3418460875617079 0.17852359465528805 0.04121510184597585; 0.0 0.17852359465528772 0.3816345728286549 -0.018558397964304252; 0.0 0.04121510184597587 -0.018558397964304276 0.3694036382342919],[3.9683846454875555e-18 0.0 0.0 0.0; 0.0 -0.052370436708836454 -0.06065519782162754 -0.043548383216795244; 0.0 -0.06065519782162755 -0.1009685527484061 -0.034509773456661556; 0.0 -0.04354838321679524 -0.03450977345666151 -0.06266762567766948]
