L,J,Q,θ,μ,ϕx,ϕy,ϕz,ndims,T,Λ,χ_dwave,dχdlogT_dwave,χ_pwave,dχdlogT_pwave
11,0.8,0.6180339887498949,0.4487989505128276,0.75,2.0760510342028513,2.1711495157278233,4.576365600082355,3,0.0037275937203149418,0.3,[0.607506606205021 0.0 0.0 0.0; 0.0 0.03928679473654579 -0.01756657747242172 -0.015890390049621197; 0.0 -0.01756657747242167 0.05765564211965233 -0.02595222424828611; 0.0 -0.015890390049621225 -0.025952224248286224 0.05305668765610121],[-0.10855907715290851 0.0 0.0 0.0; 0.0 -0.0016246794816538737 -0.00029295427470806435 0.0012593065503569865; 0.0 -0.0002929542747080597 -0.010003882191228912 0.006025704545081115; 0.0 0.0012593065503569943 0.0060257045450811016 -0.006190384152467969],[-6.573560369499164e-18 0.0 0.0 0.0; 0.0 0.06146001948712249 -0.026585267669063533 -0.010285075321046893; 0.0 -0.026585267669063634 0.053362122806364994 0.00985666251217346; 0.0 -0.010285075321046907 0.00985666251217341 0.05695231173183406],[6.077437783272842e-18 0.0 0.0 0.0; 0.0 -0.00767479755597451 0.0035757974028967337 0.0064750990731976986; 0.0 0.0035757974028967515 -0.0031010263408289217 -0.0029617594703398803; 0.0 0.00647509907319773 -0.002961759470339892 -0.00559010105133717]
