L,J,Q,θ,μ,ϕx,ϕy,ϕz,ndims,T,Λ,χ_dwave,dχdlogT_dwave,χ_pwave,dχdlogT_pwave
11,0.1,0.6180339887498949,0.4487989505128276,0.75,2.0760510342028513,2.1711495157278233,4.576365600082355,3,0.0013894954943731374,0.3,[0.8448680216949069 0.0 0.0 0.0; 0.0 0.36323611196095923 -0.21828499189438444 -0.17026393166802645; 0.0 -0.21828499189438497 0.3116213115903894 -0.06140408868937979; 0.0 -0.17026393166802617 -0.061404088689379806 0.33495245140273744],[-0.15868890799578347 0.0 0.0 0.0; 0.0 -0.09776535063990972 0.04758745676296749 0.08436784690578071; 0.0 0.04758745676296753 -0.03080173930005784 -0.02789178716970565; 0.0 0.08436784690578064 -0.027891787169705674 -0.09978171100411096],[2.9973851279186225e-18 0.0 0.0 0.0; 0.0 0.35915571117213957 0.20076424803561319 0.055966945983155984; 0.0 0.20076424803561288 0.4180263561582105 -0.003411714397849242; 0.0 0.05596694598315595 -0.00341171439784925 0.38845554981647157],[1.094403048700843e-17 0.0 0.0 0.0; 0.0 -0.05397856360064529 -0.07566572980837245 -0.046967600932004465; 0.0 -0.07566572980837251 -0.12210734871160658 -0.05818307805219767; 0.0 -0.04696760093200448 -0.05818307805219767 -0.053993324950005674]
