L,J,Q,θ,μ,ϕx,ϕy,ϕz,ndims,T,Λ,χ_dwave,dχdlogT_dwave,χ_pwave,dχdlogT_pwave
11,0.55,0.6180339887498949,0.4487989505128276,0.75,3.0766046577380743,0.4471779334510794,1.0503382973802378,3,0.02682695795279726,0.3,[0.34890823323609615 0.0 0.0 0.0; 0.0 0.04770685219038926 -0.018831385190880026 -0.01945463013005957; 0.0 -0.018831385190880016 0.05657042253987168 -0.027480359693008403; 0.0 -0.019454630130059675 -0.027480359693008386 0.05591966844568723],[-0.13012696734229257 0.0 0.0 0.0; 0.0 -0.011951345930601634 0.003860400025148118 0.005148821938165352; 0.0 0.0038604000251481322 -0.017999077621020983 0.009637484847914532; 0.0 0.005148821938165371 0.009637484847914572 -0.01677472159576325],[-1.2489231006677597e-18 0.0 0.0 0.0; 0.0 0.07623191900339195 -0.019916797006546347 -0.006936775741202732; 0.0 -0.01991679700654612 0.06740906447721656 0.0019838485494679727; 0.0 -0.006936775741202754 0.0019838485494679723 0.0641138410897193],[1.8740557780850105e-18 0.0 0.0 0.0; 0.0 -0.02368054184050725 0.01152934878654207 -0.00181087283034279; 0.0 0.011529348786542023 -0.020046344108031033 -0.00297715850469157; 0.0 -0.001810872830342802 -0.002977158504691575 -0.014969075485940238]
