L,J,Q,θ,μ,ϕx,ϕy,ϕz,ndims,T,Λ,χ_dwave,dχdlogT_dwave,χ_pwave,dχdlogT_pwave
11,1.05,0.6180339887498949,0.4487989505128276,0.75,6.131343488272533,6.2199038445083525,2.3360468446434557,3,0.07196856730011521,0.3,[0.2010562887400378 0.0 0.0 0.0; 0.0 0.01446359560431601 -0.005623980822219243 -0.006511052275512831; 0.0 -0.0056239808222192265 0.01535759126367593 -0.007270454588053238; 0.0 -0.006511052275512841 -0.007270454588053241 0.018103886619664097],[-0.1280690629576883 0.0 0.0 0.0; 0.0 -0.0066613869325005655 0.0028165989013729277 0.00286716654995643; 0.0 0.002816598901372913 -0.007577788620544722 0.003537940091233771; 0.0 0.002867166549956432 0.0035379400912337673 -0.008945446069038781],[3.507851571177279e-18 0.0 0.0 0.0; 0.0 0.016112087194389314 -0.0036592151499831842 0.001275175936352789; 0.0 -0.0036592151499831964 0.016687924439751246 0.0018317727688869968; 0.0 0.0012751759363527795 0.001831772768886984 0.015018394182641588],[-2.911626026815718e-18 0.0 0.0 0.0; 0.0 -0.0060145275937324135 0.0019039110351473803 7.138710435446966e-5; 0.0 0.0019039110351473834 -0.006958410677687269 -0.0015053876784845985; 0.0 7.138710435447128e-5 -0.001505387678484597 -0.0061912220776629825]
