L,J,Q,θ,μ,ϕx,ϕy,ϕz,ndims,T,Λ,χ_dwave,dχdlogT_dwave,χ_pwave,dχdlogT_pwave
11,0.6,0.6180339887498949,0.4487989505128276,0.75,4.746388633579302,2.733867409478656,2.7877728154891153,3,0.01,0.3,[0.4785596480665483 0.0 0.0 0.0; 0.0 0.05477357375736448 -0.017669567685792923 -0.02507352134133013; 0.0 -0.017669567685792992 0.06781279745818991 -0.03499136600754356; 0.0 -0.025073521341330108 -0.03499136600754339 0.07155480891704742],[-0.12920781361900105 0.0 0.0 0.0; 0.0 -0.011525557146986217 0.0009710327650475854 0.007709600098118875; 0.0 0.0009710327650475904 -0.01873472435107947 0.010971786555887637; 0.0 0.007709600098118863 0.010971786555887694 -0.019755678667924822],[1.1093062593845536e-17 0.0 0.0 0.0; 0.0 0.09344655717641781 -0.02019701343539128 -0.006009028405545055; 0.0 -0.02019701343539122 0.08173231101626849 -0.0030992429965163285; 0.0 -0.006009028405545043 -0.0030992429965163095 0.07192774663946389],[-9.697144186940018e-18 0.0 0.0 0.0; 0.0 -0.030028448431825783 -0.00024428320250192005 0.0009910951858160438; 0.0 -0.0002442832025019214 -0.023869637374284 0.008465765362368248; 0.0 0.0009910951858160453 0.008465765362368196 -0.014511971927948725]
