L,J,Q,θ,μ,ϕx,ϕy,ϕz,ndims,T,Λ,χ_dwave,dχdlogT_dwave,χ_pwave,dχdlogT_pwave
11,0.35,0.6180339887498949,0.4487989505128276,0.75,2.0760510342028513,2.1711495157278233,4.576365600082355,3,0.0517947467923121,0.3,[0.26318441755551863 0.0 0.0 0.0; 0.0 0.06519019632304365 -0.025999758492532273 -0.03226993441749546; 0.0 -0.02599975849253219 0.06289872446853334 -0.02528708656791977; 0.0 -0.032269934417495365 -0.02528708656791994 0.0668725627237305],[-0.13679980466576752 0.0 0.0 0.0; 0.0 -0.029741452277461007 0.010022263973478914 0.01594626390784949; 0.0 0.010022263973478883 -0.02631378838912406 0.011828355427235445; 0.0 0.01594626390784951 0.011828355427235445 -0.03280575355668801],[-7.568766428029657e-19 0.0 0.0 0.0; 0.0 0.09244175966372425 0.007383100273005401 -0.014678503282303534; 0.0 0.007383100273005435 0.08687602999462603 -0.0039486487933354415; 0.0 -0.014678503282303551 -0.003948648793335452 0.08364318135386442],[-1.6338487889907707e-18 0.0 0.0 0.0; 0.0 -0.04217620853831729 -0.0020779996345224403 0.009028980945117202; 0.0 -0.002077999634522436 -0.04168193384327786 -0.00031237882350841227; 0.0 0.009028980945117176 -0.0003123788235084388 -0.033894329408362366]
