L,J,Q,θ,μ,ϕx,ϕy,ϕz,ndims,T,Λ,χ_dwave,dχdlogT_dwave,χ_pwave,dχdlogT_pwave
11,0.5,0.6180339887498949,0.4487989505128276,0.75,4.746388633579302,2.733867409478656,2.7877728154891153,3,0.019306977288832506,0.3,[0.4085753434838774 0.0 0.0 0.0; 0.0 0.06703279709861729 -0.02660202083735107 -0.029153018137591805; 0.0 -0.02660202083735097 0.06993222874765408 -0.02973622564036118; 0.0 -0.029153018137591604 -0.029736225640361217 0.07020100330646373],[-0.13838609775786578 0.0 0.0 0.0; 0.0 -0.01760675321010185 0.005533112495834568 0.009942421908018534; 0.0 0.005533112495834555 -0.019954604564859136 0.007968860007090055; 0.0 0.009942421908018587 0.007968860007090017 -0.021022519193944822],[2.2110467759809813e-18 0.0 0.0 0.0; 0.0 0.09348811675313644 -0.028206772787739767 -0.016137218439032756; 0.0 -0.028206772787739635 0.09043962886706249 0.002543252729335845; 0.0 -0.01613721843903285 0.002543252729335824 0.08607444628256515],[-7.283299931467444e-18 0.0 0.0 0.0; 0.0 -0.02717248384449231 0.008062924530853787 0.007938048914373096; 0.0 0.008062924530853792 -0.027968608189296515 0.00017079813150949784; 0.0 0.007938048914373143 0.00017079813150951346 -0.021685884250955433]
