L,J,Q,θ,μ,ϕx,ϕy,ϕz,ndims,T,Λ,χ_dwave,dχdlogT_dwave,χ_pwave,dχdlogT_pwave
11,0.15,0.6180339887498949,0.4487989505128276,0.75,2.0760510342028513,2.1711495157278233,4.576365600082355,3,0.001,0.3,[0.832289814197583 0.0 0.0 0.0; 0.0 0.2862721978076536 -0.1998279855164721 -0.03538363110562309; 0.0 -0.19982798551647304 0.33420401145493694 -0.183735619924901; 0.0 -0.0353836311056232 -0.18373561992490184 0.32200524218773857],[-0.24650062559711197 0.0 0.0 0.0; 0.0 -0.061786356100802096 0.07032627883507318 -0.03882379659395199; 0.0 0.07032627883507314 -0.11802298101433337 0.10651035040988421; 0.0 -0.03882379659395191 0.10651035040988426 -0.12666674057569854],[3.109656681223307e-17 0.0 0.0 0.0; 0.0 0.4077134227599365 0.21719394777695347 -0.07284757164039825; 0.0 0.21719394777695405 0.3590399733634846 -0.119560185624312; 0.0 -0.07284757164039807 -0.11956018562431237 0.3662795886018952],[-2.86889054150258e-17 0.0 0.0 0.0; 0.0 -0.16336590533351428 -0.12410567320594007 0.06274886396051003; 0.0 -0.12410567320593996 -0.11020462746808657 0.08360054794267167; 0.0 0.06274886396050997 0.08360054794267163 -0.10518930595192182]
