L,J,Q,θ,μ,ϕx,ϕy,ϕz,ndims,T,Λ,χ_dwave,dχdlogT_dwave,χ_pwave,dχdlogT_pwave
11,0.75,0.6180339887498949,0.4487989505128276,0.75,4.746388633579302,2.733867409478656,2.7877728154891153,3,0.013894954943731374,0.3,[0.44489195059154557 0.0 0.0 0.0; 0.0 0.034757335718724844 -0.012008246466147227 -0.011931830981047201; 0.0 -0.012008246466147274 0.04347621725676926 -0.023335738015778686; 0.0 -0.011931830981047298 -0.023335738015778693 0.04512141349052725],[-0.15022326743438216 0.0 0.0 0.0; 0.0 -0.007489505854121614 0.001962001543917607 0.0013891023518521834; 0.0 0.0019620015439176094 -0.009477680394849754 0.004685285898660361; 0.0 0.0013891023518521981 0.0046852858986603406 -0.007895167133486087],[-6.987929519593923e-18 0.0 0.0 0.0; 0.0 0.05031307004431273 -0.007700042812355304 -0.004184203388986621; 0.0 -0.007700042812355249 0.042446455698866264 0.0034890303354867583; 0.0 -0.004184203388986573 0.0034890303354867813 0.03918171552459311],[6.1923199703602525e-18 0.0 0.0 0.0; 0.0 -0.009230311483026332 0.0009814106156059346 0.0007583036233568424; 0.0 0.0009814106156059415 -0.006419735395261493 0.00030462075677152107; 0.0 0.0007583036233568391 0.00030462075677152123 -0.0057219832668291256]
