L,J,Q,θ,μ,ϕx,ϕy,ϕz,ndims,T,Λ,χ_dwave,dχdlogT_dwave,χ_pwave,dχdlogT_pwave
11,0.8,0.6180339887498949,0.4487989505128276,0.75,2.0760510342028513,2.1711495157278233,4.576365600082355,3,0.02682695795279726,0.3,[0.3397126117248362 0.0 0.0 0.0; 0.0 0.028470879125126882 -0.010920001745822748 -0.01244203452108043; 0.0 -0.010920001745822784 0.03344814086725578 -0.016128045902484373; 0.0 -0.012442034521080392 -0.016128045902484442 0.03604707404890244],[-0.1412693587625693 0.0 0.0 0.0; 0.0 -0.007699989659273933 0.004945409109280042 0.0019261527170532247; 0.0 0.004945409109280047 -0.012478532195873136 0.0046558054220393105; 0.0 0.0019261527170532252 0.004655805422039296 -0.009676971173733225],[1.2282317250329293e-18 0.0 0.0 0.0; 0.0 0.040340306072059566 -0.012030910853026135 -0.0014790834928484922; 0.0 -0.012030910853026126 0.035625348267868 0.0035609618301355337; 0.0 -0.00147908349284849 0.0035609618301355424 0.034236550280276154],[1.7012427260347356e-18 0.0 0.0 0.0; 0.0 -0.011937587240114907 0.008426467935320307 0.001190938184536095; 0.0 0.008426467935320339 -0.011838605347093134 -0.0018853338556739255; 0.0 0.0011909381845360831 -0.0018853338556739368 -0.0128902141155315]
