L,J,Q,θ,μ,ϕx,ϕy,ϕz,ndims,T,Λ,χ_dwave,dχdlogT_dwave,χ_pwave,dχdlogT_pwave
11,0.15,0.6180339887498949,0.4487989505128276,0.75,4.746388633579302,2.733867409478656,2.7877728154891153,3,0.02682695795279726,0.3,[0.39866433809681495 0.0 0.0 0.0; 0.0 0.1504002833642766 -0.07171681146053285 -0.06692200089480568; 0.0 -0.07171681146053255 0.1410748902476631 -0.05047617249993497; 0.0 -0.0669220008948056 -0.05047617249993475 0.13650168282780584],[-0.17255737139398336 0.0 0.0 0.0; 0.0 -0.06246896286541503 0.029020807962526828 0.027830841127929724; 0.0 0.02902080796252673 -0.051168041405811465 0.013540220638090157; 0.0 0.027830841127929763 0.013540220638090112 -0.04781342406515296],[3.981297794465091e-18 0.0 0.0 0.0; 0.0 0.1925497352741711 -0.07708655066866293 -0.021182320528051492; 0.0 -0.07708655066866252 0.19428513679966963 -0.0021588011407164603; 0.0 -0.02118232052805156 -0.0021588011407163675 0.20115502992380996],[-1.5785835554229461e-18 0.0 0.0 0.0; 0.0 -0.07763463301450298 0.045496992948026956 0.01350296520989671; 0.0 0.045496992948026775 -0.0840744922951847 -0.014445757555817852; 0.0 0.013502965209896719 -0.014445757555817918 -0.09129751159034294]
