L,J,Q,θ,μ,ϕx,ϕy,ϕz,ndims,T,Λ,χ_dwave,dχdlogT_dwave,χ_pwave,dχdlogT_pwave
11,1.15,0.6180339887498949,0.4487989505128276,0.75,6.131343488272533,6.2199038445083525,2.3360468446434557,3,0.001,0.3,[0.6359987362225761 0.0 0.0 0.0; 0.0 0.016540569239330536 -0.007085092505283269 -0.007517027293166342; 0.0 -0.007085092505283291 0.023786942969528768 -0.012953066459491605; 0.0 -0.007517027293166325 -0.012953066459491612 0.03189124693591237],[-0.01759995305039413 0.0 0.0 0.0; 0.0 7.026626798316277e-6 1.7738314349919306e-5 -1.439008034647779e-6; 0.0 1.77383143499193e-5 -1.0933320675072601e-5 5.332426934445699e-5; 0.0 -1.4390080346476376e-6 5.332426934445713e-5 -0.0003126078439769677],[-1.3700510361153207e-17 0.0 0.0 0.0; 0.0 0.019985691578574195 -0.004456246416102808 -9.758235129518342e-5; 0.0 -0.004456246416102846 0.017673449690241403 0.0027601481504887465; 0.0 -9.758235129518019e-5 0.002760148150488745 0.016752964154393833],[1.0308921529780504e-19 0.0 0.0 0.0; 0.0 -0.00014992061035445567 -6.719685213594752e-5 -2.6816163621100733e-6; 0.0 -6.71968521359478e-5 2.2084226765624345e-5 2.2292510315082342e-5; 0.0 -2.6816163621102178e-6 2.2292510315082265e-5 6.192635554272298e-7]
