L,J,Q,θ,μ,ϕx,ϕy,ϕz,ndims,T,Λ,χ_dwave,dχdlogT_dwave,χ_pwave,dχdlogT_pwave
11,0.0,0.6180339887498949,0.4487989505128276,0.75,3.0766046577380743,0.4471779334510794,1.0503382973802378,3,0.0013894954943731374,0.3,[0.8961019020108978 0.0 0.0 0.0; 0.0 0.40056330675032176 -0.1631608208898404 -0.18773409839793825; 0.0 -0.1631608208898405 0.31283890403371595 -0.10769144837553318; 0.0 -0.18773409839793825 -0.1076914483755331 0.3332226850926582],[-0.17789971085969453 0.0 0.0 0.0; 0.0 -0.11738038975061948 0.0075700839334527726 0.07666431884828902; 0.0 0.0075700839334527995 -0.019196667806207858 0.011982767287433487; 0.0 0.07666431884828902 0.011982767287433483 -0.08091895182867602],[4.763225566054035e-42 0.0 0.0 0.0; 0.0 0.4955385952605761 -0.2293540443299919 0.06636324852083983; 0.0 -0.2293540443299919 0.5832629979771818 -0.042101048806700625; 0.0 0.06636324852083987 -0.04210104880670069 0.5628792169182394],[2.103635225691206e-43 0.0 0.0 0.0; 0.0 -0.06051932110907511 0.025348524008887728 -0.005776465570197605; 0.0 0.025348524008887707 -0.15870304305348668 -0.09644056727559533; 0.0 -0.005776465570197617 -0.09644056727559532 -0.09698075903101849]
