L,J,Q,θ,μ,ϕx,ϕy,ϕz,ndims,T,Λ,χ_dwave,dχdlogT_dwave,χ_pwave,dχdlogT_pwave
11,1.25,0.6180339887498949,0.4487989505128276,0.75,6.131343488272533,6.2199038445083525,2.3360468446434557,3,0.0013894954943731374,0.3,[0.7026822395351753 0.0 0.0 0.0; 0.0 0.014706677069340644 -0.00593410309914829 -0.007251554477580262; 0.0 -0.005934103099148315 0.017661765846878348 -0.005256119153557746; 0.0 -0.00725155447758022 -0.005256119153557724 0.023957674712187405],[-0.16922316946918597 0.0 0.0 0.0; 0.0 -0.00019990958348208422 -0.00011855106029775344 0.000266032178743685; 0.0 -0.00011855106029775312 -0.0007796239956314872 -0.0006405123028086158; 0.0 0.00026603217874368075 -0.0006405123028086178 -0.002106706216159724],[-1.0309080579801914e-17 0.0 0.0 0.0; 0.0 0.021534847698635253 -0.006047481359414569 0.003774575485618055; 0.0 -0.006047481359414556 0.017637226539165253 -0.00026701279818777733; 0.0 0.003774575485618071 -0.00026701279818778226 0.016930945878554954],[1.1244098660199056e-19 0.0 0.0 0.0; 0.0 -0.0038271375798308066 0.0023027224265725725 -0.0020328583903277257; 0.0 0.0023027224265725725 -0.001512226178687271 0.0012833131606615625; 0.0 -0.0020328583903277226 0.0012833131606615612 -0.001067804899739386]
