L,J,Q,θ,μ,ϕx,ϕy,ϕz,ndims,T,Λ,χ_dwave,dχdlogT_dwave,χ_pwave,dχdlogT_pwave
11,0.6,0.6180339887498949,0.4487989505128276,0.75,4.746388633579302,2.733867409478656,2.7877728154891153,3,0.02682695795279726,0.3,[0.3487519475799724 0.0 0.0 0.0; 0.0 0.043063114411134376 -0.015711076559153946 -0.017821680837684158; 0.0 -0.015711076559154026 0.05020299234258363 -0.025183841292423625; 0.0 -0.01782168083768427 -0.025183841292423702 0.052385047461551086],[-0.13243784541708872 0.0 0.0 0.0; 0.0 -0.011920059125872618 0.0022155687874085366 0.0069016154609300205; 0.0 0.0022155687874085284 -0.015916574309434047 0.00892798141195061; 0.0 0.006901615460930052 0.008927981411950572 -0.01865926031149934],[5.212291610472331e-18 0.0 0.0 0.0; 0.0 0.0676428018403874 -0.01730367256688682 -0.005306127738178706; 0.0 -0.01730367256688674 0.06022144809261025 0.0011939925992960124; 0.0 -0.005306127738178699 0.001193992599295998 0.05712918659039368],[-3.0559237407686376e-18 0.0 0.0 0.0; 0.0 -0.021702954672501894 0.005076837271082645 0.001294567561198313; 0.0 0.005076837271082647 -0.019731075967696562 0.001000902583203141; 0.0 0.0012945675611983054 0.0010009025832031456 -0.015030140300329405]
