L,J,Q,θ,μ,ϕx,ϕy,ϕz,ndims,T,Λ,χ_dwave,dχdlogT_dwave,χ_pwave,dχdlogT_pwave
11,0.8,0.6180339887498949,0.4487989505128276,0.75,2.0760510342028513,2.1711495157278233,4.576365600082355,3,0.0517947467923121,0.3,[0.2486444827394174 0.0 0.0 0.0; 0.0 0.02279838006062052 -0.007833290488340649 -0.010684660333779569; 0.0 -0.00783329048834068 0.025457322451769696 -0.012907594424535538; 0.0 -0.010684660333779577 -0.012907594424535582 0.02915988831187064],[-0.1352270938416827 0.0 0.0 0.0; 0.0 -0.009602500372080507 0.004399482811602518 0.003570076338936467; 0.0 0.004399482811602511 -0.012066440605433255 0.005332627090433768; 0.0 0.003570076338936467 0.005332627090433764 -0.0116764638055475],[1.877012805781168e-18 0.0 0.0 0.0; 0.0 0.03246245253558699 -0.007265224611430093 -0.0009877587003542024; 0.0 -0.007265224611430057 0.027903829026789752 0.0023126089544750926; 0.0 -0.000987758700354214 0.0023126089544750748 0.026183121069096957],[2.3991988977623036e-19 0.0 0.0 0.0; 0.0 -0.012557795958543581 0.0060499846098965564 0.0004179724548131822; 0.0 0.006049984609896581 -0.011825126615578914 -0.001860495369197653; 0.0 0.0004179724548131822 -0.0018604953691976514 -0.011861997276261811]
