L,J,Q,θ,μ,ϕx,ϕy,ϕz,ndims,T,Λ,χ_dwave,dχdlogT_dwave,χ_pwave,dχdlogT_pwave
11,0.7,0.6180339887498949,0.4487989505128276,0.75,4.746388633579302,2.733867409478656,2.7877728154891153,3,0.0372759372031494,0.3,[0.30587712740832224 0.0 0.0 0.0; 0.0 0.031217119509678162 -0.012171454521685481 -0.011469728805050363; 0.0 -0.012171454521685478 0.03841519477568774 -0.019562554381609004; 0.0 -0.01146972880505036 -0.019562554381608865 0.038902864158605895],[-0.14153787936998433 0.0 0.0 0.0; 0.0 -0.009485931533679716 0.0024715195056191153 0.0039034474470656926; 0.0 0.0024715195056191097 -0.013053256724305688 0.007600798015155292; 0.0 0.0039034474470656766 0.007600798015155282 -0.014499762556013469],[-3.8243972041492257e-19 0.0 0.0 0.0; 0.0 0.04767349157663372 -0.009443528702170207 -0.002786522194937733; 0.0 -0.009443528702170184 0.040746777481062445 0.0022122927175297863; 0.0 -0.002786522194937741 0.002212292717529786 0.039594964031078886],[-1.75116904281801e-18 0.0 0.0 0.0; 0.0 -0.014949950218924337 0.003028983176203672 0.0006618516749551331; 0.0 0.003028983176203666 -0.012913302069059962 7.645939729147036e-6; 0.0 0.0006618516749551228 7.645939729145523e-6 -0.011058802316328647]
