L,J,Q,θ,μ,ϕx,ϕy,ϕz,ndims,T,Λ,χ_dwave,dχdlogT_dwave,χ_pwave,dχdlogT_pwave
11,0.2,0.6180339887498949,0.4487989505128276,0.75,6.131343488272533,6.2199038445083525,2.3360468446434557,3,0.019306977288832506,0.3,[0.3957660138358039 0.0 0.0 0.0; 0.0 0.13194405703415574 -0.06531858676973526 -0.05699268258554147; 0.0 -0.06531858676973545 0.12889353129357436 -0.04526796255516444; 0.0 -0.05699268258554126 -0.04526796255516438 0.1218928911021801],[-0.09870681417521543 0.0 0.0 0.0; 0.0 -0.026206645652884834 0.01817465133295902 0.008373107137138344; 0.0 0.018174651332958907 -0.024144179465482637 0.0017039993064547209; 0.0 0.008373107137138342 0.001703999306454705 -0.017270447802482165],[7.842591659602596e-18 0.0 0.0 0.0; 0.0 0.15991207472204466 0.030702551604157018 -0.041350640571347186; 0.0 0.030702551604157136 0.15186165926433276 -0.008749505467595313; 0.0 -0.0413506405713469 -0.008749505467595542 0.15763503761994146],[-5.634301083768992e-18 0.0 0.0 0.0; 0.0 -0.026381487700536638 -0.003716823844835181 0.006964235611195841; 0.0 -0.0037168238448352475 -0.02206658529882968 0.002208437939437262; 0.0 0.00696423561119587 0.0022084379394372807 -0.027938000691178133]
