L,J,Q,θ,μ,ϕx,ϕy,ϕz,ndims,T,Λ,χ_dwave,dχdlogT_dwave,χ_pwave,dχdlogT_pwave
11,0.5,0.6180339887498949,0.4487989505128276,0.75,4.746388633579302,2.733867409478656,2.7877728154891153,3,0.0026826957952797246,0.3,[0.5687915482217961 0.0 0.0 0.0; 0.0 0.08318518101762809 -0.0333169156560658 -0.03893313589149859; 0.0 -0.03331691565606555 0.09300540977916595 -0.03577505153093662; 0.0 -0.0389331358914987 -0.035775051530936665 0.08919959571119554],[-0.013970540999310553 0.0 0.0 0.0; 0.0 -0.0007448239833358432 0.00046811948764694146 0.000787201848564874; 0.0 0.0004681194876469436 -0.0016287989074239332 -5.947328488920009e-5; 0.0 0.0007872018485648719 -5.9473284889199957e-5 -0.0011264849418476564],[1.7377613107790287e-17 0.0 0.0 0.0; 0.0 0.12834881127766132 -0.026815460630926505 -0.02916822532104529; 0.0 -0.026815460630926508 0.12274571256572754 -0.007591251056538304; 0.0 -0.02916822532104523 -0.007591251056538364 0.10927049422123475],[-2.016201344502497e-18 0.0 0.0 0.0; 0.0 -0.004357468044367809 -0.00343376976961605 0.003005488685095211; 0.0 -0.003433769769616056 -0.0037729122278002333 0.003254594666822578; 0.0 0.0030054886850952047 0.0032545946668225837 -0.002994582916973124]
