L,J,Q,θ,μ,ϕx,ϕy,ϕz,ndims,T,Λ,χ_dwave,dχdlogT_dwave,χ_pwave,dχdlogT_pwave
11,0.25,0.6180339887498949,0.4487989505128276,0.75,4.746388633579302,2.733867409478656,2.7877728154891153,3,0.0019306977288832496,0.3,[1.0837293904928489 0.0 0.0 0.0; 0.0 0.3238890280402648 -0.15831780817558086 -0.10479185373486624; 0.0 -0.15831780817557908 0.2940350040499786 -0.11714219600386006; 0.0 -0.10479185373486642 -0.11714219600386036 0.26260018583052347],[-0.46684044077545794 0.0 0.0 0.0; 0.0 -0.1462384532499366 0.10380765847522198 0.02531042544126035; 0.0 0.10380765847522205 -0.11388342892811192 0.015324284667962354; 0.0 0.025310425441260404 0.015324284667962318 -0.08191685326055502],[4.148288703413689e-17 0.0 0.0 0.0; 0.0 0.40101016863946404 -0.18273349519707457 -0.13044010504024367; 0.0 -0.18273349519707477 0.39167528948021846 0.18549754019944897; 0.0 -0.13044010504024361 0.1854975401994482 0.45469210217617084],[-4.036506437993702e-17 0.0 0.0 0.0; 0.0 -0.15767114354118486 0.07360909730951898 0.08355325035888948; 0.0 0.07360909730951908 -0.1478415802476896 -0.16323203672909495; 0.0 0.08355325035888962 -0.16323203672909511 -0.2133889795788992]
