L,J,Q,θ,μ,ϕx,ϕy,ϕz,ndims,T,Λ,χ_dwave,dχdlogT_dwave,χ_pwave,dχdlogT_pwave
11,0.5,0.6180339887498949,0.4487989505128276,0.75,4.746388633579302,2.733867409478656,2.7877728154891153,3,0.0037275937203149418,0.3,[0.5616280818454047 0.0 0.0 0.0; 0.0 0.0827983811087146 -0.033059519227134196 -0.038577954490372865; 0.0 -0.03305951922713388 0.09210372243579379 -0.03576884212762093; 0.0 -0.03857795449037314 -0.03576884212762096 0.08867272706638367],[-0.030891529701030502 0.0 0.0 0.0; 0.0 -0.0017321320735406054 0.00117844188431818 0.0014041667089480113; 0.0 0.0011784418843181774 -0.004090035530772938 0.000154211141246526; 0.0 0.0014041667089480137 0.00015421114124652602 -0.0021618280996507644],[1.6379279233479097e-17 0.0 0.0 0.0; 0.0 0.12625072591399447 -0.02831112145319312 -0.02783038496338419; 0.0 -0.028311121453193262 0.1209606184098369 -0.006116157247931401; 0.0 -0.027830384963384396 -0.0061161572479314485 0.10787979411830838],[-4.177903084673916e-18 0.0 0.0 0.0; 0.0 -0.008566565199068033 -0.005468815051528633 0.00506737394216649; 0.0 -0.005468815051528602 -0.007219204566822954 0.005677365574236254; 0.0 0.005067373942166481 0.005677365574236243 -0.005519191344760481]
