L,J,Q,θ,μ,ϕx,ϕy,ϕz,ndims,T,Λ,χ_dwave,dχdlogT_dwave,χ_pwave,dχdlogT_pwave
11,0.25,0.6180339887498949,0.4487989505128276,0.75,3.0766046577380743,0.4471779334510794,1.0503382973802378,3,0.013894954943731374,0.3,[0.45676325852261357 0.0 0.0 0.0; 0.0 0.1409464554700715 -0.06770017381959063 -0.054305861336822206; 0.0 -0.0677001738195906 0.12038309724567667 -0.04572712576060498; 0.0 -0.05430586133682202 -0.045727125760604684 0.1244282304051885],[-0.1306681014072653 0.0 0.0 0.0; 0.0 -0.04017138262830825 0.022158299514651706 0.012170836481396906; 0.0 0.022158299514651664 -0.02466979840763353 0.009143008027902924; 0.0 0.012170836481396951 0.009143008027902905 -0.03582166772883899],[-2.3787472642966255e-18 0.0 0.0 0.0; 0.0 0.17574474869688214 -0.019841250078751198 -0.021418674864169852; 0.0 -0.01984125007875134 0.18279085828163863 -0.04165447532737692; 0.0 -0.021418674864169842 -0.041654475327376934 0.18236886770126243],[1.374382909909021e-18 0.0 0.0 0.0; 0.0 -0.04002950744848045 -0.00897195644920114 0.008944906431985882; 0.0 -0.008971956449201086 -0.045962186220697386 0.01785575302082071; 0.0 0.008944906431985858 0.017855753020820677 -0.04102840135819411]
