L,J,Q,θ,μ,ϕx,ϕy,ϕz,ndims,T,Λ,χ_dwave,dχdlogT_dwave,χ_pwave,dχdlogT_pwave
11,1.0,0.6180339887498949,0.4487989505128276,0.75,4.746388633579302,2.733867409478656,2.7877728154891153,3,0.0372759372031494,0.3,[0.27754366808777065 0.0 0.0 0.0; 0.0 0.015520282042699143 -0.004893980518876392 -0.005789964466092782; 0.0 -0.004893980518876408 0.01873575789204735 -0.010550323545478761; 0.0 -0.005789964466092771 -0.010550323545478833 0.02265286635898128],[-0.13245664421072276 0.0 0.0 0.0; 0.0 -0.00418160506859888 0.0009296992371048589 0.0013197257814482487; 0.0 0.0009296992371048601 -0.004919817248516122 0.002495976999990179; 0.0 0.0013197257814482456 0.002495976999990185 -0.006012430243927586],[-2.26203058803872e-18 0.0 0.0 0.0; 0.0 0.020156245345339913 -0.00175583043548856 -0.0013929703499927003; 0.0 -0.0017558304354885668 0.017102598914844242 0.0020116040824330805; 0.0 -0.0013929703499927038 0.002011604082433085 0.015646290323045715],[1.2550854006763865e-18 0.0 0.0 0.0; 0.0 -0.004659909764480843 -7.605494219106719e-5 0.0004242502938509091; 0.0 -7.605494219106603e-5 -0.003773685380140978 -0.0007596633207948065; 0.0 0.0004242502938509114 -0.0007596633207948059 -0.0034428699333446224]
