L,J,Q,θ,μ,ϕx,ϕy,ϕz,ndims,T,Λ,χ_dwave,dχdlogT_dwave,χ_pwave,dχdlogT_pwave
11,0.55,0.6180339887498949,0.4487989505128276,0.75,3.0766046577380743,0.4471779334510794,1.0503382973802378,3,0.0013894954943731374,0.3,[0.7846066390153226 0.0 0.0 0.0; 0.0 0.06641306084753205 -0.03811058934377962 -0.018888052362329398; 0.0 -0.03811058934377983 0.1338529539033018 -0.057367500774810454; 0.0 -0.018888052362329388 -0.05736750077481056 0.08706063197000484],[-0.19347616807835435 0.0 0.0 0.0; 0.0 -0.0038310928998435845 0.008623173391336449 -0.00337479972101554; 0.0 0.008623173391336458 -0.02441044032942386 0.005244370040059548; 0.0 -0.00337479972101556 0.005244370040059534 -0.007398607027081913],[-2.9751594942677865e-17 0.0 0.0 0.0; 0.0 0.16309273322203166 -0.04176564592460787 0.013550828529426745; 0.0 -0.04176564592460793 0.11789539711165002 0.03193408892769849; 0.0 0.01355082852942668 0.03193408892769848 0.12134693277905227],[7.123115714169173e-18 0.0 0.0 0.0; 0.0 -0.029981826964370316 0.004400813770831184 -0.01402289524998533; 0.0 0.004400813770831157 -0.018702309279863733 -0.014785059323873737; 0.0 -0.014022895249985321 -0.014785059323873768 -0.022643246136520714]
