L,J,Q,θ,μ,ϕx,ϕy,ϕz,ndims,T,Λ,χ_dwave,dχdlogT_dwave,χ_pwave,dχdlogT_pwave
11,0.95,0.6180339887498949,0.4487989505128276,0.75,6.131343488272533,6.2199038445083525,2.3360468446434557,3,0.019306977288832506,0.3,[0.38073729561527814 0.0 0.0 0.0; 0.0 0.024092529272315488 -0.01071098306273259 -0.010114474695774813; 0.0 -0.010710983062732606 0.02774382393185498 -0.012319163002506822; 0.0 -0.010114474695774877 -0.012319163002506817 0.03128352450073553],[-0.13490826350921706 0.0 0.0 0.0; 0.0 -0.004084598244735317 0.0032263438629103833 0.0006609744231504446; 0.0 0.003226343862910389 -0.006758729721102965 0.0018056168314730318; 0.0 0.0006609744231504399 0.0018056168314730268 -0.00543641667417188],[1.2329542475833507e-18 0.0 0.0 0.0; 0.0 0.027326274518498374 -0.009621971902870305 0.0013489485964086727; 0.0 -0.00962197190287028 0.028532324187398084 0.0037796251858310498; 0.0 0.0013489485964086716 0.0037796251858310476 0.025529015562916924],[2.541117680553069e-18 0.0 0.0 0.0; 0.0 -0.0046225084466795276 0.004117968457147959 0.0006380028858071316; 0.0 0.004117968457147966 -0.005217586439321976 -0.00040361698715029085; 0.0 0.0006380028858071287 -0.0004036169871502901 -0.004458351267690967]
