L,J,Q,θ,μ,ϕx,ϕy,ϕz,ndims,T,Λ,χ_dwave,dχdlogT_dwave,χ_pwave,dχdlogT_pwave
11,0.75,0.6180339887498949,0.4487989505128276,0.75,3.0608354678845404,3.7478059669165082,5.4204922075902,3,0.0372759372031494,0.3,[0.2974950518859487 0.0 0.0 0.0; 0.0 0.030344280210534168 -0.012713201404364115 -0.014344021542479967; 0.0 -0.012713201404364086 0.036642602089957343 -0.016595545943023298; 0.0 -0.014344021542479936 -0.016595545943023312 0.0391276311433177],[-0.1415572717945947 0.0 0.0 0.0; 0.0 -0.010518575643303687 0.005248867782827447 0.005200681337896647; 0.0 0.005248867782827419 -0.015605894950301053 0.006608003886201462; 0.0 0.005200681337896626 0.00660800388620145 -0.01595658570458228],[6.052338443110727e-18 0.0 0.0 0.0; 0.0 0.0428798062950802 -0.009218653241917252 0.0014778109947636052; 0.0 -0.009218653241917322 0.033602886194852334 0.003510243861511344; 0.0 0.001477810994763623 0.0035102438615113407 0.032228422423088494],[-4.947528007076405e-18 0.0 0.0 0.0; 0.0 -0.01579273879824544 0.004004294800668052 -0.0027398030696644026; 0.0 0.004004294800668073 -0.011306156463813508 -0.0013622076487245117; 0.0 -0.002739803069664388 -0.0013622076487245101 -0.011306218112801468]
