L,J,Q,θ,μ,ϕx,ϕy,ϕz,ndims,T,Λ,χ_dwave,dχdlogT_dwave,χ_pwave,dχdlogT_pwave
11,0.5,0.6180339887498949,0.4487989505128276,0.75,2.0760510342028513,2.1711495157278233,4.576365600082355,3,0.0013894954943731374,0.3,[0.7831433643890231 0.0 0.0 0.0; 0.0 0.12079827219959387 -0.0509536483700463 -0.034607891928541086; 0.0 -0.050953648370046394 0.12331310787815512 -0.06398444758594948; 0.0 -0.03460789192854082 -0.06398444758594965 0.12344301455842667],[-0.07958441760068563 0.0 0.0 0.0; 0.0 -0.015346944798711449 0.012499364986698815 -0.006277485227373437; 0.0 0.01249936498669881 -0.019114066760537618 0.011313861941985274; 0.0 -0.006277485227373433 0.011313861941985283 -0.00883937963925959],[4.332020085391519e-17 0.0 0.0 0.0; 0.0 0.14242242975342595 -0.03540999371041407 -0.020013674042697445; 0.0 -0.03540999371041435 0.14682369933075182 -0.0005604011968159033; 0.0 -0.020013674042697407 -0.0005604011968159047 0.13063490317635992],[-1.7058924923438235e-17 0.0 0.0 0.0; 0.0 -0.004564506066580808 0.00032944446331122275 0.0017870359763183306; 0.0 0.0003294444633112302 -0.007431137709359556 0.005885128264732409; 0.0 0.0017870359763183241 0.005885128264732399 -0.012915412383361741]
