L,J,Q,θ,μ,ϕx,ϕy,ϕz,ndims,T,Λ,χ_dwave,dχdlogT_dwave,χ_pwave,dχdlogT_pwave
11,0.15,0.6180339887498949,0.4487989505128276,0.75,6.131343488272533,6.2199038445083525,2.3360468446434557,3,0.01,0.3,[0.4880833894734276 0.0 0.0 0.0; 0.0 0.1830663075657282 -0.09441767522896348 -0.08213985248174341; 0.0 -0.09441767522896384 0.16830703674677464 -0.048974194455832086; 0.0 -0.08213985248174348 -0.048974194455831954 0.16090251761776628],[-0.1285213880540983 0.0 0.0 0.0; 0.0 -0.05405996272668965 0.03877619488914893 0.01864678772114346; 0.0 0.03877619488914881 -0.0374437714445202 -0.006660288875118422; 0.0 0.018646787721143396 -0.006660288875118414 -0.02498504326731629],[2.203018939165695e-17 0.0 0.0 0.0; 0.0 0.19981982830001851 0.051211475809198034 -0.0414756577827885; 0.0 0.05121147580919813 0.19871542730663827 -0.012311675300178713; 0.0 -0.04147565778278855 -0.012311675300178654 0.20999010331852852],[-1.1820439217515992e-17 0.0 0.0 0.0; 0.0 -0.03187527168123822 -0.007248445627502328 -0.0034764658278936206; 0.0 -0.0072484456275023436 -0.035082010470787225 -0.0005430093867786921; 0.0 -0.0034764658278936228 -0.0005430093867787062 -0.049550108747234076]
