L,J,Q,θ,μ,ϕx,ϕy,ϕz,ndims,T,Λ,χ_dwave,dχdlogT_dwave,χ_pwave,dχdlogT_pwave
11,0.1,0.6180339887498949,0.4487989505128276,0.75,2.0760510342028513,2.1711495157278233,4.576365600082355,3,0.005179474679231213,0.3,[0.6245560593917505 0.0 0.0 0.0; 0.0 0.24498193234100757 -0.1414930366292581 -0.104600473746712; 0.0 -0.1414930366292584 0.23715837321729685 -0.06894377066161479; 0.0 -0.10460047374671214 -0.06894377066161467 0.22985553084920954],[-0.16820188631136476 0.0 0.0 0.0; 0.0 -0.07689011660614596 0.05756935235944929 0.028219763555726245; 0.0 0.05756935235944934 -0.06596776071034123 0.007153459466434073; 0.0 0.02821976355572628 0.0071534594664340685 -0.0644174335187509],[4.494355178454562e-18 0.0 0.0 0.0; 0.0 0.28863873375972476 0.13191678629883594 0.0016565748870185635; 0.0 0.13191678629883613 0.3000455032699318 -0.030246429566292258; 0.0 0.0016565748870185771 -0.030246429566292234 0.3005700690902921],[-1.803746828045175e-18 0.0 0.0 0.0; 0.0 -0.052855904485540964 -0.03665067787843815 -0.03112998042773831; 0.0 -0.036650677878438204 -0.06729220792230362 0.0022899399365962237; 0.0 -0.031129980427738266 0.0022899399365962345 -0.06711319749183034]
