L,J,Q,θ,μ,ϕx,ϕy,ϕz,ndims,T,Λ,χ_dwave,dχdlogT_dwave,χ_pwave,dχdlogT_pwave
11,0.65,0.6180339887498949,0.4487989505128276,0.75,3.0608354678845404,3.7478059669165082,5.4204922075902,3,0.0071968567300115215,0.3,[0.5533481365550209 0.0 0.0 0.0; 0.0 0.05892733012689564 -0.026100317321410695 -0.033111093015344296; 0.0 -0.02610031732141068 0.0810760530556988 -0.03499939556008706; 0.0 -0.03311109301534398 -0.0349993955600868 0.08434048887253316],[-0.13296117852838893 0.0 0.0 0.0; 0.0 -0.011132451507142647 0.007663818563849293 0.008810613676762766; 0.0 0.0076638185638492826 -0.017042676395883707 0.00244020811032008; 0.0 0.008810613676762799 0.002440208110320102 -0.016907294749751993],[-5.9740383694795116e-18 0.0 0.0 0.0; 0.0 0.0978867031320222 -0.020272907706101018 0.012938305077182825; 0.0 -0.02027290770610083 0.075599110448011 0.0009231819586278671; 0.0 0.012938305077182752 0.0009231819586278366 0.07538514048063841],[2.187341123979058e-18 0.0 0.0 0.0; 0.0 -0.015880473390926957 0.0038575286028829973 -0.004886583417284624; 0.0 0.003857528602883008 -0.014803040529715135 -0.004254996679514905; 0.0 -0.004886583417284635 -0.004254996679514908 -0.016255520545052502]
