L,J,Q,θ,μ,ϕx,ϕy,ϕz,ndims,T,Λ,χ_dwave,dχdlogT_dwave,χ_pwave,dχdlogT_pwave
11,0.6,0.6180339887498949,0.4487989505128276,0.75,2.0760510342028513,2.1711495157278233,4.576365600082355,3,0.0372759372031494,0.3,[0.29517467098042166 0.0 0.0 0.0; 0.0 0.039820619594523904 -0.013974693209685876 -0.02000233270404988; 0.0 -0.013974693209685923 0.04285304390425869 -0.019977494661342906; 0.0 -0.020002332704050076 -0.01997749466134295 0.047535997804684704],[-0.13118501823164888 0.0 0.0 0.0; 0.0 -0.014475452308552331 0.005570165505187946 0.007406674385681131; 0.0 0.005570165505187938 -0.01583044094660768 0.006553730260899463; 0.0 0.007406674385681134 0.006553730260899473 -0.01777810429547572],[1.698281702237283e-18 0.0 0.0 0.0; 0.0 0.06047478696875377 -0.009846662264731958 -0.004742840185619831; 0.0 -0.009846662264731982 0.0535893676390593 -9.403787443675384e-5; 0.0 -0.004742840185619841 -9.403787443673326e-5 0.048600461306984914],[-8.235663842159511e-19 0.0 0.0 0.0; 0.0 -0.01897906350636518 0.008327093135502584 -0.0005128947671501709; 0.0 0.008327093135502653 -0.0212426354834959 0.0003605993709443823; 0.0 -0.0005128947671501741 0.000360599370944383 -0.017028547135883393]
