L,J,Q,θ,μ,ϕx,ϕy,ϕz,ndims,T,Λ,χ_dwave,dχdlogT_dwave,χ_pwave,dχdlogT_pwave
11,0.6,0.6180339887498949,0.4487989505128276,0.75,4.746388633579302,2.733867409478656,2.7877728154891153,3,0.0071968567300115215,0.3,[0.5197087846859157 0.0 0.0 0.0; 0.0 0.058400518821505036 -0.017738997530117206 -0.027624755100858128; 0.0 -0.017738997530117147 0.07371503762542331 -0.03854298911625635; 0.0 -0.027624755100858146 -0.03854298911625639 0.07782456708854239],[-0.11978282492894166 0.0 0.0 0.0; 0.0 -0.010388081174406458 -0.0005751983011997534 0.00773764490464527; 0.0 -0.0005751983011997531 -0.01688475443042852 0.010417446328873058; 0.0 0.007737644904645315 0.01041744632887302 -0.018078191502710107],[1.4638523406541955e-17 0.0 0.0 0.0; 0.0 0.1033557162423261 -0.01948966746924512 -0.006682355524925318; 0.0 -0.019489667469245395 0.08966235164280598 -0.006274201980984794; 0.0 -0.006682355524925256 -0.006274201980984737 0.07652053513878278],[-1.1672000414562122e-17 0.0 0.0 0.0; 0.0 -0.029850960800700908 -0.004321273443862018 0.0034401630746668213; 0.0 -0.004321273443862016 -0.02415107202106191 0.01068889167274331; 0.0 0.003440163074666818 0.010688891672743303 -0.013347288321229351]
