L,J,Q,θ,μ,ϕx,ϕy,ϕz,ndims,T,Λ,χ_dwave,dχdlogT_dwave,χ_pwave,dχdlogT_pwave
11,0.25,0.6180339887498949,0.4487989505128276,0.75,3.0608354678845404,3.7478059669165082,5.4204922075902,3,0.07196856730011521,0.3,[0.23714954412658804 0.0 0.0 0.0; 0.0 0.07217308840974065 -0.03024367924758262 -0.03382039234558383; 0.0 -0.03024367924758242 0.06959738166792619 -0.031077776833298217; 0.0 -0.03382039234558396 -0.031077776833298158 0.07385178889157862],[-0.1534461569726874 0.0 0.0 0.0; 0.0 -0.04068264569371046 0.014908774601564036 0.022238446649916255; 0.0 0.014908774601564093 -0.03841763572938795 0.01736767755910471; 0.0 0.022238446649916248 0.01736767755910468 -0.04592355256751853],[1.098093686576379e-17 0.0 0.0 0.0; 0.0 0.10911622018668295 0.006930855757081487 -0.008719932475822848; 0.0 0.00693085575708151 0.1042223768517035 -0.0070695860741439255; 0.0 -0.008719932475822846 -0.007069586074143918 0.09993957173543239],[-8.686171759714242e-18 0.0 0.0 0.0; 0.0 -0.06555541667931837 -0.0038264022982810925 0.006433731308434269; 0.0 -0.003826402298281101 -0.06083341375893677 0.006610223538274722; 0.0 0.006433731308434229 0.006610223538274719 -0.05220098895901496]
