L,J,Q,θ,μ,ϕx,ϕy,ϕz,ndims,T,Λ,χ_dwave,dχdlogT_dwave,χ_pwave,dχdlogT_pwave
11,0.5,0.6180339887498949,0.4487989505128276,0.75,6.131343488272533,6.2199038445083525,2.3360468446434557,3,0.02682695795279726,0.3,[0.3370299011760904 0.0 0.0 0.0; 0.0 0.05788038156543924 -0.02193887585939517 -0.028565736080439587; 0.0 -0.02193887585939519 0.05747679928551518 -0.024949187662307165; 0.0 -0.028565736080439483 -0.024949187662307228 0.0638028212157164],[-0.12013975226733203 0.0 0.0 0.0; 0.0 -0.015210136879503988 0.004399009237430137 0.008804715310525641; 0.0 0.00439900923743015 -0.017189242685400594 0.008070350488000545; 0.0 0.008804715310525658 0.008070350488000578 -0.01960599486464073],[3.914107108589886e-18 0.0 0.0 0.0; 0.0 0.07794433497753282 -0.009738966330334217 -0.011387223102910737; 0.0 -0.009738966330334263 0.07169322728382282 0.0022648014661320833; 0.0 -0.01138722310291059 0.0022648014661320673 0.06443893539114688],[-5.003214566457083e-18 0.0 0.0 0.0; 0.0 -0.01793823291643797 0.009486596371164259 -0.0015856485586107037; 0.0 0.009486596371164228 -0.018640883477059726 -0.0013690197342211676; 0.0 -0.0015856485586107048 -0.0013690197342211764 -0.014502390844929016]
