L,J,Q,θ,μ,ϕx,ϕy,ϕz,ndims,T,Λ,χ_dwave,dχdlogT_dwave,χ_pwave,dχdlogT_pwave
11,0.55,0.6180339887498949,0.4487989505128276,0.75,2.0760510342028513,2.1711495157278233,4.576365600082355,3,0.005179474679231213,0.3,[0.5538467920356918 0.0 0.0 0.0; 0.0 0.0797236214296356 -0.02908257002108849 -0.0348787429377862; 0.0 -0.02908257002108858 0.07607713747915384 -0.03455580818920256; 0.0 -0.03487874293778654 -0.03455580818920249 0.08523606630193027],[-0.12034214028735267 0.0 0.0 0.0; 0.0 -0.02180900785307241 0.006330258512425749 0.0042691129504661965; 0.0 0.0063302585124257625 -0.00995766228784453 0.006804800643214549; 0.0 0.004269112950466208 0.006804800643214558 -0.01351996537477094],[-2.1314540879244003e-18 0.0 0.0 0.0; 0.0 0.09467353471529455 -0.023249501850827057 -0.007529848136593823; 0.0 -0.02324950185082697 0.10789505149717356 -0.0016939923463036477; 0.0 -0.007529848136593808 -0.0016939923463036356 0.08816934936086779],[1.4471297205816671e-18 0.0 0.0 0.0; 0.0 -0.0021459098545463648 0.003073359160515308 -0.0029677914885756474; 0.0 0.003073359160515307 -0.020350367744036733 0.0033787095248583336; 0.0 -0.002967791488575664 0.0033787095248583154 -0.01300133452673067]
