L,J,Q,θ,μ,ϕx,ϕy,ϕz,ndims,T,Λ,χ_dwave,dχdlogT_dwave,χ_pwave,dχdlogT_pwave
11,0.3,0.6180339887498949,0.4487989505128276,0.75,4.746388633579302,2.733867409478656,2.7877728154891153,3,0.0517947467923121,0.3,[0.27966134670777815 0.0 0.0 0.0; 0.0 0.07921444659893216 -0.03492197018468911 -0.03608568250424091; 0.0 -0.034921970184689274 0.07563976967041809 -0.028922856895362566; 0.0 -0.03608568250424101 -0.028922856895362503 0.07505375721573466],[-0.16575505758832199 0.0 0.0 0.0; 0.0 -0.042804955596174483 0.01775355339288998 0.017870285875183953; 0.0 0.017753553392889983 -0.03836034807390256 0.015711118150758582; 0.0 0.01787028587518393 0.015711118150758558 -0.03856475843960676],[2.634638081925698e-18 0.0 0.0 0.0; 0.0 0.10465721924536656 -0.032533464604931894 -0.012647970101501298; 0.0 -0.032533464604931804 0.1027834433444301 -0.004275859584966429; 0.0 -0.012647970101501342 -0.0042758595849664285 0.10213302395442263],[-4.304471964688722e-18 0.0 0.0 0.0; 0.0 -0.0527322385944091 0.02399111460618878 0.013780717492783642; 0.0 0.02399111460618864 -0.05617771792387212 -0.005854484095461557; 0.0 0.013780717492783675 -0.005854484095461525 -0.05758141492490775]
