L,J,Q,θ,μ,ϕx,ϕy,ϕz,ndims,T,Λ,χ_dwave,dχdlogT_dwave,χ_pwave,dχdlogT_pwave
11,0.7,0.6180339887498949,0.4487989505128276,0.75,2.0760510342028513,2.1711495157278233,4.576365600082355,3,0.01,0.3,[0.4806250960188297 0.0 0.0 0.0; 0.0 0.043645741496972014 -0.019002088972706763 -0.019760310071983745; 0.0 -0.019002088972706672 0.05808374071102808 -0.02636916691276427; 0.0 -0.019760310071983655 -0.026369166912764454 0.0580150193635256],[-0.14344123955242138 0.0 0.0 0.0; 0.0 -0.0063289284905808756 0.004985699891748051 0.0021686768786786928; 0.0 0.004985699891748064 -0.018641155025884048 0.009109788934566475; 0.0 0.0021686768786787066 0.009109788934566486 -0.01484372752256112],[-4.31670211018792e-18 0.0 0.0 0.0; 0.0 0.06899842048199203 -0.02630175192198051 0.0015258968557559165; 0.0 -0.026301751921980532 0.06326230724845029 0.0005508888035208041; 0.0 0.0015258968557559276 0.0005508888035208245 0.061318704142084526],[-1.1603071907403746e-18 0.0 0.0 0.0; 0.0 -0.0172882989769366 0.014178950309248617 -0.006702538751178797; 0.0 0.01417895030924864 -0.016747611611911708 0.005304936203276969; 0.0 -0.0067025387511788085 0.0053049362032769765 -0.017270262719783304]
