L,J,Q,θ,μ,ϕx,ϕy,ϕz,ndims,T,Λ,χ_dwave,dχdlogT_dwave,χ_pwave,dχdlogT_pwave
11,0.8,0.6180339887498949,0.4487989505128276,0.75,2.0760510342028513,2.1711495157278233,4.576365600082355,3,0.01,0.3,[0.4815943505889057 0.0 0.0 0.0; 0.0 0.03533754438966607 -0.015704398633218576 -0.014236267444749656; 0.0 -0.015704398633218576 0.04627754278888312 -0.02072980332305719; 0.0 -0.014236267444749744 -0.020729803323057117 0.04557280735398799],[-0.14255180895426534 0.0 0.0 0.0; 0.0 -0.0061743963318773975 0.004113692356822717 0.001994089800777257; 0.0 0.004113692356822672 -0.012848402609511062 0.004633385389048145; 0.0 0.001994089800777256 0.004633385389048149 -0.00923307317028626],[-1.3424206254414578e-18 0.0 0.0 0.0; 0.0 0.05247584650472041 -0.021075676724382524 -0.004055823305047606; 0.0 -0.02107567672438247 0.047073751310660376 0.006040353119040113; 0.0 -0.0040558233050476235 0.006040353119040159 0.047608280489795575],[3.692557355892734e-18 0.0 0.0 0.0; 0.0 -0.011440413713184536 0.008414481540545256 0.004709830163343377; 0.0 0.008414481540545294 -0.01018962862163425 -0.0036880631769582225; 0.0 0.004709830163343435 -0.0036880631769582316 -0.013005616390639903]
