L,J,Q,θ,μ,ϕx,ϕy,ϕz,ndims,T,Λ,χ_dwave,dχdlogT_dwave,χ_pwave,dχdlogT_pwave
11,0.7,0.6180339887498949,0.4487989505128276,0.75,4.746388633579302,2.733867409478656,2.7877728154891153,3,0.0013894954943731374,0.3,[0.8721238700277345 0.0 0.0 0.0; 0.0 0.06090225327690521 -0.015484413887336358 -0.02604312025540034; 0.0 -0.015484413887336335 0.08178023897337414 -0.04227816855407194; 0.0 -0.026043120255400246 -0.04227816855407203 0.0863196308396498],[-0.18951294581973452 0.0 0.0 0.0; 0.0 -0.002489912672415704 4.4508493161381064e-5 0.0005688683510647019; 0.0 4.4508493161375873e-5 -0.009836414123983669 0.00401835774573499; 0.0 0.0005688683510646996 0.004018357745735006 -0.011782465853171435],[1.9711661346373103e-17 0.0 0.0 0.0; 0.0 0.0908653304720278 -0.0020492692507709065 -0.0036024938460425654; 0.0 -0.0020492692507709355 0.07454050427760002 0.0023016630824004955; 0.0 -0.003602493846042597 0.0023016630824004803 0.05678669342637918],[-6.7660832198367576e-18 0.0 0.0 0.0; 0.0 -0.01194539578565536 -0.007788614896137696 -0.0007779251743907787; 0.0 -0.007788614896137675 -0.010246753670172982 -9.264416858688024e-5; 0.0 -0.0007779251743907752 -9.264416858687858e-5 -0.002024263048170085]
