L,J,Q,θ,μ,ϕx,ϕy,ϕz,ndims,T,Λ,χ_dwave,dχdlogT_dwave,χ_pwave,dχdlogT_pwave
11,0.0,0.6180339887498949,0.4487989505128276,0.75,3.0608354678845404,3.7478059669165082,5.4204922075902,3,0.013894954943731374,0.3,[0.45507569598334857 0.0 0.0 0.0; 0.0 0.16332333585220882 -0.06947096909305008 -0.06380761154289012; 0.0 -0.06947096909305009 0.17985018023133692 -0.0994576568103796; 0.0 -0.0638076115428901 -0.09945765681037962 0.1845367450027931],[-0.1161234201234891 0.0 0.0 0.0; 0.0 -0.03577454414013926 0.016237588577712094 0.0018487645848358073; 0.0 0.016237588577712105 -0.056219426261310254 0.04572268478548435; 0.0 0.0018487645848358069 0.04572268478548435 -0.05188442876475505],[-3.336496869797813e-42 0.0 0.0 0.0; 0.0 0.29175236013113975 0.050496079185574715 -0.006679382280882088; 0.0 0.05049607918557474 0.27522551575201176 -0.012821686578456804; 0.0 -0.006679382280882088 -0.01282168657845681 0.2705389509805556],[7.0602191093819725e-43 0.0 0.0 0.0; 0.0 -0.08034887598334987 -0.0009294414634293303 -0.008967991786549615; 0.0 -0.0009294414634293401 -0.05990399386217885 0.0067580146344465635; 0.0 -0.008967991786549608 0.006758014634446563 -0.06423899135873402]
