L,J,Q,θ,μ,ϕx,ϕy,ϕz,ndims,T,Λ,χ_dwave,dχdlogT_dwave,χ_pwave,dχdlogT_pwave
11,1.25,0.6180339887498949,0.4487989505128276,0.75,4.746388633579302,2.733867409478656,2.7877728154891153,3,0.001,0.3,[0.653928170480586 0.0 0.0 0.0; 0.0 0.01571390693777712 -0.003135981191731065 -0.00403193141080958; 0.0 -0.0031359811917310663 0.015210046026171077 -0.005833507545030656; 0.0 -0.0040319314108095685 -0.005833507545030642 0.016652295547338197],[-0.07484704386975422 0.0 0.0 0.0; 0.0 -0.0003218210641010955 -0.0004762910005176351 -7.490376288508117e-5; 0.0 -0.0004762910005176341 -0.0003484920495681005 -5.144933693592155e-5; 0.0 -7.490376288508246e-5 -5.1449336935921934e-5 1.777846928264493e-5],[-1.474673111262033e-18 0.0 0.0 0.0; 0.0 0.01244129149313633 -0.0012536349906908865 -0.0015259226355619044; 0.0 -0.001253634990690888 0.011284727670112009 5.0521937216710696e-6; 0.0 -0.001525922635561903 5.052193721668104e-6 0.012091202005483378],[3.5806126289850166e-18 0.0 0.0 0.0; 0.0 -0.0002365831770016001 -6.909009250984725e-6 2.392506703783834e-5; 0.0 -6.909009250983966e-6 1.8220411484356434e-5 7.195384216029164e-5; 0.0 2.3925067037839363e-5 7.195384216029221e-5 -0.00014745288873774048]
