L,J,Q,θ,μ,ϕx,ϕy,ϕz,ndims,T,Λ,χ_dwave,dχdlogT_dwave,χ_pwave,dχdlogT_pwave
11,1.25,0.6180339887498949,0.4487989505128276,0.75,6.131343488272533,6.2199038445083525,2.3360468446434557,3,0.02682695795279726,0.3,[0.30313841947618664 0.0 0.0 0.0; 0.0 0.01342035290735763 -0.005487599923644022 -0.005841227942036004; 0.0 -0.005487599923644011 0.01430760459264484 -0.006045608426297674; 0.0 -0.0058412279420360135 -0.0060456084262976864 0.017339325723484886],[-0.12222069264915729 0.0 0.0 0.0; 0.0 -0.001526693451083202 0.0003909888424549967 0.001037718152474052; 0.0 0.0003909888424549977 -0.0022682449926015886 0.0009936684745713745; 0.0 0.001037718152474054 0.0009936684745713799 -0.003938109382621634],[-2.675004906356842e-18 0.0 0.0 0.0; 0.0 0.012733962060025616 -0.002489194823160246 -0.00011359663926270012; 0.0 -0.0024891948231602523 0.01425671390473605 0.0018958654569147567; 0.0 -0.00011359663926269897 0.0018958654569147541 0.013041868111898008],[1.9434374116056405e-18 0.0 0.0 0.0; 0.0 -0.0022314973045507993 0.0005048858538294149 5.25560747169833e-5; 0.0 0.0005048858538294141 -0.0018193058958257953 -0.00015031895413688743; 0.0 5.255607471698394e-5 -0.00015031895413688724 -0.0015249426899557302]
