L,J,Q,θ,μ,ϕx,ϕy,ϕz,ndims,T,Λ,χ_dwave,dχdlogT_dwave,χ_pwave,dχdlogT_pwave
11,0.3,0.6180339887498949,0.4487989505128276,0.75,3.0608354678845404,3.7478059669165082,5.4204922075902,3,0.0019306977288832496,0.3,[0.9102606707262021 0.0 0.0 0.0; 0.0 0.19578069657163943 -0.0313161233615884 -0.13153751720136472; 0.0 -0.03131612336158845 0.20937966635704164 -0.12795863763149626; 0.0 -0.13153751720136467 -0.12795863763149606 0.26549704382764683],[-0.28907991472964456 0.0 0.0 0.0; 0.0 -0.04385244944596795 -0.03182100079936306 0.049712444289567885; 0.0 -0.03182100079936314 -0.06255051937771318 0.06290729617513316; 0.0 0.04971244428956783 0.06290729617513315 -0.08464450079636564],[-2.6161249426579355e-17 0.0 0.0 0.0; 0.0 0.3464380723584952 0.08874966636172912 -0.05706479173959955; 0.0 0.08874966636172876 0.3524062141661363 -0.11096609595541797; 0.0 -0.05706479173959938 -0.11096609595541808 0.27691614357243],[1.6886566156722912e-17 0.0 0.0 0.0; 0.0 -0.10474524198638596 -0.07502913698293932 0.0508156797024408; 0.0 -0.07502913698293943 -0.12423967845243915 0.08478076545751029; 0.0 0.050815679702440775 0.08478076545751055 -0.09197551536881612]
