L,J,Q,θ,μ,ϕx,ϕy,ϕz,ndims,T,Λ,χ_dwave,dχdlogT_dwave,χ_pwave,dχdlogT_pwave
11,0.05,0.6180339887498949,0.4487989505128276,0.75,3.0766046577380743,0.4471779334510794,1.0503382973802378,3,0.0037275937203149418,0.3,[0.6409210924041585 0.0 0.0 0.0; 0.0 0.2735598934911251 -0.15339092996716508 -0.0910952646581007; 0.0 -0.1533909299671651 0.2659559373958304 -0.07694119714813229; 0.0 -0.0910952646581007 -0.07694119714813229 0.19126412935459572],[-0.10114464770382767 0.0 0.0 0.0; 0.0 -0.050919406847476055 0.03733303902637397 0.005273694144807491; 0.0 0.03733303902637396 -0.04348056369603639 0.00020441501734970932; 0.0 0.005273694144807494 0.00020441501734970522 -0.004783020241581299],[2.2597267698070304e-17 0.0 0.0 0.0; 0.0 0.35009198496454297 -0.10677391010552954 0.07738053074884298; 0.0 -0.10677391010552953 0.3450966082336318 -0.09799830031880333; 0.0 0.07738053074884298 -0.09799830031880337 0.4188212413654869],[-3.626687035915356e-18 0.0 0.0 0.0; 0.0 -0.046973487914484816 0.021117905203648788 -0.04119224608223278; 0.0 0.02111790520364879 -0.05272123009129479 -0.0013024654587536924; 0.0 -0.04119224608223277 -0.0013024654587536933 -0.09032920982409391]
