L,J,Q,θ,ϕx,ϕy,ϕz,ndims,T,χ,dχdlogT,Λ
23,0.25,0.6180339887498949,0.4487989505128276,4.439427892322912,0.859058061415959,0.5074784174426545,3,0.006723357536499335,[0.5522877455670718 0.0 0.0 0.0; 0.0 0.12174722640084021 -0.04757596225081751 -0.04839967308867722; 0.0 -0.04757596225081526 0.12186654727377313 -0.04846209079210994; 0.0 -0.04839967308867524 -0.0484620907921133 0.1224185888404435],[-0.13941100777465754 0.0 0.0 0.0; 0.0 -0.006374999471494663 -0.000314178116029546 0.0002857992116064739; 0.0 -0.00031417811602956006 -0.0061834099570600475 8.501232705932075e-5; 0.0 0.00028579921160644807 8.501232705932051e-5 -0.006561700007882939],0.3
