L,J,Q,θ,ϕx,ϕy,ϕz,ndims,T,χ,dχdlogT,Λ
23,0.1,0.6180339887498949,0.4487989505128276,4.439427892322912,0.859058061415959,0.5074784174426545,3,0.004893900918477494,[0.5891784146544387 0.0 0.0 0.0; 0.0 0.21507023785654764 -0.0939477439430329 -0.09337303455560855; 0.0 -0.09394774394303287 0.21806400581202587 -0.09590315735254917; 0.0 -0.09337303455560957 -0.09590315735254776 0.21735943208002093],[-0.1304705920559012 0.0 0.0 0.0; 0.0 -0.027493760970905237 0.010923945328812959 0.01034295075617942; 0.0 0.010923945328812816 -0.028812580917524953 0.011779590084603003; 0.0 0.010342950756179867 0.011779590084603315 -0.028009707798816046],0.3
