L,J,Q,θ,ϕx,ϕy,ϕz,ndims,T,χ,dχdlogT,Λ
23,0.25,0.6180339887498949,0.4487989505128276,4.439427892322912,0.859058061415959,0.5074784174426545,3,0.03290344562312668,[0.33032609677843794 0.0 0.0 0.0; 0.0 0.09692342583259597 -0.04036686137873092 -0.04101550569226943; 0.0 -0.04036686137873418 0.09659503252730131 -0.04072665216868206; 0.0 -0.041015505692265995 -0.04072665216868308 0.09725486621092923],[-0.14082102380976272 0.0 0.0 0.0; 0.0 -0.027728148165425497 0.010444272560528349 0.010883323583229462; 0.0 0.010444272560528446 -0.027615184241283352 0.010783834654958727; 0.0 0.010883323583230044 0.010783834654959691 -0.02807332386356487],0.3
