L,J,Q,θ,ϕx,ϕy,ϕz,ndims,T,χ,dχdlogT,Λ
17,1.0,0.6180339887498949,0.4487989505128276,3.6540229264158075,2.230154543646478,5.566754032719168,3,5.298316906283709,[0.046195450691667375 0.0 0.0 0.0; 0.0 0.022939365130160483 -0.00025314773811397967 -0.0002531223420913613; 0.0 -0.0002531477381140441 0.022936521145150386 -0.00025313561168507155; 0.0 -0.00025312234209146686 -0.00025313561168501046 0.022936367540076528],[-0.04432875864520145 0.0 0.0 0.0; 0.0 -0.021713678796076448 0.0007106177272365473 0.0007104978620065926; 0.0 0.0007106177272357717 -0.021705413356585775 0.0007105588801233611; 0.0 0.0007104978620068697 0.000710558880123281 -0.02170505564779187],0.3
