L,J,Q,θ,ϕx,ϕy,ϕz,ndims,T,χ,dχdlogT,Λ
17,4.0,0.6180339887498949,0.4487989505128276,0.5824189580491075,3.6210180471944162,3.460397614679707,3,3.856620421163471,[0.0571735626103761 0.0 0.0 0.0; 0.0 0.025818400106918854 -0.0003950361556568483 -0.00039753380783875015; 0.0 -0.00039503615565701357 0.025772578113290784 -0.00039603154499194673; 0.0 -0.00039753380783924037 -0.0003960315449918907 0.025757680543718714],[-0.046004754770979976 0.0 0.0 0.0; 0.0 -0.016768197464285407 0.0008087706355988606 0.0008187811278830624; 0.0 0.0008087706355992626 -0.016681102578266625 0.0008134992336184302; 0.0 0.0008187811278833303 0.0008134992336182917 -0.01666708057178226],0.3
