L,J,Q,θ,ϕx,ϕy,ϕz,ndims,T,χ,dχdlogT,Λ
17,0.7,0.6180339887498949,0.4487989505128276,1.58613121749902,6.272471583936918,1.2663383650493674,3,0.0013738237958832624,[1.0477381027928123 0.0 0.0 0.0; 0.0 0.17273529492358916 -0.047439111607374636 -0.04644929123322221; 0.0 -0.04743911160737968 0.1729064429775408 -0.04690343636573748; 0.0 -0.046449291233225005 -0.04690343636573953 0.171923064176546],[-0.12266459254056994 0.0 0.0 0.0; 0.0 1.9316023009704408e-5 -6.108927090055437e-5 4.8042913504885544e-5; 0.0 -6.108927090055592e-5 5.375317388005363e-5 4.097023375894919e-7; 0.0 4.804291350488361e-5 4.09702337590045e-7 -5.443828588709759e-5],0.3
0.3
