L,J,Q,θ,ϕx,ϕy,ϕz,ndims,T,χ,dχdlogT,Λ
17,0.7,0.6180339887498949,0.4487989505128276,1.3671401970101145,1.80299839676772,1.5291577654657318,3,0.009236708571873866,[0.8125655714195329 0.0 0.0 0.0; 0.0 0.17364455382678243 -0.04755907775110504 -0.04678505917764667; 0.0 -0.04755907775109951 0.1721347235707577 -0.04630807647090469; 0.0 -0.04678505917764085 -0.046308076470910585 0.17164396158645673],[-0.13507180088776913 0.0 0.0 0.0; 0.0 -0.00021632321390856985 0.00013175745030657432 5.7493382152573556e-5; 0.0 0.0001317574503065701 -0.000255793134663982 0.00012169916568552188; 0.0 5.7493382152562036e-5 0.00012169916568551144 -0.00015943081370561014],0.3
