L,J,Q,θ,ϕx,ϕy,ϕz,ndims,T,χ,dχdlogT,Λ
17,0.0,0.6180339887498949,0.4487989505128276,1.3671401970101145,1.80299839676772,1.5291577654657318,3,0.41753189365604015,[0.3117935348984044 0.0 0.0 0.0; 0.0 0.14725391092447918 -0.03353913916999857 -0.03353913890476608; 0.0 -0.033539139169998594 0.14725385664873653 -0.03353913098456468; 0.0 -0.03353913890476608 -0.03353913098456468 0.14725385483928755],[-0.1422519624584885 0.0 0.0 0.0; 0.0 -0.06207673087916316 0.027809211921553386 0.027809212006716776; 0.0 0.027809211921553386 -0.06207615166229808 0.02780921542696365; 0.0 0.02780921200671678 0.02780921542696365 -0.062076132334607514],0.3
