L,J,Q,θ,ϕx,ϕy,ϕz,ndims,T,χ,dχdlogT,Λ
17,4.0,0.6180339887498949,0.4487989505128276,2.2750170878289144,4.006470792403746,0.8682898873624744,3,0.11721022975334802,[0.2667973018272154 0.0 0.0 0.0; 0.0 0.048953085276139535 -0.0030603991473615666 -0.00332489694678121; 0.0 -0.0030603991473614517 0.04848314496893007 -0.0034760201535925504; 0.0 -0.0033248969467810255 -0.0034760201535913643 0.04846469153630455],[-0.06163585654841898 0.0 0.0 0.0; 0.0 -0.0012967121023046708 3.8842699397690294e-5 0.0002816733798978722; 0.0 3.884269939766828e-5 -0.0012819586623415008 0.00022747356141325145; 0.0 0.000281673379897902 0.00022747356141326896 -0.0013577439545499866],0.3
