L,J,Q,θ,ϕx,ϕy,ϕz,ndims,T,χ,dχdlogT,Λ
17,1.0,0.6180339887498949,0.4487989505128276,0.5824189580491075,3.6210180471944162,3.460397614679707,3,10.0,[0.02484664308351799 0.0 0.0 0.0; 0.0 0.012398043875353064 -4.045700947953365e-5 -4.045444261192352e-5; 0.0 -4.045700947966867e-5 0.012397782453272907 -4.045508339412329e-5; 0.0 -4.045444261223928e-5 -4.045508339435908e-5 0.012397873443091787],[-0.024545146973315998 0.0 0.0 0.0; 0.0 -0.012197913612793895 0.00011902172535969387 0.00011900909430557307; 0.0 0.00011902172536005513 -0.012197144645184801 0.00011901223433741619; 0.0 0.00011900909430556017 0.00011901223433756299 -0.012197408445506128],0.3
