L,J,Q,θ,ϕx,ϕy,ϕz,ndims,T,χ,dχdlogT,Λ
17,4.0,0.6180339887498949,0.4487989505128276,3.987896328640644,0.8322445068480063,2.6861514505489708,3,1.0826367338740543,[0.12761114054846773 0.0 0.0 0.0; 0.0 0.041540247924773455 -0.0019004093417308604 -0.0018883693293001555; 0.0 -0.0019004093417309621 0.04129003991261359 -0.0019527982732310929; 0.0 -0.0018883693292997016 -0.0019527982732292011 0.041026374451277964],[-0.060825629377004795 0.0 0.0 0.0; 0.0 -0.006627087706800633 0.001028340195928235 0.001032167883336747; 0.0 0.0010283401959282831 -0.0064120690247267366 0.0011470738014785363; 0.0 0.0010321678833364273 0.001147073801478467 -0.00634824066947804],0.3
