L,J,Q,θ,ϕx,ϕy,ϕz,ndims,T,χ,dχdlogT,Λ
17,0.2,0.6180339887498949,0.4487989505128276,6.0932096011301455,2.6992127513822024,0.2863842222811503,3,0.0013738237958832624,[1.0934346433194484 0.0 0.0 0.0; 0.0 0.30703561013170233 -0.11230562271918842 -0.11173586922799573; 0.0 -0.11230562271917768 0.31050497720014 -0.11516191984469491; 0.0 -0.11173586922796046 -0.11516191984468462 0.3101360159500916],[-0.13525966366686382 0.0 0.0 0.0; 0.0 0.0006791583155113877 8.839801008844446e-5 -0.0007776597529967066; 0.0 8.839801008843863e-5 -0.0008683135531325943 0.0007887369364636856; 0.0 -0.0007776597529967017 0.0007887369364636849 -1.0795779255582476e-5],0.3
