L,J,Q,θ,ϕx,ϕy,ϕz,ndims,T,χ,dχdlogT,Λ
17,0.2,0.6180339887498949,0.4487989505128276,1.58613121749902,6.272471583936918,1.2663383650493674,3,0.009236708571873866,[0.8836583535009473 0.0 0.0 0.0; 0.0 0.2958745000914157 -0.10553420989573005 -0.10790921736800936; 0.0 -0.10553420989572035 0.3022578332766889 -0.11308860076207797; 0.0 -0.10790921736799447 -0.11308860076208273 0.30410075441881756],[-0.16319756187896747 0.0 0.0 0.0; 0.0 -0.009481234998380841 0.004803005309736501 0.0047166394430720685; 0.0 0.00480300530973607 -0.012218164736348824 0.007377035085887645; 0.0 0.004716639443071933 0.007377035085886774 -0.012104724878871665],0.3
