L,J,Q,θ,ϕx,ϕy,ϕz,ndims,T,χ,dχdlogT,Λ
17,0.7,0.6180339887498949,0.4487989505128276,1.5158078287217425,4.901191387130327,2.9168282193752284,3,0.0853167852417281,[0.5127878117656931 0.0 0.0 0.0; 0.0 0.16561598236578134 -0.0437938864223451 -0.04337044664081984; 0.0 -0.04379388642232602 0.16573426489408963 -0.043553644936678404; 0.0 -0.04337044664080599 -0.0435536449366833 0.1654772444843829],[-0.13431396677126653 0.0 0.0 0.0; 0.0 -0.009940306776258026 0.004940480581283025 0.0047584492431805405; 0.0 0.00494048058128298 -0.01012342095528472 0.00490222984410502; 0.0 0.004758449243179179 0.004902229844105929 -0.009899326414595679],0.3
