L,J,Q,θ,ϕx,ϕy,ϕz,ndims,T,χ,dχdlogT,Λ
17,0.2,0.6180339887498949,0.4487989505128276,1.3671401970101145,1.80299839676772,1.5291577654657318,3,0.04520353656360243,[0.6254421605393649 0.0 0.0 0.0; 0.0 0.2580042497309715 -0.08736673164308069 -0.08731863244535489; 0.0 -0.08736673164306318 0.25837839230776793 -0.0880808408450862; 0.0 -0.08731863244536851 -0.08808084084510244 0.258244266168648],[-0.1403052167749221 0.0 0.0 0.0; 0.0 -0.03823793067426372 0.01910360931933669 0.018897405750434172; 0.0 0.01910360931933442 -0.03882014161663254 0.019702736371088676; 0.0 0.018897405750438502 0.019702736371087957 -0.03858739605018016],0.3
