L,J,Q,θ,ϕx,ϕy,ϕz,ndims,T,χ,dχdlogT,Λ
17,0.7,0.6180339887498949,0.4487989505128276,3.987896328640644,0.8322445068480063,2.6861514505489708,3,0.5736152510448679,[0.2582154081116099 0.0 0.0 0.0; 0.0 0.11487516738103973 -0.02057548114128077 -0.020554685138948564; 0.0 -0.020575481141278083 0.11475788523893346 -0.020558571818145903; 0.0 -0.020554685138939217 -0.020558571818146573 0.11470540690101237],[-0.13152337754262258 0.0 0.0 0.0; 0.0 -0.045723834266916376 0.018237069147928605 0.018214698032913736; 0.0 0.018237069147937875 -0.04552587201790535 0.018175069931189704; 0.0 0.018214698032914207 0.01817506993119104 -0.04545171387401253],0.3
