L,J,Q,θ,ϕx,ϕy,ϕz,ndims,T,χ,dχdlogT,Λ
17,0.0,0.6180339887498949,0.4487989505128276,1.58613121749902,6.272471583936918,1.2663383650493674,3,3.856620421163471,[0.06283760313513834 0.0 0.0 0.0; 0.0 0.03126587200573607 -0.0006260746163903195 -0.0006260746163903091; 0.0 -0.0006260746163903191 0.03126587200573613 -0.000626074616390318; 0.0 -0.0006260746163903049 -0.0006260746163903186 0.031265872005736155],[-0.05920607572007829 0.0 0.0 0.0; 0.0 -0.02919235294712309 0.0017062796659697563 0.001706279665969769; 0.0 0.0017062796659697641 -0.029192352947123072 0.0017062796659697925; 0.0 0.0017062796659697674 0.00170627966596979 -0.029192352947123083],0.3
