L,J,Q,θ,ϕx,ϕy,ϕz,ndims,T,χ,dχdlogT,Λ
17,0.7,0.6180339887498949,0.4487989505128276,1.58613121749902,6.272471583936918,1.2663383650493674,3,0.06210169418915616,[0.5554703236722692 0.0 0.0 0.0; 0.0 0.16797490831834466 -0.04474374094694738 -0.0447105751275784; 0.0 -0.04474374094695183 0.16827979303422402 -0.04516412668628704; 0.0 -0.044710575127571574 -0.045164126686289593 0.16857206414129486],[-0.1340750030435287 0.0 0.0 0.0; 0.0 -0.0062002703648554765 0.0030269848778375695 0.0030123456519662297; 0.0 0.003026984877837082 -0.006442970365722445 0.0032842941571472276; 0.0 0.003012345651966205 0.00328429415714702 -0.0063982862712355535],0.3
0.3
