L,J,Q,θ,ϕx,ϕy,ϕz,ndims,T,χ,dχdlogT,Λ
17,0.7,0.6180339887498949,0.4487989505128276,0.5937049316544528,5.808174641350516,4.5042909023701085,3,0.001,[1.11415223991699 0.0 0.0 0.0; 0.0 0.17260201846407378 -0.047315840548740315 -0.04662593140281711; 0.0 -0.047315840548747795 0.17268827379266652 -0.04693433127439056; 0.0 -0.04662593140281861 -0.04693433127437902 0.17221930602153956],[-0.14044616180432914 0.0 0.0 0.0; 0.0 -0.00010378598312579126 7.53940786488943e-5 1.2661653603860507e-5; 0.0 7.539407864889429e-5 -5.1338917505228154e-5 -2.2821609753164915e-5; 0.0 1.266165360386066e-5 -2.2821609753164244e-5 1.1927004143833056e-5],0.3
