L,J,Q,θ,ϕx,ϕy,ϕz,ndims,T,χ,dχdlogT,Λ
17,0.2,0.6180339887498949,0.4487989505128276,0.5937049316544528,5.808174641350516,4.5042909023701085,3,1.4873521072935114,[0.14374337814047083 0.0 0.0 0.0; 0.0 0.07034212997706538 -0.006086982356506553 -0.006086764054702997; 0.0 -0.006086982356508064 0.0703426289118909 -0.00608679629446614; 0.0 -0.006086764054701693 -0.006086796294466249 0.07034212863298576],[-0.11085060869056208 0.0 0.0 0.0; 0.0 -0.052455864509354265 0.011899792764525047 0.011898994734160506; 0.0 0.011899792764524832 -0.05245709535658432 0.011899125813097704; 0.0 0.011898994734160201 0.011899125813100429 -0.05245581744579551],0.3
