L,J,Q,θ,ϕx,ϕy,ϕz,ndims,T,χ,dχdlogT,Λ
17,0.7,0.6180339887498949,0.4487989505128276,0.975433469066235,2.1003823359897447,5.9587063662815645,3,10.0,[0.0248618659300592 0.0 0.0 0.0; 0.0 0.012413200431344626 -4.057332111468259e-5 -4.057358184814823e-5; 0.0 -4.0573321114891946e-5 0.012413183290451974 -4.0573628173682185e-5; 0.0 -4.057358184767126e-5 -4.057362817360257e-5 0.012413342414272376],[-0.024589946146954752 0.0 0.0 0.0; 0.0 -0.01224259927436872 0.0001195916577215502 0.00011959294547342032; 0.0 0.00011959165772192875 -0.01224254840860603 0.00011959317087070844; 0.0 0.00011959294547273595 0.0001195931708708105 -0.012243021817908784],0.3
