L,J,Q,θ,ϕx,ϕy,ϕz,ndims,T,χ,dχdlogT,Λ
17,0.0,0.6180339887498949,0.4487989505128276,0.5824189580491075,3.6210180471944162,3.460397614679707,3,1.0826367338740543,[0.18159607674833658 0.0 0.0 0.0; 0.0 0.08832894978583146 -0.01082994188585345 -0.010829941885857536; 0.0 -0.010829941885853444 0.08832894978581966 -0.010829941885853775; 0.0 -0.01082994188585753 -0.010829941885853768 0.08832894978583279],[-0.1253184419928973 0.0 0.0 0.0; 0.0 -0.05864937597891276 0.017596420046023166 0.017596420046007616; 0.0 0.017596420046023166 -0.058649375978592884 0.017596420046021837; 0.0 0.01759642004600761 0.017596420046021837 -0.05864937597894199],0.3
