L,J,Q,θ,ϕx,ϕy,ϕz,ndims,T,χ,dχdlogT,Λ
17,0.2,0.6180339887498949,0.4487989505128276,2.2750170878289144,4.006470792403746,0.8682898873624744,3,1.4873521072935114,[0.14374502375744508 0.0 0.0 0.0; 0.0 0.07034479627313381 -0.006087324631305203 -0.006087252913265117; 0.0 -0.006087324631304764 0.07034208066725611 -0.006086908136475164; 0.0 -0.006087252913262981 -0.006086908136475052 0.0703432628373211],[-0.11085329288410727 0.0 0.0 0.0; 0.0 -0.05246168838573646 0.011900734035107744 0.011900527445200156; 0.0 0.011900734035109413 -0.05245501096595029 0.011899245875895364; 0.0 0.011900527445199703 0.011899245875898365 -0.05245782977540565],0.3
