L,J,Q,θ,ϕx,ϕy,ϕz,ndims,T,χ,dχdlogT,Λ
17,0.7,0.6180339887498949,0.4487989505128276,4.807809368381942,3.1113017193440307,6.201095363476918,3,0.0018873918221350976,[1.0368539346626264 0.0 0.0 0.0; 0.0 0.17367139708312798 -0.04729504368237006 -0.0475931295271053; 0.0 -0.0472950436823678 0.17267602100523688 -0.04695180035839003; 0.0 -0.04759312952711386 -0.046951800358391346 0.17323548001565653],[-0.14924361186959503 0.0 0.0 0.0; 0.0 -7.042247318064613e-5 7.38090164388123e-5 -6.65844426951137e-6; 0.0 7.380901643881306e-5 -9.669652333211767e-5 -1.1138212519669254e-5; 0.0 -6.6584442695109235e-6 -1.113821251967157e-5 3.268910800005379e-5],0.3
