L,J,Q,θ,ϕx,ϕy,ϕz,ndims,T,χ,dχdlogT,Λ
17,1.0,0.6180339887498949,0.4487989505128276,1.5158078287217425,4.901191387130327,2.9168282193752284,3,10.0,[0.02484630681677166 0.0 0.0 0.0; 0.0 0.012397762043951085 -4.045096860615077e-5 -4.0451086570521554e-5; 0.0 -4.0450968606362097e-5 0.012397775317813489 -4.045234558323361e-5; 0.0 -4.0451086570886306e-5 -4.045234558314781e-5 0.012397379488012384],[-0.024544160019553167 0.0 0.0 0.0; 0.0 -0.012197082119665305 0.00011899209708514288 0.0001189927095393615; 0.0 0.00011899209708456115 -0.012197122562515053 0.0001189988976614852; 0.0 0.00011899270953935976 0.0001189988976613175 -0.012195952886798206],0.3
