L,J,Q,θ,ϕx,ϕy,ϕz,ndims,T,χ,dχdlogT,Λ
17,0.0,0.6180339887498949,0.4487989505128276,0.7233906048363254,1.6829337341980497,0.2497552779680679,3,0.002592943797404667,[1.0788898206744675 0.0 0.0 0.0; 0.0 0.42944064130346227 -0.18958369446465853 -0.15535103099959935; 0.0 -0.18958369446465853 0.47287796973804264 -0.20003785022762496; 0.0 -0.15535103099959943 -0.20003785022762502 0.43820881729435285],[-0.18473603369031416 0.0 0.0 0.0; 0.0 -0.06230043321030002 0.036819672021910825 0.02550956680866198; 0.0 0.03681967202191081 -0.06713770535783008 0.030237918974697096; 0.0 0.025509566808661996 0.0302379189746971 -0.055696900904139514],0.3
