L,J,Q,θ,ϕx,ϕy,ϕz,ndims,T,χ,dχdlogT,Λ
17,2.0,0.6180339887498949,0.4487989505128276,6.0932096011301455,2.6992127513822024,0.2863842222811503,3,0.0018873918221350976,[0.7875715802678526 0.0 0.0 0.0; 0.0 0.08758885971780424 -0.012894550107273662 -0.012997722911048412; 0.0 -0.01289455010727606 0.08679569477281826 -0.01282657533336429; 0.0 -0.0129977229110466 -0.012826575333362076 0.08803819022171998],[-0.0956656631553475 0.0 0.0 0.0; 0.0 -1.700354200824756e-5 -2.6602827242950126e-5 2.304470604173626e-5; 0.0 -2.6602827242951095e-5 3.228125611017846e-5 -8.345239200037399e-6; 0.0 2.304470604173478e-5 -8.345239200037225e-6 -1.1470203757111573e-5],0.3
