L,J,Q,θ,ϕx,ϕy,ϕz,ndims,T,χ,dχdlogT,Λ
17,4.0,0.6180339887498949,0.4487989505128276,1.5158078287217425,4.901191387130327,2.9168282193752284,3,1.4873521072935114,[0.10919256844431306 0.0 0.0 0.0; 0.0 0.0392518595067546 -0.001581956080107998 -0.0015883239550306648; 0.0 -0.0015819560801083655 0.03940612810269127 -0.0016032854704179113; 0.0 -0.0015883239550306023 -0.0016032854704184035 0.0394448435014423],[-0.06063589832793351 0.0 0.0 0.0; 0.0 -0.01004016268806498 0.0013900715263933112 0.0014098709059971945; 0.0 0.0013900715263934873 -0.010093192982495005 0.0014641830133350765; 0.0 0.0014098709059971065 0.0014641830133353755 -0.010339363629347512],0.3
