L,J,Q,θ,ϕx,ϕy,ϕz,ndims,T,χ,dχdlogT,Λ
17,1.0,0.6180339887498949,0.4487989505128276,3.987896328640644,0.8322445068480063,2.6861514505489708,3,0.03290344562312668,[0.6118274361211739 0.0 0.0 0.0; 0.0 0.13896547513695492 -0.031935009991896246 -0.031968695295953226; 0.0 -0.03193500999190349 0.13968141384434152 -0.03325526409374266; 0.0 -0.031968695295951845 -0.03325526409374424 0.139600885856525],[-0.12700907987962973 0.0 0.0 0.0; 0.0 -0.0007727409466711749 0.0003567187956812163 0.00037032056389432207; 0.0 0.00035671879568123575 -0.0008709368833187456 0.000467261418494649; 0.0 0.0003703205638943203 0.0004672614184947938 -0.0008760994639169075],0.3
