L,J,Q,θ,ϕx,ϕy,ϕz,ndims,T,χ,dχdlogT,Λ
17,2.0,0.6180339887498949,0.4487989505128276,3.987896328640644,0.8322445068480063,2.6861514505489708,3,0.06210169418915616,[0.4432893216069367 0.0 0.0 0.0; 0.0 0.0864763255200374 -0.012881507456102375 -0.012585073923157658; 0.0 -0.012881507456100913 0.0870659053225683 -0.013026976818995664; 0.0 -0.012585073923154897 -0.013026976818994514 0.08676432531980495],[-0.10156290358272403 0.0 0.0 0.0; 0.0 -0.0008247411701993654 0.00034453290898643396 0.00028446496862429856; 0.0 0.0003445329089864041 -0.0008147057003846557 0.00023918780924736134; 0.0 0.0002844649686243293 0.0002391878092472714 -0.0007397320066066717],0.3
