L,J,Q,θ,ϕx,ϕy,ϕz,ndims,T,χ,dχdlogT,Λ
17,0.0,0.6180339887498949,0.4487989505128276,2.2750170878289144,4.006470792403746,0.8682898873624744,3,0.06210169418915616,[0.584568301634817 0.0 0.0 0.0; 0.0 0.2623010426273012 -0.08979955676687207 -0.08914382003303101; 0.0 -0.08979955676687207 0.2622849931444342 -0.08913404683316782; 0.0 -0.08914382003303105 -0.08913404683316781 0.2619390346307267],[-0.14482899560079615 0.0 0.0 0.0; 0.0 -0.06076522119787041 0.03082114679928265 0.02990637492005745; 0.0 0.030821146799282655 -0.06069670141025949 0.029842417934116388; 0.0 0.029906374920057443 0.0298424179341164 -0.060126114758768764],0.3
