L,J,Q,θ,ϕx,ϕy,ϕz,ndims,T,χ,dχdlogT,Λ
17,0.7,0.6180339887498949,0.4487989505128276,4.807809368381942,3.1113017193440307,6.201095363476918,3,0.16102620275609392,[0.42734280536144137 0.0 0.0 0.0; 0.0 0.1556548957043606 -0.03861015724137837 -0.0391388036930228; 0.0 -0.03861015724136167 0.15601987097019365 -0.039206136406786295; 0.0 -0.03913880369302085 -0.03920613640678759 0.15662986943833912],[-0.13405709139808916 0.0 0.0 0.0; 0.0 -0.01987616873430862 0.009339387137304155 0.009758290035540768; 0.0 0.009339387137306733 -0.020070977906742615 0.00983675939174582; 0.0 0.009758290035541501 0.009836759391743614 -0.020504991625597532],0.3
