L,J,Q,θ,ϕx,ϕy,ϕz,ndims,T,χ,dχdlogT,Λ
17,0.7,0.6180339887498949,0.4487989505128276,1.58613121749902,6.272471583936918,1.2663383650493674,3,0.2212216291070449,[0.38511693731286367 0.0 0.0 0.0; 0.0 0.1493876158405313 -0.03577591875526912 -0.03566936736913036; 0.0 -0.03577591875528044 0.14893710287671408 -0.03566134943288244; 0.0 -0.035669367369127014 -0.035661349432886444 0.14948206825665072],[-0.13415339528697337 0.0 0.0 0.0; 0.0 -0.02691774388980668 0.012614705322344044 0.012658311636899287; 0.0 0.01261470532234347 -0.02667528787543656 0.012574515977613238; 0.0 0.01265831163690129 0.012574515977613093 -0.026982982588542696],0.3
