L,J,Q,θ,ϕx,ϕy,ϕz,ndims,T,χ,dχdlogT,Λ
17,1.0,0.6180339887498949,0.4487989505128276,3.987896328640644,0.8322445068480063,2.6861514505489708,3,0.7880462815669912,[0.21122868278726106 0.0 0.0 0.0; 0.0 0.09281134263998911 -0.01282459301975686 -0.01285329848182501; 0.0 -0.012824593019757042 0.09276449855199506 -0.012979299289945135; 0.0 -0.01285329848183287 -0.012979299289947684 0.09283536698940675],[-0.12016540194316147 0.0 0.0 0.0; 0.0 -0.039949257037777526 0.013542835235278657 0.013611446659607; 0.0 0.013542835235275774 -0.039953444126318016 0.013870073967271234; 0.0 0.013611446659606013 0.013870073967272762 -0.04001437501285425],0.3
