L,J,Q,θ,ϕx,ϕy,ϕz,ndims,T,χ,dχdlogT,Λ
17,1.0,0.6180339887498949,0.4487989505128276,4.766650603471789,2.653599571286135,4.677318418403104,3,0.0013738237958832624,[1.0336904539923937 0.0 0.0 0.0; 0.0 0.13926278676220757 -0.032826640366475285 -0.032188680972019504; 0.0 -0.032826640366463114 0.13971804032814464 -0.03222709329364024; 0.0 -0.03218868097202747 -0.03222709329364411 0.13944916446928426],[-0.14218962103493615 0.0 0.0 0.0; 0.0 -3.745925765596763e-5 6.33055970200561e-5 -2.1677451482065996e-5; 0.0 6.330559702005747e-5 -6.722529145383533e-5 1.0777217128487163e-6; 0.0 -2.1677451482066596e-5 1.077721712849004e-6 2.536226785954553e-5],0.3
