L,J,Q,θ,ϕx,ϕy,ϕz,ndims,T,χ,dχdlogT,Λ
17,4.0,0.6180339887498949,0.4487989505128276,0.5824189580491075,3.6210180471944162,3.460397614679707,3,0.30391953823131973,[0.2104994259386223 0.0 0.0 0.0; 0.0 0.04747253881931093 -0.0026833942546040396 -0.0032126382195968852; 0.0 -0.0026833942546042786 0.04705356590839692 -0.0030990943281834823; 0.0 -0.0032126382195965374 -0.003099094328182849 0.047297747647208906],[-0.06437178922156937 0.0 0.0 0.0; 0.0 -0.002466889473227299 0.00021318507897030288 0.0005457528344500881; 0.0 0.00021318507897027792 -0.00222075388842186 0.0004676180308695746; 0.0 0.0005457528344498882 0.00046761803086967557 -0.002292015735815363],0.3
