L,J,Q,θ,ϕx,ϕy,ϕz,ndims,T,χ,dχdlogT,Λ
17,2.0,0.6180339887498949,0.4487989505128276,2.2750170878289144,4.006470792403746,0.8682898873624744,3,0.004893900918477494,[0.696197072487006 0.0 0.0 0.0; 0.0 0.08660343352104898 -0.013024000626638691 -0.013063479495952851; 0.0 -0.01302400062663873 0.08707712633886246 -0.012480912800715406; 0.0 -0.013063479495953888 -0.01248091280071485 0.08688266991076078],[-0.10196514482664229 0.0 0.0 0.0; 0.0 -4.914161888220097e-6 -1.3844895857543128e-5 3.1041606649346714e-5; 0.0 -1.3844895857543222e-5 -5.3121146461529484e-5 1.1868949733258382e-5; 0.0 3.104160664934625e-5 1.186894973325769e-5 -3.3926530141409376e-5],0.3
