L,J,Q,θ,ϕx,ϕy,ϕz,ndims,T,χ,dχdlogT,Λ
17,0.0,0.6180339887498949,0.4487989505128276,0.5937049316544528,5.808174641350516,4.5042909023701085,3,1.4873521072935114,[0.14392933058775093 0.0 0.0 0.0; 0.0 0.07055309421084853 -0.006126058115757283 -0.006126058115757277; 0.0 -0.0061260581157572885 0.07055309421084838 -0.006126058115757283; 0.0 -0.006126058115757282 -0.006126058115757282 0.07055309421084853],[-0.11122346556298612 0.0 0.0 0.0; 0.0 -0.05292248758365235 0.01202766258125932 0.012027662581259115; 0.0 0.012027662581259313 -0.05292248758365208 0.012027662581259209; 0.0 0.012027662581259119 0.012027662581259202 -0.052922487583652554],0.3
