L,J,Q,θ,ϕx,ϕy,ϕz,ndims,T,χ,dχdlogT,Λ
17,4.0,0.6180339887498949,0.4487989505128276,6.0932096011301455,2.6992127513822024,0.2863842222811503,3,1.4873521072935114,[0.10877768478324894 0.0 0.0 0.0; 0.0 0.03919102451148117 -0.0015696336680185573 -0.0015673331032734596; 0.0 -0.001569633668019146 0.039177528271037695 -0.0015716095805590503; 0.0 -0.0015673331032723663 -0.0015716095805595374 0.03888239449700344],[-0.06022284008956851 0.0 0.0 0.0; 0.0 -0.010147350651862539 0.0014006131341500617 0.0013824736333879703; 0.0 0.0014006131341501734 -0.009970814904825345 0.0013920563187313003; 0.0 0.0013824736333870773 0.0013920563187309074 -0.009684650193296224],0.3
