L,J,Q,θ,ϕx,ϕy,ϕz,ndims,T,χ,dχdlogT,Λ
17,4.0,0.6180339887498949,0.4487989505128276,1.58613121749902,6.272471583936918,1.2663383650493674,3,0.009236708571873866,[0.4352441895637538 0.0 0.0 0.0; 0.0 0.050695617842092776 -0.0033527890453688334 -0.00213427667539936; 0.0 -0.003352789045368204 0.05118884665752676 -0.0035307226435091874; 0.0 -0.002134276675398679 -0.0035307226435088677 0.050167389672245766],[-0.06929996760214298 0.0 0.0 0.0; 0.0 -0.0005524697631538806 0.00012037233859822311 -1.9375969414432232e-5; 0.0 0.00012037233859822112 -0.00041429343448256796 4.48018252288312e-5; 0.0 -1.9375969414431585e-5 4.480182522882928e-5 -0.0004254466239826725],0.3
