L,J,Q,θ,ϕx,ϕy,ϕz,ndims,T,χ,dχdlogT,Λ
17,4.0,0.6180339887498949,0.4487989505128276,0.975433469066235,2.1003823359897447,5.9587063662815645,3,0.04520353656360243,[0.32031256283600096 0.0 0.0 0.0; 0.0 0.048068912218946484 -0.002909724553732405 -0.002923724941664977; 0.0 -0.0029097245537332687 0.04959587785968525 -0.0032880656405829215; 0.0 -0.00292372494166515 -0.003288065640582888 0.05011442822912588],[-0.05918566185888984 0.0 0.0 0.0; 0.0 -0.0008175580180614818 4.9519450308467196e-5 0.00014079360277756178; 0.0 4.9519450308471384e-5 -0.0008747185662148209 -3.397970848294924e-5; 0.0 0.00014079360277754379 -3.3979708482943713e-5 -0.0012071867163031946],0.3
