L,J,Q,θ,ϕx,ϕy,ϕz,ndims,T,χ,dχdlogT,Λ
17,2.0,0.6180339887498949,0.4487989505128276,2.2750170878289144,4.006470792403746,0.8682898873624744,3,2.807216203941177,[0.08047786128479706 0.0 0.0 0.0; 0.0 0.03801854484073379 -0.0011596235053634334 -0.001160722274588999; 0.0 -0.0011596235053637086 0.0379334122339908 -0.0011600180771680305; 0.0 -0.0011607222745887164 -0.0011600180771665974 0.03796733527895376],[-0.06714812062767757 0.0 0.0 0.0; 0.0 -0.02821796905443146 0.0025604573007007 0.00256464733640014; 0.0 0.0025604573007007993 -0.028031215061417408 0.0025616394166671887; 0.0 0.0025646473364004194 0.0025616394166664527 -0.02810990557551328],0.3
