L,J,Q,θ,ϕx,ϕy,ϕz,ndims,T,χ,dχdlogT,Λ
17,0.7,0.6180339887498949,0.4487989505128276,4.766650603471789,2.653599571286135,4.677318418403104,3,0.004893900918477494,[0.8920713705010705 0.0 0.0 0.0; 0.0 0.1711132425365569 -0.045787958870985385 -0.046368116625015485; 0.0 -0.04578795887100048 0.16951443466231264 -0.04579363946399625; 0.0 -0.04636811662500671 -0.045793639464000564 0.170718699181588],[-0.13032681050114062 0.0 0.0 0.0; 0.0 3.0112088497691264e-5 -0.00010836560322038111 9.510333453809032e-5; 0.0 -0.0001083656032203696 6.84877922372493e-5 3.1096368358411585e-5; 0.0 9.510333453808739e-5 3.1096368358406205e-5 -0.00013389516596858168],0.3
