L,J,Q,θ,ϕx,ϕy,ϕz,ndims,T,χ,dχdlogT,Λ
17,2.7,0.6180339887498949,0.4487989505128276,0.0,0.0,0.0,3,0.04520353656360243,[0.3901271390880204 0.0 0.0 0.0; 0.0 0.06779644687554594 -0.009603987138696585 -0.010321535902326059; 0.0 -0.009603987138695475 0.06178631393383555 -0.003410896762191792; 0.0 -0.01032153590232723 -0.0034108967621921567 0.06541974359196047],[-0.06998981331278653 0.0 0.0 0.0; 0.0 -0.0007900266698481577 0.0003467073561188738 0.0003787880351691262; 0.0 0.00034670735611896117 -0.0005543972435935122 4.6106767085770534e-6; 0.0 0.0003787880351691118 4.61067670857059e-6 -0.001098080909276612],0.3
