L,J,Q,θ,ϕx,ϕy,ϕz,ndims,T,χ,dχdlogT,Λ
17,1.3,0.6180339887498949,0.4487989505128276,0.0,0.0,0.0,3,0.02395026619987486,[0.6010431030641644 0.0 0.0 0.0; 0.0 0.12080667256705004 -0.023909506821512057 -0.024919321329573488; 0.0 -0.023909506821510027 0.10946662169272632 -0.012567173760258; 0.0 -0.024919321329571975 -0.012567173760258302 0.11405350418329974],[-0.10608447252142786 0.0 0.0 0.0; 0.0 -0.0008438643925216627 0.00053654559781627 0.0005824331401016433; 0.0 0.0005365455978163736 -0.0007297530288455687 -0.00020457915698054082; 0.0 0.0005824331401015296 -0.00020457915698055904 -0.00202009187000401],0.3
