L,J,Q,θ,ϕx,ϕy,ϕz,ndims,T,χ,dχdlogT,Λ
17,1.4,0.6180339887498949,0.4487989505128276,0.0,0.0,0.0,3,10.0,[0.024819301444866805 0.0 0.0 0.0; 0.0 0.012368867667921914 -3.566141424956515e-5 -3.5672307531324225e-5; 0.0 -3.5661414249530745e-5 0.012361090874567559 -3.555459155212858e-5; 0.0 -3.5672307531378896e-5 -3.555459155212588e-5 0.01236309446314682],[-0.024464782491165456 0.0 0.0 0.0; 0.0 -0.012112052053369154 0.00010458809017963455 0.00010465896484414829; 0.0 0.00010458809017966568 -0.012089141271712386 0.00010409183928813995; 0.0 0.00010465896484409348 0.000104091839288221 -0.012095032861798109],0.3
