L,J,Q,θ,ϕx,ϕy,ϕz,ndims,T,χ,dχdlogT,Λ
17,2.8,0.6180339887498949,0.4487989505128276,0.0,0.0,0.0,3,0.0013738237958832624,[0.5703330913081199 0.0 0.0 0.0; 0.0 0.06648474619472758 -0.00936877031680749 -0.01014736088934269; 0.0 -0.009368770316808765 0.06072753586046653 -0.003410667456399652; 0.0 -0.010147360889341758 -0.0034106674563992756 0.06512794299792433],[-0.018222706971659043 0.0 0.0 0.0; 0.0 9.724278907604111e-5 -6.50965163827596e-5 -6.913153691982883e-5; 0.0 -6.509651638276065e-5 3.718259042728592e-5 4.2532688017056446e-5; 0.0 -6.91315369198292e-5 4.253268801705722e-5 8.976137402060173e-5],0.3
