L,J,Q,θ,ϕx,ϕy,ϕz,ndims,T,χ,dχdlogT,Λ
17,2.4,0.6180339887498949,0.4487989505128276,0.0,0.0,0.0,3,0.41753189365604015,[0.23512545269983975 0.0 0.0 0.0; 0.0 0.06888927653440628 -0.008146706536362975 -0.008700312749848362; 0.0 -0.008146706536361627 0.06398363944042779 -0.004081006851675676; 0.0 -0.00870031274984974 -0.0040810068516766215 0.06559884505734721],[-0.08675451544192228 0.0 0.0 0.0; 0.0 -0.0070402414566784356 0.003314005731181669 0.0038618896781070352; 0.0 0.003314005731181387 -0.005035995866677766 0.0003580251061484725; 0.0 0.0038618896781070413 0.00035802510614838787 -0.0061820571308763474],0.3
