L,J,Q,θ,ϕx,ϕy,ϕz,ndims,T,χ,dχdlogT,Λ
17,2.0,0.6180339887498949,0.4487989505128276,0.0,0.0,0.0,3,0.004893900918477494,[0.6202849792445793 0.0 0.0 0.0; 0.0 0.08702577307888482 -0.014585846929875773 -0.015403292482931156; 0.0 -0.014585846929875466 0.07920149039651746 -0.004875812770220181; 0.0 -0.015403292482930552 -0.004875812770219907 0.08421407829518872],[-0.07068431764896915 0.0 0.0 0.0; 0.0 -0.00010866476945783305 0.00017971244125677868 0.0001366806434886988; 0.0 0.00017971244125678638 -0.00029297416209152276 -0.00030182856504423875; 0.0 0.00013668064348869733 -0.0003018285650442278 -0.0007320120442981119],0.3
