L,J,Q,θ,ϕx,ϕy,ϕz,ndims,T,χ,dχdlogT,Λ
17,0.4,0.6180339887498949,0.4487989505128276,0.0,0.0,0.0,3,0.0853167852417281,[0.5316430143272421 0.0 0.0 0.0; 0.0 0.20405684442873764 -0.05359543949637818 -0.056668038134228035; 0.0 -0.0535954394963832 0.19730466684070802 -0.05083038988147519; 0.0 -0.056668038134226675 -0.050830389881486214 0.2004264827760826],[-0.13467478858435356 0.0 0.0 0.0; 0.0 -0.025681340245916902 0.010119858025692322 0.01243532853757969; 0.0 0.01011985802569056 -0.022714071352619006 0.009653724711520017; 0.0 0.012435328537580819 0.009653724711520723 -0.02481218837130216],0.3
