L,J,Q,θ,ϕx,ϕy,ϕz,ndims,T,χ,dχdlogT,Λ
17,1.5,0.6180339887498949,0.4487989505128276,0.0,0.0,0.0,3,0.41753189365604015,[0.27069785808231517 0.0 0.0 0.0; 0.0 0.09441025278017678 -0.013590510912270969 -0.014325001228911; 0.0 -0.013590510912274102 0.08861524997120741 -0.00935097308694645; 0.0 -0.01432500122891257 -0.0093509730869429 0.09006689760453325],[-0.11134745735114832 0.0 0.0 0.0; 0.0 -0.01638534151704427 0.0062803570885958775 0.007038359337274124; 0.0 0.0062803570885957595 -0.012263287948998352 0.001951234331699474; 0.0 0.0070383593372749 0.0019512343316993466 -0.013286268491356678],0.3
