L,J,Q,θ,ϕx,ϕy,ϕz,ndims,T,χ,dχdlogT,Λ
17,2.1,0.6180339887498949,0.4487989505128276,0.0,0.0,0.0,3,0.0853167852417281,[0.3874800827998633 0.0 0.0 0.0; 0.0 0.08255856770014862 -0.012832201313442558 -0.013729497958771668; 0.0 -0.012832201313438723 0.07500215611050376 -0.005164360662004007; 0.0 -0.013729497958771847 -0.005164360662004356 0.0781084011057912],[-0.082314509231579 0.0 0.0 0.0; 0.0 -0.0011680285945553245 0.0007186135758728619 0.0005796497336915735; 0.0 0.0007186135758729273 -0.0007000188526381411 -0.00029530012271062375; 0.0 0.0005796497336914485 -0.0002953001227106282 -0.0014895253408763766],0.3
