L,J,Q,θ,ϕx,ϕy,ϕz,ndims,T,χ,dχdlogT,Λ
17,2.3,0.6180339887498949,0.4487989505128276,0.0,0.0,0.0,3,0.30391953823131973,[0.2669130829125675 0.0 0.0 0.0; 0.0 0.07321113647401847 -0.00958085644606471 -0.010316292138718404; 0.0 -0.009580856446067553 0.06755153359671918 -0.004519356082294615; 0.0 -0.010316292138720052 -0.0045193560822950705 0.06950882139584261],[-0.08748377274605958 0.0 0.0 0.0; 0.0 -0.00551565842817437 0.002774665187782352 0.0032176438269788626; 0.0 0.002774665187782502 -0.0037498212394249174 0.00016126139790143462; 0.0 0.0032176438269806104 0.00016126139790141402 -0.004848888333451744],0.3
