L,J,Q,θ,ϕx,ϕy,ϕz,ndims,T,χ,dχdlogT,Λ
17,1.8,0.6180339887498949,0.4487989505128276,0.0,0.0,0.0,3,1.0826367338740543,[0.1618879852679284 0.0 0.0 0.0; 0.0 0.06664219771978087 -0.005588406201792706 -0.005739324130179733; 0.0 -0.005588406201793821 0.06432438460428248 -0.004548053193287462; 0.0 -0.005739324130177764 -0.004548053193288937 0.06487534867290297],[-0.0970792450992906 0.0 0.0 0.0; 0.0 -0.025903044103761853 0.006444392833008602 0.0067605434436357695; 0.0 0.0064443928330094645 -0.022782688201209517 0.004092404712924412; 0.0 0.006760543443635061 0.004092404712923519 -0.023576805993840568],0.3
