L,J,Q,θ,ϕx,ϕy,ϕz,ndims,T,χ,dχdlogT,Λ
17,2.0,0.6180339887498949,0.4487989505128276,0.0,0.0,0.0,3,0.41753189365604015,[0.250437297956408 0.0 0.0 0.0; 0.0 0.07867977064338548 -0.010092824895701485 -0.010717687250472565; 0.0 -0.010092824895701395 0.07327714785399515 -0.005762747254327198; 0.0 -0.010717687250475104 -0.00576274725432819 0.07482767916801066],[-0.0969218749844918 0.0 0.0 0.0; 0.0 -0.009946018712762527 0.0042634348110990004 0.00489335066382716; 0.0 0.004263434811099994 -0.007144180542141391 0.0006438108604275812; 0.0 0.004893350663827889 0.0006438108604276736 -0.008235132509108687],0.3
