L,J,Q,θ,ϕx,ϕy,ϕz,ndims,T,χ,dχdlogT,Λ
17,0.2,0.6180339887498949,0.4487989505128276,0.0,0.0,0.0,3,0.30391953823131973,[0.35934103451600435 0.0 0.0 0.0; 0.0 0.1650378765959483 -0.03744471632324781 -0.03769833169363267; 0.0 -0.0374447163232474 0.16431392630531935 -0.03713894966557677; 0.0 -0.037698331693650375 -0.03713894966557956 0.16463400468879616],[-0.14491336352016393 0.0 0.0 0.0; 0.0 -0.057870776625961816 0.024720413682240313 0.025234210668792705; 0.0 0.024720413682243588 -0.05692603989520237 0.024429366629613446; 0.0 0.02523421066880083 0.024429366629613307 -0.05746459469670655],0.3
