L,J,Q,θ,ϕx,ϕy,ϕz,ndims,T,χ,dχdlogT,Λ
17,2.2,0.6180339887498949,0.4487989505128276,0.0,0.0,0.0,3,0.2212216291070449,[0.29975615390827415 0.0 0.0 0.0; 0.0 0.07736172101502728 -0.010919558519880345 -0.011791533074169044; 0.0 -0.010919558519881007 0.07097506339491662 -0.004940954358034326; 0.0 -0.011791533074165594 -0.0049409543580366914 0.07324667453262232],[-0.08779543622189916 0.0 0.0 0.0; 0.0 -0.004113629632319023 0.0021440070804527745 0.002381525103683722; 0.0 0.0021440070804524254 -0.002646535443926036 -3.770464806595974e-5; 0.0 0.0023815251036837116 -3.7704648065958574e-5 -0.0036622697303943037],0.3
