L,J,Q,θ,ϕx,ϕy,ϕz,ndims,T,χ,dχdlogT,Λ
17,2.2,0.6180339887498949,0.4487989505128276,0.0,0.0,0.0,3,0.06210169418915616,[0.4048488638334905 0.0 0.0 0.0; 0.0 0.0798330193707031 -0.012305382126384205 -0.013111373494570082; 0.0 -0.012305382126385392 0.07250695781282468 -0.004689915925739746; 0.0 -0.013111373494573255 -0.004689915925739737 0.07583620541192537],[-0.0784305394258987 0.0 0.0 0.0; 0.0 -0.0008454319636832588 0.000542188609708863 0.0003878790155597805; 0.0 0.0005421886097090445 -0.0005809739378934162 -0.0002186999539004738; 0.0 0.0003878790155597735 -0.00021869995390050176 -0.0012108922336263987],0.3
