L,J,Q,θ,ϕx,ϕy,ϕz,ndims,T,χ,dχdlogT,Λ
17,1.5,0.6180339887498949,0.4487989505128276,0.0,0.0,0.0,3,7.27895384398315,[0.03386284151803711 0.0 0.0 0.0; 0.0 0.01681643310898432 -8.954141569222319e-5 -8.962469490124845e-5; 0.0 -8.954141569258268e-5 0.016793925170302582 -8.900768362641796e-5; 0.0 -8.962469490115644e-5 -8.90076836267728e-5 0.016799692531618993],[-0.032932466252375205 0.0 0.0 0.0; 0.0 -0.0161321137480285 0.0002571052453626869 0.00025754810238420406; 0.0 0.0002571052453625989 -0.01606701979778592 0.00025459943009589124; 0.0 0.00025754810238430884 0.00025459943009591 -0.016083623837930695],0.3
