L,J,Q,θ,ϕx,ϕy,ϕz,ndims,T,χ,dχdlogT,Λ
17,0.1,0.6180339887498949,0.4487989505128276,0.0,0.0,0.0,3,1.4873521072935114,[0.1442150645125677 0.0 0.0 0.0; 0.0 0.07069245337070675 -0.005420395286227923 -0.005420148242107944; 0.0 -0.005420395286227679 0.07068558317772515 -0.0054164687953381285; 0.0 -0.005420148242109405 -0.005416468795337705 0.07069143511228902],[-0.11181012721377026 0.0 0.0 0.0; 0.0 -0.053116515616258776 0.010674761502425634 0.010676376777699685; 0.0 0.01067476150242794 -0.053098754082980995 0.010664590154427068; 0.0 0.01067637677769502 0.010664590154426105 -0.053112701789722064],0.3
