L,J,Q,θ,ϕx,ϕy,ϕz,ndims,T,χ,dχdlogT,Λ
17,1.4,0.6180339887498949,0.4487989505128276,0.0,0.0,0.0,3,0.0018873918221350976,[0.8345542438640532 0.0 0.0 0.0; 0.0 0.11519431003141413 -0.02244047586269648 -0.02406808763934072; 0.0 -0.022440475862693595 0.10401157362462167 -0.009896272592670907; 0.0 -0.024068087639335774 -0.009896272592671536 0.11209439141868775],[-0.09232753537095191 0.0 0.0 0.0; 0.0 -0.00015072112591464615 0.00014644836294687934 0.00033008462102435295; 0.0 0.00014644836294687552 -8.92135880003712e-5 -0.00044290109545362254; 0.0 0.0003300846210243457 -0.00044290109545361836 -0.0013354845611308417],0.3
