L,J,Q,θ,ϕx,ϕy,ϕz,ndims,T,χ,dχdlogT,Λ
17,0.3,0.6180339887498949,0.4487989505128276,0.0,0.0,0.0,3,2.807216203941177,[0.08423772594785617 0.0 0.0 0.0; 0.0 0.0417306352376473 -0.001273477287592345 -0.0012735899984238253; 0.0 -0.0012734772875909364 0.04171639534863551 -0.0012712372226585573; 0.0 -0.0012735899984225602 -0.0012712372226590662 0.041720960379699905],[-0.07598741846870699 0.0 0.0 0.0; 0.0 -0.03700869433136691 0.003223716132047468 0.0032248309026482883; 0.0 0.003223716132048911 -0.03696903132719972 0.0032148883810213065; 0.0 0.003224830902650304 0.0032148883810178444 -0.036981751387944926],0.3
