L,J,Q,θ,ϕx,ϕy,ϕz,ndims,T,χ,dχdlogT,Λ
17,1.2,0.6180339887498949,0.4487989505128276,0.0,0.0,0.0,3,0.003562247890262444,[0.8238710367614593 0.0 0.0 0.0; 0.0 0.12845122483690974 -0.0265766021339125 -0.027475762889251906; 0.0 -0.026576602133916976 0.11703104545417278 -0.014327730611109927; 0.0 -0.027475762889256506 -0.01432773061111731 0.12388589714172163],[-0.1070069236841869 0.0 0.0 0.0; 0.0 -1.9600578016495167e-5 8.450095717711352e-6 0.0001233169599163746; 0.0 8.450095717711676e-6 -6.603486562453968e-5 -0.0003095623704503072; 0.0 0.0001233169599163895 -0.0003095623704503088 -0.0014217072178408059],0.3
