L,J,Q,θ,ϕx,ϕy,ϕz,ndims,T,χ,dχdlogT,Λ
17,0.5,0.6180339887498949,0.4487989505128276,0.0,0.0,0.0,3,0.7880462815669912,[0.22060546350600813 0.0 0.0 0.0; 0.0 0.10340472758344788 -0.014169883420522458 -0.014282274933359674; 0.0 -0.014169883420515221 0.10257141692217561 -0.013792343006844104; 0.0 -0.014282274933358811 -0.013792343006837644 0.1028055300033134],[-0.13196722041665343 0.0 0.0 0.0; 0.0 -0.05490488829783684 0.01752499948485173 0.017843222790783556; 0.0 0.01752499948485901 -0.053291285002603495 0.01663819189306543; 0.0 0.01784322279078669 0.016638191893065094 -0.05374599939901006],0.3
