L,J,Q,θ,ϕx,ϕy,ϕz,ndims,T,χ,dχdlogT,Λ
17,0.7,0.6180339887498949,0.4487989505128276,0.0,0.0,0.0,3,1.4873521072935114,[0.14196133114283258 0.0 0.0 0.0; 0.0 0.06815177729007421 -0.0050436453361333514 -0.005068533677683602; 0.0 -0.005043645336132657 0.06776820677070915 -0.004931473147988697; 0.0 -0.005068533677687027 -0.004931473147985435 0.06787180073449063],[-0.10731985554894427 0.0 0.0 0.0; 0.0 -0.04767774880982424 0.00943566194677048 0.009526308682708949; 0.0 0.00943566194677197 -0.04678260791381853 0.009058178994769187; 0.0 0.009526308682708564 0.009058178994769822 -0.0470233900293463],0.3
