L,J,Q,θ,ϕx,ϕy,ϕz,ndims,T,χ,dχdlogT,Λ
17,2.4,0.6180339887498949,0.4487989505128276,0.0,0.0,0.0,3,0.7880462815669912,[0.17950273539099976 0.0 0.0 0.0; 0.0 0.06268325922207754 -0.005690961671051191 -0.005926365678097089; 0.0 -0.005690961671051135 0.0592740381166684 -0.0036135167564377664; 0.0 -0.005926365678095144 -0.0036135167564364293 0.06018036196017124],[-0.08754379242824813 0.0 0.0 0.0; 0.0 -0.013101115087397412 0.004297975533650492 0.004681568232978693; 0.0 0.00429797553365145 -0.010459048528334628 0.0012754436894440164; 0.0 0.004681568232980283 0.0012754436894442296 -0.011485981814594986],0.3
