L,J,Q,θ,ϕx,ϕy,ϕz,ndims,T,χ,dχdlogT,Λ
17,0.1,0.6180339887498949,0.4487989505128276,0.0,0.0,0.0,3,0.017433288221999882,[0.7171861263035557 0.0 0.0 0.0; 0.0 0.3040660463489646 -0.10017231735906203 -0.10277369105670124; 0.0 -0.10017231735906337 0.30323332996045244 -0.10217623134769727; 0.0 -0.1027736910567301 -0.10217623134770541 0.3060138497852659],[-0.09620061988906597 0.0 0.0 0.0; 0.0 -0.030666971436949037 0.014085775220663765 0.014372499662390544; 0.0 0.014085775220663004 -0.03041767060772358 0.014258009714775158; 0.0 0.01437249966239061 0.014258009714774745 -0.030958450381594883],0.3
