L,J,Q,θ,ϕx,ϕy,ϕz,ndims,T,χ,dχdlogT,Λ
17,0.3,0.6180339887498949,0.4487989505128276,0.0,0.0,0.0,3,0.7880462815669912,[0.22282162512627232 0.0 0.0 0.0; 0.0 0.10628074878788865 -0.014935747986716544 -0.014982481346206729; 0.0 -0.014935747986717735 0.10595540701302278 -0.014790364635371213; 0.0 -0.01498248134620277 -0.01479036463536904 0.1060575320095137],[-0.13496655390711426 0.0 0.0 0.0; 0.0 -0.05958301274599055 0.019294468581211144 0.019437253442382695; 0.0 0.019294468581220303 -0.05891923153539427 0.018949803275970758; 0.0 0.019437253442383163 0.018949803275970244 -0.059128324979329065],0.3
