L,J,Q,θ,ϕx,ϕy,ϕz,ndims,T,χ,dχdlogT,Λ
17,0.4,0.6180339887498949,0.4487989505128276,0.0,0.0,0.0,3,0.11721022975334802,[0.4884131509991409 0.0 0.0 0.0; 0.0 0.19499576949483796 -0.04995118478692678 -0.052298156976805024; 0.0 -0.04995118478691572 0.18924835507995919 -0.04740193067027466; 0.0 -0.052298156976801145 -0.047401930670275316 0.19169916447498944],[-0.13743632526473698 0.0 0.0 0.0; 0.0 -0.03142408682504757 0.01285244632438894 0.015069844661850271; 0.0 0.012852446324393994 -0.028094850556372064 0.011955321030099322; 0.0 0.015069844661850034 0.011955321030098082 -0.030184223131371517],0.3
