L,J,Q,θ,ϕx,ϕy,ϕz,ndims,T,χ,dχdlogT,Λ
17,1.0,0.6180339887498949,0.4487989505128276,0.0,0.0,0.0,3,0.0018873918221350976,[0.9479752635541405 0.0 0.0 0.0; 0.0 0.14504292255511878 -0.03213141286420923 -0.03290826181007914; 0.0 -0.032131412864200605 0.1343121174947356 -0.019156973784338203; 0.0 -0.032908261810090184 -0.019156973784336787 0.14079680591218754],[-0.11185915465827471 0.0 0.0 0.0; 0.0 -1.8040055682799144e-5 5.261458724132389e-5 0.00020129691083690184; 0.0 5.261458724132789e-5 -0.0003354089926681881 -0.0007773781391698392; 0.0 0.00020129691083690783 -0.0007773781391698341 -0.0013377364606139601],0.3
