L,J,Q,θ,ϕx,ϕy,ϕz,ndims,T,χ,dχdlogT,Λ
17,2.7,0.6180339887498949,0.4487989505128276,0.0,0.0,0.0,3,0.0013738237958832624,[0.6184083646461862 0.0 0.0 0.0; 0.0 0.06872162946420533 -0.010028453277882453 -0.010552660513282991; 0.0 -0.010028453277880002 0.06288606530251976 -0.0033500741807054733; 0.0 -0.010552660513284923 -0.0033500741807047573 0.06667959616870912],[-0.06547865301308088 0.0 0.0 0.0; 0.0 -4.380750603712175e-5 -3.246329385665933e-5 -3.573455150855487e-5; 0.0 -3.246329385665978e-5 -0.00019865421394182857 -1.797805589395913e-5; 0.0 -3.573455150855536e-5 -1.7978055893958722e-5 2.0852440568131127e-5],0.3
