L,J,Q,θ,ϕx,ϕy,ϕz,ndims,T,χ,dχdlogT,Λ
17,1.9,0.6180339887498949,0.4487989505128276,0.0,0.0,0.0,3,2.043359717856942,[0.1042252423984944 0.0 0.0 0.0; 0.0 0.047491938921474054 -0.0020587006447394638 -0.0020885198063378347; 0.0 -0.0020587006447396325 0.0466421969566214 -0.0018785311740849675; 0.0 -0.0020885198063358918 -0.0018785311740845587 0.04684087523425402],[-0.07941426456263388 0.0 0.0 0.0; 0.0 -0.029705192304715296 0.003897767339130729 0.003991284752462932; 0.0 0.003897767339131661 -0.028034164075905924 0.0032802289928051225; 0.0 0.003991284752462867 0.003280228992805529 -0.028411892869449815],0.3
