L,J,Q,θ,ϕx,ϕy,ϕz,ndims,T,χ,dχdlogT,Λ
17,0.2,0.6180339887498949,0.4487989505128276,0.0,0.0,0.0,3,3.856620421163471,[0.06285056977952619 0.0 0.0 0.0; 0.0 0.031269958818731604 -0.000553050562444766 -0.0005529613886039931; 0.0 -0.0005530505624446065 0.03126747827380697 -0.0005526507477167113; 0.0 -0.0005529613886042287 -0.0005526507477185216 0.031268473866443686],[-0.059242914662480765 0.0 0.0 0.0; 0.0 -0.029200692447842333 0.0015052697978789012 0.001505123421121457; 0.0 0.0015052697978783726 -0.029193543500665085 0.001503842656848472; 0.0 0.0015051234211205834 0.0015038426568483132 -0.02919639702819294],0.3
