L,J,Q,θ,ϕx,ϕy,ϕz,ndims,T,χ,dχdlogT,Λ
17,0.2,0.6180339887498949,0.4487989505128276,0.0,0.0,0.0,3,10.0,[0.024877619851541157 0.0 0.0 0.0; 0.0 0.01242862262326562 -3.601827097661436e-5 -3.600974964803819e-5; 0.0 -3.6018270976555484e-5 0.012428472540761076 -3.600205440772059e-5; 0.0 -3.600974964799186e-5 -3.6002054408123235e-5 0.012428533196156308],[-0.024636450636294206 0.0 0.0 0.0; 0.0 -0.012288180710018673 0.00010633715321960253 0.00010631296049385766; 0.0 0.00010633715321947577 -0.012287733440580498 0.00010628568685629516; 0.0 0.00010631296049409342 0.00010628568685621661 -0.012287914052873926],0.3
