L,J,Q,θ,ϕx,ϕy,ϕz,ndims,T,χ,dχdlogT,Λ
17,0.3,0.6180339887498949,0.4487989505128276,0.0,0.0,0.0,3,0.06210169418915616,[0.5775402044667038 0.0 0.0 0.0; 0.0 0.22734987359110229 -0.06384862597340865 -0.06729284429732682; 0.0 -0.06384862597340892 0.2218634966714817 -0.06258249155917443; 0.0 -0.06729284429732045 -0.06258249155914454 0.2252880599375933],[-0.12943333696971238 0.0 0.0 0.0; 0.0 -0.02803841759375495 0.011209984102128652 0.013690476031317076; 0.0 0.01120998410212457 -0.02562752587339067 0.011568251188324944; 0.0 0.013690476031316368 0.011568251188324254 -0.027893470287779044],0.3
