L,J,Q,θ,ϕx,ϕy,ϕz,ndims,T,χ,dχdlogT,Λ
17,2.7,0.6180339887498949,0.4487989505128276,0.0,0.0,0.0,3,0.0853167852417281,[0.3451351956015798 0.0 0.0 0.0; 0.0 0.06721500133674434 -0.009337832079500515 -0.010048390388827643; 0.0 -0.009337832079498544 0.0613932038776293 -0.003401944673162329; 0.0 -0.010048390388828531 -0.003401944673161789 0.06460007093841179],[-0.071881001542827 0.0 0.0 0.0; 0.0 -0.0010728620741820123 0.0005232328225846936 0.0004935374452744698; 0.0 0.0005232328225846914 -0.0007229679447073343 2.4294149677491943e-5; 0.0 0.0004935374452743855 2.4294149677492326e-5 -0.0014991688406872693],0.3
