L,J,Q,θ,ϕx,ϕy,ϕz,ndims,T,χ,dχdlogT,Λ
17,0.2,0.6180339887498949,0.4487989505128276,0.0,0.0,0.0,3,0.5736152510448679,[0.2677752784272633 0.0 0.0 0.0; 0.0 0.12681706775380855 -0.022043573239355463 -0.022100650267040667; 0.0 -0.02204357323935879 0.12654797073115573 -0.02191728039456529; 0.0 -0.022100650267038904 -0.02191728039456966 0.12665007000959902],[-0.1419151510879276 0.0 0.0 0.0; 0.0 -0.06172594588151363 0.022947404346091407 0.023103494473344182; 0.0 0.022947404346084888 -0.06123616886367355 0.022716006807761424; 0.0 0.023103494473351725 0.022716006807761684 -0.06143221070695674],0.3
