L,J,Q,θ,ϕx,ϕy,ϕz,ndims,T,χ,dχdlogT,Λ
17,1.3,0.6180339887498949,0.4487989505128276,0.0,0.0,0.0,3,0.01268961003167922,[0.6673680375673612 0.0 0.0 0.0; 0.0 0.12116706011889504 -0.024145625281199005 -0.025212324019997102; 0.0 -0.02414562528119624 0.10980759629742377 -0.01242574566789527; 0.0 -0.025212324019993224 -0.012425745667896273 0.11520635521612002],[-0.10272541100425941 0.0 0.0 0.0; 0.0 -0.0003551112551425999 0.00024243095471337066 0.00036128905286295706; 0.0 0.00024243095471339856 -0.00036824810958338187 -0.00025260379461773083; 0.0 0.00036128905286296963 -0.00025260379461770964 -0.0016241671046610313],0.3
