L,J,Q,θ,ϕx,ϕy,ϕz,ndims,T,χ,dχdlogT,Λ
71,4.0,0.6180339887498949,0.4487989505128276,0.22606108604297762,3.472734375396318,0.24041933733318346,2,0.41753189365604015,[0.047736592646193225 0.0 0.0; 0.0 0.005745094391985747 -0.00537981048910533; 0.0 -0.005379810489105366 0.005726474159422328],[-0.04655953694272614 0.0 0.0; 0.0 -0.00559050256320599 0.005242451351299243; 0.0 0.005242451351299218 -0.00557328241753434],0.3
