L,J,Q,θ,ϕx,ϕy,ϕz,ndims,T,χ,dχdlogT,Λ
71,4.0,0.6180339887498949,0.4487989505128276,2.552598146004643,0.8989916554124286,0.15699716845863185,2,0.003562247890262444,[0.6334785710351435 0.0 0.0; 0.0 0.0719752846988851 -0.06932950271221781; 0.0 -0.06932950271221794 0.0709521678281246],[-0.12055356293017631 0.0 0.0; 0.0 -0.016145006936601966 0.015164978978736206; 0.0 0.015164978978736214 -0.014446310586478104],0.3
