L,J,Q,θ,ϕx,ϕy,ϕz,ndims,T,χ,dχdlogT,Λ
71,0.2,0.6180339887498949,0.4487989505128276,3.1015703765679126,4.390202420652395,5.5633019913836685,2,10.0,[0.0028812982408474913 0.0 0.0; 0.0 0.001076852494480245 -0.0010125997854186252; 0.0 -0.001012599785418625 0.0010818702571359703],[-0.0028811492436946304 0.0 0.0; 0.0 -0.001076787095536766 0.0010125375753312741; 0.0 0.0010125375753312741 -0.001081804120393285],0.3
