L,J,Q,θ,ϕx,ϕy,ϕz,ndims,T,χ,dχdlogT,Λ
71,0.7,0.6180339887498949,0.4487989505128276,5.572117758521282,4.729888087704749,1.3488104122557083,2,3.856620421163471,[0.008061378879186851 0.0 0.0; 0.0 0.001487642747998329 -0.0013631982292193498; 0.0 -0.0013631982292193487 0.0014853759358853158],[-0.008058609431796064 0.0 0.0; 0.0 -0.001487000000260063 0.001362591424234324; 0.0 0.001362591424234324 -0.0014847355734875687],0.3
