L,J,Q,θ,ϕx,ϕy,ϕz,ndims,T,χ,dχdlogT,Λ
71,0.7,0.6180339887498949,0.4487989505128276,2.2727838634578985,4.701883349946189,4.517993212414445,2,0.02395026619987486,[0.5574134173269447 0.0 0.0; 0.0 0.08460372770582364 -0.07537102637777189; 0.0 -0.0753710263777718 0.0847131851459804],[-0.21519775797545354 0.0 0.0; 0.0 -0.021593203575403206 0.017905564922983577; 0.0 0.017905564922983574 -0.021573578515258676],0.3
