L,J,Q,θ,ϕx,ϕy,ϕz,ndims,T,χ,dχdlogT,Λ
71,2.0,0.6180339887498949,0.4487989505128276,5.0719499452233645,4.972157876734834,4.031000049683043,2,0.0853167852417281,[0.30305824062013076 0.0 0.0; 0.0 0.03677525681022096 -0.03489369762198334; 0.0 -0.03489369762198075 0.03677346166232878],[-0.2237850882825422 0.0 0.0; 0.0 -0.023447317359626546 0.022316113968148067; 0.0 0.02231611396814767 -0.023446885773286286],0.3
