L,J,Q,θ,ϕx,ϕy,ϕz,ndims,T,χ,dχdlogT,Λ
71,0.7,0.6180339887498949,0.4487989505128276,5.0719499452233645,4.972157876734834,4.031000049683043,2,0.003562247890262444,[0.9604895396458861 0.0 0.0; 0.0 0.12262579345780046 -0.10697184194629523; 0.0 -0.10697184194629525 0.1234783392192692],[-0.20266593094550592 0.0 0.0; 0.0 -0.01886377629960982 0.01568194205424685; 0.0 0.01568194205424685 -0.019557771270679068],0.3
