L,J,Q,θ,ϕx,ϕy,ϕz,ndims,T,χ,dχdlogT,Λ
71,1.0,0.6180339887498949,0.4487989505128276,0.22606108604297762,3.472734375396318,0.24041933733318346,2,7.27895384398315,[0.004183124175564017 0.0 0.0; 0.0 0.0006788477572806272 -0.0006213883624686088; 0.0 -0.0006213883624686165 0.0006797854505281175],[-0.004182701171836414 0.0 0.0; 0.0 -0.000678773196565784 0.0006213187576780316; 0.0 0.0006213187576780401 -0.0006797106166821727],0.3
