L,J,Q,θ,ϕx,ϕy,ϕz,ndims,T,χ,dχdlogT,Λ
71,0.7,0.6180339887498949,0.4487989505128276,3.5144868998921113,0.2525105177700184,5.203106117624585,2,0.5736152510448679,[0.0536268232884661 0.0 0.0; 0.0 0.009962888690168809 -0.009146810063009148; 0.0 -0.009146810063009143 0.009940874353893167],[-0.052822442108128406 0.0 0.0; 0.0 -0.0097729121251262 0.00896664169293819; 0.0 0.008966641692938196 -0.009751899099352371],0.3
