L,J,Q,θ,ϕx,ϕy,ϕz,ndims,T,χ,dχdlogT,Λ
71,0.7,0.6180339887498949,0.4487989505128276,3.1015703765679126,4.390202420652395,5.5633019913836685,2,0.009236708571873866,[0.7592757389758142 0.0 0.0; 0.0 0.1037288081460457 -0.09092063968346675; 0.0 -0.09092063968346686 0.10351385542790965],[-0.2085759756581002 0.0 0.0; 0.0 -0.02016528458906059 0.016145269133436897; 0.0 0.016145269133436908 -0.019135642095986446],0.3
