L,J,Q,θ,ϕx,ϕy,ϕz,ndims,T,χ,dχdlogT,Λ
71,1.0,0.6180339887498949,0.4487989505128276,3.0959974108403223,1.2556741887045844,5.690103367459748,2,0.01268961003167922,[0.6792342348697074 0.0 0.0; 0.0 0.0980268031782097 -0.08717244198947596; 0.0 -0.08717244198947711 0.09808109614733788],[-0.21400543160953903 0.0 0.0; 0.0 -0.023798645532293085 0.020248227078769155; 0.0 0.02024822707876836 -0.023978092592437158],0.3
