L,J,Q,θ,ϕx,ϕy,ϕz,ndims,T,χ,dχdlogT,Λ
71,0.2,0.6180339887498949,0.4487989505128276,3.1015703765679126,4.390202420652395,5.5633019913836685,2,0.41753189365604015,[0.06801705205227301 0.0 0.0; 0.0 0.02535646996339981 -0.02383884748356939; 0.0 -0.023838847483569403 0.025471828657558936],[-0.06609165027839695 0.0 0.0; 0.0 -0.024513149883795438 0.023036896081516295; 0.0 0.0230368960815163 -0.024619315343449674],0.3
