L,J,Q,θ,ϕx,ϕy,ϕz,ndims,T,χ,dχdlogT,Λ
71,4.0,0.6180339887498949,0.4487989505128276,3.1015703765679126,4.390202420652395,5.5633019913836685,2,0.03290344562312668,[0.3273282635149975 0.0 0.0; 0.0 0.03762102067514783 -0.03600165323387984; 0.0 -0.03600165323387961 0.03762787344907157],[-0.14459170211570344 0.0 0.0; 0.0 -0.015661105697625022 0.015264170182707983; 0.0 0.015264170182708063 -0.015569392064457942],0.3
