L,J,Q,θ,ϕx,ϕy,ϕz,ndims,T,χ,dχdlogT,Λ
71,4.0,0.6180339887498949,0.4487989505128276,2.552598146004643,0.8989916554124286,0.15699716845863185,2,7.27895384398315,[0.0027456267524929657 0.0 0.0; 0.0 0.00032893738018143767 -0.0003079002787126283; 0.0 -0.000307900278712626 0.0003284399654534705],[-0.002745400515375457 0.0 0.0; 0.0 -0.0003289078394829992 0.0003078741180910913; 0.0 0.0003078741180910899 -0.00032841047440851335],0.3
