L,J,Q,θ,ϕx,ϕy,ϕz,ndims,T,χ,dχdlogT,Λ
71,0.7,0.6180339887498949,0.4487989505128276,5.572117758521282,4.729888087704749,1.3488104122557083,2,0.006723357536499335,[0.8265943278444744 0.0 0.0; 0.0 0.11065018692896668 -0.0964473792321785; 0.0 -0.09644737923217851 0.10995148019540346],[-0.2119569222698444 0.0 0.0; 0.0 -0.020895608036688558 0.01634787169376535; 0.0 0.016347871693765358 -0.018968911681143796],0.3
