L,J,Q,θ,ϕx,ϕy,ϕz,ndims,T,χ,dχdlogT,Λ
71,0.0,0.6180339887498949,0.4487989505128276,2.552598146004643,0.8989916554124286,0.15699716845863185,2,0.41753189365604015,[0.0652924570416719 0.0 0.0; 0.0 0.029468502054973 -0.02731033222110034; 0.0 -0.027310332221100346 0.02946838081846805],[-0.06338342744147946 0.0 0.0; 0.0 -0.028599533611834146 0.02650752884631464; 0.0 0.026507528846314646 -0.028599415046084292],0.3
