L,J,Q,θ,ϕx,ϕy,ϕz,ndims,T,χ,dχdlogT,Λ
71,2.0,0.6180339887498949,0.4487989505128276,0.5592963656621641,0.7629693143227725,1.7583094647153754,2,0.06210169418915616,[0.3779145551413114 0.0 0.0; 0.0 0.04409970993477626 -0.04187450756169215; 0.0 -0.04187450756168954 0.04410066784976297],[-0.24642667450372813 0.0 0.0; 0.0 -0.022326570266288384 0.021304406445960877; 0.0 0.021304406445961238 -0.022326713115982128],0.3
