L,J,Q,θ,ϕx,ϕy,ϕz,ndims,T,χ,dχdlogT,Λ
71,4.0,0.6180339887498949,0.4487989505128276,5.0719499452233645,4.972157876734834,4.031000049683043,2,0.009236708571873866,[0.5031900002615143 0.0 0.0; 0.0 0.05645509151133404 -0.054424215939908635; 0.0 -0.05442421593990931 0.05645978725917632],[-0.1321619328742138 0.0 0.0; 0.0 -0.014215539662815031 0.013976753691983455; 0.0 0.013976753691983564 -0.014265916567821212],0.3
