L,J,Q,θ,ϕx,ϕy,ϕz,ndims,T,χ,dχdlogT,Λ
71,0.7,0.6180339887498949,0.4487989505128276,5.572117758521282,4.729888087704749,1.3488104122557083,2,0.0853167852417281,[0.2895853800673609 0.0 0.0; 0.0 0.05050889566540122 -0.04587171941709444; 0.0 -0.0458717194170945 0.05045412669220455],[-0.1971507799602148 0.0 0.0; 0.0 -0.030590771025084937 0.027216468463745747; 0.0 0.027216468463745754 -0.030578314472022437],0.3
