L,J,Q,θ,ϕx,ϕy,ϕz,ndims,T,χ,dχdlogT,Λ
71,0.0,0.6180339887498949,0.4487989505128276,2.2727838634578985,4.701883349946189,4.517993212414445,2,0.2212216291070449,[0.11564414735224271 0.0 0.0; 0.0 0.053102231334461424 -0.049174633364781055; 0.0 -0.04917463336478105 0.05288608844016518],[-0.10544960331385321 0.0 0.0; 0.0 -0.04822170763772296 0.04467832967045312; 0.0 0.04467832967045312 -0.04806661417991975],0.3
