L,J,Q,θ,ϕx,ϕy,ϕz,ndims,T,χ,dχdlogT,Λ
71,0.2,0.6180339887498949,0.4487989505128276,2.2727838634578985,4.701883349946189,4.517993212414445,2,0.006723357536499335,[0.7177960239055194 0.0 0.0; 0.0 0.23592117415053424 -0.22037577134667624; 0.0 -0.22037577134667632 0.23621981309314474],[-0.1740860075850988 0.0 0.0; 0.0 -0.05979998252276661 0.05680613543488557; 0.0 0.05680613543488558 -0.06082041408726235],0.3
