L,J,Q,θ,ϕx,ϕy,ϕz,ndims,T,χ,dχdlogT,Λ
71,2.0,0.6180339887498949,0.4487989505128276,0.22606108604297762,3.472734375396318,0.24041933733318346,2,0.0013738237958832624,[1.5206717469958935 0.0 0.0; 0.0 0.07211330751283097 -0.06786008038646518; 0.0 -0.06786008038646585 0.0720015198782115],[-0.29728822837462043 0.0 0.0; 0.0 -0.00037289353355610274 8.832988395100702e-5; 0.0 8.832988395100734e-5 -0.0002570451667612026],0.3
