L,J,Q,θ,ϕx,ϕy,ϕz,ndims,T,χ,dχdlogT,Λ
71,4.0,0.6180339887498949,0.4487989505128276,2.2727838634578985,4.701883349946189,4.517993212414445,2,0.2212216291070449,[0.0870579144588334 0.0 0.0; 0.0 0.01042889902578683 -0.009772216496695147; 0.0 -0.009772216496694974 0.010400228852370713],[-0.08026309410670188 0.0 0.0; 0.0 -0.00954257741427683 0.008985768897929163; 0.0 0.008985768897929283 -0.009520577719309089],0.3
