L,J,Q,θ,ϕx,ϕy,ϕz,ndims,T,χ,dχdlogT,Λ
71,0.7,0.6180339887498949,0.4487989505128276,0.5592963656621641,0.7629693143227725,1.7583094647153754,2,0.002592943797404667,[1.0621163247930816 0.0 0.0; 0.0 0.13416738596400035 -0.11641496569885829; 0.0 -0.11641496569885838 0.13409038506522833],[-0.2607569534741138 0.0 0.0; 0.0 -0.024482252179777873 0.0198618221736598; 0.0 0.019861822173659806 -0.023704486645523565],0.3
