L,J,Q,θ,ϕx,ϕy,ϕz,ndims,T,χ,dχdlogT,Λ
71,1.0,0.6180339887498949,0.4487989505128276,2.2727838634578985,4.701883349946189,4.517993212414445,2,0.003562247890262444,[0.979055399131268 0.0 0.0; 0.0 0.1297991408415648 -0.11274537167945602; 0.0 -0.1127453716794542 0.12750223184901124],[-0.26303302876921497 0.0 0.0; 0.0 -0.02674580580203621 0.02044879270532347; 0.0 0.020448792705323272 -0.02264472781734955],0.3
