L,J,Q,θ,ϕx,ϕy,ϕz,ndims,T,χ,dχdlogT,Λ
71,1.0,0.6180339887498949,0.4487989505128276,2.2727838634578985,4.701883349946189,4.517993212414445,2,0.001,[1.3446671640495425 0.0 0.0; 0.0 0.16164946571891683 -0.13661120149616682; 0.0 -0.13661120149616723 0.15400552991380423],[-0.31531809737262084 0.0 0.0; 0.0 -0.02283704910884944 0.017702693993507983; 0.0 0.017702693993507886 -0.020540569105724715],0.3
