L,J,Q,θ,ϕx,ϕy,ϕz,ndims,T,χ,dχdlogT,Λ
71,4.0,0.6180339887498949,0.4487989505128276,3.1015703765679126,4.390202420652395,5.5633019913836685,2,0.30391953823131973,[0.0645793833695734 0.0 0.0; 0.0 0.007684576507537713 -0.007219505534783656; 0.0 -0.007219505534783499 0.007713630480592148],[-0.06171768009784671 0.0 0.0; 0.0 -0.007321782628887362 0.006894397530658575; 0.0 0.006894397530658644 -0.007344532487209964],0.3
