L,J,Q,θ,ϕx,ϕy,ϕz,ndims,T,χ,dχdlogT,Λ
71,0.7,0.6180339887498949,0.4487989505128276,3.1015703765679126,4.390202420652395,5.5633019913836685,2,0.2212216291070449,[0.1335894912357852 0.0 0.0; 0.0 0.024294663085162108 -0.022225980582523338; 0.0 -0.022225980582523355 0.024274639732266286],[-0.12185536617518704 0.0 0.0; 0.0 -0.02162739400765789 0.019708693916195917; 0.0 0.01970869391619591 -0.021612622778247804],0.3
