L,J,Q,θ,ϕx,ϕy,ϕz,ndims,T,χ,dχdlogT,Λ
71,0.7,0.6180339887498949,0.4487989505128276,2.552598146004643,0.8989916554124286,0.15699716845863185,2,0.7880462815669912,[0.039360263986673506 0.0 0.0; 0.0 0.007299934419657134 -0.006718604427352065; 0.0 -0.006718604427352063 0.007315949370863684],[-0.03904112131228758 0.0 0.0; 0.0 -0.007225077680869974 0.006647239204259963; 0.0 0.006647239204259973 -0.007240718599142495],0.3
