L,J,Q,θ,ϕx,ϕy,ϕz,ndims,T,χ,dχdlogT,Λ
71,2.0,0.6180339887498949,0.4487989505128276,3.1015703765679126,4.390202420652395,5.5633019913836685,2,0.01268961003167922,[0.8201961505276613 0.0 0.0; 0.0 0.06695378478427222 -0.06363109549288262; 0.0 -0.0636310954928807 0.06695836636474552],[-0.2996973804869342 0.0 0.0; 0.0 -0.007126142034674033 0.00655607323863132; 0.0 0.006556073238631157 -0.007127301667999615],0.3
