L,J,Q,θ,ϕx,ϕy,ϕz,ndims,T,χ,dχdlogT,Λ
71,0.0,0.6180339887498949,0.4487989505128276,0.5592963656621641,0.7629693143227725,1.7583094647153754,2,0.002592943797404667,[0.8369669276447436 0.0 0.0; 0.0 0.38276201280381317 -0.35573127696583395; 0.0 -0.3557312769658339 0.3815394919633052],[-0.18506300330025133 0.0 0.0; 0.0 -0.09104628417792901 0.08533076453524219; 0.0 0.0853307645352422 -0.09112843845855931],0.3
