L,J,Q,θ,ϕx,ϕy,ϕz,ndims,T,χ,dχdlogT,Λ
71,0.2,0.6180339887498949,0.4487989505128276,0.5592963656621641,0.7629693143227725,1.7583094647153754,2,10.0,[0.002787077278395528 0.0 0.0; 0.0 0.0010676066019941492 -0.0010042024757057164; 0.0 -0.0010042024757057164 0.0010708666149106402],[-0.0027869410270731916 0.0 0.0; 0.0 -0.0010675426627970183 0.0010041416073098143; 0.0 0.0010041416073098143 -0.001070802163521947],0.3
