L,J,Q,θ,ϕx,ϕy,ϕz,ndims,T,χ,dχdlogT,Λ
71,2.0,0.6180339887498949,0.4487989505128276,5.0719499452233645,4.972157876734834,4.031000049683043,2,0.017433288221999882,[0.726053567088912 0.0 0.0; 0.0 0.0643201609888401 -0.06117706879554001; 0.0 -0.06117706879553701 0.06431813044673373],[-0.2932254897561207 0.0 0.0; 0.0 -0.009545717110006931 0.008969617668665912; 0.0 0.00896961766866563 -0.00954573706403398],0.3
