L,J,Q,θ,ϕx,ϕy,ϕz,ndims,T,χ,dχdlogT,Λ
71,0.7,0.6180339887498949,0.4487989505128276,5.572117758521282,4.729888087704749,1.3488104122557083,2,0.03290344562312668,[0.48961996768792726 0.0 0.0; 0.0 0.07741870654784633 -0.06926658710304848; 0.0 -0.06926658710304856 0.0773650029114538],[-0.2154233715260409 0.0 0.0; 0.0 -0.024311200831201515 0.020556946140360088; 0.0 0.02055694614036003 -0.02434055184096392],0.3
