L,J,Q,θ,ϕx,ϕy,ϕz,ndims,T,χ,dχdlogT,Λ
71,4.0,0.6180339887498949,0.4487989505128276,0.22606108604297762,3.472734375396318,0.24041933733318346,2,1.0826367338740543,[0.018608204335485056 0.0 0.0; 0.0 0.0022416945839441437 -0.002097902740492007; 0.0 -0.0020979027404920193 0.002234274331922964],[-0.01853728097893771 0.0 0.0; 0.0 -0.0022323630446065878 0.0020896214865444656; 0.0 0.0020896214865445146 -0.002225029739052801],0.3
