L,J,Q,θ,ϕx,ϕy,ϕz,ndims,T,χ,dχdlogT,Λ
71,0.0,0.6180339887498949,0.4487989505128276,2.2727838634578985,4.701883349946189,4.517993212414445,2,1.0826367338740543,[0.024729031942828116 0.0 0.0; 0.0 0.011378273726361614 -0.010533933930070086; 0.0 -0.01053393393007009 0.011326989740477803],[-0.024623415041698005 0.0 0.0; 0.0 -0.01132741094724235 0.010487125791251968; 0.0 0.010487125791251972 -0.011276865150274637],0.3
