L,J,Q,θ,ϕx,ϕy,ϕz,ndims,T,χ,dχdlogT,Λ
71,4.0,0.6180339887498949,0.4487989505128276,3.0959974108403223,1.2556741887045844,5.690103367459748,2,0.0853167852417281,[0.1907249795740945 0.0 0.0; 0.0 0.022514443432281653 -0.02132394426455648; 0.0 -0.021323944264556437 0.022549919031632986],[-0.1341530765182016 0.0 0.0; 0.0 -0.01531165692371824 0.01475846403354902; 0.0 0.01475846403354899 -0.0153215169664438],0.3
