L,J,Q,θ,ϕx,ϕy,ϕz,ndims,T,χ,dχdlogT,Λ
71,1.0,0.6180339887498949,0.4487989505128276,2.2727838634578985,4.701883349946189,4.517993212414445,2,10.0,[0.0030399901133041033 0.0 0.0; 0.0 0.000492548207909169 -0.00045075351036502837; 0.0 -0.0004507535103650232 0.0004935114311171014],[-0.003039827520550945 0.0 0.0; 0.0 -0.0004925196590001064 0.00045072687496520763; 0.0 0.0004507268749652132 -0.0004934827463057501],0.3
