L,J,Q,θ,ϕx,ϕy,ϕz,ndims,T,χ,dχdlogT,Λ
17,0.0,0.6180339887498949,0.4487989505128276,3.7391716693259283,2.4457667579574927,6.194111839492483,3,1.0826367338740543,[0.15785121965594254 0.0 0.0 0.0; 0.0 0.08019586668119645 -0.001597274871519224 -0.005195975655000342; 0.0 -0.0015972748715202597 0.08134534782752564 -0.005287978153304164; 0.0 -0.005195975654997768 -0.005287978153303554 0.0771823170661143],[-0.07858505404202996 0.0 0.0 0.0; 0.0 -0.041533915882188105 0.0022816873014283048 0.006458037892637224; 0.0 0.0022816873014277813 -0.043613116900869636 0.006861499051268207; 0.0 0.006458037892635177 0.0068614990512677115 -0.03705845340886038],0.3
