L,J,Q,θ,ϕx,ϕy,ϕz,ndims,T,χ,dχdlogT,Λ
17,1.0,0.6180339887498949,0.4487989505128276,0.7365435587447934,3.6243560658763303,4.167565752063626,3,0.03290344562312668,[0.5887039556520857 0.0 0.0 0.0; 0.0 0.14972897720105371 -0.035421817771141374 -0.03916883722270588; 0.0 -0.035421817771144566 0.12401838457655516 -0.019489440151741297; 0.0 -0.03916883722271438 -0.019489440151735676 0.13086996177120372],[-0.1179294189170182 0.0 0.0 0.0; 0.0 -0.0050922224982890675 0.0020221448391459654 0.0021265180349844095; 0.0 0.0020221448391456423 -0.001978625816701338 0.00028960040971781034; 0.0 0.002126518034984085 0.0002896004097177589 -0.0023987347297490754],0.3
