L,J,Q,θ,ϕx,ϕy,ϕz,ndims,T,χ,dχdlogT,Λ
17,0.9,0.6180339887498949,0.4487989505128276,2.0190004883267134,3.8448452211591677,5.291651995628802,3,0.002592943797404667,[0.9683219858549299 0.0 0.0 0.0; 0.0 0.1793710517761468 -0.04461638014845604 -0.05315227977120251; 0.0 -0.044616380148444476 0.15478694205207055 -0.02650935660203953; 0.0 -0.053152279771200094 -0.026509356602040696 0.16710812796864874],[-0.11209985413405445 0.0 0.0 0.0; 0.0 -0.0025272646077104605 0.00037502807814049653 0.0015687425608771342; 0.0 0.0003750280781404886 -0.002466676564053941 6.568857041283324e-5; 0.0 0.0015687425608771578 6.568857041282288e-5 -0.00284659448277187],0.3
