L,J,Q,θ,ϕx,ϕy,ϕz,ndims,T,χ,dχdlogT,Λ
17,1.5,0.6180339887498949,0.4487989505128276,0.0,0.0,0.0,3,7.27895384398315,[0.03384547598195325 0.0 0.0 0.0; 0.0 0.01680604704815001 -0.00010095029979931545 -0.00010112112579867144; 0.0 -0.00010095029979944518 0.01677697104046314 -0.0001002268173563206; 0.0 -0.00010112112579871979 -0.00010022681735634363 0.016789932099065246],[-0.032882940113676075 0.0 0.0 0.0; 0.0 -0.016102899060121644 0.00028956547043030065 0.00029038938512620214; 0.0 0.00028956547043029713 -0.016018863639774884 0.0002860828836446197; 0.0 0.000290389385126235 0.0002860828836445254 -0.016056371575237576],0.3
