L,J,Q,θ,ϕx,ϕy,ϕz,ndims,T,χ,dχdlogT,Λ
17,0.0,0.6180339887498949,0.4487989505128276,4.571891130660917,3.9650079737185084,3.712601445936258,3,0.7880462815669912,[0.2230593202917672 0.0 0.0 0.0; 0.0 0.1075449697579454 -0.01723352505346529 -0.01723352506067468; 0.0 -0.017233525053465294 0.10754496976062489 -0.017233525055652083; 0.0 -0.017233525060674677 -0.017233525055652076 0.10754496975677877],[-0.13500316969531792 0.0 0.0 0.0; 0.0 -0.06192525001495802 0.022522883456917622 0.022522883592045708; 0.0 0.022522883456917626 -0.06192525004131578 0.02252288349790465; 0.0 0.022522883592045708 0.02252288349790465 -0.06192525000348116],0.3
