L,J,Q,θ,ϕx,ϕy,ϕz,ndims,T,χ,dχdlogT,Λ
17,0.0,0.6180339887498949,0.4487989505128276,4.571891130660917,3.9650079737185084,3.712601445936258,3,0.5736152510448679,[0.2668729936396346 0.0 0.0 0.0; 0.0 0.1274031911066535 -0.024971684459632947 -0.0249716852972235; 0.0 -0.024971684459632954 0.12740319056043387 -0.024971684713689334; 0.0 -0.024971685297223503 -0.024971684713689334 0.1274031913444532],[-0.14023363022991153 0.0 0.0 0.0; 0.0 -0.06277381929718127 0.025926947294117646 0.0259269570530681; 0.0 0.02592694729411765 -0.06277380955203765 0.025926950254155572; 0.0 0.025926957053068106 0.02592695025415557 -0.0627738235397647],0.3
