L,J,Q,θ,ϕx,ϕy,ϕz,ndims,T,χ,dχdlogT,Λ
17,0.0,0.6180339887498949,0.4487989505128276,3.3867301952500117,1.992102212170806,5.032847107826847,3,1.4873521072935114,[0.1439293305877501 0.0 0.0 0.0; 0.0 0.07055309421084865 -0.006126058115757273 -0.006126058115757288; 0.0 -0.006126058115757266 0.07055309421084867 -0.006126058115757286; 0.0 -0.006126058115757293 -0.00612605811575729 0.07055309421084856],[-0.11122346556298626 0.0 0.0 0.0; 0.0 -0.05292248758365281 0.012027662581259126 0.012027662581259101; 0.0 0.012027662581259127 -0.05292248758365225 0.012027662581259552; 0.0 0.012027662581259103 0.012027662581259558 -0.052922487583652304],0.3
