L,J,Q,θ,ϕx,ϕy,ϕz,ndims,T,χ,dχdlogT,Λ
17,0.5,0.6180339887498949,0.4487989505128276,0.0,0.0,0.0,3,0.0013738237958832624,[0.7373529184403322 0.0 0.0 0.0; 0.0 0.21872182588010888 -0.06084947343120989 -0.06799897414915489; 0.0 -0.06084947343120993 0.21190967169877903 -0.06024714209777509; 0.0 -0.06799897414915516 -0.06024714209777512 0.2170689044861835],[0.0015285494964121951 0.0 0.0 0.0; 0.0 0.0007520608999839791 -0.0005259064256851561 -0.0006083997152774186; 0.0 -0.000525906425685156 0.0004701605262653099 7.441810363651745e-5; 0.0 -0.0006083997152774162 7.441810363651829e-5 0.0009273469049997506],0.3
