L,J,Q,θ,ϕx,ϕy,ϕz,ndims,T,χ,dχdlogT,Λ
17,0.9,0.6180339887498949,0.4487989505128276,2.0114986478607926,4.7679576854465,3.6703350114271114,3,0.41753189365604015,[0.2909646608407788 0.0 0.0 0.0; 0.0 0.11884314612296634 -0.021822050865807043 -0.02333087354532338; 0.0 -0.02182205086580081 0.11248204949552043 -0.018241364091850974; 0.0 -0.023330873545327552 -0.018241364091847807 0.11511541046158894],[-0.12684653514411875 0.0 0.0 0.0; 0.0 -0.03305630705618955 0.012325813464535224 0.014606972905968664; 0.0 0.012325813464528525 -0.02594919696739187 0.00787702743087459; 0.0 0.014606972905970574 0.00787702743087464 -0.028466284975340067],0.3
