L,J,Q,θ,ϕx,ϕy,ϕz,ndims,T,χ,dχdlogT,Λ
17,1.0,0.6180339887498949,0.4487989505128276,1.0093168362909395,0.33689438195597865,5.770913800445461,3,2.043359717856942,[0.10867489980002465 0.0 0.0 0.0; 0.0 0.05230371876661558 -0.002797989257162094 -0.0028210595682092426; 0.0 -0.0027979892571614027 0.05187416745074186 -0.002704073790274047; 0.0 -0.002821059568209884 -0.0027040737902738923 0.05207184771914183],[-0.08832085038656955 0.0 0.0 0.0; 0.0 -0.03942712794355098 0.005950882607317962 0.00604192879314038; 0.0 0.005950882607320864 -0.03838491367045707 0.005600620515208682; 0.0 0.006041928793140115 0.005600620515207458 -0.038867129081556394],0.3
