L,J,Q,θ,ϕx,ϕy,ϕz,ndims,T,χ,dχdlogT,Λ
17,2.2,0.6180339887498949,0.4487989505128276,5.572737511802221,5.611028785571096,4.947555202131609,3,0.002592943797404667,[0.6215595339782805 0.0 0.0 0.0; 0.0 0.08052662138670331 -0.012501508949259688 -0.015708797934847606; 0.0 -0.01250150894926178 0.07096844390802849 -0.0029844109527621537; 0.0 -0.015708797934840098 -0.0029844109527626017 0.07656926721736868],[-0.06672686313657171 0.0 0.0 0.0; 0.0 -0.00011370954824031625 -7.624388444469854e-5 -0.0001378128119048587; 0.0 -7.624388444470222e-5 -9.353113324239625e-5 -9.859886905111373e-5; 0.0 -0.00013781281190485163 -9.859886905110882e-5 -0.00020413598444899778],0.3
