L,J,Q,θ,ϕx,ϕy,ϕz,ndims,T,χ,dχdlogT,Λ
17,2.1,0.6180339887498949,0.4487989505128276,5.572737511802221,5.611028785571096,4.947555202131609,3,3.856620421163471,[0.06086008781447614 0.0 0.0 0.0; 0.0 0.02926953857643429 -0.0005457573347706207 -0.0005514514362745724; 0.0 -0.0005457573347700121 0.028967835358506312 -0.000520963244051156; 0.0 -0.0005514514362753799 -0.0005209632440513584 0.029102057741941342],[-0.05409091782605889 0.0 0.0 0.0; 0.0 -0.02401342602030097 0.0013607939129881837 0.0013853664277210848; 0.0 0.0013607939129884861 -0.023264022117700178 0.0012556585554159047; 0.0 0.0013853664277208896 0.0012556585554166712 -0.023597640466434037],0.3
