L,J,Q,θ,ϕx,ϕy,ϕz,ndims,T,χ,dχdlogT,Λ
17,1.0,0.6180339887498949,0.4487989505128276,3.760590801923751,0.23786590655459378,4.063839152557065,3,0.11721022975334802,[0.44122834335723465 0.0 0.0 0.0; 0.0 0.1396815617358666 -0.03124500931347738 -0.034733302947690385; 0.0 -0.031245009313477005 0.1208405677099581 -0.01980812713804576; 0.0 -0.034733302947690975 -0.019808127138045792 0.1265315072651056],[-0.11637759099610821 0.0 0.0 0.0; 0.0 -0.011936175410346412 0.005115128302937325 0.005739899165390895; 0.0 0.005115128302937235 -0.00381061317421506 -0.0006976612454477981; 0.0 0.005739899165390846 -0.0006976612454478113 -0.005422821067453669],0.3
