L,J,Q,θ,ϕx,ϕy,ϕz,ndims,T,χ,dχdlogT,Λ
17,0.6,0.6180339887498949,0.4487989505128276,0.0,0.0,0.0,3,2.807216203941177,[0.08370390693414088 0.0 0.0 0.0; 0.0 0.041288294969841 -0.0014004030246488378 -0.0014025567471485222; 0.0 -0.0014004030246487996 0.04121502671920036 -0.0013899252664342236; 0.0 -0.001402556747148487 -0.001389925266434238 0.04124932347679181],[-0.07465187480072559 0.0 0.0 0.0; 0.0 -0.035891957404122175 0.0034852261611890926 0.0034953474824716176; 0.0 0.0034852261611891346 -0.035691580773467964 0.0034412680307813553; 0.0 0.0034953474824716184 0.00344126803078139 -0.03578611120647165],0.3
