L,J,Q,θ,ϕx,ϕy,ϕz,ndims,T,χ,dχdlogT,Λ
17,0.0,0.6180339887498949,0.4487989505128276,0.7302732427812232,5.37220361778202,0.10690750510233056,3,0.5736152510448679,[0.26687299327501157 0.0 0.0 0.0; 0.0 0.12740319140078937 -0.024971685395508817 -0.024971684589768797; 0.0 -0.024971685395508817 0.12740319090069468 -0.024971684055463118; 0.0 -0.02497168458976881 -0.024971684055463104 0.1274031901464676],[-0.14023362437074352 0.0 0.0 0.0; 0.0 -0.06277382530448132 0.025926957877339677 0.02592694848935783; 0.0 0.025926957877339674 -0.06277381638246038 0.025926942264317982; 0.0 0.02592694848935782 0.02592694226431799 -0.06277380292616881],0.3
