L,J,Q,θ,ϕx,ϕy,ϕz,ndims,T,χ,dχdlogT,Λ
17,0.1,0.6180339887498949,0.4487989505128276,0.8703001945408915,2.8301616831744134,4.780888573702659,3,0.0018873918221350976,[1.0839620673993122 0.0 0.0 0.0; 0.0 0.36801790129284406 -0.11879281718641133 -0.1465657215432297; 0.0 -0.11879281718640053 0.37955329480157485 -0.15779216634130194; 0.0 -0.1465657215432249 -0.15779216634129098 0.40200413984614364],[-0.08884071132510327 0.0 0.0 0.0; 0.0 -0.0027963229675736904 -0.000880585123417489 0.0031281970152737945; 0.0 -0.0008805851234174667 -0.010825904763119164 0.010623322064685239; 0.0 0.0031281970152738548 0.01062332206468519 -0.0180350699005787],0.3
