L,J,Q,θ,ϕx,ϕy,ϕz,ndims,T,χ,dχdlogT,Λ
17,0.2,0.6180339887498949,0.4487989505128276,1.1893736525699403,4.810046848804363,1.1587477520872451,3,0.017433288221999882,[0.14611936594809272 0.0 0.0 0.0; 0.0 0.08291438882435943 0.00038513857069535565 -0.0026397327559447973; 0.0 0.0003851385706953772 0.08529785521931836 0.0010101808416377801; 0.0 -0.0026397327559444534 0.001010180841638051 0.08223627088258183],[-0.0009590546312952041 0.0 0.0 0.0; 0.0 -0.0006481976991170766 -3.149357875188042e-5 0.00039849019554387833; 0.0 -3.1493578751914176e-5 -0.0009090904122829954 -0.0005154014291348194; 0.0 0.00039849019554389394 -0.0005154014291347992 0.0002583260947620769],0.3
