L,J,Q,θ,ϕx,ϕy,ϕz,ndims,T,χ,dχdlogT,Λ
17,0.1,0.6180339887498949,0.4487989505128276,3.618747458137627,1.8279789591608198,1.183467040680949,3,0.03290344562312668,[0.7049564532781065 0.0 0.0 0.0; 0.0 0.2893500570683291 -0.09703146569909657 -0.09897297318900708; 0.0 -0.09703146569908536 0.2885044109467962 -0.0982629517452838; 0.0 -0.09897297318901474 -0.09826295174528556 0.29034761070581167],[-0.18413473226801685 0.0 0.0 0.0; 0.0 -0.047607785793746006 0.020629805196884152 0.023437206737497582; 0.0 0.02062980519688163 -0.047618640054484594 0.022995357544907783; 0.0 0.023437206737496948 0.02299535754490814 -0.05001506739577207],0.3
