L,J,Q,θ,ϕx,ϕy,ϕz,ndims,T,χ,dχdlogT,Λ
17,0.2,0.6180339887498949,0.4487989505128276,1.1893736525699403,4.810046848804363,1.1587477520872451,3,0.001,[0.1452605472213435 0.0 0.0 0.0; 0.0 0.08281654472960483 0.001943978284038836 -0.002569529312455839; 0.0 0.0019439782840390133 0.08428930587249714 0.0012959465099427548; 0.0 -0.0025695293124552323 0.0012959465099428163 0.08248482203389673],[8.232897636833364e-5 0.0 0.0 0.0; 0.0 0.00010379549217570685 -0.00031690464017852316 -0.00019710777406476438; 0.0 -0.00031690464017851964 3.17322641093359e-5 2.0440696785748716e-5; 0.0 -0.00019710777406476275 2.0440696785749312e-5 4.8395484013358676e-5],0.3
