L,J,Q,θ,ϕx,ϕy,ϕz,ndims,T,χ,dχdlogT,Λ
17,2.0,0.6180339887498949,0.4487989505128276,0.7365435587447934,3.6243560658763303,4.167565752063626,3,1.0826367338740543,[0.15818078079964132 0.0 0.0 0.0; 0.0 0.06342061174865771 -0.005776433730256247 -0.006167617068681142; 0.0 -0.005776433730256978 0.060246531592810106 -0.004332933179967472; 0.0 -0.0061676170686786385 -0.004332933179967217 0.06175029168797442],[-0.09257172334302517 0.0 0.0 0.0; 0.0 -0.0227275638214674 0.006271878417456306 0.0072000853126909506; 0.0 0.00627187841745528 -0.01869621383965419 0.003300721125674685; 0.0 0.007200085312690377 0.003300721125675171 -0.02076656669517048],0.3
