L,J,Q,θ,ϕx,ϕy,ϕz,ndims,T,χ,dχdlogT,Λ
17,1.3,0.6180339887498949,0.4487989505128276,2.7971761538004767,0.9221480843864649,0.33812271961944773,3,0.0013738237958832624,[0.9830919138368985 0.0 0.0 0.0; 0.0 0.1284884011956317 -0.027163663398013696 -0.03176930212309402; 0.0 -0.027163663398016465 0.10985457164823241 -0.010248002944925932; 0.0 -0.031769302123093555 -0.010248002944924227 0.11893037355740185],[-0.13761933048903233 0.0 0.0 0.0; 0.0 -1.4257861960066495e-5 -2.7730390394650937e-5 7.616568318307116e-5; 0.0 -2.7730390394650076e-5 -0.00043239096360859076 -0.00042283828392240206; 0.0 7.616568318307557e-5 -0.00042283828392237626 -0.0013492818108450314],0.3
