L,J,Q,θ,ϕx,ϕy,ϕz,ndims,T,χ,dχdlogT,Λ
17,2.6,0.6180339887498949,0.4487989505128276,0.904300289521082,1.0125565430183656,4.095135617620149,3,0.2212216291070449,[0.2782158256253856 0.0 0.0 0.0; 0.0 0.06793637757482941 -0.009211101182733395 -0.011993577757486051; 0.0 -0.009211101182732344 0.06049844614739322 -0.0029328377979163794; 0.0 -0.011993577757487495 -0.0029328377979169562 0.06506070054591445],[-0.0783082617834337 0.0 0.0 0.0; 0.0 -0.00347737970096629 0.0016632619169272061 0.0026216269949762196; 0.0 0.0016632619169270838 -0.0019146135671495948 -0.0005051372263554371; 0.0 0.0026216269949758805 -0.0005051372263554194 -0.0030087346967320274],0.3
