L,J,Q,θ,ϕx,ϕy,ϕz,ndims,T,χ,dχdlogT,Λ
17,1.2,0.6180339887498949,0.4487989505128276,1.0093168362909395,0.33689438195597865,5.770913800445461,3,0.02395026619987486,[0.6194159175505097 0.0 0.0 0.0; 0.0 0.1345147590452103 -0.02888798282051688 -0.033109625689026374; 0.0 -0.028887982820514746 0.11479320882425227 -0.013912005373020458; 0.0 -0.033109625689028276 -0.013912005373016564 0.12163865035743882],[-0.11303535185433489 0.0 0.0 0.0; 0.0 -0.002625727475497326 0.0009462000940634979 0.0013138471327822521; 0.0 0.0009462000940633628 -0.0014915088932821435 -0.000429577180661024; 0.0 0.0013138471327824813 -0.0004295771806610354 -0.0024493822750740932],0.3
