L,J,Q,θ,ϕx,ϕy,ϕz,ndims,T,χ,dχdlogT,Λ
17,4.0,0.6180339887498949,0.4487989505128276,0.7365435587447934,3.6243560658763303,4.167565752063626,3,0.0853167852417281,[0.2781064485291042 0.0 0.0 0.0; 0.0 0.04814400561261463 -0.005789612798739107 -0.008082624699187253; 0.0 -0.005789612798738966 0.04283858368939399 -0.0007944697469651716; 0.0 -0.008082624699190265 -0.0007944697469650665 0.04668376329242372],[-0.058070201945551375 0.0 0.0 0.0; 0.0 -0.0012070778661728535 0.00028834194662716707 0.0008494858784568669; 0.0 0.00028834194662717363 -0.0009826263720660428 -8.890148261695834e-6; 0.0 0.0008494858784569616 -8.890148261696075e-6 -0.0008763301248020163],0.3
