L,J,Q,θ,ϕx,ϕy,ϕz,ndims,T,χ,dχdlogT,Λ
17,0.2,0.6180339887498949,0.4487989505128276,0.42235321389133906,4.045182703094503,4.56424155365723,3,0.06210169418915616,[0.5810661066156556 0.0 0.0 0.0; 0.0 0.24535966378519647 -0.08068109674235224 -0.08136781352399555; 0.0 -0.08068109674235222 0.24188625882102968 -0.07909531845453935; 0.0 -0.0813678135239955 -0.07909531845453929 0.24366294432704355],[-0.14312823800920027 0.0 0.0 0.0; 0.0 -0.044305730370962415 0.02235597545971093 0.021773025796204538; 0.0 0.02235597545971094 -0.04410610503071493 0.022021422009674583; 0.0 0.02177302579620454 0.022021422009674593 -0.044398160863154505],0.3
