L,J,Q,θ,ϕx,ϕy,ϕz,ndims,T,χ,dχdlogT,Λ
17,0.1,0.6180339887498949,0.4487989505128276,2.286551979529044,0.653955063995233,4.216510401313935,3,1.0826367338740543,[0.18050749752633252 0.0 0.0 0.0; 0.0 0.08780398125889984 -0.010468494964773908 -0.010471546859481873; 0.0 -0.01046849496477401 0.08777904256834636 -0.010458760873180317; 0.0 -0.010471546859481306 -0.01045876087318052 0.08779044273965832],[-0.12379869793683082 0.0 0.0 0.0; 0.0 -0.0579742635731363 0.016820483166614615 0.016830712335312407; 0.0 0.01682048316661345 -0.0579163076169629 0.016791830254335255; 0.0 0.016830712335314385 0.01679183025433475 -0.05794226287855638],0.3
],0.3
