L,J,Q,θ,ϕx,ϕy,ϕz,ndims,T,χ,dχdlogT,Λ
17,4.0,0.6180339887498949,0.4487989505128276,0.19185886721624704,0.3197962420280744,4.2782074829620935,3,0.003562247890262444,[0.48695504689450575 0.0 0.0 0.0; 0.0 0.04999748819749213 -0.006047957448087169 -0.009515824184841745; 0.0 -0.006047957448086787 0.044230857883056224 -0.0008530109679507133; 0.0 -0.009515824184841851 -0.0008530109679506563 0.048405712998053484],[-0.08147578146350555 0.0 0.0 0.0; 0.0 -0.0003478298440301929 -3.997891096277259e-6 0.00031367431464601145; 0.0 -3.997891096276641e-6 -0.00019760753138289388 8.641456169425861e-5; 0.0 0.00031367431464601395 8.641456169425682e-5 -0.0003687362259249512],0.3
