L,J,Q,θ,ϕx,ϕy,ϕz,ndims,T,χ,dχdlogT,Λ
17,2.0,0.6180339887498949,0.4487989505128276,4.571891130660917,3.9650079737185084,3.712601445936258,3,0.0018873918221350976,[0.7794003944143714 0.0 0.0 0.0; 0.0 0.09298677918849593 -0.01670780841136436 -0.02131326662578301; 0.0 -0.016707808411366504 0.0761495231166875 -0.0055383234867172745; 0.0 -0.02131326662578261 -0.005538323486717518 0.08348382647812562],[-0.1044324212081231 0.0 0.0 0.0; 0.0 -2.3555054876418162e-5 3.203928172966808e-6 2.582070442790899e-5; 0.0 3.203928172966657e-6 -7.964281763828185e-6 -8.127834693432535e-6; 0.0 2.5820704427907986e-5 -8.127834693431281e-6 -5.450172868791218e-6],0.3
