L,J,Q,θ,ϕx,ϕy,ϕz,ndims,T,χ,dχdlogT,Λ
17,1.3,0.6180339887498949,0.4487989505128276,0.0,0.0,0.0,3,0.06210169418915616,[0.49640665732929456 0.0 0.0 0.0; 0.0 0.12315614855294456 -0.024869735070806902 -0.028891173023193314; 0.0 -0.024869735070807107 0.10623934549365673 -0.012229651216620679; 0.0 -0.028891173023193103 -0.012229651216620403 0.11217450764126957],[-0.11582267854027946 0.0 0.0 0.0; 0.0 -0.0047543284583494785 0.0020450846230788363 0.0022644593565209923; 0.0 0.002045084623078849 -0.002067256392269981 -0.000733616551629379; 0.0 0.002264459356521054 -0.0007336165516293916 -0.0032115517805448015],0.3
