L,J,Q,θ,ϕx,ϕy,ϕz,ndims,T,χ,dχdlogT,Λ
17,0.2,0.6180339887498949,0.4487989505128276,3.495093598677624,2.883970702839594,6.1924574804566195,3,2.043359717856942,[0.10934563598716869 0.0 0.0 0.0; 0.0 0.05431431143325263 -0.0025412988323470034 -0.0027442527388498042; 0.0 -0.00254129883234497 0.05411135290556142 -0.002807725504678408; 0.0 -0.0027442527388504877 -0.0028077255046782133 0.0539347166686367],[-0.08922110618851001 0.0 0.0 0.0; 0.0 -0.04393030547513134 0.005666117920668628 0.006090649459266124; 0.0 0.005666117920672256 -0.043435317460415276 0.006192365177166182; 0.0 0.006090649459265139 0.006192365177168039 -0.04301657583977966],0.3
