L,J,Q,θ,ϕx,ϕy,ϕz,ndims,T,χ,dχdlogT,Λ
17,2.1,0.6180339887498949,0.4487989505128276,3.4325732339712176,0.48403095295895665,4.99199768699224,3,0.004893900918477494,[0.6029699843226665 0.0 0.0 0.0; 0.0 0.08365682224320214 -0.01340322868945554 -0.016783555863862102; 0.0 -0.013403228689454393 0.07360221781734744 -0.003362356290899914; 0.0 -0.016783555863859632 -0.0033623562909012223 0.07925405844419131],[-0.07476724658155928 0.0 0.0 0.0; 0.0 -0.00010081144221491605 -8.71861721495046e-5 -0.00013559701498402958; 0.0 -8.71861721495048e-5 -0.00013580334287219915 -0.00013024189012963023; 0.0 -0.0001355970149840293 -0.00013024189012962904 -0.000190540370408174],0.3
