L,J,Q,θ,ϕx,ϕy,ϕz,ndims,T,χ,dχdlogT,Λ
17,1.5,0.6180339887498949,0.4487989505128276,3.185173115742622,0.6632313554513567,0.38066440369918414,3,0.5736152510448679,[0.23341125824377695 0.0 0.0 0.0; 0.0 0.08824397334255073 -0.012367078962862856 -0.01360712870200989; 0.0 -0.012367078962861587 0.0823809434297908 -0.0088526880554045; 0.0 -0.013607128702012831 -0.008852688055401754 0.08504459412663755],[-0.10953593799209205 0.0 0.0 0.0; 0.0 -0.02214157826395555 0.007641806992919708 0.009698252552706461; 0.0 0.0076418069929204396 -0.01633319024086972 0.003084212638753203; 0.0 0.009698252552710304 0.003084212638753627 -0.01879100244604121],0.3
