L,J,Q,θ,ϕx,ϕy,ϕz,ndims,T,χ,dχdlogT,Λ
17,0.0,0.6180339887498949,0.4487989505128276,1.985927615047579,6.231216029106446,1.9734735852915235,3,0.0853167852417281,[0.5387016958291091 0.0 0.0 0.0; 0.0 0.2431367518752593 -0.07966432497965166 -0.08014651604129233; 0.0 -0.07966432497965167 0.24288739186095418 -0.07966950387206366; 0.0 -0.08014651604129232 -0.07966950387206366 0.2431085080666295],[-0.14377097822042545 0.0 0.0 0.0; 0.0 -0.060354175235770385 0.02952721817530167 0.03065459689003839; 0.0 0.029527218175301666 -0.059491755203021184 0.029412772711452213; 0.0 0.030654596890038396 0.02941277271145221 -0.060189900312421094],0.3
