L,J,Q,θ,ϕx,ϕy,ϕz,ndims,T,χ,dχdlogT,Λ
17,1.5,0.6180339887498949,0.4487989505128276,6.059960591863411,0.010007026810672934,1.8290339262676465,3,0.017433288221999882,[0.6142074489961997 0.0 0.0 0.0; 0.0 0.11230116496751878 -0.021756590875545254 -0.026007807671476663; 0.0 -0.021756590875549462 0.09607797855914209 -0.008064190298884335; 0.0 -0.026007807671480896 -0.008064190298883334 0.10311874834072043],[-0.11067953646581745 0.0 0.0 0.0; 0.0 -0.0006859072035250949 0.00038105271904456347 0.0003125311851394204; 0.0 0.0003810527190445663 -0.0005171487578103158 -0.00047356554694677293; 0.0 0.00031253118513939373 -0.00047356554694680134 -0.0010008944986900836],0.3
