L,J,Q,θ,ϕx,ϕy,ϕz,ndims,T,χ,dχdlogT,Λ
17,2.2,0.6180339887498949,0.4487989505128276,0.0,0.0,0.0,3,1.0826367338740543,[0.15443521149239958 0.0 0.0 0.0; 0.0 0.060336865523115304 -0.005170243442073446 -0.005573714358294972; 0.0 -0.005170243442073242 0.05713579166293503 -0.003695713535215977; 0.0 -0.005573714358294568 -0.003695713535215994 0.058687503224468585],[-0.08829221596539757 0.0 0.0 0.0; 0.0 -0.01976817466828009 0.0053261668958551195 0.006249181315027422; 0.0 0.0053261668958551 -0.01611321808719735 0.002423271807424713; 0.0 0.006249181315027301 0.002423271807424596 -0.018121207488186478],0.3
