L,J,Q,θ,ϕx,ϕy,ϕz,ndims,T,χ,dχdlogT,Λ
17,1.2,0.6180339887498949,0.4487989505128276,0.2270322332171121,0.6356113968373492,5.117549700305437,3,7.27895384398315,[0.033906861101876934 0.0 0.0 0.0; 0.0 0.01686911786313433 -0.00010171111036229464 -0.00010182190660278687; 0.0 -0.00010171111036276479 0.016850261226235383 -0.00010124238821396556; 0.0 -0.00010182190660252818 -0.00010124238821325018 0.016858678194351075],[-0.03305913815160893 0.0 0.0 0.0; 0.0 -0.01628419491351588 0.0002932028951056504 0.0002937401098755656; 0.0 0.0002932028951056588 -0.016229217515085367 0.00029093571072482527; 0.0 0.0002937401098753937 0.00029093571072502086 -0.016253809098763724],0.3
