L,J,Q,θ,ϕx,ϕy,ϕz,ndims,T,χ,dχdlogT,Λ
17,0.2,0.6180339887498949,0.4487989505128276,0.7302732427812232,5.37220361778202,0.10690750510233056,3,0.5736152510448679,[0.2660124597588988 0.0 0.0 0.0; 0.0 0.12613839498537588 -0.02449541481390247 -0.0245718179788423; 0.0 -0.024495414813902303 0.12575620150156847 -0.024330077010536355; 0.0 -0.024571817978842374 -0.024330077010536327 0.12592309621445283],[-0.1393040382125377 0.0 0.0 0.0; 0.0 -0.06091229028714846 0.024967393144798764 0.025151128242949086; 0.0 0.024967393144798962 -0.06021333376512536 0.024678294714839403; 0.0 0.02515112824294925 0.024678294714839788 -0.06051074494406511],0.3
