L,J,Q,θ,ϕx,ϕy,ϕz,ndims,T,χ,dχdlogT,Λ
17,4.0,0.6180339887498949,0.4487989505128276,0.7365435587447934,3.6243560658763303,4.167565752063626,3,1.4873521072935114,[0.10889189039925233 0.0 0.0 0.0; 0.0 0.03831598813366416 -0.0018880962197864576 -0.0020961888267708177; 0.0 -0.001888096219785936 0.035977654951734904 -0.0010698843821462787; 0.0 -0.0020961888267697964 -0.001069884382146135 0.037236572456144194],[-0.06018957875433918 0.0 0.0 0.0; 0.0 -0.0091080638398485 0.0020110789756393474 0.0024622845220743754; 0.0 0.0020110789756392676 -0.007179082728241808 0.00044411745718556014; 0.0 0.002462284522073766 0.00044411745718569734 -0.008722918482651314],0.3
