L,J,Q,θ,ϕx,ϕy,ϕz,ndims,T,χ,dχdlogT,Λ
17,0.2,0.6180339887498949,0.4487989505128276,0.28417827258967326,6.210083290103895,4.427087456962382,3,0.01268961003167922,[0.7893734666649952 0.0 0.0 0.0; 0.0 0.31189015599920433 -0.11307475301830071 -0.11470272559667155; 0.0 -0.11307475301830082 0.3052087303665221 -0.11047058238173181; 0.0 -0.11470272559667156 -0.11047058238173176 0.3084120200653438],[-0.12497736956574083 0.0 0.0 0.0; 0.0 -0.0413446106690643 0.019893181862568457 0.02110324250030318; 0.0 0.019893181862568454 -0.03911935137764643 0.01960943220000811; 0.0 0.02110324250030317 0.01960943220000811 -0.040858244947617986],0.3
