L,J,Q,θ,ϕx,ϕy,ϕz,ndims,T,χ,dχdlogT,Λ
17,2.5,0.6180339887498949,0.4487989505128276,0.0,0.0,0.0,3,3.856620421163471,[0.06015839883254512 0.0 0.0 0.0; 0.0 0.028563500081933632 -0.0005198133494483241 -0.0005272637875618545; 0.0 -0.0005198133494484641 0.02817102803989349 -0.0004874282912580004; 0.0 -0.0005272637875618826 -0.0004874282912579595 0.02834446285497608],[-0.05241314730790474 0.0 0.0 0.0; 0.0 -0.022350745548347085 0.0012572081860441433 0.0012882886721586396; 0.0 0.0012572081860441739 -0.021427862197615215 0.0011237002723929186; 0.0 0.0012882886721586138 0.001123700272392873 -0.021835485728235172],0.3
