L,J,Q,θ,ϕx,ϕy,ϕz,ndims,T,χ,dχdlogT,Λ
17,2.2,0.6180339887498949,0.4487989505128276,0.0,0.0,0.0,3,0.41753189365604015,[0.2412157533461327 0.0 0.0 0.0; 0.0 0.07356443580889105 -0.009590076116182828 -0.011561930905317857; 0.0 -0.009590076116182941 0.06675900189159198 -0.004641200861294512; 0.0 -0.011561930905317947 -0.004641200861294707 0.07038707059372636],[-0.09126794032920289 0.0 0.0 0.0; 0.0 -0.009048243099778815 0.003556320954314287 0.005666487588885346; 0.0 0.00355632095431427 -0.005498588942229154 -7.089052344746421e-5; 0.0 0.005666487588885394 -7.089052344749506e-5 -0.0075063870685966585],0.3
