L,J,Q,θ,ϕx,ϕy,ϕz,ndims,T,χ,dχdlogT,Λ
17,0.0,0.6180339887498949,0.4487989505128276,3.328119287743036,3.037276394911071,5.9689453131494306,3,0.7880462815669912,[0.21086746014423793 0.0 0.0 0.0; 0.0 0.10279693877781736 -0.01409912488935022 -0.012980749726888506; 0.0 -0.014099124889347779 0.10224058725436377 -0.014454543075787273; 0.0 -0.012980749726891179 -0.014454543075795854 0.10436786249644542],[-0.11109279343623928 0.0 0.0 0.0; 0.0 -0.05270756536203055 0.016139173962562196 0.015945392710729662; 0.0 0.016139173962566512 -0.05175050805688932 0.017450678258875373; 0.0 0.015945392710727837 0.017450678258883474 -0.05560396485460795],0.3
