L,J,Q,θ,ϕx,ϕy,ϕz,ndims,T,χ,dχdlogT,Λ
17,2.5,0.6180339887498949,0.4487989505128276,2.1563343033690434,6.095578933962297,1.5926484505845504,3,2.043359717856942,[0.09997918645605047 0.0 0.0 0.0; 0.0 0.04353249627320051 -0.0019560488222760543 -0.002033987977885349; 0.0 -0.0019560488222765213 0.04212109677036131 -0.0016326933568391582; 0.0 -0.002033987977885428 -0.0016326933568382343 0.042757218101511237],[-0.07194709305156329 0.0 0.0 0.0; 0.0 -0.02316329105543826 0.003347395705146209 0.0035930501079509724; 0.0 0.0033473957051469504 -0.020829566509059348 0.002358280504770358; 0.0 0.0035930501079511393 0.002358280504769392 -0.0219399503645594],0.3
