L,J,Q,θ,ϕx,ϕy,ϕz,ndims,T,χ,dχdlogT,Λ
17,0.2,0.6180339887498949,0.4487989505128276,5.390835150545396,2.594487482649939,1.525507167473482,3,0.16102620275609392,[0.17050283965650695 0.0 0.0 0.0; 0.0 0.08877874232435559 -0.004602477453434925 0.00010245453025459175; 0.0 -0.004602477453439769 0.08596771818495287 0.0002737167166807276; 0.0 0.00010245453025518959 0.0002737167166817393 0.0985100591903703],[-0.0013681031237127521 0.0 0.0 0.0; 0.0 -0.0011598868180621134 7.031310501731346e-5 0.00024614105449859; 0.0 7.031310501756645e-5 -0.0010438794333254677 -0.00011802466441641847; 0.0 0.0002461410544987413 -0.00011802466441651166 -0.0017487043250248265],0.3
