L,J,Q,θ,ϕx,ϕy,ϕz,ndims,T,χ,dχdlogT,Λ
17,2.8,0.6180339887498949,0.4487989505128276,5.453159029343374,0.04602239988287094,4.9111229198751865,3,0.0018873918221350976,[0.5664903482481782 0.0 0.0 0.0; 0.0 0.06578620647250741 -0.009349713602618784 -0.01156807133378222; 0.0 -0.009349713602619904 0.058610253289362535 -0.0018054653966378834; 0.0 -0.011568071333784204 -0.0018054653966380384 0.06329054777930851],[-0.044638111312702976 0.0 0.0 0.0; 0.0 -5.554614683970837e-5 -6.303553313440762e-5 -1.2067680825298414e-5; 0.0 -6.30355331344065e-5 4.736616042271839e-6 -4.3730630519813216e-5; 0.0 -1.206768082529837e-5 -4.37306305198117e-5 -0.00010961315595625062],0.3
