L,J,Q,θ,ϕx,ϕy,ϕz,ndims,T,χ,dχdlogT,Λ
17,0.0,0.6180339887498949,0.4487989505128276,3.8133222621294642,5.725786498008448,5.308423579104945,3,0.0013738237958832624,[0.9923587851212443 0.0 0.0 0.0; 0.0 0.3955059731381884 -0.14807337329866654 -0.1480733732986714; 0.0 -0.14807337329866768 0.3955059731381761 -0.14807337329867054; 0.0 -0.14807337329866974 -0.1480733732986671 0.39550597313817787],[-3.353161744295909e-5 0.0 0.0 0.0; 0.0 -1.9349087031831697e-5 9.347102584211288e-6 9.347102584211278e-6; 0.0 9.347102584211334e-6 -1.9349087031831436e-5 9.347102584211283e-6; 0.0 9.347102584211247e-6 9.347102584211247e-6 -1.934908703183156e-5],0.3
