L,J,Q,θ,ϕx,ϕy,ϕz,ndims,T,χ,dχdlogT,Λ
17,0.0,0.6180339887498949,0.4487989505128276,5.777654552917204,2.2493788666760794,4.562467618004743,3,0.0013738237958832624,[1.1284154268313509 0.0 0.0 0.0; 0.0 0.5037036007550826 -0.18613855086126227 -0.2343376893088049; 0.0 -0.1861385508612622 0.47005858790117366 -0.19973363155684876; 0.0 -0.23433768930880494 -0.19973363155684887 0.5172509694157261],[-0.14342648046032974 0.0 0.0 0.0; 0.0 -0.07744854228811951 0.026313866591407085 0.05112059029973467; 0.0 0.026313866591407095 -0.0431235392639487 0.016797077692883806; 0.0 0.05112059029973466 0.016797077692883824 -0.06789118764109138],0.3
