L,J,Q,θ,ϕx,ϕy,ϕz,ndims,T,χ,dχdlogT,Λ
17,4.0,0.6180339887498949,0.4487989505128276,0.28417827258967326,6.210083290103895,4.427087456962382,3,0.7880462815669912,[0.1477262007004435 0.0 0.0 0.0; 0.0 0.042517608932197526 -0.003195049601667164 -0.0038269201323095138; 0.0 -0.00319504960166649 0.03904500434386925 -0.0011310916200417862; 0.0 -0.0038269201323096343 -0.0011310916200419328 0.04138158728623121],[-0.06117776777924654 0.0 0.0 0.0; 0.0 -0.004705098244123237 0.002031279640570018 0.002883159193106172; 0.0 0.0020312796405700427 -0.003129471567364428 -0.00017027376798801617; 0.0 0.00288315919310564 -0.00017027376798799988 -0.0047863358780898995],0.3
