L,J,Q,θ,ϕx,ϕy,ϕz,ndims,T,χ,dχdlogT,Λ
17,0.2,0.6180339887498949,0.4487989505128276,0.7302732427812232,5.37220361778202,0.10690750510233056,3,2.807216203941177,[0.08421746810536523 0.0 0.0 0.0; 0.0 0.04173567535345033 -0.0014443054647335584 -0.0014445906600948637; 0.0 -0.0014443054647335265 0.041727170776033745 -0.0014431431025399843; 0.0 -0.0014445906600948366 -0.0014431431025400004 0.04173105350943203],[-0.07593269009033003 0.0 0.0 0.0; 0.0 -0.03703507622221557 0.0036635106574636023 0.0036647809511379994; 0.0 0.0036635106574636834 -0.03701125925335477 0.00365843837521232; 0.0 0.0036647809511380336 0.003658438375212368 -0.03702224623131944],0.3
