L,J,Q,θ,ϕx,ϕy,ϕz,ndims,T,χ,dχdlogT,Λ
17,0.9,0.6180339887498949,0.4487989505128276,5.458226872150005,5.49273823136612,0.22571560022573173,3,0.11721022975334802,[0.45452917411103005 0.0 0.0 0.0; 0.0 0.14822857057799893 -0.0330997768549801 -0.036860533939826946; 0.0 -0.03309977685497426 0.1326875876334739 -0.02308717684150935; 0.0 -0.0368605339398338 -0.023087176841519782 0.13748979865914104],[-0.1315520453607701 0.0 0.0 0.0; 0.0 -0.01567752056876427 0.006370376156447248 0.006860226529020542; 0.0 0.006370376156446319 -0.00952675869776585 0.0012932982709238686; 0.0 0.0068602265290194225 0.0012932982709241859 -0.010242672365723057],0.3
