L,J,Q,θ,ϕx,ϕy,ϕz,ndims,T,χ,dχdlogT,Λ
17,0.7,0.6180339887498949,0.4487989505128276,0.7117082138697624,5.501203104008758,0.13812236904857547,3,0.06210169418915616,[0.555276201557565 0.0 0.0 0.0; 0.0 0.1778765945796552 -0.04477774596769039 -0.049185579464531004; 0.0 -0.04477774596769768 0.16032393081714605 -0.03366734635786737; 0.0 -0.04918557946452104 -0.03366734635787114 0.16569856960537524],[-0.13964033497005077 0.0 0.0 0.0; 0.0 -0.016606308134461435 0.006831535438030327 0.0077168635783503884; 0.0 0.006831535438031467 -0.011652814948267578 0.002735984011885531; 0.0 0.007716863578350339 0.0027359840118851213 -0.013363814955118472],0.3
