L,J,Q,θ,ϕx,ϕy,ϕz,ndims,T,χ,dχdlogT,Λ
17,2.7,0.6180339887498949,0.4487989505128276,1.0093168362909395,0.33689438195597865,5.770913800445461,3,0.02395026619987486,[0.42163244171958614 0.0 0.0 0.0; 0.0 0.06760987196470145 -0.00987532248492535 -0.012342111638963649; 0.0 -0.009875322484927871 0.0601381119612653 -0.0020768601255164924; 0.0 -0.012342111638965984 -0.0020768601255157296 0.06470851772223934],[-0.05963645736052776 0.0 0.0 0.0; 0.0 -0.00016307341350543472 2.466260403525553e-5 -0.00014700614253979324; 0.0 2.4662604035257896e-5 -0.00016301032545704185 -4.5327839095317055e-5; 0.0 -0.00014700614253981557 -4.532783909531696e-5 -7.421475259547423e-5],0.3
