L,J,Q,θ,ϕx,ϕy,ϕz,ndims,T,χ,dχdlogT,Λ
17,2.5,0.6180339887498949,0.4487989505128276,1.375580523420901,0.20147976896632425,2.4818876201920843,3,1.4873521072935114,[0.1239595210111457 0.0 0.0 0.0; 0.0 0.05046057735282275 -0.0031625448198944767 -0.00335770014586515; 0.0 -0.003162544819891612 0.04820487919222879 -0.0023890765222133706; 0.0 -0.003357700145864502 -0.00238907652221145 0.049265517429388464],[-0.07865972656534893 0.0 0.0 0.0; 0.0 -0.020185309928314795 0.004168260578998214 0.004682790463072968; 0.0 0.004168260578997647 -0.017239631634630454 0.002285609621523888; 0.0 0.0046827904630718994 0.0022856096215240884 -0.018808422211361413],0.3
