L,J,Q,θ,ϕx,ϕy,ϕz,ndims,T,χ,dχdlogT,Λ
17,0.0,0.6180339887498949,0.4487989505128276,0.28417827258967326,6.210083290103895,4.427087456962382,3,10.0,[0.024876836719305264 0.0 0.0 0.0; 0.0 0.01242828521845041 -4.0691301300529354e-5 -4.069130130053137e-5; 0.0 -4.069130130052838e-5 0.012428285218450427 -4.069130130054934e-5; 0.0 -4.0691301300531265e-5 -4.069130130055059e-5 0.012428285218450442],[-0.024634108848350718 0.0 0.0 0.0; 0.0 -0.012287206232501333 0.00012017115285741352 0.0001201711528574107; 0.0 0.00012017115285741287 -0.012287206232501336 0.00012017115285741586; 0.0 0.00012017115285741081 0.00012017115285741597 -0.012287206232501336],0.3
