L,J,Q,θ,ϕx,ϕy,ϕz,ndims,T,χ,dχdlogT,Λ
17,0.1,0.6180339887498949,0.4487989505128276,4.973553593721583,3.045334707838817,2.7200999887018567,3,0.02395026619987486,[0.763895210619539 0.0 0.0 0.0; 0.0 0.30405865297184365 -0.10324609040370007 -0.10633819988900595; 0.0 -0.10324609040369995 0.30322925806930257 -0.10545470818313828; 0.0 -0.10633819988900962 -0.10545470818313059 0.3060412286340633],[-0.18599766472035265 0.0 0.0 0.0; 0.0 -0.04504690377765454 0.018453608414254807 0.023020953250657634; 0.0 0.018453608414254943 -0.045188701277753436 0.022453450544319582; 0.0 0.02302095325065698 0.022453450544319197 -0.049009116610245713],0.3
