L,J,Q,θ,ϕx,ϕy,ϕz,ndims,T,χ,dχdlogT,Λ
17,0.0,0.6180339887498949,0.4487989505128276,1.5144616613736985,0.11333322934434775,2.391826268535892,3,0.7880462815669912,[0.15803857453331666 0.0 0.0 0.0; 0.0 0.0893845743354265 -5.259748062375915e-5 0.0003568790214187586; 0.0 -5.259748062267464e-5 0.07704284763854383 -0.003360010631483796; 0.0 0.00035687902141867347 -0.003360010631482415 0.08045049062982454],[-0.04108972348326887 0.0 0.0 0.0; 0.0 -0.0308654358628983 4.225515732878466e-5 -0.00032808439350539594; 0.0 4.225515732859652e-5 -0.018583252769757058 0.0012605983022451427; 0.0 -0.0003280843935054697 0.0012605983022458353 -0.01955099365760047],0.3
