L,J,Q,θ,ϕx,ϕy,ϕz,ndims,T,χ,dχdlogT,Λ
17,0.0,0.6180339887498949,0.4487989505128276,5.07825116384933,3.324882469203728,1.986700146107034,3,0.003562247890262444,[1.0395670725015567 0.0 0.0 0.0; 0.0 0.4617882145446787 -0.21751347351300102 -0.16144295817300885; 0.0 -0.21751347351300102 0.4931887707665348 -0.19221171564470652; 0.0 -0.16144295817300888 -0.1922117156447064 0.4379426798002279],[-0.15774878610609996 0.0 0.0 0.0; 0.0 -0.06568387623332522 0.05178198535979857 0.013976612124274469; 0.0 0.051781985359798575 -0.08532330005651467 0.03359178091422095; 0.0 0.013976612124274475 0.03359178091422096 -0.04769544203851702],0.3
