L,J,Q,θ,ϕx,ϕy,ϕz,ndims,T,χ,dχdlogT,Λ
17,0.0,0.6180339887498949,0.4487989505128276,0.5328735301300138,3.722516947249617,6.006982872599961,3,0.009236708571873866,[0.23499792417390936 0.0 0.0 0.0; 0.0 0.11798086847047569 -0.017002430361041102 -0.010054997695767317; 0.0 -0.0170024303610323 0.12249438151118278 -0.01190538170610155; 0.0 -0.01005499769576653 -0.011905381706105656 0.1134051876385303],[-0.001153007428244423 0.0 0.0 0.0; 0.0 0.0002961558816881974 -7.383427637662388e-5 -0.0001382379383447852; 0.0 -7.383427637662251e-5 -0.000576726000124471 0.00031027812639612126; 0.0 -0.00013823793834474754 0.0003102781263961322 -9.734034687145867e-5],0.3
