L,J,Q,θ,ϕx,ϕy,ϕz,ndims,T,χ,dχdlogT,Λ
17,2.7,0.6180339887498949,0.4487989505128276,6.213126488981836,1.643923523943179,2.9819450746892393,3,5.298316906283709,[0.0450537817951722 0.0 0.0 0.0; 0.0 0.02178376685016596 -0.0002282082089739145 -0.00023038521597470117; 0.0 -0.00022820820897420869 0.021581520639027983 -0.00021892197142236235; 0.0 -0.00023038521597399978 -0.00021892197142235273 0.021670682797452143],[-0.04126520568674311 0.0 0.0 0.0; 0.0 -0.01862482677708482 0.0005989456758482229 0.0006086018368395701; 0.0 0.0005989456758485086 -0.018107719314682764 0.0005577385752917111; 0.0 0.0006086018368395128 0.0005577385752916159 -0.018334757376481835],0.3
