L,J,Q,θ,ϕx,ϕy,ϕz,ndims,T,χ,dχdlogT,Λ
17,0.2,0.6180339887498949,0.4487989505128276,5.390835150545396,2.594487482649939,1.525507167473482,3,0.30391953823131973,[0.16845553496900534 0.0 0.0 0.0; 0.0 0.087485706827316 -0.004626561561038619 0.0001642598157983095; 0.0 -0.004626561561038634 0.08463053400352785 0.00023455245900782487; 0.0 0.00016425981579830493 0.00023455245900747866 0.09645788078301354],[-0.006194240443623327 0.0 0.0 0.0; 0.0 -0.003449627164920074 -0.00013009285180540773 1.1689773184860239e-5; 0.0 -0.00013009285180544023 -0.0036641193788976936 -3.657605606982824e-5; 0.0 1.1689773184875092e-5 -3.6576056069747935e-5 -0.005574039748129041],0.3
