L,J,Q,θ,ϕx,ϕy,ϕz,ndims,T,χ,dχdlogT,Λ
17,0.1,0.6180339887498949,0.4487989505128276,0.0,0.0,0.0,3,0.017433288221999882,[0.8222794195167308 0.0 0.0 0.0; 0.0 0.3179583583684645 -0.10870702930154702 -0.11363025525478393; 0.0 -0.10870702930153676 0.3172415711161438 -0.1126335836904799; 0.0 -0.1136302552547972 -0.11263358369048818 0.3215881066443707],[-0.18010226102145455 0.0 0.0 0.0; 0.0 -0.0424119591027699 0.01583759344774835 0.022911004373934025; 0.0 0.015837593447749904 -0.04303673059997244 0.02289720040570055; 0.0 0.02291100437393558 0.02289720040570098 -0.04898705104714813],0.3
