L,J,Q,θ,ϕx,ϕy,ϕz,ndims,T,χ,dχdlogT,Λ
17,0.9,0.6180339887498949,0.4487989505128276,5.572737511802221,5.611028785571096,4.947555202131609,3,0.03290344562312668,[0.6119018926805911 0.0 0.0 0.0; 0.0 0.1618193581488838 -0.03844467406072736 -0.0428461991436809; 0.0 -0.03844467406073377 0.14119333913365031 -0.024380222544638494; 0.0 -0.04284619914368085 -0.024380222544636267 0.14761195442004538],[-0.11845886839415341 0.0 0.0 0.0; 0.0 -0.007715245809502812 0.002850733183977789 0.0037987491228527264; 0.0 0.002850733183977318 -0.005499133996536495 0.0012501050107232199; 0.0 0.00379874912285256 0.0012501050107229998 -0.007541483203699594],0.3
