L,J,Q,θ,ϕx,ϕy,ϕz,ndims,T,χ,dχdlogT,Λ
17,0.6,0.6180339887498949,0.4487989505128276,0.0,0.0,0.0,3,2.043359717856942,[0.1100963098329045 0.0 0.0 0.0; 0.0 0.05382736305912969 -0.0029595856803342176 -0.002969034136695458; 0.0 -0.0029595856803339886 0.05365572428829474 -0.0029228884128830895; 0.0 -0.0029690341366951727 -0.002922888412883493 0.05373444179075467],[-0.09145388751518176 0.0 0.0 0.0; 0.0 -0.04290464294249874 0.006537500370412603 0.006575788408574328; 0.0 0.006537500370413915 -0.042461667351854665 0.00639502087985953; 0.0 0.006575788408573334 0.00639502087985923 -0.042666158981882044],0.3
