L,J,Q,θ,ϕx,ϕy,ϕz,ndims,T,χ,dχdlogT,Λ
17,1.6,0.6180339887498949,0.4487989505128276,1.7909785706698012,3.006065597445441,0.5841790555226487,3,1.0826367338740543,[0.16411932223807435 0.0 0.0 0.0; 0.0 0.06947626692935449 -0.006724967825202708 -0.0070643681322812395; 0.0 -0.006724967825198779 0.06670679443906066 -0.005513889948598541; 0.0 -0.007064368132279481 -0.005513889948599409 0.06798431911874475],[-0.10002216586849046 0.0 0.0 0.0; 0.0 -0.029523848741901244 0.007967172570021634 0.00883220140844448; 0.0 0.007967172570020092 -0.025418804118313154 0.005233867546009195; 0.0 0.008832201408445432 0.005233867546009112 -0.027358258010299424],0.3
