L,J,Q,θ,ϕx,ϕy,ϕz,ndims,T,χ,dχdlogT,Λ
17,0.2,0.6180339887498949,0.4487989505128276,4.921399030087403,5.223826574201656,2.665348721344165,3,2.807216203941177,[0.07841094692308052 0.0 0.0 0.0; 0.0 0.04011139288136265 -0.00012802977444865472 -0.00014912644438821982; 0.0 -0.00012802977444883413 0.03983467563892788 -0.00045802481650657407; 0.0 -0.00014912644438780796 -0.0004580248165066963 0.039138074102437706],[-0.06109698610329394 0.0 0.0 0.0; 0.0 -0.03269395097478905 0.00030588493853726334 0.0003472722998066992; 0.0 0.00030588493853726107 -0.03201413338636518 0.0010555831626731713; 0.0 0.00034727229980681905 0.001055583162671804 -0.03040059678048155],0.3
