L,J,Q,θ,ϕx,ϕy,ϕz,ndims,T,χ,dχdlogT,Λ
17,0.7,0.6180339887498949,0.4487989505128276,3.2506503860507765,6.246303904614146,0.8058848358978701,3,5.298316906283709,[0.046291044895405746 0.0 0.0 0.0; 0.0 0.02303098284259346 -0.0002559674087653873 -0.0002561458725891105; 0.0 -0.0002559674087648286 0.023014446539212117 -0.00025521575320938195; 0.0 -0.0002561458725895033 -0.0002552157532092699 0.023021867795235195],[-0.044595853339341684 0.0 0.0 0.0; 0.0 -0.021971781711252063 0.0007237405855113109 0.0007245949450413149; 0.0 0.0007237405855098938 -0.021923737710539994 0.0007201580083242451; 0.0 0.0007245949450413534 0.0007201580083249191 -0.021945410396484795],0.3
