L,J,Q,θ,ϕx,ϕy,ϕz,ndims,T,χ,dχdlogT,Λ
17,2.0,0.6180339887498949,0.4487989505128276,4.70608755582122,0.23191736745380037,6.195244506032817,3,0.7880462815669912,[0.18814647647394292 0.0 0.0 0.0; 0.0 0.06992067056224763 -0.0077489404301265075 -0.008525074609133617; 0.0 -0.007748940430126622 0.06537208455507203 -0.005206252117066734; 0.0 -0.00852507460913391 -0.005206252117066908 0.06759520122876066],[-0.09565282786337977 0.0 0.0 0.0; 0.0 -0.018181322177957277 0.006021503447483746 0.00753269484464379; 0.0 0.006021503447483782 -0.013612709545780805 0.002146397396591305; 0.0 0.007532694844643863 0.002146397396591339 -0.016026279827570045],0.3
