L,J,Q,θ,ϕx,ϕy,ϕz,ndims,T,χ,dχdlogT,Λ
17,0.3,0.6180339887498949,0.4487989505128276,5.572737511802221,5.611028785571096,4.947555202131609,3,0.009236708571873866,[0.7378713429349937 0.0 0.0 0.0; 0.0 0.25101235308036585 -0.07556431625999306 -0.08079179269266636; 0.0 -0.07556431625999571 0.25408788138995303 -0.08834511953552332; 0.0 -0.08079179269265765 -0.0883451195355234 0.2621077542227987],[-0.058629061088376996 0.0 0.0 0.0; 0.0 -0.007056954990857341 0.0020926381788441053 0.002189547768201076; 0.0 0.002092638178843993 -0.00993648666782297 0.008974782540137371; 0.0 0.0021895477682008836 0.008974782540137527 -0.013667828177808185],0.3
