L,J,Q,θ,ϕx,ϕy,ϕz,ndims,T,χ,dχdlogT,Λ
17,1.0,0.6180339887498949,0.4487989505128276,4.625611555730129,1.1852083702765268,2.251937987173886,3,7.27895384398315,[0.033952926486774115 0.0 0.0 0.0; 0.0 0.01690983226175983 -0.00010239799837836524 -0.00010247565040567082; 0.0 -0.00010239799837843032 0.01689663010743101 -0.00010206910033025586; 0.0 -0.00010247565040569524 -0.00010206910033023188 0.016902527541057283],[-0.0331915423173043 0.0 0.0 0.0; 0.0 -0.016401478889251937 0.0002964877969633944 0.0002968656585237521; 0.0 0.0002964877969634478 -0.0163627795276186 0.0002948904701361202; 0.0 0.00029686565852372204 0.00029489047013611663 -0.01638011092395978],0.3
