L,J,Q,θ,ϕx,ϕy,ϕz,ndims,T,χ,dχdlogT,Λ
17,1.2,0.6180339887498949,0.4487989505128276,0.0,0.0,0.0,3,7.27895384398315,[0.03390656703416061 0.0 0.0 0.0; 0.0 0.016868982916663878 -0.0001016840819388049 -0.0001017698513168311; 0.0 -0.00010168408193878683 0.016850156893706714 -0.00010117566665628892; 0.0 -0.00010176985131684938 -0.00010117566665633404 0.016858624869396613],[-0.033058272005798174 0.0 0.0 0.0; 0.0 -0.016283800506850785 0.00029312183359746187 0.0002935876785462301; 0.0 0.00029312183359747845 -0.0162289115879129 0.00029074216308379585; 0.0 0.0002935876785462527 0.00029074216308385813 -0.01625365054764806],0.3
