L,J,Q,θ,ϕx,ϕy,ϕz,ndims,T,χ,dχdlogT,Λ
17,0.0,0.6180339887498949,0.4487989505128276,4.839452646833321,4.088125134780374,1.2566134355695489,3,7.27895384398315,[0.0334943850213807 0.0 0.0 0.0; 0.0 0.016820712847707135 5.5100787365967795e-6 3.3585707705967415e-6; 0.0 5.510078736521914e-6 0.016787879832486446 -1.7861754413806193e-5; 0.0 3.358570770594412e-6 -1.7861754413873163e-5 0.016812668268714623],[-0.031861831235501174 0.0 0.0 0.0; 0.0 -0.016140673946803585 -1.5772225849198844e-5 -9.627178835237786e-6; 0.0 -1.577222584921351e-5 -0.016046578080128545 5.110470937600512e-5; 0.0 -9.627178835215773e-6 5.110470937601702e-5 -0.016117554289494455],0.3
