L,J,Q,θ,ϕx,ϕy,ϕz,ndims,T,χ,dχdlogT,Λ
17,4.0,0.6180339887498949,0.4487989505128276,4.625611555730129,1.1852083702765268,2.251937987173886,3,2.807216203941177,[0.0727332638347168 0.0 0.0 0.0; 0.0 0.030576675640429003 -0.000777349575173288 -0.0008163560690132929; 0.0 -0.0007773495751730759 0.029421714346291622 -0.0006085637948845723; 0.0 -0.0008163560690132061 -0.0006085637948845278 0.029936398971609605],[-0.052388875579786165 0.0 0.0 0.0; 0.0 -0.014964698966548126 0.0013691236611059773 0.0014913289336583755; 0.0 0.0013691236611063327 -0.013293890200832225 0.0008490950053003805; 0.0 0.0014913289336585397 0.0008490950053003626 -0.014114251600945133],0.3
