L,J,Q,θ,ϕx,ϕy,ϕz,ndims,T,χ,dχdlogT,Λ
17,0.0,0.6180339887498949,0.4487989505128276,1.1893736525699403,4.810046848804363,1.1587477520872451,3,0.004893900918477494,[0.14967814429849993 0.0 0.0 0.0; 0.0 0.08358279788418897 0.00011869801605145396 -0.004662755528769106; 0.0 0.00011869801605181853 0.08901638046874527 -0.0007551740997181376; 0.0 -0.004662755528769096 -0.0007551740997182875 0.082298061920679],[0.003552095998381111 0.0 0.0 0.0; 0.0 0.0012349499140078156 -0.0013486916961046402 0.00028936103408723187; 0.0 -0.0013486916961046804 0.0028401047527291333 0.00040833302285435587; 0.0 0.0002893610340872329 0.0004083330228543777 -9.819868391393338e-5],0.3
