L,J,Q,θ,ϕx,ϕy,ϕz,ndims,T,χ,dχdlogT,Λ
17,0.6,0.6180339887498949,0.4487989505128276,0.0,0.0,0.0,3,0.06210169418915616,[0.5534758415370303 0.0 0.0 0.0; 0.0 0.1875751083594938 -0.04860733699738653 -0.05332978167853717; 0.0 -0.04860733699738705 0.1726978159336387 -0.04029503278230234; 0.0 -0.053329781678537226 -0.040295032782301884 0.17808187341487644],[-0.128685652894433 0.0 0.0 0.0; 0.0 -0.016981739876132912 0.006760145869744016 0.008216210911174986; 0.0 0.006760145869744028 -0.01368831480130672 0.004591247345960082; 0.0 0.00821621091117504 0.0045912473459601005 -0.015401209097556089],0.3
