L,J,Q,θ,ϕx,ϕy,ϕz,ndims,T,χ,dχdlogT,Λ
17,0.5,0.6180339887498949,0.4487989505128276,0.0,0.0,0.0,3,3.856620421163471,[0.06264672537670596 0.0 0.0 0.0; 0.0 0.03110734715413578 -0.0006161726978207005 -0.000616582929838668; 0.0 -0.0006161726978205273 0.031086123007919114 -0.0006144736872667218; 0.0 -0.000616582929838633 -0.000614473687266945 0.03109571539266372],[-0.05869314050917472 0.0 0.0 0.0; 0.0 -0.02876065117252705 0.0016624713625945206 0.0016643766328507642; 0.0 0.001662471362594382 -0.028700107953232773 0.0016546728256731813; 0.0 0.0016643766328509112 0.0016546728256734543 -0.028727696950557557],0.3
