L,J,Q,θ,ϕx,ϕy,ϕz,ndims,T,χ,dχdlogT,Λ
17,1.0,0.6180339887498949,0.4487989505128276,0.42235321389133906,4.045182703094503,4.56424155365723,3,0.001,[1.045149480811129 0.0 0.0 0.0; 0.0 0.1573804262688395 -0.038483483815515536 -0.04262825761155611; 0.0 -0.03848348381551602 0.1280589236440052 -0.020884136775936715; 0.0 -0.042628257611556045 -0.02088413677593685 0.1358784246669133],[-0.11911531328367829 0.0 0.0 0.0; 0.0 -0.0006586674864024163 0.0002092723103710793 0.00022311741186369256; 0.0 0.00020927231037107827 -0.0002498934899235739 0.00018273685287498975; 0.0 0.00022311741186369045 0.00018273685287498978 -0.0004124106973194637],0.3
