L,J,Q,θ,ϕx,ϕy,ϕz,ndims,T,χ,dχdlogT,Λ
17,4.0,0.6180339887498949,0.4487989505128276,1.985927615047579,6.231216029106446,1.9734735852915235,3,0.003562247890262444,[0.49006149288676265 0.0 0.0 0.0; 0.0 0.04981775693299617 -0.005984480925315445 -0.00928062830575232; 0.0 -0.005984480925316783 0.04542014639964346 -0.0011430610407440298; 0.0 -0.009280628305750485 -0.001143061040744467 0.048323336825604614],[-0.08138646733521515 0.0 0.0 0.0; 0.0 -0.00013277179461010683 -7.275241596266729e-5 8.924455630673184e-5; 0.0 -7.275241596266211e-5 -0.00037665043004960885 0.00020815246857270047; 0.0 8.924455630673873e-5 0.00020815246857271 -0.00032160222326684684],0.3
