L,J,Q,θ,ϕx,ϕy,ϕz,ndims,T,χ,dχdlogT,Λ
17,4.0,0.6180339887498949,0.4487989505128276,3.730870650207465,0.25707164101985114,1.7315918532902208,3,0.2212216291070449,[0.22299282362502246 0.0 0.0 0.0; 0.0 0.046550355214419886 -0.005229239703757551 -0.0069382318625725616; 0.0 -0.005229239703758093 0.04167126947921393 -0.0008379289973687239; 0.0 -0.00693823186257191 -0.0008379289973686626 0.04539129078315906],[-0.05776532340950332 0.0 0.0 0.0; 0.0 -0.0021990341409872448 0.000992898618872867 0.0016907440774128896; 0.0 0.0009928986188728615 -0.0014970618805712152 -0.0001570691128348203; 0.0 0.0016907440774128707 -0.00015706911283484468 -0.001980142151631467],0.3
