L,J,Q,θ,ϕx,ϕy,ϕz,ndims,T,χ,dχdlogT,Λ
17,0.0,0.6180339887498949,0.4487989505128276,2.785903721103886,0.7325841346827787,5.263239158488465,3,0.11721022975334802,[0.19419522431056024 0.0 0.0 0.0; 0.0 0.09419589820695314 -0.003270337457681155 -0.006498149104011027; 0.0 -0.0032703374576763065 0.09812093839839818 0.0014564712642660882; 0.0 -0.006498149104013132 0.0014564712642654678 0.10966353355538896],[-0.0042988585037929145 0.0 0.0 0.0; 0.0 -0.0012885804793856168 6.6004379452851675e-6 0.00047101260147390186; 0.0 6.600437945189538e-6 -0.0014900640296761137 -0.0001243062384046675; 0.0 0.00047101260147317924 -0.00012430623840471415 -0.0028035229536083053],0.3
