L,J,Q,θ,ϕx,ϕy,ϕz,ndims,T,χ,dχdlogT,Λ
17,2.0,0.6180339887498949,0.4487989505128276,1.985927615047579,6.231216029106446,1.9734735852915235,3,0.0013738237958832624,[0.8182634248184196 0.0 0.0 0.0; 0.0 0.09312856655319895 -0.01674410903505586 -0.02129608446101962; 0.0 -0.0167441090350514 0.07612435016969378 -0.005592430579065148; 0.0 -0.021296084461017457 -0.005592430579065348 0.08359468557971436],[-0.11312213355912223 0.0 0.0 0.0; 0.0 -0.00017895113310987054 9.917060380330271e-5 3.439629954723563e-6; 0.0 9.917060380330388e-5 -2.979852253211766e-5 -1.9257229245107525e-5; 0.0 3.4396299547240295e-6 -1.925722924510761e-5 6.958393503931523e-6],0.3
