L,J,Q,θ,ϕx,ϕy,ϕz,ndims,T,χ,dχdlogT,Λ
17,1.8,0.6180339887498949,0.4487989505128276,4.86355739037247,0.3638220256727745,2.0039683174115694,3,0.0018873918221350976,[0.748179186317836 0.0 0.0 0.0; 0.0 0.09531507145976578 -0.016525884318065388 -0.020234456262859826; 0.0 -0.016525884318061367 0.08324318605044712 -0.004618607145624405; 0.0 -0.02023445626285714 -0.004618607145624345 0.09017588084889114],[-0.09494706656363662 0.0 0.0 0.0; 0.0 -4.327662577640673e-5 -1.304790060578532e-5 -0.00014093290230064165; 0.0 -1.3047900605784627e-5 -0.00024238828690255942 -0.00026487321488299876; 0.0 -0.00014093290230064097 -0.0002648732148829875 -0.00041089809960713974],0.3
