L,J,Q,θ,ϕx,ϕy,ϕz,ndims,T,χ,dχdlogT,Λ
17,2.2,0.6180339887498949,0.4487989505128276,0.0,0.0,0.0,3,7.27895384398315,[0.03365325451685839 0.0 0.0 0.0; 0.0 0.01660943734416781 -9.857096433852293e-5 -9.889906229395172e-5; 0.0 -9.857096433858784e-5 0.01654946475397917 -9.703545369908492e-5; 0.0 -9.889906229391478e-5 -9.703545369905511e-5 0.01657614976274938],[-0.03233918979150955 0.0 0.0 0.0; 0.0 -0.015547370188195467 0.00027838479448080104 0.0002799888135316159; 0.0 0.0002783847944807064 -0.015378714969237043 0.00027117943784375314; 0.0 0.0002799888135315646 0.00027117943784373444 -0.015453667678999639],0.3
