L,J,Q,θ,ϕx,ϕy,ϕz,ndims,T,χ,dχdlogT,Λ
17,0.0,0.6180339887498949,0.4487989505128276,2.334957266572675,2.0640807455703567,3.4400352447763876,3,3.856620421163471,[0.0628376031351383 0.0 0.0 0.0; 0.0 0.03126587200573621 -0.0006260746163903068 -0.0006260746163903176; 0.0 -0.0006260746163903103 0.03126587200573598 -0.0006260746163903177; 0.0 -0.0006260746163903206 -0.0006260746163903181 0.03126587200573618],[-0.05920607572007857 0.0 0.0 0.0; 0.0 -0.029192352947123093 0.001706279665969751 0.0017062796659697724; 0.0 0.001706279665969753 -0.029192352947122965 0.001706279665969776; 0.0 0.0017062796659697722 0.0017062796659697785 -0.029192352947122982],0.3
