L,J,Q,θ,ϕx,ϕy,ϕz,ndims,T,χ,dχdlogT,Λ
17,2.6,0.6180339887498949,0.4487989505128276,5.572737511802221,5.611028785571096,4.947555202131609,3,7.27895384398315,[0.033515049833019485 0.0 0.0 0.0; 0.0 0.016468646637363884 -9.690081100373838e-5 -9.735446456378539e-5; 0.0 -9.690081100354227e-5 0.01638734917420093 -9.482952105020926e-5; 0.0 -9.735446456405337e-5 -9.482952105016301e-5 0.016423394687103337],[-0.031955577214772525 0.0 0.0 0.0; 0.0 -0.015158369201047074 0.0002706374451121041 0.0002728107704729885; 0.0 0.00027063744511221467 -0.014934215236630778 0.0002609949430259376; 0.0 0.0002728107704729232 0.0002609949430259761 -0.015033311051034458],0.3
