L,J,Q,θ,ϕx,ϕy,ϕz,ndims,T,χ,dχdlogT,Λ
17,2.7,0.6180339887498949,0.4487989505128276,3.0517604650654033,4.7460381521413595,1.3594851070361011,3,0.2212216291070449,[0.27350220347855114 0.0 0.0 0.0; 0.0 0.06580119376443005 -0.008774656161481726 -0.011459826705111125; 0.0 -0.008774656161479589 0.05865563468824941 -0.0026638942764131124; 0.0 -0.01145982670511048 -0.00266389427641289 0.06316661332841889],[-0.07628604427166223 0.0 0.0 0.0; 0.0 -0.0032568965174918194 0.001598043491314057 0.002477220508647482; 0.0 0.001598043491314359 -0.0018610555471472424 -0.00047242974737600485; 0.0 0.002477220508647226 -0.00047242974737598614 -0.002898447308318744],0.3
