L,J,Q,θ,ϕx,ϕy,ϕz,ndims,T,χ,dχdlogT,Λ
17,2.1,0.6180339887498949,0.4487989505128276,5.572737511802221,5.611028785571096,4.947555202131609,3,0.004893900918477494,[0.5921315901917279 0.0 0.0 0.0; 0.0 0.08359552433301759 -0.013410113322795812 -0.01675553177629489; 0.0 -0.013410113322800902 0.07361047549350823 -0.0033763729962695064; 0.0 -0.01675553177629675 -0.003376372996269898 0.07929033878012365],[-0.06652535826167658 0.0 0.0 0.0; 0.0 -0.0001025063782797532 -5.23347853018631e-5 -9.056973565611998e-5; 0.0 -5.23347853018654e-5 -0.00015685179911227083 -0.00012529821169616698; 0.0 -9.05697356561207e-5 -0.0001252982116961699 -0.00026848486920287936],0.3
