L,J,Q,θ,ϕx,ϕy,ϕz,ndims,T,χ,dχdlogT,Λ
17,1.0,0.6180339887498949,0.4487989505128276,4.70608755582122,0.23191736745380037,6.195244506032817,3,0.002592943797404667,[0.9168056397641368 0.0 0.0 0.0; 0.0 0.15613862882453827 -0.038236207327521574 -0.04182542861267289; 0.0 -0.0382362073275217 0.12633918949382528 -0.019057251190372024; 0.0 -0.04182542861267218 -0.019057251190372264 0.13280009883833188],[-0.13495711716291497 0.0 0.0 0.0; 0.0 -0.001364198276769372 0.0006532657627301019 0.0004548250353136157; 0.0 0.0006532657627301042 -0.0004455159505183422 -0.00015971580099857335; 0.0 0.0004548250353136128 -0.00015971580099857188 -0.00021175553882527687],0.3
