L,J,Q,θ,ϕx,ϕy,ϕz,ndims,T,χ,dχdlogT,Λ
17,0.2,0.6180339887498949,0.4487989505128276,3.328119287743036,3.037276394911071,5.9689453131494306,3,0.5736152510448679,[0.24419401205149716 0.0 0.0 0.0; 0.0 0.11782070970266487 -0.018907821706555222 -0.01799133676319072; 0.0 -0.018907821706557762 0.11658107798412157 -0.01970566416279506; 0.0 -0.01799133676319523 -0.019705664162795403 0.12028075547385879],[-0.10081399204721374 0.0 0.0 0.0; 0.0 -0.04642276872649387 0.015080531497357403 0.016552139555132475; 0.0 0.015080531497355791 -0.044559877255272065 0.017413475457183587; 0.0 0.016552139555141263 0.01741347545718581 -0.05038868480977445],0.3
