L,J,Q,θ,ϕx,ϕy,ϕz,ndims,T,χ,dχdlogT,Λ
17,4.0,0.6180339887498949,0.4487989505128276,2.334957266572675,2.0640807455703567,3.4400352447763876,3,0.5736152510448679,[0.16701519898133366 0.0 0.0 0.0; 0.0 0.04383390589232947 -0.0038211914844940797 -0.004737358446392047; 0.0 -0.0038211914844936508 0.03990063544886766 -0.0010583216688058552; 0.0 -0.0047373584463928425 -0.0010583216688058892 0.04272390980379292],[-0.06021471894784389 0.0 0.0 0.0; 0.0 -0.0036777631703880554 0.0018948947741127436 0.0028132219519179965; 0.0 0.001894894774112269 -0.002351727178137137 -0.00026658576374587965; 0.0 0.002813221951918183 -0.0002665857637458513 -0.0037457770213841788],0.3
