L,J,Q,θ,ϕx,ϕy,ϕz,ndims,T,χ,dχdlogT,Λ
17,1.9,0.6180339887498949,0.4487989505128276,5.743071215148719,3.1256519517736536,0.40785996187388035,3,0.03290344562312668,[0.48482132426386926 0.0 0.0 0.0; 0.0 0.09097607700136272 -0.01539503684783857 -0.01922404782343288; 0.0 -0.015395036847833034 0.07927896127047135 -0.004757327818550133; 0.0 -0.01922404782343956 -0.004757327818550953 0.08514461104362894],[-0.08316350466290774 0.0 0.0 0.0; 0.0 -7.105664593479563e-5 0.00013445636504297233 -4.81611498561297e-5; 0.0 0.00013445636504297483 -0.00023175517558406898 -0.00043110083167162145; 0.0 -4.816114985612096e-5 -0.0004311008316715276 -0.00040997466873503665],0.3
