L,J,Q,θ,ϕx,ϕy,ϕz,ndims,T,χ,dχdlogT,Λ
17,3.0,0.6180339887498949,0.4487989505128276,0.35002708285881173,2.236572408038934,1.6619142630850507,3,1.4873521072935114,[0.11867083466890137 0.0 0.0 0.0; 0.0 0.04590253503133163 -0.0026387786783162543 -0.0028462001772095145; 0.0 -0.0026387786783157305 0.04354249226945602 -0.0018175810736435888; 0.0 -0.0028462001772088714 -0.0018175810736441496 0.04469382495683331],[-0.07177367501086854 0.0 0.0 0.0; 0.0 -0.015382953843099078 0.003193963366250611 0.003704363388570732; 0.0 0.003193963366250047 -0.012787974653130928 0.0013637764794844922; 0.0 0.003704363388570531 0.0013637764794844922 -0.014358166803758357],0.3
