L,J,Q,θ,ϕx,ϕy,ϕz,ndims,T,χ,dχdlogT,Λ
17,0.3,0.6180339887498949,0.4487989505128276,3.6603452825495904,0.7793436907969601,3.8755248398113626,3,1.0826367338740543,[0.1798227564503881 0.0 0.0 0.0; 0.0 0.08696667076146278 -0.010279051105435689 -0.010305553438902212; 0.0 -0.010279051105438234 0.08674979295103061 -0.010193978133264996; 0.0 -0.010305553438902215 -0.010193978133268495 0.08684881038618014],[-0.12264835521291391 0.0 0.0 0.0; 0.0 -0.056362586142549645 0.01628154290206365 0.016369168623218303; 0.0 0.016281542902057973 -0.055867924871138744 0.016034167329297556; 0.0 0.01636916862321338 0.01603416732929188 -0.05608903091795916],0.3
