L,J,Q,θ,ϕx,ϕy,ϕz,ndims,T,χ,dχdlogT,Λ
17,2.2,0.6180339887498949,0.4487989505128276,5.572737511802221,5.611028785571096,4.947555202131609,3,7.27895384398315,[0.033653254516863844 0.0 0.0 0.0; 0.0 0.016609437344155712 -9.857096421263131e-5 -9.889906268141025e-5; 0.0 -9.857096421264706e-5 0.016549464753977207 -9.703545312644774e-5; 0.0 -9.889906268151063e-5 -9.703545312670208e-5 0.01657614976275767],[-0.03233918979145537 0.0 0.0 0.0; 0.0 -0.015547370188138263 0.0002783847936088623 0.0002799888161216974; 0.0 0.000278384793608585 -0.015378714969184415 0.00027117943407248377; 0.0 0.0002799888161223473 0.0002711794340725154 -0.015453667679030968],0.3
