L,J,Q,θ,ϕx,ϕy,ϕz,ndims,T,χ,dχdlogT,Λ
17,0.2,0.6180339887498949,0.4487989505128276,4.456599043704854,2.9805378224675785,3.682840390565854,3,0.002592943797404667,[0.9893308594282536 0.0 0.0 0.0; 0.0 0.36607952050079035 -0.13274693475765834 -0.14964664760853752; 0.0 -0.13274693475765967 0.3555891893998682 -0.14106997032485566; 0.0 -0.14964664760853597 -0.14106997032485474 0.3744761911562676],[-0.16937664308675496 0.0 0.0 0.0; 0.0 -0.053320492881620454 0.01511678735538176 0.03804250358374712; 0.0 0.015116787355381795 -0.046980901801551886 0.03228697092682339; 0.0 0.03804250358374713 0.03228697092682337 -0.07076061861386107],0.3
