L,J,Q,θ,ϕx,ϕy,ϕz,ndims,T,χ,dχdlogT,Λ
17,0.0,0.6180339887498949,0.4487989505128276,4.456599043704854,2.9805378224675785,3.682840390565854,3,5.298316906283709,[0.046386202580573466 0.0 0.0 0.0; 0.0 0.023129404378328562 -0.0002581596578354739 -0.00025815965783546784; 0.0 -0.0002581596578354748 0.02312940437832856 -0.00025815965783547847; 0.0 -0.0002581596578354676 -0.00025815965783547673 0.023129404378328562],[-0.04486699527245577 0.0 0.0 0.0; 0.0 -0.022253910209798066 0.0007341162239089604 0.0007341162239089705; 0.0 0.0007341162239089596 -0.022253910209798076 0.0007341162239089664; 0.0 0.0007341162239089701 0.0007341162239089673 -0.022253910209798042],0.3
