L,J,Q,θ,ϕx,ϕy,ϕz,ndims,T,χ,dχdlogT,Λ
17,2.7,0.6180339887498949,0.4487989505128276,3.4557504844393,0.5161841017699776,2.701973101253051,3,3.856620421163471,[0.05978319357166931 0.0 0.0 0.0; 0.0 0.028188877083707816 -0.0005064086394206707 -0.0005148465282809177; 0.0 -0.0005064086394205112 0.027751664187374236 -0.0004704222250968922; 0.0 -0.0005148465282803075 -0.0004704222250970731 0.027943965251643492],[-0.05154354286546912 0.0 0.0 0.0; 0.0 -0.021502664820892112 0.0012050852397675516 0.0012394666209236502; 0.0 0.001205085239767484 -0.020504456178235785 0.0010586272671407357; 0.0 0.0012394666209238996 0.0010586272671405381 -0.020943267852704277],0.3
6022],0.3
