L,J,Q,θ,ϕx,ϕy,ϕz,ndims,T,χ,dχdlogT,Λ
17,0.6,0.6180339887498949,0.4487989505128276,0.5709744742818089,0.9449896107384982,2.3069033149542384,3,0.01268961003167922,[0.7921115538574306 0.0 0.0 0.0; 0.0 0.21619803919895614 -0.059001047831560446 -0.06945992356754908; 0.0 -0.059001047831567545 0.1939928304390832 -0.048060923849561246; 0.0 -0.06945992356754699 -0.048060923849558734 0.20920542658690836],[-0.1449543356427221 0.0 0.0 0.0; 0.0 -0.014799583524430494 0.003251754632724804 0.010727433610906403; 0.0 0.003251754632724905 -0.009338203320471028 0.004926679021614002; 0.0 0.010727433610905156 0.004926679021613554 -0.021261240892621946],0.3
