L,J,Q,θ,ϕx,ϕy,ϕz,ndims,T,χ,dχdlogT,Λ
17,0.2,0.6180339887498949,0.4487989505128276,0.7365435587447934,3.6243560658763303,4.167565752063626,3,0.004893900918477494,[0.9239610596822547 0.0 0.0 0.0; 0.0 0.3450774160979407 -0.12604162497744628 -0.13554084898340082; 0.0 -0.1260416249774453 0.3421759939751871 -0.13459475537496854; 0.0 -0.1355408489834031 -0.13459475537496823 0.3541423696086125],[-0.14236626833907864 0.0 0.0 0.0; 0.0 -0.04456285655864447 0.01692740729369923 0.027805785494649553; 0.0 0.016927407293699275 -0.03758238516899503 0.02104809724904728; 0.0 0.027805785494649567 0.021048097249047278 -0.04949158643715239],0.3
