L,J,Q,θ,ϕx,ϕy,ϕz,ndims,T,χ,dχdlogT,Λ
17,0.3,0.6180339887498949,0.4487989505128276,3.5205825055949966,4.140016916893739,4.0904211093712455,3,0.06210169418915616,[0.584873592055542 0.0 0.0 0.0; 0.0 0.2318628303507572 -0.06917238368885803 -0.07245677396072214; 0.0 -0.06917238368883319 0.225610251136859 -0.06759476496445473; 0.0 -0.0724567739607234 -0.06759476496447547 0.22913531806869825],[-0.16205373600162598 0.0 0.0 0.0; 0.0 -0.03598840629667332 0.015261301266657909 0.017015918077462222; 0.0 0.015261301266656492 -0.03482574672913547 0.01667731414865468; 0.0 0.017015918077462246 0.016677314148652214 -0.03669762620637731],0.3
