L,J,Q,θ,ϕx,ϕy,ϕz,ndims,T,χ,dχdlogT,Λ
17,2.5,0.6180339887498949,0.4487989505128276,5.572737511802221,5.611028785571096,4.947555202131609,3,0.16102620275609392,[0.3077107183158105 0.0 0.0 0.0; 0.0 0.07111772977947577 -0.010136616736787356 -0.013239265204823178; 0.0 -0.010136616736787027 0.0629562274179763 -0.003055648657757602; 0.0 -0.013239265204823547 -0.0030556486577587917 0.06784653582930734],[-0.07706388685206568 0.0 0.0 0.0; 0.0 -0.002244499515333183 0.001182367256804074 0.001628766906205458; 0.0 0.001182367256804079 -0.0012733394704621517 -0.0005845765124673517; 0.0 0.0016287669062054076 -0.0005845765124671613 -0.0019087534656908882],0.3
