L,J,Q,θ,ϕx,ϕy,ϕz,ndims,T,χ,dχdlogT,Λ
17,2.0,0.6180339887498949,0.4487989505128276,1.985927615047579,6.231216029106446,1.9734735852915235,3,0.7880462815669912,[0.18814647647368823 0.0 0.0 0.0; 0.0 0.0699206705621685 -0.007748940430099098 -0.008525074609144779; 0.0 -0.007748940430098659 0.06537208455506321 -0.005206252117109054; 0.0 -0.008525074609142971 -0.005206252117108964 0.06759520122878417],[-0.09565282785917922 0.0 0.0 0.0; 0.0 -0.018181322176643776 0.006021503447160944 0.0075326948446554475; 0.0 0.006021503447158891 -0.013612709545424807 0.002146397397312399; 0.0 0.007532694844654829 0.002146397397312491 -0.016026279827643593],0.3
