L,J,Q,θ,ϕx,ϕy,ϕz,ndims,T,χ,dχdlogT,Λ
17,1.9,0.6180339887498949,0.4487989505128276,1.0093168362909395,0.33689438195597865,5.770913800445461,3,0.017433288221999882,[0.5309483675129285 0.0 0.0 0.0; 0.0 0.09091261028491185 -0.015377562162261674 -0.019142175406502867; 0.0 -0.015377562162265181 0.07935861375016591 -0.004565402183030782; 0.0 -0.01914217540650465 -0.004565402183030172 0.0853665245080348],[-0.07568331560725607 0.0 0.0 0.0; 0.0 2.4001608262288898e-5 -1.791164588671735e-5 -9.106670957532096e-5; 0.0 -1.7911645886717318e-5 -0.0001595799828945028 -0.0002644667009298921; 0.0 -9.10667095753267e-5 -0.0002644667009299235 -0.00042312134051629077],0.3
