L,J,Q,θ,ϕx,ϕy,ϕz,ndims,T,χ,dχdlogT,Λ
17,0.7,0.6180339887498949,0.4487989505128276,1.6049140604707928,5.630302636101374,1.6522707724000254,3,3.856620421163471,[0.06253497741846466 0.0 0.0 0.0; 0.0 0.030990667135369226 -0.0006115946785529589 -0.0006123879454988194; 0.0 -0.0006115946785531246 0.030949619179662994 -0.0006083048656837832; 0.0 -0.000612387945499413 -0.0006083048656854442 0.030968147868849067],[-0.05839010765142919 0.0 0.0 0.0; 0.0 -0.02844023401451982 0.0016418991776460988 0.0016455636420515901; 0.0 0.0016418991776464514 -0.02832414647050921 0.0016268709837880672; 0.0 0.0016455636420519525 0.0016268709837891815 -0.028376948250996563],0.3
