L,J,Q,θ,ϕx,ϕy,ϕz,ndims,T,χ,dχdlogT,Λ
17,0.9,0.6180339887498949,0.4487989505128276,0.0,0.0,0.0,3,0.16102620275609392,[0.4114778470643115 0.0 0.0 0.0; 0.0 0.14245426714963813 -0.030771534964353614 -0.03426550609908674; 0.0 -0.030771534964353617 0.12913725094820133 -0.02254545178422706; 0.0 -0.03426550609908578 -0.022545451784226584 0.13367307704690704],[-0.1274994291717374 0.0 0.0 0.0; 0.0 -0.01813600046159593 0.007109031556798398 0.008318281166748877; 0.0 0.007109031556798352 -0.01142858849253184 0.0020778751571939396; 0.0 0.008318281166748537 0.0020778751571939712 -0.012571705220444172],0.3
