L,J,Q,θ,ϕx,ϕy,ϕz,ndims,T,χ,dχdlogT,Λ
17,0.0,0.6180339887498949,0.4487989505128276,0.9193417369241127,2.2259941819672724,3.1881379940726973,3,0.0018873918221350976,[1.1046462193048499 0.0 0.0 0.0; 0.0 0.5014346740568799 -0.19933137451682023 -0.21914069958650553; 0.0 -0.19933137451682018 0.464564704897056 -0.1803707893062005; 0.0 -0.21914069958650556 -0.1803707893062005 0.4822905172056401],[-0.20766147817387037 0.0 0.0 0.0; 0.0 -0.08498685497819689 0.046132620317273866 0.03887667187536211; 0.0 0.046132620317273894 -0.08632112775435974 0.04015866481400395; 0.0 0.03887667187536211 0.040158664814003965 -0.07902830895225284],0.3
