L,J,Q,θ,ϕx,ϕy,ϕz,ndims,T,χ,dχdlogT,Λ
17,2.1,0.6180339887498949,0.4487989505128276,0.0,0.0,0.0,3,0.03290344562312668,[0.4576532362481367 0.0 0.0 0.0; 0.0 0.08342555634800033 -0.013440054638800606 -0.01691172109960276; 0.0 -0.01344005463880049 0.07323845408933294 -0.003734430765366895; 0.0 -0.01691172109960333 -0.003734430765366729 0.07866633430684004],[-0.07285597935833055 0.0 0.0 0.0; 0.0 6.049296122244611e-5 5.812602303137421e-5 -0.00017104537025285996; 0.0 5.812602303137457e-5 -0.0002178251678095258 -0.0003235486946005314; 0.0 -0.00017104537025285438 -0.0003235486946005344 -0.00020764986628942465],0.3
