L,J,Q,θ,ϕx,ϕy,ϕz,ndims,T,χ,dχdlogT,Λ
17,0.5,0.6180339887498949,0.4487989505128276,4.042604972994418,3.526777785932639,3.3500137506390955,3,0.04520353656360243,[0.6186294740042247 0.0 0.0 0.0; 0.0 0.21021674876843274 -0.05834323154268357 -0.06363054259159437; 0.0 -0.058343231542700054 0.1959901647458298 -0.050951838303562834; 0.0 -0.06363054259160354 -0.0509518383035581 0.20186484897346638],[-0.15237103027066382 0.0 0.0 0.0; 0.0 -0.022397946239190746 0.008936206888278817 0.011381586965089749; 0.0 0.00893620688827864 -0.019514394811929698 0.007840238507434271; 0.0 0.01138158696508955 0.007840238507435095 -0.022632974606905495],0.3
