L,J,Q,θ,ϕx,ϕy,ϕz,ndims,T,χ,dχdlogT,Λ
17,1.9,0.6180339887498949,0.4487989505128276,4.392890268933996,6.208076689613974,2.1392024488174637,3,0.11721022975334802,[0.3747352974115594 0.0 0.0 0.0; 0.0 0.08998138330584915 -0.014754294946343857 -0.018637685391470833; 0.0 -0.014754294946344471 0.078666609229482 -0.00562893562204144; 0.0 -0.018637685391467474 -0.005628935622040183 0.08413356471513578],[-0.09111430855078356 0.0 0.0 0.0; 0.0 -0.0023693124061724092 0.0011825235937108504 0.0015675151477597409; 0.0 0.001182523593711032 -0.0010711007842767952 -0.0009057652569651566; 0.0 0.0015675151477596713 -0.000905765256965305 -0.001799621784574688],0.3
