L,J,Q,θ,ϕx,ϕy,ϕz,ndims,T,χ,dχdlogT,Λ
17,1.3,0.6180339887498949,0.4487989505128276,0.0,0.0,0.0,3,0.2212216291070449,[0.3500611025027315 0.0 0.0 0.0; 0.0 0.11292138719923929 -0.02063578580314432 -0.023908840231202013; 0.0 -0.020635785803145082 0.10112702801534344 -0.012777489936115011; 0.0 -0.02390884023120114 -0.012777489936114913 0.10562640270452858],[-0.11666188014236248 0.0 0.0 0.0; 0.0 -0.01326267116180002 0.005037447416527141 0.006725621568748945; 0.0 0.005037447416527082 -0.007342902069491224 0.0003459304268791566; 0.0 0.006725621568749047 0.000345930426879109 -0.008870246429501646],0.3
