L,J,Q,θ,ϕx,ϕy,ϕz,ndims,T,χ,dχdlogT,Λ
17,0.2,0.6180339887498949,0.4487989505128276,0.28417827258967326,6.210083290103895,4.427087456962382,3,0.03290344562312668,[0.6661396772227705 0.0 0.0 0.0; 0.0 0.27274212194218034 -0.09366227174129972 -0.09527910920198635; 0.0 -0.09366227174129965 0.2674424399138152 -0.09175118472781042; 0.0 -0.0952791092019863 -0.0917511847278104 0.2700666710000708],[-0.1331299620068536 0.0 0.0 0.0; 0.0 -0.04110820641877857 0.020608034823642797 0.020184681274409307; 0.0 0.0206080348236428 -0.04011387332270954 0.01981870145514059; 0.0 0.020184681274409335 0.019818701455140596 -0.04023215531439529],0.3
