L,J,Q,θ,ϕx,ϕy,ϕz,ndims,T,χ,dχdlogT,Λ
17,0.7,0.6180339887498949,0.4487989505128276,6.113219349930914,1.3886340590239874,1.0028171334660685,3,10.0,[0.024856864962078975 0.0 0.0 0.0; 0.0 0.012410417426608446 -4.0531645908199466e-5 -4.0539700538350595e-5; 0.0 -4.053164590820503e-5 0.012407871148721512 -4.049750045313814e-5; 0.0 -4.053970053821193e-5 -4.049750045334432e-5 0.012409007033726903],[-0.024575259065618922 0.0 0.0 0.0; 0.0 -0.012234449312727928 0.00011938849827998713 0.000119428243374454; 0.0 0.00011938849828041167 -0.01222688519264254 0.00011922027116517881; 0.0 0.00011942824337399315 0.00011922027116512796 -0.01223026542217267],0.3
