L,J,Q,θ,ϕx,ϕy,ϕz,ndims,T,χ,dχdlogT,Λ
17,0.0,0.6180339887498949,0.4487989505128276,0.23931628970361904,3.7955207045853827,5.975350016853685,3,3.856620421163471,[0.06207386304207558 0.0 0.0 0.0; 0.0 0.03092382780804117 -0.0004640949908077115 -0.00041547969137907173; 0.0 -0.0004640949908077258 0.031121844025088868 -0.0002793959884762991; 0.0 -0.0004154796913793744 -0.0002793959884764871 0.030945935783915676],[-0.05705326889954749 0.0 0.0 0.0; 0.0 -0.028232614199247757 0.001246399031021979 0.0011090222860415133; 0.0 0.0012463990310227519 -0.028775859004465075 0.0007509328258221628; 0.0 0.0011090222860411648 0.0007509328258220759 -0.02829255705126559],0.3
