L,J,Q,θ,ϕx,ϕy,ϕz,ndims,T,χ,dχdlogT,Λ
17,2.6,0.6180339887498949,0.4487989505128276,4.639139204594297,4.214219551056413,2.620897952887601,3,0.06210169418915616,[0.3702227185217271 0.0 0.0 0.0; 0.0 0.0696568120455824 -0.010235339895841487 -0.013100678745433645; 0.0 -0.010235339895839633 0.06168138161673287 -0.0023614363046842004; 0.0 -0.013100678745436509 -0.0023614363046837966 0.06653128181856136],[-0.06702386400848301 0.0 0.0 0.0; 0.0 -0.00019262074309353994 0.00023210477744039915 -0.00012080349045731932; 0.0 0.00023210477744032385 -0.00038429192442279264 -0.0002681019698016058; 0.0 -0.0001208034904573476 -0.0002681019698017764 -0.00011650531115535963],0.3
