L,J,Q,θ,ϕx,ϕy,ϕz,ndims,T,χ,dχdlogT,Λ
17,1.5,0.6180339887498949,0.4487989505128276,1.602136067393254,3.645349319972765,5.40807355078125,3,0.04520353656360243,[0.5104305900544651 0.0 0.0 0.0; 0.0 0.11115447954702853 -0.021184864005143522 -0.025444483113697132; 0.0 -0.021184864005142197 0.09550365478709907 -0.008658615025011106; 0.0 -0.025444483113696174 -0.008658615025014037 0.10193729167382401],[-0.10778911332238024 0.0 0.0 0.0; 0.0 -0.0019149065864533614 0.0008929766753520224 0.0010195150353911396; 0.0 0.0008929766753520554 -0.0007362026007083547 -0.00081324386596056; 0.0 0.0010195150353908445 -0.0008132438659606713 -0.0016242320648127122],0.3
