L,J,Q,θ,ϕx,ϕy,ϕz,ndims,T,χ,dχdlogT,Λ
17,1.9,0.6180339887498949,0.4487989505128276,1.0093168362909395,0.33689438195597865,5.770913800445461,3,0.30391953823131973,[0.28382801622716386 0.0 0.0 0.0; 0.0 0.08484807747652925 -0.012615980400351005 -0.015328672325697333; 0.0 -0.012615980400349728 0.07615912768990725 -0.006273822937850916; 0.0 -0.015328672325704373 -0.006273822937849321 0.08037353263404938],[-0.09783496398039597 0.0 0.0 0.0; 0.0 -0.008894329772768368 0.0034369750812265737 0.005519557695091945; 0.0 0.0034369750812269727 -0.004857801470050422 -0.00024020669046694634; 0.0 0.005519557695091905 -0.0002402066904668793 -0.0067006725085060025],0.3
