L,J,Q,θ,ϕx,ϕy,ϕz,ndims,T,χ,dχdlogT,Λ
17,2.0,0.6180339887498949,0.4487989505128276,5.777654552917204,2.2493788666760794,4.562467618004743,3,7.27895384398315,[0.033726949589349485 0.0 0.0 0.0; 0.0 0.01667818228776099 -9.960176372504516e-5 -9.989749386040748e-5; 0.0 -9.960176372544868e-5 0.016627885114368378 -9.834417272674592e-5; 0.0 -9.989749386043594e-5 -9.834417272694057e-5 0.016650242714793085],[-0.032545488632014584 0.0 0.0 0.0; 0.0 -0.0157392696528349 0.00028316005366483025 0.00028457145893585374; 0.0 0.00028316005366444514 -0.015596497338429618 0.0002771601329636415; 0.0 0.00028457145893600466 0.0002771601329637085 -0.015659934628477815],0.3
