L,J,Q,θ,ϕx,ϕy,ϕz,ndims,T,χ,dχdlogT,Λ
17,0.2,0.6180339887498949,0.4487989505128276,2.9498016342884346,1.011162978688628,0.9242031399328315,3,0.41753189365604015,[0.3106269834251509 0.0 0.0 0.0; 0.0 0.14528798486524255 -0.0326823254092486 -0.03283442936440806; 0.0 -0.03268232540924859 0.14463284588050118 -0.03241119715683247; 0.0 -0.03283442936440799 -0.032411197156832446 0.14491678394421983],[-0.1412652062528733 0.0 0.0 0.0; 0.0 -0.05949057718953851 0.026354501257588456 0.0266498127860946; 0.0 0.02635450125758842 -0.0584630018687291 0.025977176670003318; 0.0 0.026649812786094598 0.025977176670003325 -0.05890875509589713],0.3
