L,J,Q,θ,ϕx,ϕy,ϕz,ndims,T,χ,dχdlogT,Λ
17,0.1,0.6180339887498949,0.4487989505128276,6.115513300479652,3.267768428090797,3.5943388174283526,3,0.16102620275609392,[0.44557939541738695 0.0 0.0 0.0; 0.0 0.20430172976759012 -0.058178894497716266 -0.05841033477136842; 0.0 -0.05817889449772755 0.2037599468944379 -0.05797748107263236; 0.0 -0.05841033477137094 -0.057977481072635624 0.20403706754317677],[-0.14488527212102634 0.0 0.0 0.0; 0.0 -0.05860066184817227 0.02712825663833866 0.027467268246858488; 0.0 0.027128256638337414 -0.05811347746102282 0.02707575694118005; 0.0 0.027467268246857517 0.02707575694118073 -0.05844840243267127],0.3
