L,J,Q,θ,ϕx,ϕy,ϕz,ndims,T,χ,dχdlogT,Λ
17,1.5,0.6180339887498949,0.4487989505128276,4.987632540865375,0.8590455374669355,2.0045622249166866,3,0.002592943797404667,[0.8491077551032852 0.0 0.0 0.0; 0.0 0.11283881788458769 -0.022148035565645506 -0.02613742572726692; 0.0 -0.022148035565647695 0.09687656749181875 -0.007299626655563797; 0.0 -0.026137425727266985 -0.007299626655564087 0.10467747110942752],[-0.13840472593602834 0.0 0.0 0.0; 0.0 6.089811838023503e-6 7.624866239195298e-5 -0.00011120812460609372; 0.0 7.624866239195192e-5 -0.0003177823171180693 -0.00040179938995806843; 0.0 -0.00011120812460608795 -0.0004017993899581028 -0.0006272161961398338],0.3
