L,J,Q,θ,ϕx,ϕy,ϕz,ndims,T,χ,dχdlogT,Λ
17,0.0,0.6180339887498949,0.4487989505128276,3.328119287743036,3.037276394911071,5.9689453131494306,3,0.017433288221999882,[0.3438513349136072 0.0 0.0 0.0; 0.0 0.15545216842677217 -0.02270127276250717 -0.040208460723226015; 0.0 -0.022701272762509505 0.1519381802401596 -0.04283695236152811; 0.0 -0.040208460723231795 -0.04283695236153815 0.17851398364836973],[-0.005057359623224451 0.0 0.0 0.0; 0.0 -0.00017932073552658995 -0.0019890049297517543 0.0015366532320780165; 0.0 -0.0019890049297513848 0.00035490797216572564 0.0014595369401599306; 0.0 0.0015366532320781638 0.001459536940160103 -0.0028005673711620775],0.3
