L,J,Q,θ,ϕx,ϕy,ϕz,ndims,T,χ,dχdlogT,Λ
17,2.9,0.6180339887498949,0.4487989505128276,1.0093168362909395,0.33689438195597865,5.770913800445461,3,7.27895384398315,[0.03339890461631157 0.0 0.0 0.0; 0.0 0.01635078082908111 -9.551269852257645e-5 -9.606833667802102e-5; 0.0 -9.551269852278047e-5 0.016252160225454004 -9.300435473091679e-5; 0.0 -9.606833667822495e-5 -9.300435473108498e-5 0.016295768386601236],[-0.031637786885256744 0.0 0.0 0.0; 0.0 -0.014838250522917543 0.00026428207710429123 0.00026690723727599143; 0.0 0.0002642820771043788 -0.014570817203305239 0.0002526936328490151; 0.0 0.00026690723727599473 0.00025269363284900493 -0.014688565648397526],0.3
