L,J,Q,θ,ϕx,ϕy,ϕz,ndims,T,χ,dχdlogT,Λ
17,2.6,0.6180339887498949,0.4487989505128276,0.24203435542125196,3.836250511296904,1.0660667335968528,3,0.30391953823131973,[0.25296467571845954 0.0 0.0 0.0; 0.0 0.06659550176098947 -0.008593809363422284 -0.010981684982874818; 0.0 -0.008593809363419495 0.059752579162823984 -0.003076863672346066; 0.0 -0.010981684982870932 -0.003076863672346842 0.06389763984640347],[-0.08060364309424176 0.0 0.0 0.0; 0.0 -0.004981592756212981 0.0022293621590044354 0.0037336892601863634; 0.0 0.0022293621590051644 -0.0028236717118972233 -0.00039441734408002976; 0.0 0.0037336892601875413 -0.0003944173440800649 -0.004338029851521005],0.3
