L,J,Q,θ,ϕx,ϕy,ϕz,ndims,T,χ,dχdlogT,Λ
17,4.0,0.6180339887498949,0.4487989505128276,5.777654552917204,2.2493788666760794,4.562467618004743,3,0.30391953823131973,[0.20458705400462768 0.0 0.0 0.0; 0.0 0.0457898570604259 -0.004859111784531931 -0.00633439006733316; 0.0 -0.004859111784532261 0.04116331119676555 -0.0008996413578743838; 0.0 -0.006334390067335613 -0.0008996413578743509 0.04468212594134094],[-0.058290955506717194 0.0 0.0 0.0; 0.0 -0.002599823176443804 0.0013178398952216604 0.0021302395531110304; 0.0 0.0013178398952219744 -0.0017278869910536776 -0.00019826703870045546; 0.0 0.0021302395531103487 -0.00019826703870038466 -0.0025215563342454446],0.3
