L,J,Q,θ,ϕx,ϕy,ϕz,ndims,T,χ,dχdlogT,Λ
17,2.7,0.6180339887498949,0.4487989505128276,1.0093168362909395,0.33689438195597865,5.770913800445461,3,0.04520353656360243,[0.3827170115452982 0.0 0.0 0.0; 0.0 0.06750697590946388 -0.009830759122807753 -0.012446281902588192; 0.0 -0.009830759122809517 0.059991353145716436 -0.0021248445118515055; 0.0 -0.012446281902590775 -0.0021248445118506707 0.06466093455743589],[-0.06296450770320719 0.0 0.0 0.0; 0.0 -0.00017394557496337257 0.00013596557682851585 -0.00016997674182483942; 0.0 0.0001359655768284975 -0.00032336113526557726 -0.00011739000975299096; 0.0 -0.00016997674182485094 -0.00011739000975299903 -8.94298461541696e-5],0.3
