L,J,Q,θ,ϕx,ϕy,ϕz,ndims,T,χ,dχdlogT,Λ
17,1.5,0.6180339887498949,0.4487989505128276,3.5540253008917606,2.6574939191941973,2.851645810283211,3,0.02395026619987486,[0.5792914152848359 0.0 0.0 0.0; 0.0 0.11204669419727091 -0.021616557563846426 -0.025895143174371388; 0.0 -0.021616557563854565 0.0959027968957025 -0.00822318633938184; 0.0 -0.025895143174371624 -0.008223186339382979 0.10278612293732252],[-0.10934629168045389 0.0 0.0 0.0; 0.0 -0.0010079491870017086 0.0005105319078504936 0.00047633133273712044; 0.0 0.0005105319078504859 -0.0005653330790748005 -0.0005633668001008748; 0.0 0.00047633133273720425 -0.0005633668001009985 -0.0011313649296644853],0.3
