L,J,Q,θ,ϕx,ϕy,ϕz,ndims,T,χ,dχdlogT,Λ
17,0.0,0.6180339887498949,0.4487989505128276,5.278610681975306,1.6132584007949111,4.466002570933709,3,5.298316906283709,[0.04500462633641357 0.0 0.0 0.0; 0.0 0.02261349415330093 -4.7527674517075345e-6 2.3714851360238567e-5; 0.0 -4.752767451523403e-6 0.02268388665699293 2.507120399488636e-6; 0.0 2.371485136037457e-5 2.507120399466246e-6 0.02266958671044439],[-0.0409731303247013 0.0 0.0 0.0; 0.0 -0.020788025611006 1.3065210498254882e-5 -6.514994974655481e-5; 0.0 1.3065210497960045e-5 -0.020981886930177555 -6.909121700721586e-6; 0.0 -6.514994974652963e-5 -6.909121700719597e-6 -0.020942308820688316],0.3
