L,J,Q,θ,ϕx,ϕy,ϕz,ndims,T,χ,dχdlogT,Λ
17,2.8,0.6180339887498949,0.4487989505128276,5.572737511802221,5.611028785571096,4.947555202131609,3,5.298316906283709,[0.04496322269091245 0.0 0.0 0.0; 0.0 0.021693076588336004 -0.00022625160459850398 -0.00022850324390580098; 0.0 -0.0002262516045984351 0.02147879220477667 -0.00021631782758237394; 0.0 -0.00022850324390610784 -0.0002163178275825215 0.021573285578781867],[-0.04103401599353767 0.0 0.0 0.0; 0.0 -0.01839678207943861 0.0005906785412501903 0.000600713155909446; 0.0 0.0005906785412502189 -0.017854069465268976 0.0005469849343741536; 0.0 0.0006007131559095045 0.0005469849343741342 -0.01809228775804455],0.3
