L,J,Q,θ,ϕx,ϕy,ϕz,ndims,T,χ,dχdlogT,Λ
17,2.6,0.6180339887498949,0.4487989505128276,1.0093168362909395,0.33689438195597865,5.770913800445461,3,0.003562247890262444,[0.532854038658326 0.0 0.0 0.0; 0.0 0.07011912579603867 -0.010288692208349104 -0.012745472389273909; 0.0 -0.010288692208348832 0.06206722171195269 -0.002107681697205805; 0.0 -0.012745472389273456 -0.0021076816972061523 0.06683476112512139],[-0.04397257360900858 0.0 0.0 0.0; 0.0 -0.00015977432934323078 -1.7611169473781787e-5 -0.00012011812974319368; 0.0 -1.761116947378199e-5 -1.8557124485542282e-6 -3.754162605414762e-5; 0.0 -0.00012011812974318925 -3.754162605414772e-5 -7.957333350069628e-5],0.3
