L,J,Q,θ,ϕx,ϕy,ϕz,ndims,T,χ,dχdlogT,Λ
17,0.9,0.6180339887498949,0.4487989505128276,5.581856985783044,1.5872626186919163,1.8719639464197677,3,0.03290344562312668,[0.6264621354354871 0.0 0.0 0.0; 0.0 0.16369886836476896 -0.03933017041141449 -0.043716759038561176; 0.0 -0.039330170411405345 0.1421123294979758 -0.024280317835891494; 0.0 -0.04371675903855773 -0.024280317835890446 0.14867476570028867],[-0.13871395460500208 0.0 0.0 0.0; 0.0 -0.009616345208650963 0.0037318188527638973 0.004773367246600241; 0.0 0.003731818852763391 -0.00634669726797137 0.001048382796693809; 0.0 0.004773367246602054 0.0010483827966941018 -0.008867191373167287],0.3
