L,J,Q,θ,ϕx,ϕy,ϕz,ndims,T,χ,dχdlogT,Λ
17,2.4,0.6180339887498949,0.4487989505128276,2.6185053522257546,2.817522540774712,1.6080767006553736,3,0.0853167852417281,[0.3625094253513481 0.0 0.0 0.0; 0.0 0.07444941769640091 -0.011175310288731895 -0.014452845190095655; 0.0 -0.011175310288729371 0.06561739681914093 -0.0030186842070766577; 0.0 -0.014452845190090751 -0.0030186842070768745 0.07073294928486921],[-0.07365833934182651 0.0 0.0 0.0; 0.0 -0.0004842532299963775 0.00041951390855345994 0.00018639078821134652; 0.0 0.0004195139085535774 -0.0005544884350601567 -0.00045317218343800334; 0.0 0.00018639078821133361 -0.0004531721834380317 -0.00046182540675147426],0.3
