L,J,Q,θ,ϕx,ϕy,ϕz,ndims,T,χ,dχdlogT,Λ
17,0.0,0.6180339887498949,0.4487989505128276,0.062217105847603,5.404193520788579,2.103297936884901,3,0.0018873918221350976,[1.0732203700413157 0.0 0.0 0.0; 0.0 0.45440763892905406 -0.18609333196930955 -0.18454266130398644; 0.0 -0.18609333196930963 0.48443074853227225 -0.21484149711921785; 0.0 -0.18454266130398644 -0.2148414971192178 0.48271750677684],[-0.14561403796510702 0.0 0.0 0.0; 0.0 -0.04501963535077393 0.01755395202008351 0.02744050679453416; 0.0 0.01755395202008352 -0.08438569985255158 0.06684289729183851; 0.0 0.027440506794534147 0.0668428972918385 -0.09426972312055244],0.3
