L,J,Q,θ,ϕx,ϕy,ϕz,ndims,T,χ,dχdlogT,Λ
17,2.3,0.6180339887498949,0.4487989505128276,0.0,0.0,0.0,3,1.4873521072935114,[0.12608478740754472 0.0 0.0 0.0; 0.0 0.05240632035232015 -0.0033989942219160374 -0.0035850827471359367; 0.0 -0.003398994221915781 0.05023291328583863 -0.002659577756822398; 0.0 -0.0035850827471360725 -0.0026595777568224933 0.05124527832324742],[-0.08156550153656696 0.0 0.0 0.0; 0.0 -0.02249368104542005 0.004648320000471185 0.0051548898839705185; 0.0 0.004648320000471168 -0.01944495036361909 0.002783365668039668; 0.0 0.005154889883970644 0.002783365668039725 -0.021003021963922328],0.3
