L,J,Q,θ,ϕx,ϕy,ϕz,ndims,T,χ,dχdlogT,Λ
17,0.3,0.6180339887498949,0.4487989505128276,3.760911897521243,0.22392741216421344,1.7767319996242594,3,3.856620421163471,[0.06272190195397898 0.0 0.0 0.0; 0.0 0.031185962449152945 -0.0006192659985886129 -0.0006194150292910523; 0.0 -0.0006192659985883217 0.031178252949379353 -0.0006186493399213807; 0.0 -0.0006194150292914194 -0.0006186493399210878 0.031181740262845974],[-0.058898228622456625 0.0 0.0 0.0; 0.0 -0.0289780597192005 0.0016764475486265003 0.0016771422197684454; 0.0 0.0016764475486255846 -0.028955940158642588 0.0016736079026560002; 0.0 0.0016771422197686108 0.001673607902656423 -0.028966032604646537],0.3
