L,J,Q,θ,ϕx,ϕy,ϕz,ndims,T,χ,dχdlogT,Λ
17,0.2,0.6180339887498949,0.4487989505128276,3.57825402793219,2.93305783427306,5.821971084926555,3,2.807216203941177,[0.0826961777319617 0.0 0.0 0.0; 0.0 0.041252697997969316 -0.0009823727900126389 -0.0007075531253053781; 0.0 -0.0009823727900115365 0.04104628407083592 -0.001176944289349771; 0.0 -0.0007075531253053024 -0.0011769442893493705 0.041276591055981256],[-0.07183070549223075 0.0 0.0 0.0; 0.0 -0.035721791514129075 0.002424316124569034 0.0017579681192674342; 0.0 0.002424316124568307 -0.03519176621162608 0.002905529440639309; 0.0 0.0017579681192682697 0.002905529440638373 -0.03578299681790861],0.3
