L,J,Q,θ,ϕx,ϕy,ϕz,ndims,T,χ,dχdlogT,Λ
17,0.2,0.6180339887498949,0.4487989505128276,4.70608755582122,0.23191736745380037,6.195244506032817,3,1.0826367338740543,[0.18123801976504625 0.0 0.0 0.0; 0.0 0.08789736739667464 -0.010728102915522507 -0.010740318741947473; 0.0 -0.010728102915522496 0.08779614580815233 -0.01068904554722313; 0.0 -0.010740318741947481 -0.010689045547223112 0.08784221010369421],[-0.12470693942830847 0.0 0.0 0.0; 0.0 -0.05781159145553491 0.01730225851989108 0.01734315187403252; 0.0 0.017302258519891082 -0.05757500071522902 0.017190655573922468; 0.0 0.017343151874032518 0.01719065557392248 -0.05768002766859821],0.3
