L,J,Q,θ,ϕx,ϕy,ϕz,ndims,T,χ,dχdlogT,Λ
17,0.0,0.6180339887498949,0.4487989505128276,3.2506503860507765,6.246303904614146,0.8058848358978701,3,0.02395026619987486,[0.7101413755985138 0.0 0.0 0.0; 0.0 0.31424409643365425 -0.11526865736694447 -0.11533120963615978; 0.0 -0.11526865736694447 0.31374735045255 -0.11508782315415936; 0.0 -0.11533120963615977 -0.11508782315415933 0.3139735872668073],[-0.12999093671421072 0.0 0.0 0.0; 0.0 -0.054739303344848236 0.027128659254706512 0.027549183741355027; 0.0 0.02712865925470652 -0.053101990896655564 0.026019136403355448; 0.0 0.027549183741355024 0.026019136403355455 -0.05361911856032079],0.3
