L,J,Q,θ,ϕx,ϕy,ϕz,ndims,T,χ,dχdlogT,Λ
17,1.7,0.6180339887498949,0.4487989505128276,5.572737511802221,5.611028785571096,4.947555202131609,3,0.5736152510448679,[0.22715462953307206 0.0 0.0 0.0; 0.0 0.08251689953767197 -0.010989929639163171 -0.01227718965867739; 0.0 -0.010989929639162 0.07659064927968291 -0.0073111327470690764; 0.0 -0.0122771896586755 -0.007311132747071892 0.07938372765056326],[-0.10413404934377127 0.0 0.0 0.0; 0.0 -0.018384454730268493 0.00638850088779712 0.008437877477918689; 0.0 0.006388500887797295 -0.013145432771688803 0.0019406786730293598; 0.0 0.0084378774779173 0.0019406786730291076 -0.015535026243021482],0.3
