L,J,Q,θ,ϕx,ϕy,ϕz,ndims,T,χ,dχdlogT,Λ
17,0.5,0.6180339887498949,0.4487989505128276,4.565521794669769,4.985487468539745,2.909552991481377,3,0.7880462815669912,[0.21824939090125361 0.0 0.0 0.0; 0.0 0.10256398403605081 -0.015351980877839826 -0.01552942332422515; 0.0 -0.015351980877836215 0.1014743794558609 -0.014847624372408372; 0.0 -0.015529423324225527 -0.014847624372407983 0.10196109578371157],[-0.12914314979484 0.0 0.0 0.0; 0.0 -0.0544410787365196 0.018630863690494125 0.019119262995647195; 0.0 0.01863086369049592 -0.05232075284303342 0.017471270018023535; 0.0 0.019119262995649807 0.017471270018028822 -0.053232338563087074],0.3
