L,J,Q,θ,ϕx,ϕy,ϕz,ndims,T,χ,dχdlogT,Λ
17,1.0,0.6180339887498949,0.4487989505128276,1.985927615047579,6.231216029106446,1.9734735852915235,3,1.4873521072935114,[0.139458897473853 0.0 0.0 0.0; 0.0 0.06559591716778125 -0.005319136752211697 -0.005395303625520398; 0.0 -0.005319136752209759 0.0646874876871771 -0.005031621377603345; 0.0 -0.0053953036255174015 -0.005031621377603538 0.06510181735644108],[-0.10261621718855754 0.0 0.0 0.0; 0.0 -0.042769433104888406 0.009456986804004096 0.009717122753232917; 0.0 0.009456986804006327 -0.040773989787133494 0.008541847024533122; 0.0 0.009717122753231958 0.008541847024530364 -0.04167987145870604],0.3
