L,J,Q,θ,ϕx,ϕy,ϕz,ndims,T,χ,dχdlogT,Λ
17,3.0,0.6180339887498949,0.4487989505128276,0.30652461781763013,5.495096551899897,3.743893748123039,3,1.0826367338740543,[0.14200197896610084 0.0 0.0 0.0; 0.0 0.05019742823501113 -0.003680257791494126 -0.0041030360365942676; 0.0 -0.003680257791493227 0.04699628144027361 -0.0021571913500650864; 0.0 -0.00410303603659361 -0.002157191350064503 0.048707811475049004],[-0.07480419246400329 0.0 0.0 0.0; 0.0 -0.011709091448446486 0.0033016791485635474 0.00416087363876242; 0.0 0.003301679148563069 -0.009051564579254453 0.0007505321987830871; 0.0 0.004160873638762062 0.0007505321987827508 -0.010979893659568127],0.3
