L,J,Q,θ,ϕx,ϕy,ϕz,ndims,T,χ,dχdlogT,Λ
17,0.2,0.6180339887498949,0.4487989505128276,5.097707114925828,2.3901598585542185,0.5284735264343255,3,1.4873521072935114,[0.14312815277355007 0.0 0.0 0.0; 0.0 0.07006322447357595 -0.0059333127867099884 -0.0059372115519441505; 0.0 -0.005933312786708809 0.07001741602604931 -0.005919378141584815; 0.0 -0.005937211551946631 -0.005919378141582989 0.07003854251018496],[-0.10976853202952983 0.0 0.0 0.0; 0.0 -0.052004821101399305 0.011479351871661245 0.011494020677906482; 0.0 0.011479351871662267 -0.051890037288261456 0.011431022913853995; 0.0 0.01149402067790854 0.011431022913855449 -0.05194275661890281],0.3
