L,J,Q,θ,ϕx,ϕy,ϕz,ndims,T,χ,dχdlogT,Λ
17,0.2,0.6180339887498949,0.4487989505128276,4.839452646833321,4.088125134780374,1.2566134355695489,3,0.003562247890262444,[0.1540278567965821 0.0 0.0 0.0; 0.0 0.08728096150322906 0.003973671042397931 -0.0006846214998586286; 0.0 0.003973671042397875 0.08366546333142104 -0.0029455136073149044; 0.0 -0.0006846214998582979 -0.0029455136073149152 0.08681853132184805],[-0.0009732302561022582 0.0 0.0 0.0; 0.0 -0.0005342819706625466 -0.00043880995352354053 0.0002692913089913446; 0.0 -0.00043880995352357837 -0.0005775391224941285 0.00048447637279637; 0.0 0.00026929130899133437 0.0004844763727963791 -0.0004209911377043286],0.3
