L,J,Q,θ,ϕx,ϕy,ϕz,ndims,T,χ,dχdlogT,Λ
17,3.0,0.6180339887498949,0.4487989505128276,0.0,0.0,0.0,3,0.003562247890262444,[0.50462460120937 0.0 0.0 0.0; 0.0 0.06214586850713583 -0.009055729906117053 -0.01072463410121374; 0.0 -0.009055729906117154 0.05563233136201041 -0.001576850954010738; 0.0 -0.010724634101213978 -0.0015768509540107184 0.05991305261218303],[-0.05367741054598472 0.0 0.0 0.0; 0.0 -0.00013275791624052543 1.7969664613379488e-5 -7.059486186854582e-6; 0.0 1.7969664613379844e-5 -1.8352465086462808e-5 -1.8598176154083203e-5; 0.0 -7.0594861868545465e-6 -1.8598176154082722e-5 -5.9174959406667744e-5],0.3
