L,J,Q,θ,ϕx,ϕy,ϕz,ndims,T,χ,dχdlogT,Λ
17,0.2,0.6180339887498949,0.4487989505128276,3.0990793450895384,0.35362574292856025,3.45809454764493,3,0.006723357536499335,[0.3282489947421728 0.0 0.0 0.0; 0.0 0.14052804865603283 -0.028995113829483627 -0.022842467485303126; 0.0 -0.028995113829473854 0.1549678682284298 -0.037616250512650225; 0.0 -0.022842467485306397 -0.03761625051266171 0.148647264626531],[0.002193892689120867 0.0 0.0 0.0; 0.0 0.0008141267217175564 -0.00028442197882602266 -9.697930080664105e-5; 0.0 -0.00028442197882599067 0.001545551964755766 -0.0011878500907735222; 0.0 -9.697930080663876e-5 -0.0011878500907734372 0.0009322932902033931],0.3
