L,J,Q,θ,ϕx,ϕy,ϕz,ndims,T,χ,dχdlogT,Λ
17,0.2,0.6180339887498949,0.4487989505128276,5.763831914434566,3.580656310092337,5.202090194941325,3,0.01268961003167922,[0.8084506410013467 0.0 0.0 0.0; 0.0 0.31044919008838295 -0.11183949255391637 -0.11508996593284795; 0.0 -0.11183949255391631 0.301029394162101 -0.10756698387249071; 0.0 -0.11508996593284783 -0.10756698387249075 0.3064294884367025],[-0.13071782859455672 0.0 0.0 0.0; 0.0 -0.03527448160555119 0.017384144491516658 0.017964267990531982; 0.0 0.017384144491516654 -0.03300810581247069 0.01569142455475934; 0.0 0.017964267990531982 0.015691424554759338 -0.03390545230648876],0.3
