L,J,Q,θ,ϕx,ϕy,ϕz,ndims,T,χ,dχdlogT,Λ
17,0.7,0.6180339887498949,0.4487989505128276,2.334957266572675,2.0640807455703567,3.4400352447763876,3,0.0853167852417281,[0.5065846559277349 0.0 0.0 0.0; 0.0 0.17222676051150793 -0.04491187107909185 -0.04766252759200315; 0.0 -0.04491187107910028 0.15249593651293972 -0.0329203540674925; 0.0 -0.0476625275920177 -0.0329203540674866 0.1576966515695585],[-0.13023682575528917 0.0 0.0 0.0; 0.0 -0.018287130217504066 0.008481643022221097 0.008248589398936499; 0.0 0.008481643022223833 -0.009203672912510726 0.001427429224592022; 0.0 0.008248589398933479 0.0014274292245917833 -0.010165514252877164],0.3
