L,J,Q,θ,ϕx,ϕy,ϕz,ndims,T,χ,dχdlogT,Λ
17,1.1,0.6180339887498949,0.4487989505128276,2.680415872797173,6.153277453673757,1.7626334156452987,3,3.856620421163471,[0.062206802724912066 0.0 0.0 0.0; 0.0 0.03064926167851289 -0.0005982890670942343 -0.0006001716486558819; 0.0 -0.0005982890670930472 0.030551804442522357 -0.000590451412481555; 0.0 -0.0006001716486552253 -0.0005904514124814483 0.030595637744156037],[-0.0575125376495795 0.0 0.0 0.0; 0.0 -0.027517995337607164 0.0015828643166773274 0.0015914255765287087; 0.0 0.0015828643166776071 -0.027249273387469478 0.0015475598385806181; 0.0 0.0015914255765296795 0.0015475598385796118 -0.027370853983407453],0.3
