L,J,Q,θ,ϕx,ϕy,ϕz,ndims,T,χ,dχdlogT,Λ
17,4.0,0.6180339887498949,0.4487989505128276,4.571891130660917,3.9650079737185084,3.712601445936258,3,7.27895384398315,[0.0329034254972059 0.0 0.0 0.0; 0.0 0.015847117823241663 -8.986434936071755e-5 -9.085208182955121e-5; 0.0 -8.986434936047986e-5 0.015679030073532114 -8.560905353057983e-5; 0.0 -9.085208182961047e-5 -8.560905353059242e-5 0.01575253574637329],[-0.030326012027753448 0.0 0.0 0.0; 0.0 -0.013524520792225056 0.0002391553420777796 0.00024355748939301866; 0.0 0.00023915534207771276 -0.013100503292506633 0.0002201109321227869; 0.0 0.00024355748939294583 0.00022011093212289415 -0.013284186466644756],0.3
