L,J,Q,θ,ϕx,ϕy,ϕz,ndims,T,χ,dχdlogT,Λ
17,0.4,0.6180339887498949,0.4487989505128276,3.2457819938268293,5.106130421923753,5.857407968757519,3,2.043359717856942,[0.11056104807038014 0.0 0.0 0.0; 0.0 0.054333277413914534 -0.003013934560982871 -0.0030182801765676107; 0.0 -0.003013934560983269 0.054254398513981686 -0.0029971338214848553; 0.0 -0.0030182801765693524 -0.0029971338214849533 0.05429065511628633],[-0.09251188119540567 0.0 0.0 0.0; 0.0 -0.04410759120235998 0.006741790730159562 0.00675963937193204; 0.0 0.006741790730159864 -0.04389983692250418 0.006675799419674867; 0.0 0.006759639371933093 0.00667579941967316 -0.04399599839199837],0.3
