L,J,Q,θ,ϕx,ϕy,ϕz,ndims,T,χ,dχdlogT,Λ
17,0.2,0.6180339887498949,0.4487989505128276,4.255415992745961,2.1230956503831075,0.915380389911848,3,2.043359717856942,[0.11084583931344648 0.0 0.0 0.0; 0.0 0.05464461928879814 -0.003047610788599919 -0.0030487202188028083; 0.0 -0.003047610788600199 0.05462449223847093 -0.0030433338923389276; 0.0 -0.0030487202188018412 -0.0030433338923393626 0.05463375670570688],[-0.09316926580037256 0.0 0.0 0.0; 0.0 -0.04486032328170329 0.006870094898181115 0.006874689750053328; 0.0 0.006870094898180582 -0.04480664849217647 0.006853175372217709; 0.0 0.006874689750055124 0.00685317537221912 -0.044831535771589714],0.3
