L,J,Q,θ,ϕx,ϕy,ϕz,ndims,T,χ,dχdlogT,Λ
17,1.2,0.6180339887498949,0.4487989505128276,0.0,0.0,0.0,3,0.02395026619987486,[0.6194255300052253 0.0 0.0 0.0; 0.0 0.13451810192029068 -0.028889956198104392 -0.03310927577302406; 0.0 -0.0288899561981043 0.11479395965768416 -0.013911380475231824; 0.0 -0.03310927577302387 -0.01391138047523176 0.12163726909569811],[-0.11304324638503037 0.0 0.0 0.0; 0.0 -0.0026314789257366983 0.0009490608386496793 0.0013137497542328287; 0.0 0.0009490608386496576 -0.001491972432191688 -0.00043137786538858066; 0.0 0.001313749754232823 -0.0004313778653885847 -0.002446974262864745],0.3
