L,J,Q,θ,ϕx,ϕy,ϕz,ndims,T,χ,dχdlogT,Λ
17,0.0,0.6180339887498949,0.4487989505128276,5.355316310333911,4.3161800149290785,4.229450028465233,3,0.2212216291070449,[0.1576935542224307 0.0 0.0 0.0; 0.0 0.0863992616951711 0.0019382642434484175 0.001311470201467208; 0.0 0.0019382642434462869 0.08901252443766981 -0.00202141973020422; 0.0 0.0013114702014667646 -0.0020214197302041996 0.08798323485793083],[-0.0006042480185488375 0.0 0.0 0.0; 0.0 -0.0021605868830712823 -0.0001833478787230786 2.8635829832347714e-5; 0.0 -0.00018334787872352015 -0.0022379362121346304 -8.494413303754923e-5; 0.0 2.8635829832462612e-5 -8.494413303763675e-5 -0.0020125125920171087],0.3
