L,J,Q,θ,ϕx,ϕy,ϕz,ndims,T,χ,dχdlogT,Λ
17,2.0,0.6180339887498949,0.4487989505128276,3.2506503860507765,6.246303904614146,0.8058848358978701,3,0.2212216291070449,[0.30690979713899214 0.0 0.0 0.0; 0.0 0.08414705442100066 -0.013211344401739102 -0.016641920342956276; 0.0 -0.013211344401733958 0.07348526741452674 -0.005716488136493099; 0.0 -0.016641920342953948 -0.005716488136490613 0.07863043829239119],[-0.08935025524023071 0.0 0.0 0.0; 0.0 -0.006648988051837533 0.00272599586476443 0.004508577117058562; 0.0 0.002725995864764726 -0.0020719849786408244 -0.0003720105186670456; 0.0 0.004508577117058207 -0.00037201051866709423 -0.0040523686765494395],0.3
