L,J,Q,θ,ϕx,ϕy,ϕz,ndims,T,χ,dχdlogT,Λ
17,0.7,0.6180339887498949,0.4487989505128276,3.730870650207465,0.25707164101985114,1.7315918532902208,3,0.06210169418915616,[0.5486168421069633 0.0 0.0 0.0; 0.0 0.17826552793149572 -0.04784294876567639 -0.05052028278757473; 0.0 -0.04784294876567672 0.15548491278454343 -0.03308033838747528; 0.0 -0.050520282787575095 -0.033080338387475185 0.16094253887245116],[-0.13254057885147716 0.0 0.0 0.0; 0.0 -0.017803552470513486 0.008429150388107765 0.008174784077164045; 0.0 0.0084291503881077 -0.008596208617408582 0.0006837588754405999; 0.0 0.008174784077164026 0.000683758875440612 -0.009402341222554404],0.3
