L,J,Q,θ,ϕx,ϕy,ϕz,ndims,T,χ,dχdlogT,Λ
17,1.9,0.6180339887498949,0.4487989505128276,1.9236252578336912,0.06961162296756591,2.89281545718033,3,0.001,[0.7739808630506004 0.0 0.0 0.0; 0.0 0.09095434319415371 -0.01531599075985605 -0.018973678232407688; 0.0 -0.015315990759851811 0.0799205362426856 -0.0037302409796845493; 0.0 -0.018973678232407233 -0.0037302409796843884 0.08675216935769375],[-0.0935000628223614 0.0 0.0 0.0; 0.0 6.723989583898082e-6 -2.7923913382070143e-5 -4.2496331213816676e-5; 0.0 -2.792391338206952e-5 -0.00017622189159105915 -0.0002906667866164393; 0.0 -4.24963312138183e-5 -0.0002906667866164386 -0.0005253340226008125],0.3
