L,J,Q,θ,ϕx,ϕy,ϕz,ndims,T,χ,dχdlogT,Λ
17,1.1,0.6180339887498949,0.4487989505128276,0.17500326631899382,3.3069163027979696,5.904112162482355,3,2.807216203941177,[0.0828264873526555 0.0 0.0 0.0; 0.0 0.040361354989204956 -0.0013395214527708945 -0.0013471578236312826; 0.0 -0.0013395214527710973 0.04013286831645714 -0.001308321987315974; 0.0 -0.0013471578236313848 -0.001308321987316481 0.04023623320053838],[-0.07248587557744282 0.0 0.0 0.0; 0.0 -0.03355826256941386 0.003235772441500167 0.0032682397928955535; 0.0 0.003235772441499381 -0.032964591117995656 0.00310557423643712; 0.0 0.003268239792896374 0.0031055742364366717 -0.03323517284488781],0.3
