L,J,Q,θ,ϕx,ϕy,ϕz,ndims,T,χ,dχdlogT,Λ
17,0.1,0.6180339887498949,0.4487989505128276,0.05076630155110966,2.1526962735577735,0.046238337466684966,3,0.5736152510448679,[0.26483040603161423 0.0 0.0 0.0; 0.0 0.12656338242798248 -0.023964530838865045 -0.023984025099721216; 0.0 -0.023964530838865614 0.12646905460750923 -0.023918874650215232; 0.0 -0.023984025099718503 -0.02391887465021412 0.12651069632675396],[-0.13902056124591686 0.0 0.0 0.0; 0.0 -0.06265206552192154 0.02476332887021834 0.024812274648614324; 0.0 0.02476332887021843 -0.06247737945420254 0.02467387730367106; 0.0 0.02481227464861412 0.02467387730367321 -0.06255303664601009],0.3
