L,J,Q,θ,ϕx,ϕy,ϕz,ndims,T,χ,dχdlogT,Λ
17,4.0,0.6180339887498949,0.4487989505128276,2.8202476249406474,4.101224925810298,3.420811622095466,3,0.16102620275609392,[0.24128748871606331 0.0 0.0 0.0; 0.0 0.047187596517414325 -0.005497244770710592 -0.007412917981862486; 0.0 -0.00549724477071014 0.042112827276723414 -0.0007950696869953036; 0.0 -0.007412917981863216 -0.0007950696869953969 0.04593955641773275],[-0.05744185734641335 0.0 0.0 0.0; 0.0 -0.0018144476891732873 0.0007036190191013435 0.001311370664139218; 0.0 0.0007036190191013234 -0.0012849590857594683 -0.00011378396108316992; 0.0 0.001311370664139222 -0.00011378396108316873 -0.0014830419709433486],0.3
