L,J,Q,θ,ϕx,ϕy,ϕz,ndims,T,χ,dχdlogT,Λ
17,2.7,0.6180339887498949,0.4487989505128276,1.0093168362909395,0.33689438195597865,5.770913800445461,3,7.27895384398315,[0.03347748371385118 0.0 0.0 0.0; 0.0 0.0164304785087637 -9.645029472355407e-5 -9.693728217944368e-5; 0.0 -9.645029472380309e-5 0.016343518829577224 -9.423633121506815e-5; 0.0 -9.693728217946572e-5 -9.423633121509463e-5 0.016382040352726498],[-0.031852337443974914 0.0 0.0 0.0; 0.0 -0.015054157425168635 0.000268566491049517 0.0002708885538664776; 0.0 0.00026856649104972744 -0.014815676908909423 0.0002582845338111463; 0.0 0.0002708885538665452 0.0002582845338110446 -0.01492096466609854],0.3
