L,J,Q,θ,ϕx,ϕy,ϕz,ndims,T,χ,dχdlogT,Λ
17,2.1,0.6180339887498949,0.4487989505128276,1.0093168362909395,0.33689438195597865,5.770913800445461,3,0.003562247890262444,[0.6142624139143831 0.0 0.0 0.0; 0.0 0.0836803532409497 -0.013459486357592218 -0.016748850373685675; 0.0 -0.013459486357594112 0.0736536351210936 -0.0032827707319462696; 0.0 -0.01674885037368105 -0.003282770731944954 0.07932454943164413],[-0.06343630217165702 0.0 0.0 0.0; 0.0 -8.149893444938419e-5 -4.112818810737391e-5 -0.0001526276864522669; 0.0 -4.1128188107376094e-5 -0.00011119048187906524 -0.00014090775412637982; 0.0 -0.00015262768645226473 -0.00014090775412637524 -0.00013914249100475926],0.3
