L,J,Q,θ,ϕx,ϕy,ϕz,ndims,T,χ,dχdlogT,Λ
17,0.7,0.6180339887498949,0.4487989505128276,0.5101303667322138,6.046450710562586,1.2978397429885948,3,0.16102620275609392,[0.42431919793173806 0.0 0.0 0.0; 0.0 0.1586335717594063 -0.03701006055373506 -0.04032798119895719; 0.0 -0.03701006055373923 0.14686064633651635 -0.03025631358414434; 0.0 -0.04032798119895805 -0.030256313584132496 0.15104101473200818],[-0.13463738551034893 0.0 0.0 0.0; 0.0 -0.024930764066505944 0.009846840137848359 0.011685706940543774; 0.0 0.009846840137850369 -0.017793458941868564 0.005134385394181026; 0.0 0.011685706940543451 0.00513438539418091 -0.019398023592249004],0.3
