L,J,Q,θ,ϕx,ϕy,ϕz,ndims,T,χ,dχdlogT,Λ
17,0.2,0.6180339887498949,0.4487989505128276,0.7227775786342413,4.424280499511432,2.2920287290033596,3,2.807216203941177,[0.07844759594348831 0.0 0.0 0.0; 0.0 0.039442125186196234 -0.0002333773618711251 9.674168850954244e-7; 0.0 -0.00023337736187092645 0.04007294275216279 0.0001293919489740821; 0.0 9.67416884949221e-7 0.00012939194897428736 0.03959852800707312],[-0.06121085282443153 0.0 0.0 0.0; 0.0 -0.031110058752968767 0.0005486049517953358 -2.2332257622979846e-6; 0.0 0.0005486049517954389 -0.03261881831055412 -0.0003045463470089353; 0.0 -2.2332257622350556e-6 -0.00030454634700883003 -0.03147090180870542],0.3
