L,J,Q,θ,ϕx,ϕy,ϕz,ndims,T,χ,dχdlogT,Λ
17,0.7,0.6180339887498949,0.4487989505128276,0.0,0.0,0.0,3,0.02395026619987486,[0.6872362576695462 0.0 0.0 0.0; 0.0 0.19131193969182994 -0.05004531102655652 -0.05590742364815388; 0.0 -0.0500453110265551 0.16988182160451534 -0.03626839011533859; 0.0 -0.0559074236481513 -0.036268390115337494 0.17853341161859218],[-0.13592670443207838 0.0 0.0 0.0; 0.0 -0.011962409762117383 0.004123807338570658 0.006690034316219329; 0.0 0.004123807338570657 -0.008454251482030732 0.0028116394113836237; 0.0 0.006690034316219423 0.0028116394113834532 -0.01384726524644619],0.3
