L,J,Q,θ,ϕx,ϕy,ϕz,ndims,T,χ,dχdlogT,Λ
17,2.3,0.6180339887498949,0.4487989505128276,1.0093168362909395,0.33689438195597865,5.770913800445461,3,0.16102620275609392,[0.3192744656391856 0.0 0.0 0.0; 0.0 0.07624986427372941 -0.011256567143944426 -0.014583956200867559; 0.0 -0.011256567143946366 0.06731411595243512 -0.0037590172249593; 0.0 -0.01458395620086715 -0.0037590172249584134 0.07232843279052831],[-0.08163004622233846 0.0 0.0 0.0; 0.0 -0.002635223471355711 0.001306000530840725 0.001892963445035655; 0.0 0.0013060005308406825 -0.001342284797974782 -0.0006918654179817597; 0.0 0.0018929634450360882 -0.000691865417981595 -0.002116796489208204],0.3
