L,J,Q,θ,ϕx,ϕy,ϕz,ndims,T,χ,dχdlogT,Λ
17,1.8,0.6180339887498949,0.4487989505128276,0.1781114985512,1.6641322852238467,3.338341519939673,3,0.004893900918477494,[0.6612626856634768 0.0 0.0 0.0; 0.0 0.09534820284922535 -0.01657926199655582 -0.020451959077135894; 0.0 -0.016579261996551756 0.08300050432539112 -0.0048262645963493295; 0.0 -0.020451959077131664 -0.004826264596347533 0.08990761009873019],[-0.08442978489162083 0.0 0.0 0.0; 0.0 5.628344413861405e-5 -4.2193115401830935e-5 -9.647936178590426e-5; 0.0 -4.219311540182861e-5 -0.00010245189050131991 -0.00025773424820372734; 0.0 -9.647936178590642e-5 -0.0002577342482037293 -0.0005955871422796377],0.3
