L,J,Q,θ,ϕx,ϕy,ϕz,ndims,T,χ,dχdlogT,Λ
17,2.9,0.6180339887498949,0.4487989505128276,1.6802371856484322,0.5142656976259297,5.301135182458427,3,10.0,[0.024622490945649667 0.0 0.0 0.0; 0.0 0.012170554886380155 -3.897309595726932e-5 -3.910208283664376e-5; 0.0 -3.8973095957093557e-5 0.012129761715131566 -3.8423262418252406e-5; 0.0 -3.910208283655816e-5 -3.842326241829902e-5 0.012147830847188098],[-0.023896929690943012 0.0 0.0 0.0; 0.0 -0.011541084360470546 0.00011186273247413834 0.00011248202408729308; 0.0 0.0001118627324739676 -0.011425306365821038 0.00010922119510612237; 0.0 0.00011248202408720113 0.00010922119510587123 -0.01147644958031373],0.3
