L,J,Q,θ,ϕx,ϕy,ϕz,ndims,T,χ,dχdlogT,Λ
17,2.0,0.6180339887498949,0.4487989505128276,5.777654552917204,2.2493788666760794,4.562467618004743,3,0.06210169418915616,[0.42401454012642015 0.0 0.0 0.0; 0.0 0.09038728586315083 -0.015659536161214634 -0.0203116267714321; 0.0 -0.015659536161209832 0.0752719263310497 -0.005520455356325766; 0.0 -0.02031162677142795 -0.0055204553563247384 0.0822641179707493],[-0.09762620024981711 0.0 0.0 0.0; 0.0 -0.003246033834994218 0.0012530555062454517 0.0015515900404133205; 0.0 0.0012530555062452685 -0.0009993938198410155 2.1632186524597807e-6; 0.0 0.0015515900404129371 2.163218652457798e-6 -0.0017987683023699378],0.3
