L,J,Q,θ,ϕx,ϕy,ϕz,ndims,T,χ,dχdlogT,Λ
17,0.7,0.6180339887498949,0.4487989505128276,5.763831914434566,3.580656310092337,5.202090194941325,3,0.30391953823131973,[0.34102321590484835 0.0 0.0 0.0; 0.0 0.1399866843170124 -0.030666438892289653 -0.0323844063266954; 0.0 -0.03066643889229004 0.13230020183539418 -0.026916536908392116; 0.0 -0.03238440632669522 -0.026916536908392505 0.13522023452421814],[-0.1316642532733253 0.0 0.0 0.0; 0.0 -0.03485599095993729 0.014625268043842968 0.01643802364332463; 0.0 0.014625268043843051 -0.026457852735047294 0.01013462378404821; 0.0 0.016438023643324497 0.0101346237840481 -0.028959107688453996],0.3
