L,J,Q,θ,ϕx,ϕy,ϕz,ndims,T,χ,dχdlogT,Λ
17,2.5,0.6180339887498949,0.4487989505128276,1.5217485221934488,1.0064812389914637,0.5027799501221878,3,0.5736152510448679,[0.20355087843577493 0.0 0.0 0.0; 0.0 0.06418824535758744 -0.007147380634148893 -0.008443101543649028; 0.0 -0.007147380634146519 0.0588663480679294 -0.003510048625869506; 0.0 -0.008443101543652309 -0.003510048625870718 0.06185401793836878],[-0.08540207314410773 0.0 0.0 0.0; 0.0 -0.009348222514892923 0.003606948323716346 0.005398706613508403; 0.0 0.0036069483237158094 -0.006245070478438302 0.00010928268273503538; 0.0 0.005398706613506973 0.00010928268273501345 -0.008351835989597559],0.3
