L,J,Q,θ,ϕx,ϕy,ϕz,ndims,T,χ,dχdlogT,Λ
17,0.0,0.6180339887498949,0.4487989505128276,1.1893736525699403,4.810046848804363,1.1587477520872451,3,0.003562247890262444,[0.14817831718818303 0.0 0.0 0.0; 0.0 0.0830952072348793 0.0006598749782994706 -0.0047208340755286685; 0.0 0.000659874978299748 0.08785121269912691 -0.0008927829623147824; 0.0 -0.004720834075528592 -0.000892782962314844 0.08231849923184066],[0.005390630180980993 0.0 0.0 0.0; 0.0 0.0016809401943762708 -0.0019069550820623314 0.00010456751357001901; 0.0 -0.0019069550820622484 0.004126196808778813 0.0004323219369071335; 0.0 0.00010456751357001954 0.00043232193690713217 -4.238368043605543e-5],0.3
],0.3
