L,J,Q,θ,ϕx,ϕy,ϕz,ndims,T,χ,dχdlogT,Λ
17,0.6,0.6180339887498949,0.4487989505128276,0.6178541525701462,5.615917257424251,2.671102595076948,3,7.27895384398315,[0.033989758523059146 0.0 0.0 0.0; 0.0 0.01695446748035822 -0.00010274481026266792 -0.0001027730120082749; 0.0 -0.0001027448102624696 0.016949668438252234 -0.00010262568480947336; 0.0 -0.00010277301200837032 -0.00010262568480973815 0.01695181451371858],[-0.033299101369927774 0.0 0.0 0.0; 0.0 -0.016531956588126034 0.00029818235353868983 0.000298320077804497; 0.0 0.00029818235353928387 -0.016517798979249675 0.00029760237253901537; 0.0 0.0002983200778042387 0.00029760237253911485 -0.016524150513760872],0.3
