L,J,Q,θ,ϕx,ϕy,ϕz,ndims,T,χ,dχdlogT,Λ
17,0.8,0.6180339887498949,0.4487989505128276,0.0,0.0,0.0,3,0.003562247890262444,[0.9306951856821243 0.0 0.0 0.0; 0.0 0.19481209662362417 -0.049214536961277186 -0.05973449938949137; 0.0 -0.04921453696127653 0.1700296952982702 -0.03613439446004842; 0.0 -0.05973449938948972 -0.036134394460049235 0.1874888298730912],[-0.13045272230674582 0.0 0.0 0.0; 0.0 -0.005978829268415198 0.0010909140607042428 0.0026362979904226065; 0.0 0.0010909140607042152 -0.009332393753731617 0.007272789742396337; 0.0 0.002636297990422605 0.007272789742396346 -0.014301148648273952],0.3
