L,J,Q,θ,ϕx,ϕy,ϕz,ndims,T,χ,dχdlogT,Λ
17,2.5,0.6180339887498949,0.4487989505128276,0.0,0.0,0.0,3,0.003562247890262444,[0.5676996002958524 0.0 0.0 0.0; 0.0 0.07238829611289699 -0.010780918610964923 -0.01333132893229301; 0.0 -0.010780918610965083 0.06411757350126891 -0.0024575667577335187; 0.0 -0.013331328932293381 -0.002457566757733718 0.06907187009451574],[-0.07508298846907123 0.0 0.0 0.0; 0.0 -0.00023098117811377175 -2.3318131457238662e-5 -0.0001424358766751391; 0.0 -2.331813145723853e-5 -7.143830090021394e-5 2.679257877693521e-5; 0.0 -0.00014243587667513817 2.6792578776935118e-5 -0.00020952057847443137],0.3
