L,J,Q,θ,ϕx,ϕy,ϕz,ndims,T,χ,dχdlogT,Λ
17,0.0,0.6180339887498949,0.4487989505128276,1.985927615047579,6.231216029106446,1.9734735852915235,3,0.0013738237958832624,[1.1248123368452825 0.0 0.0 0.0; 0.0 0.489200524627157 -0.21824345125627923 -0.18771721775805733; 0.0 -0.21824345125627923 0.5248183465996411 -0.22237318627303954; 0.0 -0.1877172177580574 -0.22237318627303948 0.49325109342880724],[-0.15076437956124406 0.0 0.0 0.0; 0.0 -0.06416217300225094 0.04387813777359852 0.02028130496154439; 0.0 0.04387813777359853 -0.08710608695659319 0.04318817168068331; 0.0 0.020281304961544407 0.04318817168068331 -0.06342720133194585],0.3
