L,J,Q,θ,ϕx,ϕy,ϕz,ndims,T,χ,dχdlogT,Λ
17,1.3,0.6180339887498949,0.4487989505128276,4.278949065376504,2.9589946892378975,0.32862243177503303,3,0.004893900918477494,[0.8114061094795197 0.0 0.0 0.0; 0.0 0.1281774254651998 -0.02703713591623715 -0.03145667855027423; 0.0 -0.027037135916227924 0.10916390288552576 -0.010806313362398073; 0.0 -0.03145667855027133 -0.010806313362398038 0.11705132219932148],[-0.12353135794587379 0.0 0.0 0.0; 0.0 -0.00019456319576599223 0.00022662618657900624 0.00021415706527777315; 0.0 0.00022662618657899732 -0.0005548707609505068 -0.0005352827272666911; 0.0 0.00021415706527777467 -0.0005352827272666793 -0.0012041761005319568],0.3
