L,J,Q,θ,ϕx,ϕy,ϕz,ndims,T,χ,dχdlogT,Λ
17,0.5,0.6180339887498949,0.4487989505128276,2.2730003256689884,2.738825465394119,2.888519613129493,3,0.0018873918221350976,[1.2156718499314911 0.0 0.0 0.0; 0.0 0.26706255098969317 -0.07046895140502192 -0.09980046737679163; 0.0 -0.07046895140503631 0.24844607807693508 -0.08963193483170473; 0.0 -0.09980046737678387 -0.08963193483169508 0.2939044187331296],[-0.2509317361908592 0.0 0.0 0.0; 0.0 -0.014524822211862005 -0.003464210451687031 0.009767144104625071; 0.0 -0.003464210451687022 -0.013703123141171591 0.01778495156139268; 0.0 0.009767144104624962 0.017784951561393418 -0.030198258208072926],0.3
