L,J,Q,θ,ϕx,ϕy,ϕz,ndims,T,χ,dχdlogT,Λ
17,2.1,0.6180339887498949,0.4487989505128276,1.0093168362909395,0.33689438195597865,5.770913800445461,3,0.006723357536499335,[0.571645263714266 0.0 0.0 0.0; 0.0 0.08362492930313144 -0.013478761784605105 -0.01683786516933938; 0.0 -0.013478761784607492 0.07356847410957845 -0.0033799065184894972; 0.0 -0.016837865169333985 -0.0033799065184880205 0.07921082466176942],[-0.0695031462921162 0.0 0.0 0.0; 0.0 -8.862242175709512e-5 -2.291486813993953e-5 -0.0001229965486738059; 0.0 -2.2914868139939196e-5 -0.00015195968873535712 -0.00016305577037914852; 0.0 -0.00012299654867380198 -0.00016305577037913305 -0.00022539316544671509],0.3
