L,J,Q,θ,ϕx,ϕy,ϕz,ndims,T,χ,dχdlogT,Λ
17,0.6,0.6180339887498949,0.4487989505128276,0.0,0.0,0.0,3,0.004893900918477494,[0.9357303324679576 0.0 0.0 0.0; 0.0 0.23162473609901035 -0.061755623780771124 -0.08106242235631876; 0.0 -0.06175562378076298 0.20269608940442096 -0.053324523817888034; 0.0 -0.08106242235632227 -0.05332452381788682 0.23206029793442343],[-0.16249840787904682 0.0 0.0 0.0; 0.0 -0.018849753588358376 0.003335008011463778 0.014016934718858242; 0.0 0.0033350080114636998 -0.010309089259888642 0.006635429196091339; 0.0 0.014016934718858247 0.006635429196091367 -0.02794212762831246],0.3
