L,J,Q,θ,ϕx,ϕy,ϕz,ndims,T,χ,dχdlogT,Λ
17,1.3,0.6180339887498949,0.4487989505128276,5.679833301871503,4.75174993677287,2.408190151176254,3,0.004893900918477494,[0.8103332295591885 0.0 0.0 0.0; 0.0 0.12818710648404671 -0.027055067480816493 -0.031452100002944086; 0.0 -0.02705506748081177 0.10915581245723235 -0.010787356930378734; 0.0 -0.031452100002947965 -0.010787356930378378 0.1170370207145522],[-0.12164166802660241 0.0 0.0 0.0; 0.0 -0.0002944957479165839 0.00029981811224552405 0.0002167212716459621; 0.0 0.0002998181122454943 -0.0005875495220002122 -0.0005556618996252729; 0.0 0.00021672127164596282 -0.0005556618996252707 -0.0011728554866089374],0.3
