L,J,Q,θ,ϕx,ϕy,ϕz,ndims,T,χ,dχdlogT,Λ
17,2.4,0.6180339887498949,0.4487989505128276,0.0,0.0,0.0,3,3.856620421163471,[0.060342466745998455 0.0 0.0 0.0; 0.0 0.028746770874784826 -0.0005266193400671702 -0.0005337595548595874; 0.0 -0.000526619340067254 0.028376748723627297 -0.0004963139492643881; 0.0 -0.0005337595548595188 -0.000496313949264228 0.028540213323935373],[-0.052847381830995466 0.0 0.0 0.0; 0.0 -0.02277430406503131 0.0012837968303775205 0.001313608797020019; 0.0 0.0012837968303775593 -0.021891720394420843 0.0011575774359955386; 0.0 0.0013136087970198795 0.0011575774359956002 -0.022281510096388502],0.3
