L,J,Q,θ,ϕx,ϕy,ϕz,ndims,T,χ,dχdlogT,Λ
17,4.0,0.6180339887498949,0.4487989505128276,0.42235321389133906,4.045182703094503,4.56424155365723,3,0.06210169418915616,[0.2956182826976493 0.0 0.0 0.0; 0.0 0.04844420049696248 -0.005856974978129959 -0.008322823310426984; 0.0 -0.005856974978130124 0.04307428488702807 -0.0007569328142542814; 0.0 -0.008322823310425947 -0.0007569328142542718 0.046931407659719766],[-0.0571247750854771 0.0 0.0 0.0; 0.0 -0.0009513944673758223 0.00012895262336315352 0.0007440898491775899; 0.0 0.0001289526233631405 -0.0007748393513448752 2.5327182638524872e-5; 0.0 0.0007440898491775886 2.532718263852664e-5 -0.0008337346594083565],0.3
