L,J,Q,θ,ϕx,ϕy,ϕz,ndims,T,χ,dχdlogT,Λ
17,1.8,0.6180339887498949,0.4487989505128276,0.7034053187200061,4.862673565246034,2.148029036795446,3,3.856620421163471,[0.06133374785064894 0.0 0.0 0.0; 0.0 0.029750341961418094 -0.0005638991015034349 -0.0005684325622641768; 0.0 -0.0005638991015023692 0.029515469586371905 -0.0005448426893111315; 0.0 -0.0005684325622638444 -0.0005448426893100483 0.029620163806263845],[-0.05526318835050898 0.0 0.0 0.0; 0.0 -0.02519540049163188 0.0014354243952547328 0.0014552168089110942; 0.0 0.0014354243952545626 -0.024590168501573948 0.00135270125930801; 0.0 0.0014552168089109602 0.0013527012593075778 -0.024860534480194357],0.3
