L,J,Q,θ,ϕx,ϕy,ϕz,ndims,T,χ,dχdlogT,Λ
17,1.7,0.6180339887498949,0.4487989505128276,0.4995037377834249,2.2134855330867946,4.524559357198567,3,0.01268961003167922,[0.5993294901648821 0.0 0.0 0.0; 0.0 0.10029527804289667 -0.018014779376035395 -0.022042756659824532; 0.0 -0.018014779376034882 0.08674154733544658 -0.0058725280229005436; 0.0 -0.022042756659825337 -0.0058725280228993015 0.09342181018618495],[-0.08886021593756765 0.0 0.0 0.0; 0.0 4.014748813746384e-6 -1.5909558505255755e-5 -0.00013637540238868283; 0.0 -1.590955850525408e-5 -0.0001263124860177944 -0.00026937118285219787; 0.0 -0.0001363754023887059 -0.0002693711828522167 -0.0005196722758279751],0.3
