L,J,Q,θ,ϕx,ϕy,ϕz,ndims,T,χ,dχdlogT,Λ
17,0.7,0.6180339887498949,0.4487989505128276,1.0093168362909395,0.33689438195597865,5.770913800445461,3,10.0,[0.0248567497452036 0.0 0.0 0.0; 0.0 0.01241036409668197 -4.052115939172507e-5 -4.0519171283239446e-5; 0.0 -4.0521159391606976e-5 0.012407830023732412 -4.047097229024781e-5; 0.0 -4.0519171282845433e-5 -4.047097229068889e-5 0.012408986245486836],[-0.024574916202809043 0.0 0.0 0.0; 0.0 -0.012234290933113248 0.00011935690606234023 0.00011936724598024008; 0.0 0.00011935690606242378 -0.012226762858915252 0.00011914175926466595; 0.0 0.00011936724598035473 0.00011914175926466135 -0.012230203150327162],0.3
