L,J,Q,θ,ϕx,ϕy,ϕz,ndims,T,χ,dχdlogT,Λ
17,1.8,0.6180339887498949,0.4487989505128276,6.093202060462921,0.012744486973784419,4.994500614089275,3,1.0826367338740543,[0.16092272650134398 0.0 0.0 0.0; 0.0 0.06631905516256288 -0.006165276449413433 -0.006533203947658507; 0.0 -0.006165276449413522 0.06334287584145627 -0.004838853603663936; 0.0 -0.006533203947657647 -0.004838853603664647 0.06473296406118373],[-0.09602454811721893 0.0 0.0 0.0; 0.0 -0.025866121313370967 0.006951076717146628 0.00785246102795849; 0.0 0.0069510767171476855 -0.0218229106140392 0.004092743644392469; 0.0 0.007852461027957247 0.004092743644392584 -0.023811423681327153],0.3
