L,J,Q,θ,ϕx,ϕy,ϕz,ndims,T,χ,dχdlogT,Λ
17,1.3,0.6180339887498949,0.4487989505128276,0.0,0.0,0.0,3,0.16102620275609392,[0.386087119203096 0.0 0.0 0.0; 0.0 0.11646226589962387 -0.022016373881736405 -0.02568379407100392; 0.0 -0.022016373881736908 0.10302036019614018 -0.012787068713506405; 0.0 -0.025683794071003786 -0.012787068713506794 0.10794105597633144],[-0.11567617807791823 0.0 0.0 0.0; 0.0 -0.010068085634431255 0.004060804547295238 0.004980051960993466; 0.0 0.004060804547295177 -0.005219946227121059 -0.0002037055768602468; 0.0 0.004980051960993522 -0.00020370557686026896 -0.0063801208400095346],0.3
