L,J,Q,θ,ϕx,ϕy,ϕz,ndims,T,χ,dχdlogT,Λ
17,0.7,0.6180339887498949,0.4487989505128276,4.625611555730129,1.1852083702765268,2.251937987173886,3,0.01268961003167922,[0.7624291086721755 0.0 0.0 0.0; 0.0 0.20245468922887727 -0.059618552110797376 -0.06106933389254165; 0.0 -0.059618552110797134 0.16739521484263417 -0.033772716322786084; 0.0 -0.061069333892541995 -0.033772716322786424 0.17267550876155954],[-0.13991767321809356 0.0 0.0 0.0; 0.0 -0.013927374371659093 0.007133556752377849 0.005907583893444721; 0.0 0.007133556752377834 -0.00713410753838672 4.50007243498246e-5; 0.0 0.0059075838934447246 4.500072434982461e-5 -0.006207060165801925],0.3
