L,J,Q,θ,ϕx,ϕy,ϕz,ndims,T,χ,dχdlogT,Λ
17,0.0,0.6180339887498949,0.4487989505128276,3.2506503860507765,6.246303904614146,0.8058848358978701,3,0.004893900918477494,[0.9058178121054528 0.0 0.0 0.0; 0.0 0.39567010453018975 -0.15481430375685326 -0.15723476137943124; 0.0 -0.15481430375685323 0.39371266550845946 -0.15553379188837158; 0.0 -0.15723476137943126 -0.15553379188837155 0.39640347329132364],[-0.1153048625432395 0.0 0.0 0.0; 0.0 -0.04422285559896541 0.020849365909605275 0.023415253589240407; 0.0 0.020849365909605268 -0.04931684284997045 0.028454271782211476; 0.0 0.023415253589240407 0.02845427178221147 -0.05190064531411627],0.3
