L,J,Q,θ,ϕx,ϕy,ϕz,ndims,T,χ,dχdlogT,Λ
17,0.2,0.6180339887498949,0.4487989505128276,2.8202476249406474,4.101224925810298,3.420811622095466,3,3.856620421163471,[0.06281852187002714 0.0 0.0 0.0; 0.0 0.03124595482827361 -0.0006252811259719357 -0.0006253479039605244; 0.0 -0.0006252811259719336 0.031242507544432432 -0.0006250032088117092; 0.0 -0.000625347903960521 -0.000625003208811711 0.031244067406335577],[-0.05915352012941236 0.0 0.0 0.0; 0.0 -0.02913680976148346 0.00170266018364335 0.0017029722836137608; 0.0 0.0017026601836433548 -0.029126879333313836 0.0017013741240308768; 0.0 0.0017029722836137556 0.0017013741240308807 -0.029131412497299784],0.3
