L,J,Q,θ,ϕx,ϕy,ϕz,ndims,T,χ,dχdlogT,Λ
17,0.0,0.6180339887498949,0.4487989505128276,1.736653023019789,2.4360238297157726,1.2569808233561672,3,0.017433288221999882,[0.7561311295554827 0.0 0.0 0.0; 0.0 0.33004546337331686 -0.1230948996590325 -0.1232470803706344; 0.0 -0.12309489965903261 0.3282660181986456 -0.12173077400237897; 0.0 -0.12324708037063442 -0.12173077400237894 0.3284364917929316],[-0.134447408775045 0.0 0.0 0.0; 0.0 -0.053617187209227715 0.0268329158570411 0.026812250257399625; 0.0 0.02683291585704109 -0.04946771499440189 0.022602773274508086; 0.0 0.02681225025739962 0.022602773274508083 -0.049446457100690636],0.3
