L,J,Q,θ,ϕx,ϕy,ϕz,ndims,T,χ,dχdlogT,Λ
17,2.0,0.6180339887498949,0.4487989505128276,0.9193417369241127,2.2259941819672724,3.1881379940726973,3,1.4873521072935114,[0.12964682417529774 0.0 0.0 0.0; 0.0 0.05556000694138167 -0.0038600412329896634 -0.004031000898691538; 0.0 -0.003860041232989693 0.053539556645236935 -0.0031781565789023385; 0.0 -0.004031000898692483 -0.003178156578902056 0.05446710761218673],[-0.0866437613495108 0.0 0.0 0.0; 0.0 -0.02654973519907864 0.0056410648465202275 0.006128459633678517; 0.0 0.005641064846520587 -0.023356152943981905 0.003818075428818353; 0.0 0.006128459633678898 0.003818075428817763 -0.02490126248655368],0.3
