L,J,Q,θ,ϕx,ϕy,ϕz,ndims,T,χ,dχdlogT,Λ
17,0.0,0.6180339887498949,0.4487989505128276,0.9193417369241127,2.2259941819672724,3.1881379940726973,3,2.807216203941177,[0.08426211455739674 0.0 0.0 0.0; 0.0 0.04178297068679651 -0.001447541663562105 -0.001447541663562145; 0.0 -0.0014475416635621045 0.0417829706867964 -0.0014475416635621125; 0.0 -0.0014475416635621467 -0.0014475416635621133 0.041782970686796456],[-0.07604820765687417 0.0 0.0 0.0; 0.0 -0.03716032029720207 0.003677336241747876 0.003677336241747886; 0.0 0.0036773362417478767 -0.03716032029720198 0.0036773362417478815; 0.0 0.0036773362417478867 0.0036773362417478798 -0.03716032029720194],0.3
