L,J,Q,θ,ϕx,ϕy,ϕz,ndims,T,χ,dχdlogT,Λ
17,0.0,0.6180339887498949,0.4487989505128276,5.278610681975306,1.6132584007949111,4.466002570933709,3,0.11721022975334802,[0.15006589609942877 0.0 0.0 0.0; 0.0 0.08399728047469451 0.0003907229547802595 0.001145441885428559; 0.0 0.0003907229547804868 0.08662896766343084 0.0019378682624911544; 0.0 0.0011454418854291418 0.0019378682624907081 0.0858839439805467],[-0.0012049231397804855 0.0 0.0 0.0; 0.0 -0.0016025960803597087 -0.0014699930457269552 -0.0006050527987074895; 0.0 -0.0014699930457268296 -0.0008251272114995229 -0.004420708639718688; 0.0 -0.0006050527987073994 -0.00442070863971739 -0.0010140825357227974],0.3
