L,J,Q,θ,ϕx,ϕy,ϕz,ndims,T,χ,dχdlogT,Λ
17,3.0,0.6180339887498949,0.4487989505128276,4.4208056349657525,2.6629023038509776,0.8669219198477695,3,3.856620421163471,[0.05919120380515941 0.0 0.0 0.0; 0.0 0.02760506848457026 -0.00048565509563966354 -0.000495341202647291; 0.0 -0.0004856550956399279 0.02710335071828738 -0.0004441548518014551; 0.0 -0.0004953412026475337 -0.00044415485180150183 0.027323129347009086],[-0.050206388416488425 0.0 0.0 0.0; 0.0 -0.020226246026324706 0.0011267713645926357 0.0011652577049789611; 0.0 0.0011267713645924154 -0.019132685244539985 0.0009619212369188419; 0.0 0.001165257704978834 0.0009619212369182056 -0.01961185770018828],0.3
