L,J,Q,θ,ϕx,ϕy,ϕz,ndims,T,χ,dχdlogT,Λ
17,1.3,0.6180339887498949,0.4487989505128276,1.0093168362909395,0.33689438195597865,5.770913800445461,3,0.7880462815669912,[0.20334900720757684 0.0 0.0 0.0; 0.0 0.08504309106878903 -0.010820004869052487 -0.011435196749152889; 0.0 -0.01082000486904716 0.08127572869281037 -0.008885089889262027; 0.0 -0.011435196749153694 -0.008885089889261105 0.08298853459320163],[-0.11159740553006596 0.0 0.0 0.0; 0.0 -0.03174648751933644 0.010127540552710944 0.011495300649828673; 0.0 0.010127540552708723 -0.02653579002220286 0.006544198196988032; 0.0 0.011495300649830158 0.006544198196989489 -0.02882860977302912],0.3
