L,J,Q,θ,ϕx,ϕy,ϕz,ndims,T,χ,dχdlogT,Λ
17,1.3,0.6180339887498949,0.4487989505128276,0.0,0.0,0.0,3,0.7880462815669912,[0.20343687845267083 0.0 0.0 0.0; 0.0 0.08506946343970608 -0.010829738323622712 -0.011447120792441805; 0.0 -0.01082973832362206 0.08129633431416712 -0.008893450679548281; 0.0 -0.011447120792441883 -0.008893450679547802 0.08300396813941649],[-0.11177006227685961 0.0 0.0 0.0; 0.0 -0.03178754201230974 0.010145031943991462 0.011515933868621799; 0.0 0.010145031943991974 -0.026565600393833547 0.006552193814259235; 0.0 0.011515933868622132 0.0065521938142591215 -0.028854746137089146],0.3
