L,J,Q,θ,ϕx,ϕy,ϕz,ndims,T,χ,dχdlogT,Λ
17,0.6,0.6180339887498949,0.4487989505128276,0.0,0.0,0.0,3,2.043359717856942,[0.11008535950567913 0.0 0.0 0.0; 0.0 0.05382250849586109 -0.002958293683532055 -0.0029671462239183205; 0.0 -0.002958293683532096 0.05365185173552084 -0.002920681487318263; 0.0 -0.0029671462239183395 -0.0029206814873183624 0.053732186787700705],[-0.09142489396632211 0.0 0.0 0.0; 0.0 -0.04289212638938518 0.006533653128949328 0.006570889280046155; 0.0 0.006533653128949313 -0.042451516024496656 0.006389665778061166; 0.0 0.006570889280046188 0.006389665778061127 -0.042659836497460184],0.3
