L,J,Q,θ,ϕx,ϕy,ϕz,ndims,T,χ,dχdlogT,Λ
17,0.5,0.6180339887498949,0.4487989505128276,1.0316394367681476,5.496038675651845,3.2785219416579796,3,2.043359717856942,[0.11035041252187217 0.0 0.0 0.0; 0.0 0.054103647316701906 -0.0029892087319007194 -0.00299589419739557; 0.0 -0.002989208731901642 0.0539822519568821 -0.0029633075417455287; 0.0 -0.002995894197395692 -0.0029633075417455014 0.054037994090325975],[-0.09203012154224159 0.0 0.0 0.0; 0.0 -0.043558506109195046 0.00664842603985354 0.006675717406993199; 0.0 0.006648426039849649 -0.04324170026442369 0.006547223671071171; 0.0 0.006675717406989914 0.0065472236710705034 -0.043388156648589096],0.3
