L,J,Q,θ,ϕx,ϕy,ϕz,ndims,T,χ,dχdlogT,Λ
17,2.8,0.6180339887498949,0.4487989505128276,0.8686948724933545,5.410835459528091,4.786685931906067,3,0.002592943797404667,[0.5397269629071518 0.0 0.0 0.0; 0.0 0.06572117682746689 -0.009311860011357946 -0.011704440495115423; 0.0 -0.009311860011357906 0.05865573588290114 -0.0016419561920356753; 0.0 -0.01170444049511518 -0.0016419561920361406 0.06318830901890224],[-0.05428383726430374 0.0 0.0 0.0; 0.0 -0.00011132669223572951 -8.093306089760776e-5 -1.422435943694932e-5; 0.0 -8.093306089760595e-5 -0.00015378859600245442 -0.00012106517138560079; 0.0 -1.422435943694955e-5 -0.00012106517138560193 -0.00010490429782671256],0.3
