L,J,Q,θ,ϕx,ϕy,ϕz,ndims,T,χ,dχdlogT,Λ
17,0.6,0.6180339887498949,0.4487989505128276,0.0,0.0,0.0,3,0.30391953823131973,[0.3432301946263088 0.0 0.0 0.0; 0.0 0.14541799987844248 -0.03181353554426455 -0.03344221419263715; 0.0 -0.031813535544264415 0.1394205783563404 -0.02862795456637781; 0.0 -0.033442214192638264 -0.028627954566378108 0.14187096885727365],[-0.1349277906948596 0.0 0.0 0.0; 0.0 -0.03971002905512092 0.01594312510619444 0.0181849705836638; 0.0 0.01594312510619629 -0.0332483397547638 0.01242797413236816; 0.0 0.01818497058366266 0.012427974132367695 -0.03561905657396965],0.3
