L,J,Q,θ,ϕx,ϕy,ϕz,ndims,T,χ,dχdlogT,Λ
17,0.2,0.6180339887498949,0.4487989505128276,3.495093598677624,2.883970702839594,6.1924574804566195,3,0.0853167852417281,[0.3130942334156241 0.0 0.0 0.0; 0.0 0.15948960207826499 -0.034314205853438584 -0.033944628091704926; 0.0 -0.03431420585344026 0.14795983757674708 -0.02610616007537032; 0.0 -0.03394462809170996 -0.026106160075376396 0.14374300903549528],[-0.007801617697706086 0.0 0.0 0.0; 0.0 -0.0043158381913384015 0.001798880208401983 0.0023369082472053104; 0.0 0.0017988802084016311 -0.0022015777393828654 -0.00037382194873948025; 0.0 0.0023369082472053243 -0.00037382194873939465 -0.00264437419655384],0.3
