L,J,Q,θ,ϕx,ϕy,ϕz,ndims,T,χ,dχdlogT,Λ
17,0.0,0.6180339887498949,0.4487989505128276,0.42235321389133906,4.045182703094503,4.56424155365723,3,0.017433288221999882,[0.7619806769035804 0.0 0.0 0.0; 0.0 0.3367618828749482 -0.13147161386198256 -0.12203022039498349; 0.0 -0.13147161386198258 0.3383209366890894 -0.12358467241431563; 0.0 -0.12203022039498346 -0.12358467241431569 0.3296793117180037],[-0.13779384839263412 0.0 0.0 0.0; 0.0 -0.05766281815828477 0.03246984275577115 0.0251705414058366; 0.0 0.03246984275577113 -0.05700813660557849 0.024548253731190205; 0.0 0.0251705414058366 0.024548253731190205 -0.04974227052721232],0.3
