L,J,Q,θ,ϕx,ϕy,ϕz,ndims,T,χ,dχdlogT,Λ
17,2.0,0.6180339887498949,0.4487989505128276,1.4375094966976598,5.676821584968407,4.49800378178222,3,0.002592943797404667,[0.7414813302111705 0.0 0.0 0.0; 0.0 0.09292147408672058 -0.016623182342908206 -0.021307106939699342; 0.0 -0.016623182342908174 0.07607843231938255 -0.0055751450220740545; 0.0 -0.021307106939699023 -0.005575145022074202 0.08353300231057645],[-0.09137733896226036 0.0 0.0 0.0; 0.0 -8.901643320870467e-5 3.9729323941613224e-5 2.732796855681024e-5; 0.0 3.972932394161312e-5 -1.7533169695426876e-5 -8.072601549439852e-6; 0.0 2.732796855681025e-5 -8.072601549439589e-6 -4.278155339640757e-6],0.3
