L,J,Q,θ,ϕx,ϕy,ϕz,ndims,T,χ,dχdlogT,Λ
17,2.0,0.6180339887498949,0.4487989505128276,1.26519761168853,1.1538465928559294,3.0962985007426833,3,10.0,[0.024751357106267656 0.0 0.0 0.0; 0.0 0.012302167627886256 -3.982481737652923e-5 -3.9888552705138433e-5; 0.0 -3.982481737634466e-5 0.012282015029288126 -3.9553944522060085e-5; 0.0 -3.98885527051833e-5 -3.955394452178661e-5 0.012290976029106344],[-0.024266773424603826 0.0 0.0 0.0; 0.0 -0.011917799470268425 0.00011594449268180665 0.00011625512022165382; 0.0 0.00011594449268176901 -0.01185914827530677 0.00011462504050494426; 0.0 0.00011625512022147983 0.00011462504050500856 -0.011885220018322632],0.3
