L,J,Q,θ,ϕx,ϕy,ϕz,ndims,T,χ,dχdlogT,Λ
17,1.1,0.6180339887498949,0.4487989505128276,0.0,0.0,0.0,3,0.0853167852417281,[0.47738521513833504 0.0 0.0 0.0; 0.0 0.13569650043215994 -0.028851187252942907 -0.03265853338658724; 0.0 -0.0288511872529425 0.11869658907927746 -0.01699569864154304; 0.0 -0.032658533386587266 -0.016995698641543242 0.12397244374242065],[-0.12359499306472926 0.0 0.0 0.0; 0.0 -0.009146867541126974 0.0038313308836949948 0.003921838840436863; 0.0 0.003831330883695108 -0.004800159900544169 -0.00013629670129982995; 0.0 0.003921838840436879 -0.0001362967012998611 -0.005674495181147484],0.3
