L,J,Q,θ,ϕx,ϕy,ϕz,ndims,T,χ,dχdlogT,Λ
17,1.3,0.6180339887498949,0.4487989505128276,1.0093168362909395,0.33689438195597865,5.770913800445461,3,0.002592943797404667,[0.7988869106689981 0.0 0.0 0.0; 0.0 0.12770030315446607 -0.026897904529530108 -0.03126544803587609; 0.0 -0.02689790452952685 0.10895515495904995 -0.01072383172404455; 0.0 -0.03126544803587039 -0.010723831724044152 0.11684697454255108],[-0.056849082364125364 0.0 0.0 0.0; 0.0 -0.00015123831392186815 0.00014699708787641543 0.0001373835314564052; 0.0 0.00014699708787642107 -0.0002570803125807165 -0.0002850888682617788; 0.0 0.0001373835314564048 -0.00028508886826178383 -0.0006849170957819319],0.3
