L,J,Q,θ,ϕx,ϕy,ϕz,ndims,T,χ,dχdlogT,Λ
17,1.6,0.6180339887498949,0.4487989505128276,0.0,0.0,0.0,3,0.30391953823131973,[0.29856830323466077 0.0 0.0 0.0; 0.0 0.09546793877189051 -0.01530108779382699 -0.018031183552511963; 0.0 -0.015301087793826693 0.08602611973739432 -0.008793081722896981; 0.0 -0.018031183552511827 -0.008793081722897531 0.09015502437011275],[-0.10724221523908473 0.0 0.0 0.0; 0.0 -0.012170197709766347 0.004520349734268644 0.006743888808322029; 0.0 0.004520349734268686 -0.006912623979544885 0.00019265498814447684; 0.0 0.0067438888083219874 0.00019265498814441666 -0.008813631490552948],0.3
