L,J,Q,θ,ϕx,ϕy,ϕz,ndims,T,χ,dχdlogT,Λ
17,0.7,0.6180339887498949,0.4487989505128276,0.42235321389133906,4.045182703094503,4.56424155365723,3,0.009236708571873866,[0.7922071887824674 0.0 0.0 0.0; 0.0 0.20430089210794608 -0.06004582013405342 -0.06204308333617306; 0.0 -0.060045820134054045 0.1672487619198524 -0.03346703519873329; 0.0 -0.062043083336172686 -0.03346703519873355 0.17340695729131955],[-0.11942139688153694 0.0 0.0 0.0; 0.0 -0.011110190742840618 0.00528414268157289 0.005521990208686127; 0.0 0.005284142681572905 -0.004809654672882217 -0.0005248137830234648; 0.0 0.005521990208686072 -0.0005248137830234628 -0.005340315799769858],0.3
