L,J,Q,θ,ϕx,ϕy,ϕz,ndims,T,χ,dχdlogT,Λ
17,0.0,0.6180339887498949,0.4487989505128276,0.062217105847603,5.404193520788579,2.103297936884901,3,1.0826367338740543,[0.1815960767483421 0.0 0.0 0.0; 0.0 0.08832894978582316 -0.010829941885856575 -0.010829941885857501; 0.0 -0.010829941885856582 0.08832894978583028 -0.010829941885859567; 0.0 -0.010829941885857496 -0.01082994188585956 0.08832894978583271],[-0.1253184419930152 0.0 0.0 0.0; 0.0 -0.058649375978677636 0.017596420046078858 0.017596420046075527; 0.0 0.017596420046078854 -0.058649375978861586 0.017596420046067218; 0.0 0.01759642004607552 0.017596420046067204 -0.05864937597893499],0.3
