L,J,Q,θ,ϕx,ϕy,ϕz,ndims,T,χ,dχdlogT,Λ
17,1.1,0.6180339887498949,0.4487989505128276,4.157687463220191,3.7584241299231653,3.749024533729896,3,0.16102620275609392,[0.4005803562916351 0.0 0.0 0.0; 0.0 0.1288540457796903 -0.026038451142111632 -0.029628925716173572; 0.0 -0.0260384511421065 0.11495840237550209 -0.016910739169996275; 0.0 -0.029628925716174665 -0.01691073916999852 0.11968891914361779],[-0.12406241368912375 0.0 0.0 0.0; 0.0 -0.013857335988765885 0.005506241822422067 0.006442799230885134; 0.0 0.005506241822422631 -0.007817601499660112 0.0005529000534794822; 0.0 0.006442799230885927 0.0005529000534795628 -0.008875195984862942],0.3
