L,J,Q,θ,ϕx,ϕy,ϕz,ndims,T,χ,dχdlogT,Λ
17,1.7,0.6180339887498949,0.4487989505128276,1.0093168362909395,0.33689438195597865,5.770913800445461,3,0.11721022975334802,[0.38979590077440185 0.0 0.0 0.0; 0.0 0.0981516271495507 -0.01692243321973131 -0.02088929446204483; 0.0 -0.016922433219735536 0.08568123715468802 -0.007275490605281867; 0.0 -0.020889294462047892 -0.00727549060528179 0.0911812372858833],[-0.0979395295149076 0.0 0.0 0.0; 0.0 -0.003437396465312576 0.0016024970521686382 0.002089600495967647; 0.0 0.0016024970521683422 -0.0014979602130400847 -0.0009420386950058421; 0.0 0.00208960049596756 -0.0009420386950059176 -0.0024498349516740327],0.3
