L,J,Q,θ,ϕx,ϕy,ϕz,ndims,T,χ,dχdlogT,Λ
17,1.1,0.6180339887498949,0.4487989505128276,0.0,0.0,0.0,3,0.30391953823131973,[0.32194083667675016 0.0 0.0 0.0; 0.0 0.11768867456554881 -0.021794220808965023 -0.0242834575725002; 0.0 -0.021794220808965162 0.10816702435729023 -0.015949145231664952; 0.0 -0.02428345757250015 -0.01594914523166444 0.11191739560109762],[-0.12138787972173805 0.0 0.0 0.0; 0.0 -0.02138225131980992 0.007888400266559036 0.010223693353816865; 0.0 0.007888400266558938 -0.01411464912258068 0.0028039017369705143; 0.0 0.01022369335381665 0.002803901736970447 -0.01619440994610415],0.3
