L,J,Q,θ,ϕx,ϕy,ϕz,ndims,T,χ,dχdlogT,Λ
17,1.2,0.6180339887498949,0.4487989505128276,0.0,0.0,0.0,3,0.06210169418915616,[0.506983562952699 0.0 0.0 0.0; 0.0 0.1304659278334828 -0.027280721480429905 -0.031201546323615714; 0.0 -0.02728072148043048 0.11277680386656953 -0.014371961578029195; 0.0 -0.031201546323615673 -0.014371961578029354 0.11854671534344895],[-0.1203440461872266 0.0 0.0 0.0; 0.0 -0.006096393358116038 0.002551451024720478 0.002747862068892007; 0.0 0.002551451024720472 -0.002886645523901363 -0.0005333800070814249; 0.0 0.0027478620688919696 -0.000533380007081415 -0.004023465059361037],0.3
