L,J,Q,θ,ϕx,ϕy,ϕz,ndims,T,χ,dχdlogT,Λ
17,1.0,0.6180339887498949,0.4487989505128276,3.2506503860507765,6.246303904614146,0.8058848358978701,3,0.02395026619987486,[0.6225226162731475 0.0 0.0 0.0; 0.0 0.15068161178353412 -0.03591325011159094 -0.03942114237967671; 0.0 -0.03591325011157535 0.12451701990930836 -0.019543518849761795; 0.0 -0.03942114237967906 -0.01954351884975709 0.13115584341758607],[-0.11263680938840433 0.0 0.0 0.0; 0.0 -0.0035858188042281105 0.001472821421610392 0.0014389661968619038; 0.0 0.00147282142161052 -0.0016542521007056382 0.00038294389445222177; 0.0 0.001438966196861927 0.000382943894452256 -0.0017683195814806594],0.3
