L,J,Q,θ,ϕx,ϕy,ϕz,ndims,T,χ,dχdlogT,Λ
17,0.5,0.6180339887498949,0.4487989505128276,0.4185718468450311,5.426925499191136,2.3302081363709903,3,1.0826367338740543,[0.1785022111728157 0.0 0.0 0.0; 0.0 0.08536912692138098 -0.00992244031706581 -0.009991158206688337; 0.0 -0.009922440317065594 0.08480539981894174 -0.009699184946411034; 0.0 -0.009991158206693185 -0.009699184946411374 0.08506224295605477],[-0.12048010233519281 0.0 0.0 0.0; 0.0 -0.05338072491540469 0.015294345887889341 0.015515743515551607; 0.0 0.01529434588789347 -0.052140620671208976 0.01466010390006249; 0.0 0.015515743515550242 0.01466010390006328 -0.05269330076067207],0.3
