L,J,Q,θ,ϕx,ϕy,ϕz,ndims,T,χ,dχdlogT,Λ
17,0.0,0.6180339887498949,0.4487989505128276,0.19185886721624704,0.3197962420280744,4.2782074829620935,3,0.03290344562312668,[0.670264508212862 0.0 0.0 0.0; 0.0 0.2994001276449736 -0.10449673947314035 -0.11166412025161301; 0.0 -0.10449673947314037 0.29247016552923605 -0.10390538579843195; 0.0 -0.11166412025161303 -0.10390538579843195 0.2988147733372616],[-0.135528825521831 0.0 0.0 0.0; 0.0 -0.058356136583219864 0.024604471246098835 0.03377947804507467; 0.0 0.024604471246098835 -0.04831006970485878 0.023643772494471634; 0.0 0.033779478045074654 0.02364377249447162 -0.05751610497692141],0.3
