L,J,Q,θ,ϕx,ϕy,ϕz,ndims,T,χ,dχdlogT,Λ
17,0.0,0.6180339887498949,0.4487989505128276,1.8398048832546732,0.12095648390960503,0.17503013536875983,3,0.009236708571873866,[0.8595599577095133 0.0 0.0 0.0; 0.0 0.3553535162045967 -0.1268238264284673 -0.14398096819343648; 0.0 -0.1268238264284673 0.36786531928559885 -0.158303910184612; 0.0 -0.14398096819343642 -0.15830391018461196 0.38557933820006324],[-0.12437658016301031 0.0 0.0 0.0; 0.0 -0.03311667912223235 0.013679634984909707 0.019397599019677234; 0.0 0.013679634984909702 -0.05109362969334007 0.03745247898270216; 0.0 0.019397599019677234 0.03745247898270216 -0.05685956065173925],0.3
