L,J,Q,θ,ϕx,ϕy,ϕz,ndims,T,χ,dχdlogT,Λ
17,2.7,0.6180339887498949,0.4487989505128276,0.3152287833117589,4.0534309609629515,4.836682186103711,3,0.006723357536499335,[0.49847533831204816 0.0 0.0 0.0; 0.0 0.067837196488302 -0.01000605331234268 -0.012160074216787102; 0.0 -0.010006053312340476 0.06039259635521527 -0.002005509469173123; 0.0 -0.012160074216785277 -0.002005509469172518 0.0649169224512365],[-0.05949902817149393 0.0 0.0 0.0; 0.0 -0.00021942595385863857 4.266427370627461e-5 -0.00010284334544527824; 0.0 4.26642737062767e-5 -0.0001420302374920678 -5.8432641859055854e-5; 0.0 -0.00010284334544527494 -5.8432641859051985e-5 -0.00012693202893992927],0.3
