L,J,Q,θ,ϕx,ϕy,ϕz,ndims,T,χ,dχdlogT,Λ
17,0.2,0.6180339887498949,0.4487989505128276,2.785903721103886,0.7325841346827787,5.263239158488465,3,0.002592943797404667,[0.19568480024853013 0.0 0.0 0.0; 0.0 0.0940744615759403 -0.0028923231620637427 -0.007285927694985364; 0.0 -0.002892323162064975 0.09681186682645336 0.0013246436089617549; 0.0 -0.007285927694984834 0.0013246436089615929 0.1091071139989505],[9.352763026609703e-5 0.0 0.0 0.0; 0.0 8.95826235748817e-5 -5.2879157092052284e-5 6.862704038489246e-5; 0.0 -5.287915709205275e-5 9.607898039918601e-5 5.252303933923279e-9; 0.0 6.862704038489484e-5 5.252303930901589e-9 -7.254734282167706e-5],0.3
