L,J,Q,θ,ϕx,ϕy,ϕz,ndims,T,χ,dχdlogT,Λ
17,0.2,0.6180339887498949,0.4487989505128276,5.572737511802221,5.611028785571096,4.947555202131609,3,2.043359717856942,[0.11083469218398537 0.0 0.0 0.0; 0.0 0.05463956904438022 -0.0030462628162171122 -0.0030467689807532677; 0.0 -0.003046262816218345 0.054620461223499395 -0.0030410253199815163; 0.0 -0.003046768980753675 -0.0030410253199836244 0.054631421941116885],[-0.09313943136960277 0.0 0.0 0.0; 0.0 -0.04484697255512813 0.006865982670903546 0.0068695248759328975; 0.0 0.0068659826709056545 -0.044795799896927786 0.006847400015398392; 0.0 0.006869524875932462 0.006847400015400788 -0.044824843551424916],0.3
