L,J,Q,θ,ϕx,ϕy,ϕz,ndims,T,χ,dχdlogT,Λ
17,0.0,0.6180339887498949,0.4487989505128276,3.0990793450895384,0.35362574292856025,3.45809454764493,3,0.003562247890262444,[0.32011125168946164 0.0 0.0 0.0; 0.0 0.14104540786896277 -0.029925290030227952 -0.02259365911021956; 0.0 -0.02992529003025033 0.1568356328936022 -0.038177907687590266; 0.0 -0.02259365911022088 -0.03817790768757426 0.1501868141210895],[-0.000204155030467948 0.0 0.0 0.0; 0.0 0.0005441531768804782 -0.0002072836797805635 -8.195031437086098e-5; 0.0 -0.00020728367978056807 -0.0007579017099188401 0.0008334301543254234; 0.0 -8.195031437087236e-5 0.0008334301543254511 -0.0009046313284340591],0.3
