L,J,Q,θ,ϕx,ϕy,ϕz,ndims,T,χ,dχdlogT,Λ
17,0.0,0.6180339887498949,0.4487989505128276,0.0,0.0,0.0,3,0.009236708571873866,[0.6804603654533883 0.0 0.0 0.0; 0.0 0.28747647342796007 -0.09136710327578017 -0.10183303803112605; 0.0 -0.09136710327578014 0.2917426834306227 -0.10857550618332798; 0.0 -0.10183303803112599 -0.10857550618332794 0.30296035965207285],[-0.010200895601385165 0.0 0.0 0.0; 0.0 -0.00045499606969075007 -0.0032603430371762596 0.0018027016110066813; 0.0 -0.0032603430371762583 -0.0025644453966972673 0.0060654899638810066; 0.0 0.001802701611006682 0.0060654899638810066 -0.006775819477811077],0.3
