L,J,Q,θ,ϕx,ϕy,ϕz,ndims,T,χ,dχdlogT,Λ
17,1.6,0.6180339887498949,0.4487989505128276,5.2273722546230434,3.1743328025175477,2.8094040099125226,3,0.0853167852417281,[0.43197867829188624 0.0 0.0 0.0; 0.0 0.10403925941200344 -0.018785907051563782 -0.022917910602423333; 0.0 -0.018785907051561253 0.09024213552241331 -0.008003799173092092; 0.0 -0.022917910602424832 -0.008003799173095806 0.0960565467758927],[-0.10232781676254846 0.0 0.0 0.0; 0.0 -0.0028254224698788864 0.0013438292370963121 0.0016404493676048604; 0.0 0.0013438292370962198 -0.0011471666826695392 -0.000974377292047937; 0.0 0.0016404493676046362 -0.0009743772920478562 -0.0020934541110795898],0.3
