L,J,Q,θ,ϕx,ϕy,ϕz,ndims,T,χ,dχdlogT,Λ
17,2.1,0.6180339887498949,0.4487989505128276,1.0093168362909395,0.33689438195597865,5.770913800445461,3,0.009236708571873866,[0.5494263758573746 0.0 0.0 0.0; 0.0 0.08359793919503923 -0.013485578350753154 -0.016873704912935023; 0.0 -0.013485578350755242 0.07351849335640619 -0.003433454181749498; 0.0 -0.016873704912930807 -0.0034334541817477335 0.07913196369219824],[-0.07028535012228072 0.0 0.0 0.0; 0.0 -8.059637151965976e-5 -2.0108506362269468e-5 -0.00010282791679682304; 0.0 -2.010850636227111e-5 -0.00016209333993534033 -0.0001750245963130103; 0.0 -0.00010282791679682499 -0.00017502459631302616 -0.0002695707880390119],0.3
