L,J,Q,θ,ϕx,ϕy,ϕz,ndims,T,χ,dχdlogT,Λ
17,0.3,0.6180339887498949,0.4487989505128276,0.059017291161178036,5.940488092063836,5.971899090781542,3,0.01268961003167922,[0.8785329052458382 0.0 0.0 0.0; 0.0 0.28975323769142486 -0.0926405052335234 -0.09938491531481695; 0.0 -0.0926405052335164 0.2798717398201487 -0.09502087904647871; 0.0 -0.09938491531483311 -0.09502087904649115 0.2894928396335917],[-0.2035885364065053 0.0 0.0 0.0; 0.0 -0.03855478610112457 0.014669934455482207 0.017872492903485252; 0.0 0.01466993445548301 -0.037262756131337185 0.021091983107542105; 0.0 0.01787249290348582 0.021091983107542605 -0.04289501845930064],0.3
