L,J,Q,θ,ϕx,ϕy,ϕz,ndims,T,χ,dχdlogT,Λ
17,0.0,0.6180339887498949,0.4487989505128276,4.456599043704854,2.9805378224675785,3.682840390565854,3,2.807216203941177,[0.08426211455739638 0.0 0.0 0.0; 0.0 0.041782970686796456 -0.0014475416635621155 -0.0014475416635621472; 0.0 -0.0014475416635621203 0.04178297068679643 -0.0014475416635621279; 0.0 -0.0014475416635621485 -0.0014475416635621296 0.04178297068679653],[-0.07604820765687402 0.0 0.0 0.0; 0.0 -0.03716032029720199 0.0036773362417478837 0.0036773362417478702; 0.0 0.003677336241747887 -0.03716032029720194 0.003677336241747876; 0.0 0.0036773362417478702 0.0036773362417478715 -0.03716032029720189],0.3
