L,J,Q,θ,ϕx,ϕy,ϕz,ndims,T,χ,dχdlogT,Λ
17,0.2,0.6180339887498949,0.4487989505128276,4.625611555730129,1.1852083702765268,2.251937987173886,3,0.001,[1.1220867515354753 0.0 0.0 0.0; 0.0 0.39691459616491803 -0.1373901094239072 -0.17537325977771798; 0.0 -0.13739010942390723 0.39750715806003417 -0.18008168717514936; 0.0 -0.17537325977771803 -0.18008168717514939 0.4403875602939646],[-0.06714066918108585 0.0 0.0 0.0; 0.0 -0.00226505648815648 0.003181508568169744 -0.0009566414508429078; 0.0 0.003181508568169733 -0.03793027976905593 0.035356242696285685; 0.0 -0.0009566414508429031 0.035356242696285685 -0.034981283841867085],0.3
