L,J,Q,θ,ϕx,ϕy,ϕz,ndims,T,χ,dχdlogT,Λ
17,0.2,0.6180339887498949,0.4487989505128276,2.785903721103886,0.7325841346827787,5.263239158488465,3,0.5736152510448679,[0.1757726973928427 0.0 0.0 0.0; 0.0 0.0862226523205129 -0.0032809929998699593 -0.004949065115832716; 0.0 -0.003280992999868772 0.08979647834029947 0.0010262805534129633; 0.0 -0.004949065115833586 0.001026280553411948 0.09622787423360597],[-0.03120962456535871 0.0 0.0 0.0; 0.0 -0.01420829970266648 0.0007201906106544122 0.0024848658802012905; 0.0 0.0007201906106546016 -0.015048166506815596 -0.000598407867498392; 0.0 0.002484865880200282 -0.000598407867498325 -0.02091171689067512],0.3
