L,J,Q,θ,ϕx,ϕy,ϕz,ndims,T,χ,dχdlogT,Λ
17,0.2,0.6180339887498949,0.4487989505128276,2.785903721103886,0.7325841346827787,5.263239158488465,3,3.856620421163471,[0.06107346164800941 0.0 0.0 0.0; 0.0 0.030455399195782114 -0.00019091056753406144 -0.00023007168604318595; 0.0 -0.0001909105675342389 0.030646575556230318 4.223729286142118e-5; 0.0 -0.0002300716860443563 4.2237292861588817e-5 0.030820352320429175],[-0.05431237227367017 0.0 0.0 0.0; 0.0 -0.026949829726025182 0.0004996510088361676 0.0006060966257811032; 0.0 0.0004996510088363354 -0.02745335901672869 -0.0001119471900601261; 0.0 0.0006060966257821654 -0.00011194719006028819 -0.02792360580914275],0.3
