L,J,Q,θ,ϕx,ϕy,ϕz,ndims,T,χ,dχdlogT,Λ
17,1.5,0.6180339887498949,0.4487989505128276,5.572737511802221,5.611028785571096,4.947555202131609,3,0.06210169418915616,[0.4735169880891301 0.0 0.0 0.0; 0.0 0.11024000951270663 -0.020780613988170573 -0.02494484501030207; 0.0 -0.020780613988167974 0.09514960354898273 -0.008951851170687258; 0.0 -0.024944845010303404 -0.008951851170689851 0.10124804845166564],[-0.10464744311435335 0.0 0.0 0.0; 0.0 -0.002605954140579856 0.0012078497359157793 0.0014177966387253877; 0.0 0.0012078497359156019 -0.0009920917984696997 -0.0009010361686669917; 0.0 0.0014177966387251253 -0.000901036168667217 -0.001989946274972961],0.3
