L,J,Q,θ,ϕx,ϕy,ϕz,ndims,T,χ,dχdlogT,Λ
17,2.6,0.6180339887498949,0.4487989505128276,6.028651046322117,1.9552768916894283,5.121875950450436,3,0.009236708571873866,[0.49019745844879437 0.0 0.0 0.0; 0.0 0.06999393489955416 -0.01032825776589661 -0.012845377226880473; 0.0 -0.010328257765896805 0.06215992623317844 -0.0021238499766978035; 0.0 -0.012845377226879421 -0.00212384997669758 0.06679674456144588],[-0.06331332313255451 0.0 0.0 0.0; 0.0 -0.0002338505048380019 -2.060141633523481e-5 -8.88032110925029e-5; 0.0 -2.0601416335235457e-5 -0.00023510084322401502 -0.00010453543795480355; 0.0 -8.880321109249998e-5 -0.0001045354379547992 -0.0002016011146513435],0.3
