L,J,Q,θ,ϕx,ϕy,ϕz,ndims,T,χ,dχdlogT,Λ
17,1.7,0.6180339887498949,0.4487989505128276,5.572737511802221,5.611028785571096,4.947555202131609,3,2.043359717856942,[0.10505431708245253 0.0 0.0 0.0; 0.0 0.048525233281890394 -0.002417546411260378 -0.0024693371409677577; 0.0 -0.0024175464112600317 0.04757240433581642 -0.0022050578414566885; 0.0 -0.0024693371409689664 -0.0022050578414562665 0.04800345382038876],[-0.08099221315679787 0.0 0.0 0.0; 0.0 -0.031687119205402875 0.004681933133835233 0.004866157014575807; 0.0 0.004681933133835524 -0.02971643274664052 0.00395305634017695; 0.0 0.004866157014576468 0.0039530563401767825 -0.03061995878323916],0.3
