L,J,Q,θ,ϕx,ϕy,ϕz,ndims,T,χ,dχdlogT,Λ
17,0.9,0.6180339887498949,0.4487989505128276,0.27707204301548727,4.922390707505943,6.042488660267592,3,2.807216203941177,[0.08323453362919189 0.0 0.0 0.0; 0.0 0.04078974310025595 -0.0013676659564955775 -0.001372975969340579; 0.0 -0.0013676659564948223 0.04063093964442022 -0.0013460596459440605; 0.0 -0.0013729759693404987 -0.0013460596459442475 0.040702989059039976],[-0.07348260234437821 0.0 0.0 0.0; 0.0 -0.03462248030891581 0.003349627674482677 0.0033725389840485397; 0.0 0.0033496276744818957 -0.03420001949602491 0.0032582789565275033; 0.0 0.0033725389840487826 0.0032582789565273294 -0.034393289094269384],0.3
