L,J,Q,θ,ϕx,ϕy,ϕz,ndims,T,χ,dχdlogT,Λ
17,0.0,0.6180339887498949,0.4487989505128276,3.7391716693259283,2.4457667579574927,6.194111839492483,3,0.002592943797404667,[0.22669585359265648 0.0 0.0 0.0; 0.0 0.11348365357424219 -0.004612517911417829 -0.008598043788331207; 0.0 -0.004612517911418099 0.12055844710644631 -0.011989860830492027; 0.0 -0.008598043788333481 -0.011989860830492466 0.10532867116666027],[0.0006130608071167062 0.0 0.0 0.0; 0.0 0.00010275942037922092 -4.504692752034934e-5 -6.545228591474374e-5; 0.0 -4.50469275203373e-5 9.717313941185936e-5 2.62359179554384e-5; 0.0 -6.545228591473611e-5 2.6235917955431223e-5 0.0001922920979646523],0.3
