L,J,Q,θ,ϕx,ϕy,ϕz,ndims,T,χ,dχdlogT,Λ
17,1.0,0.6180339887498949,0.4487989505128276,4.571891130660917,3.9650079737185084,3.712601445936258,3,1.4873521072935114,[0.1394588974738528 0.0 0.0 0.0; 0.0 0.06559591716778398 -0.005319136752212609 -0.005395303625518768; 0.0 -0.005319136752208381 0.06468748768717437 -0.005031621377602573; 0.0 -0.005395303625517545 -0.005031621377605383 0.06510181735645011],[-0.10261621718855737 0.0 0.0 0.0; 0.0 -0.04276943310487687 0.009456986804006497 0.00971712275323362; 0.0 0.009456986804005344 -0.04077398978713346 0.00854184702453173; 0.0 0.0097171227532327 0.008541847024532735 -0.0416798714587087],0.3
