L,J,Q,θ,ϕx,ϕy,ϕz,ndims,T,χ,dχdlogT,Λ
17,1.7,0.6180339887498949,0.4487989505128276,4.2783915669413295,4.455244987525757,4.992453105288433,3,1.0826367338740543,[0.16252728912507117 0.0 0.0 0.0; 0.0 0.06788713552177321 -0.006440174350065594 -0.006794767491884142; 0.0 -0.006440174350065562 0.06500545410263481 -0.005167787254183812; 0.0 -0.00679476749188225 -0.005167787254183511 0.06634241155713436],[-0.09801270166177475 0.0 0.0 0.0; 0.0 -0.02764308528800688 0.007440747282729515 0.008326430177836382; 0.0 0.007440747282728904 -0.023553432940009597 0.00463495655716959; 0.0 0.008326430177838507 0.004634956557169125 -0.02552211754988503],0.3
7686237567],0.3
