L,J,Q,θ,ϕx,ϕy,ϕz,ndims,T,χ,dχdlogT,Λ
17,2.0,0.6180339887498949,0.4487989505128276,4.70608755582122,0.23191736745380037,6.195244506032817,3,2.043359717856942,[0.10343952877843268 0.0 0.0 0.0; 0.0 0.0467627091218296 -0.0022765225544411657 -0.0023401036782993217; 0.0 -0.002276522554441142 0.0456031027911586 -0.002012782325994284; 0.0 -0.0023401036782992914 -0.0020127823259943724 0.046124587651563555],[-0.07794314028869362 0.0 0.0 0.0; 0.0 -0.028436902373354198 0.004241929587628438 0.004456982474671564; 0.0 0.0042419295876284895 -0.026212672331848895 0.0033705703325990445; 0.0 0.004456982474671584 0.0033705703325990154 -0.027236286730777746],0.3
