L,J,Q,θ,ϕx,ϕy,ϕz,ndims,T,χ,dχdlogT,Λ
17,0.7,0.6180339887498949,0.4487989505128276,2.334957266572675,2.0640807455703567,3.4400352447763876,3,0.41753189365604015,[0.29915705898744 0.0 0.0 0.0; 0.0 0.12802500953028012 -0.025728101726501498 -0.026867460901649345; 0.0 -0.025728101726493167 0.12277343237125432 -0.02321730009798441; 0.0 -0.026867460901648103 -0.023217300097991847 0.1249043155654097],[-0.13182082561047773 0.0 0.0 0.0; 0.0 -0.04046429670990309 0.016418241444967802 0.018174905687526208; 0.0 0.01641824144496771 -0.03357489532921255 0.013045710698746615; 0.0 0.018174905687525774 0.013045710698746833 -0.03598911171153276],0.3
