L,J,Q,θ,ϕx,ϕy,ϕz,ndims,T,χ,dχdlogT,Λ
17,2.2,0.6180339887498949,0.4487989505128276,0.0,0.0,0.0,3,5.298316906283709,[0.045466459624126404 0.0 0.0 0.0; 0.0 0.022201809850748492 -0.00023700964297499738 -0.00023849748478855671; 0.0 -0.00023700964297495292 0.022058303233190902 -0.00023036206368293432; 0.0 -0.00023849748478852804 -0.00023036206368302263 0.022122081407416942],[-0.042339237460829106 0.0 0.0 0.0; 0.0 -0.01970233071426384 0.0006373719996332969 0.0006442503704570693; 0.0 0.0006373719996333798 -0.019319073468107194 0.0006073489367544744; 0.0 0.0006442503704570793 0.0006073489367544256 -0.01948916639831618],0.3
