L,J,Q,θ,ϕx,ϕy,ϕz,ndims,T,χ,dχdlogT,Λ
17,0.9,0.6180339887498949,0.4487989505128276,5.572737511802221,5.611028785571096,4.947555202131609,3,0.30391953823131973,[0.3308023057451183 0.0 0.0 0.0; 0.0 0.12827326065158043 -0.025351956579684212 -0.027620110342427465; 0.0 -0.025351956579688386 0.11959879646120895 -0.02031681407942753; 0.0 -0.027620110342424654 -0.02031681407942822 0.12302301806880142],[-0.12666949639600156 0.0 0.0 0.0; 0.0 -0.027193456383022546 0.01025105170881443 0.012666487052508666; 0.0 0.01025105170881143 -0.019623056769754718 0.005392301077391727; 0.0 0.012666487052508415 0.005392301077391308 -0.021920034046383124],0.3
