L,J,Q,θ,ϕx,ϕy,ϕz,ndims,T,χ,dχdlogT,Λ
17,1.0,0.6180339887498949,0.4487989505128276,0.2592771612232625,0.15786228388652868,1.876698425670558,3,0.002592943797404667,[0.9979278717183171 0.0 0.0 0.0; 0.0 0.16354054080563443 -0.03888356217768896 -0.04655411789863518; 0.0 -0.038883562177695466 0.13852208988577888 -0.018976476699249883; 0.0 -0.04655411789862763 -0.018976476699249997 0.1518421505001546],[-0.1595169705384836 0.0 0.0 0.0; 0.0 -0.0016375300004139125 0.0003959482789639203 0.0015585883544388475; 0.0 0.00039594827896388056 -0.0008064603515392616 -0.001158205784795721; 0.0 0.0015585883544388512 -0.001158205784795707 -0.0037723337361308088],0.3
