L,J,Q,θ,ϕx,ϕy,ϕz,ndims,T,χ,dχdlogT,Λ
17,2.7,0.6180339887498949,0.4487989505128276,5.712454794585602,2.7239352128417775,0.9348691197192377,3,7.27895384398315,[0.03347776883585281 0.0 0.0 0.0; 0.0 0.0164306047217749 -9.64755694024719e-5 -9.698641346840952e-5; 0.0 -9.647556940242223e-5 0.016343616701477423 -9.42981695686093e-5; 0.0 -9.69864134686108e-5 -9.429816956833814e-5 0.01638209099392811],[-0.03185316079170228 0.0 0.0 0.0; 0.0 -0.015054510346233663 0.0002686390817264636 0.00027102713081510904; 0.0 0.0002686390817262558 -0.014815952014754986 0.0002584550878025643; 0.0 0.0002710271308149893 0.00025845508780258095 -0.014921110214804785],0.3
