L,J,Q,θ,ϕx,ϕy,ϕz,ndims,T,χ,dχdlogT,Λ
17,0.7,0.6180339887498949,0.4487989505128276,3.3867301952500117,1.992102212170806,5.032847107826847,3,0.004893900918477494,[0.8548903973273972 0.0 0.0 0.0; 0.0 0.20613383392862256 -0.06260150331061341 -0.06056138913431608; 0.0 -0.06260150331061416 0.17103617407299126 -0.03470021007534912; 0.0 -0.06056138913431612 -0.034700210075349194 0.17303469402060184],[-0.10691243512785788 0.0 0.0 0.0; 0.0 -0.008258936400557828 0.004656824696422276 0.003133492865672091; 0.0 0.004656824696422246 -0.003855768853927119 -0.0006407260886421861; 0.0 0.003133492865672097 -0.000640726088642185 -0.0028978413416492427],0.3
