L,J,Q,θ,ϕx,ϕy,ϕz,ndims,T,χ,dχdlogT,Λ
17,2.4,0.6180339887498949,0.4487989505128276,1.0093168362909395,0.33689438195597865,5.770913800445461,3,0.004893900918477494,[0.5448247824244309 0.0 0.0 0.0; 0.0 0.07493078052016548 -0.011310561165689863 -0.014177308354285944; 0.0 -0.011310561165690954 0.066184894041413 -0.0024544867018395375; 0.0 -0.014177308354284865 -0.002454486701839948 0.07121624274682455],[-0.056300889502717895 0.0 0.0 0.0; 0.0 -0.0001431833573359519 -5.921465444965351e-5 -0.00011462753220417302; 0.0 -5.921465444965291e-5 -9.802473293417239e-5 -0.00010194817157540524; 0.0 -0.00011462753220416775 -0.00010194817157540447 -0.00014006559855190637],0.3
