L,J,Q,θ,ϕx,ϕy,ϕz,ndims,T,χ,dχdlogT,Λ
17,0.9,0.6180339887498949,0.4487989505128276,5.572737511802221,5.611028785571096,4.947555202131609,3,0.04520353656360243,[0.5733019288481279 0.0 0.0 0.0; 0.0 0.1591226937325366 -0.03743258615465402 -0.04156511691994079; 0.0 -0.03743258615465903 0.13937493982529106 -0.0240189128784856; 0.0 -0.04156511691993422 -0.02401891287848573 0.14518729277215756],[-0.12412438655922432 0.0 0.0 0.0; 0.0 -0.009285227969803191 0.003542234490188085 0.004262875823141794; 0.0 0.0035422344901880325 -0.005974967402746587 0.0010272791950672678; 0.0 0.004262875823140524 0.0010272791950672693 -0.007699244518531242],0.3
