L,J,Q,θ,ϕx,ϕy,ϕz,ndims,T,χ,dχdlogT,Λ
17,0.0,0.6180339887498949,0.4487989505128276,1.08770185164637,4.3938406942184205,1.2749583923345003,3,2.043359717856942,[0.0955697105641463 0.0 0.0 0.0; 0.0 0.04898669938690648 -0.00034590236628668857 -0.00032796368889011923; 0.0 -0.000345902366286778 0.04927570973514386 -0.0002196634751248005; 0.0 -0.00032796368889010947 -0.00021966347512492233 0.049308624381211176],[-0.05926941919484257 0.0 0.0 0.0; 0.0 -0.031833223219224924 0.0006577597841226018 0.000624321625965716; 0.0 0.00065775978412277 -0.03238862965133757 0.0004220881564693039; 0.0 0.0006243216259657199 0.0004220881564693788 -0.03245321061070448],0.3
