L,J,Q,θ,ϕx,ϕy,ϕz,ndims,T,χ,dχdlogT,Λ
17,1.0,0.6180339887498949,0.4487989505128276,0.42235321389133906,4.045182703094503,4.56424155365723,3,0.003562247890262444,[0.8817758452282948 0.0 0.0 0.0; 0.0 0.15640683738102945 -0.038313672491157115 -0.042010496851152636; 0.0 -0.03831367249115773 0.12759764406757876 -0.02047999454481285; 0.0 -0.042010496851152435 -0.020479994544812752 0.1348180847900942],[-0.1378622159261734 0.0 0.0 0.0; 0.0 -0.001304745782259997 0.0005084669037073104 0.0006423296083911298; 0.0 0.0005084669037073043 -0.0008889520156527252 0.0004768578148866175; 0.0 0.0006423296083911407 0.00047685781488661995 -0.0011955170329390526],0.3
