L,J,Q,θ,ϕx,ϕy,ϕz,ndims,T,χ,dχdlogT,Λ
17,2.7,0.6180339887498949,0.4487989505128276,1.0093168362909395,0.33689438195597865,5.770913800445461,3,5.298316906283709,[0.04505307705691146 0.0 0.0 0.0; 0.0 0.0217834668904836 -0.00022814618780302252 -0.00023026716662414036; 0.0 -0.00022814618780318547 0.021581286632358334 -0.0002187773528241509; 0.0 -0.00023026716662485528 -0.00021877735282432734 0.02167055847305653],[-0.0412632295343104 0.0 0.0 0.0; 0.0 -0.01862403408539213 0.0005987737451866083 0.000608284323465899; 0.0 0.0005987737451866984 -0.018107095368418407 0.0005573658265967829; 0.0 0.0006082843234659266 0.0005573658265969465 -0.01833441269128921],0.3
