L,J,Q,θ,ϕx,ϕy,ϕz,ndims,T,χ,dχdlogT,Λ
17,0.6,0.6180339887498949,0.4487989505128276,1.0093168362909395,0.33689438195597865,5.770913800445461,3,0.0853167852417281,[0.5119373138848683 0.0 0.0 0.0; 0.0 0.18169914889194078 -0.046263168620517575 -0.05052941112411228; 0.0 -0.04626316862049901 0.16805994313936265 -0.03876790327898884; 0.0 -0.0505294111241071 -0.03876790327899615 0.17296799862698292],[-0.1323309654054397 0.0 0.0 0.0; 0.0 -0.020077915045561313 0.0080104364034293 0.009471869011319396; 0.0 0.008010436403430991 -0.015585977732254345 0.005089316339258235; 0.0 0.00947186901132367 0.005089316339259441 -0.016941385539755282],0.3
