L,J,Q,θ,ϕx,ϕy,ϕz,ndims,T,χ,dχdlogT,Λ
17,0.0,0.6180339887498949,0.4487989505128276,4.571891130660917,3.9650079737185084,3.712601445936258,3,2.807216203941177,[0.08426211455739627 0.0 0.0 0.0; 0.0 0.04178297068679648 -0.0014475416635621181 -0.0014475416635621261; 0.0 -0.0014475416635621207 0.0417829706867965 -0.001447541663562118; 0.0 -0.0014475416635621255 -0.0014475416635621188 0.04178297068679649],[-0.07604820765687427 0.0 0.0 0.0; 0.0 -0.03716032029720194 0.0036773362417479023 0.003677336241747872; 0.0 0.0036773362417478997 -0.03716032029720187 0.0036773362417478936; 0.0 0.0036773362417478737 0.0036773362417478945 -0.037160320297201885],0.3
