L,J,Q,θ,ϕx,ϕy,ϕz,ndims,T,χ,dχdlogT,Λ
17,2.7,0.6180339887498949,0.4487989505128276,0.0,0.0,0.0,3,0.002592943797404667,[0.5220649755834467 0.0 0.0 0.0; 0.0 0.06786200069279372 -0.010048732818088229 -0.012063287627827915; 0.0 -0.010048732818087968 0.06034986315034479 -0.0020191413657667553; 0.0 -0.012063287627827716 -0.0020191413657666556 0.06488886958343289],[-0.024807179151728306 0.0 0.0 0.0; 0.0 -0.00011412150039722195 4.699824165413323e-6 -6.287602705112719e-5; 0.0 4.699824165413081e-6 -4.838859702389901e-6 -3.119722228318658e-5; 0.0 -6.287602705112792e-5 -3.119722228318639e-5 1.5343381977527647e-5],0.3
