L,J,Q,θ,ϕx,ϕy,ϕz,ndims,T,χ,dχdlogT,Λ
17,0.0,0.6180339887498949,0.4487989505128276,5.390835150545396,2.594487482649939,1.525507167473482,3,0.41753189365604015,[0.1659378904433798 0.0 0.0 0.0; 0.0 0.08629349303918075 -0.004579492552611101 0.00024590824966864283; 0.0 -0.0045794925526117915 0.08357329556137941 0.00021217154776318581; 0.0 0.0002459082496688129 0.00021217154776339878 0.09463212684030776],[-0.012466351852855915 0.0 0.0 0.0; 0.0 -0.006471818798073163 -7.131685232064392e-5 -6.995292046162783e-5; 0.0 -7.131685232026784e-5 -0.006802558208891074 -5.0429622459289625e-5; 0.0 -6.995292046161677e-5 -5.0429622459368406e-5 -0.010185059583081734],0.3
