L,J,Q,θ,ϕx,ϕy,ϕz,ndims,T,χ,dχdlogT,Λ
17,0.0,0.6180339887498949,0.4487989505128276,2.8202476249406474,4.101224925810298,3.420811622095466,3,0.03290344562312668,[0.6817935800864913 0.0 0.0 0.0; 0.0 0.30361990846954734 -0.11101435727390316 -0.10897142045268905; 0.0 -0.11101435727390316 0.3040813009580822 -0.10945218621202137; 0.0 -0.10897142045268904 -0.10945218621202134 0.30169368137351377],[-0.1579390151765999 0.0 0.0 0.0; 0.0 -0.06724043682147858 0.03681146284510159 0.030364694332951976; 0.0 0.036811462845101596 -0.06871705494687833 0.03191017902269012; 0.0 0.03036469433295198 0.031910179022690124 -0.06233488237502506],0.3
