L,J,Q,θ,ϕx,ϕy,ϕz,ndims,T,χ,dχdlogT,Λ
17,2.6,0.6180339887498949,0.4487989505128276,2.4698478666017687,1.8630358907702302,4.542356644560808,3,0.004893900918477494,[0.5278950115138542 0.0 0.0 0.0; 0.0 0.06996355162866333 -0.010265794422691989 -0.012750234943944078; 0.0 -0.010265794422691644 0.06220356207803745 -0.002056735376757107; 0.0 -0.012750234943944139 -0.0020567353767573975 0.06690439052302448],[-0.06385330266392973 0.0 0.0 0.0; 0.0 -0.00017308398591531684 -4.0494865294702185e-5 -6.716420935087233e-5; 0.0 -4.049486529470234e-5 -0.000183574379755507 -0.00014319424029651175; 0.0 -6.716420935088051e-5 -0.00014319424029650283 -0.0001962682042793206],0.3
