L,J,Q,θ,ϕx,ϕy,ϕz,ndims,T,χ,dχdlogT,Λ
17,1.0,0.6180339887498949,0.4487989505128276,4.70608755582122,0.23191736745380037,6.195244506032817,3,0.2212216291070449,[0.366207893723023 0.0 0.0 0.0; 0.0 0.1300587575831296 -0.027155541503563998 -0.03001146465694694; 0.0 -0.027155541503564175 0.1169486916523175 -0.019753803169952316; 0.0 -0.030011464656946676 -0.019753803169952237 0.1214568939067734],[-0.12022404627357525 0.0 0.0 0.0; 0.0 -0.018990773469915553 0.0078747411475239 0.009406176200618748; 0.0 0.007874741147523949 -0.009434616030606623 0.0015083776156832058; 0.0 0.0094061762006186 0.0015083776156831837 -0.011602338974925477],0.3
