L,J,Q,θ,ϕx,ϕy,ϕz,ndims,T,χ,dχdlogT,Λ
17,2.0,0.6180339887498949,0.4487989505128276,2.334957266572675,2.0640807455703567,3.4400352447763876,3,0.0018873918221350976,[0.7763695917913427 0.0 0.0 0.0; 0.0 0.09283884227238678 -0.0165994429158308 -0.021228700998821626; 0.0 -0.016599442915825154 0.07610438502564545 -0.005630756574462984; 0.0 -0.021228700998821928 -0.005630756574462595 0.08355965384343798],[-0.09445829132854218 0.0 0.0 0.0; 0.0 5.574450467943221e-5 -3.307954125784229e-5 -8.704485387645458e-6; 0.0 -3.307954125784488e-5 8.345606636735924e-6 1.5732663318431453e-5; 0.0 -8.7044853876454e-6 1.5732663318432006e-5 -6.911494093115705e-6],0.3
