L,J,Q,θ,ϕx,ϕy,ϕz,ndims,T,χ,dχdlogT,Λ
17,0.7,0.6180339887498949,0.4487989505128276,3.4311481866830977,3.3466074497220597,4.35863978188586,3,0.017433288221999882,[0.7299389068453316 0.0 0.0 0.0; 0.0 0.1949462808868759 -0.05120991780640861 -0.05804642986292613; 0.0 -0.051209917806400176 0.17239991291934303 -0.03715105631423221; 0.0 -0.058046429862933804 -0.03715105631423387 0.18297735153200012],[-0.13278104634521784 0.0 0.0 0.0; 0.0 -0.010972768740409627 0.0032338383623236136 0.006815691585523574; 0.0 0.0032338383623235992 -0.007417329115822824 0.0027245255209989027; 0.0 0.006815691585523831 0.002724525520998783 -0.014124404942281543],0.3
