L,J,Q,θ,ϕx,ϕy,ϕz,ndims,T,χ,dχdlogT,Λ
17,0.2,0.6180339887498949,0.4487989505128276,0.0,0.0,0.0,3,1.0826367338740543,[0.18024871575028542 0.0 0.0 0.0; 0.0 0.0874868254248421 -0.010396533040145671 -0.010408576746092234; 0.0 -0.010396533040143072 0.08738835477078483 -0.010358025765495722; 0.0 -0.010408576746090555 -0.010358025765493871 0.08743334664819738],[-0.12336179056773798 0.0 0.0 0.0; 0.0 -0.05735977927742727 0.016614570602417222 0.01665472983223539; 0.0 0.01661457060241912 -0.057132552724822365 0.016501745718008522; 0.0 0.0166547298322377 0.01650174571800995 -0.05723423793034978],0.3
