L,J,Q,θ,ϕx,ϕy,ϕz,ndims,T,χ,dχdlogT,Λ
17,2.2,0.6180339887498949,0.4487989505128276,4.840519393456571,3.0737518930607712,1.5138736787940377,3,1.0826367338740543,[0.1544705466194068 0.0 0.0 0.0; 0.0 0.06034502975746243 -0.0051729137946981505 -0.005577883448428387; 0.0 -0.005172913794698317 0.057142381592810015 -0.0036985038201270463; 0.0 -0.005577883448427431 -0.0036985038201279553 0.05869253458628574],[-0.0883610339261716 0.0 0.0 0.0; 0.0 -0.01977813764096988 0.005330221813539553 0.006255753736808511; 0.0 0.005330221813537419 -0.016121049607002124 0.0024251398872949725; 0.0 0.006255753736808686 0.0024251398872945566 -0.01812895441111163],0.3
