L,J,Q,θ,ϕx,ϕy,ϕz,ndims,T,χ,dχdlogT,Λ
17,0.0,0.6180339887498949,0.4487989505128276,1.08770185164637,4.3938406942184205,1.2749583923345003,3,0.11721022975334802,[0.15044142903386354 0.0 0.0 0.0; 0.0 0.08469751231385156 -0.0014102477789590436 -0.0020088204194668047; 0.0 -0.00141024777895707 0.08660802194606204 -0.0009649337124763762; 0.0 -0.0020088204194667453 -0.0009649337124761398 0.08616232017243808],[0.00022984233203267803 0.0 0.0 0.0; 0.0 3.0466204104714954e-5 -0.00018561722273828727 0.0014086204249567893; 0.0 -0.00018561722273819576 -0.001583479528552558 -0.00020598797438059263; 0.0 0.0014086204249567896 -0.00020598797438070308 -0.00013991419967849186],0.3
