L,J,Q,θ,ϕx,ϕy,ϕz,ndims,T,χ,dχdlogT,Λ
17,2.1,0.6180339887498949,0.4487989505128276,4.080982567479051,5.327250412650394,3.8361438948016713,3,2.043359717856942,[0.1025923765698093 0.0 0.0 0.0; 0.0 0.04605381713720467 -0.00218357796594528 -0.0022501654317852206; 0.0 -0.002183577965946147 0.044842916516028605 -0.0019101735105735743; 0.0 -0.0022501654317863035 -0.0019101735105746512 0.04538741174927503],[-0.0764531349875503 0.0 0.0 0.0; 0.0 -0.02724300452290036 0.003977762932920492 0.004199953916816594; 0.0 0.0039777629329204025 -0.02499731234036748 0.0030904176288796934; 0.0 0.0041999539168202475 0.0030904176288803734 -0.02603612626377512],0.3
