L,J,Q,θ,ϕx,ϕy,ϕz,ndims,T,χ,dχdlogT,Λ
17,0.7,0.6180339887498949,0.4487989505128276,5.734252170254508,2.8348451776155406,1.0452041985610805,3,0.16102620275609392,[0.42415324495543577 0.0 0.0 0.0; 0.0 0.15879740314336113 -0.03879628631082531 -0.04139653103082334; 0.0 -0.03879628631082533 0.14515526869655085 -0.031336795121887896; 0.0 -0.04139653103082382 -0.03133679512188831 0.1494939527572719],[-0.13004108311238904 0.0 0.0 0.0; 0.0 -0.024836322595520415 0.01113071972500786 0.011905159033712772; 0.0 0.01113071972500783 -0.014910570154058913 0.004048072099910248; 0.0 0.011905159033712974 0.004048072099910322 -0.016713024651665992],0.3
