L,J,Q,θ,ϕx,ϕy,ϕz,ndims,T,χ,dχdlogT,Λ
17,3.0,0.6180339887498949,0.4487989505128276,4.328751577901451,4.119558189330652,2.513182692555895,3,0.01268961003167922,[0.4346056962323547 0.0 0.0 0.0; 0.0 0.0618891269159069 -0.008791234366283915 -0.01081230069296174; 0.0 -0.008791234366286815 0.05547743874414363 -0.0016360332657922303; 0.0 -0.010812300692961251 -0.0016360332657923157 0.05987587993424906],[-0.052335014588513966 0.0 0.0 0.0; 0.0 -0.00013017306881211508 -3.979047932680212e-5 -2.3422967286911305e-5; 0.0 -3.9790479326803574e-5 -8.976971995207292e-5 1.9726010096360956e-6; 0.0 -2.3422967286912918e-5 1.9726010096370007e-6 -0.00012150715234527092],0.3
