L,J,Q,θ,ϕx,ϕy,ϕz,ndims,T,χ,dχdlogT,Λ
17,0.2,0.6180339887498949,0.4487989505128276,5.385590973442449,2.0397062410971762,3.092375485505946,3,5.298316906283709,[0.046347390875670344 0.0 0.0 0.0; 0.0 0.023106117982374545 -0.00025676279896888184 -0.00025677752435424825; 0.0 -0.00025676279896901 0.023104751623333555 -0.0002567010642838061; 0.0 -0.00025677752435523943 -0.00025670106428441814 0.02310536566237461],[-0.04475872703310711 0.0 0.0 0.0; 0.0 -0.022189033010744208 0.0007276541274138006 0.0007277249400911949; 0.0 0.000727654127414089 -0.02218503168056866 0.0007273591122038393; 0.0 0.0007277249400911667 0.0007273591122046653 -0.022186840531213996],0.3
