L,J,Q,θ,ϕx,ϕy,ϕz,ndims,T,χ,dχdlogT,Λ
17,0.7,0.6180339887498949,0.4487989505128276,5.133902624156957,0.9513998362866514,4.114523444880426,3,0.0013738237958832624,[1.0366060788541986 0.0 0.0 0.0; 0.0 0.21359338965826188 -0.05553283082754964 -0.0711375949447036; 0.0 -0.0555328308275647 0.1859380859169611 -0.04373692238117165; 0.0 -0.07113759494471594 -0.04373692238118008 0.21591579109061831],[-0.11753990570138916 0.0 0.0 0.0; 0.0 -0.0021573007694828386 0.0009575764253121358 0.0005493288392294085; 0.0 0.0009575764253121395 -0.0036334430030203076 0.0027030377134196083; 0.0 0.0005493288392294134 0.002703037713419543 -0.00972002742931616],0.3
