L,J,Q,θ,ϕx,ϕy,ϕz,ndims,T,χ,dχdlogT,Λ
17,2.2,0.6180339887498949,0.4487989505128276,5.330099664945496,2.50327091389743,5.622080075588709,3,0.003562247890262444,[0.6050957001831546 0.0 0.0 0.0; 0.0 0.08043405579516448 -0.01258952941773301 -0.015761343886006886; 0.0 -0.012589529417732066 0.070951673781279 -0.0029084469121648; 0.0 -0.01576134388600954 -0.0029084469121638257 0.07632332572102293],[-0.06622574637825276 0.0 0.0 0.0; 0.0 -5.328313345065477e-5 -9.776369030295285e-5 -0.00013780794593289472; 0.0 -9.776369030294772e-5 -0.0001026556080002857 -0.00013497675253987935; 0.0 -0.00013780794593288683 -0.0001349767525398766 -0.0001531367779550996],0.3
