L,J,Q,θ,ϕx,ϕy,ϕz,ndims,T,χ,dχdlogT,Λ
17,0.7,0.6180339887498949,0.4487989505128276,0.19185886721624704,0.3197962420280744,4.2782074829620935,3,0.006723357536499335,[0.8256100786692148 0.0 0.0 0.0; 0.0 0.21028463799694283 -0.061707950447763796 -0.06506542839779683; 0.0 -0.061707950447763685 0.1675788749690291 -0.03264472750823803; 0.0 -0.06506542839779589 -0.03264472750823826 0.17552898098962405],[-0.10885726518068388 0.0 0.0 0.0; 0.0 -0.010700141374985962 0.00500645530272855 0.004275540089477229; 0.0 0.005006455302728549 -0.003792519954031761 -0.0005066652919915552; 0.0 0.004275540089477243 -0.0005066652919915551 -0.004257202182249507],0.3
