L,J,Q,θ,ϕx,ϕy,ϕz,ndims,T,χ,dχdlogT,Λ
17,0.0,0.6180339887498949,0.4487989505128276,3.3867301952500117,1.992102212170806,5.032847107826847,3,0.30391953823131973,[0.35706902077713126 0.0 0.0 0.0; 0.0 0.16679560116494152 -0.0425318297759197 -0.04253183666298152; 0.0 -0.0425318297759197 0.16679444323974726 -0.042532292730991954; 0.0 -0.04253183666298152 -0.04253229273099194 0.16679442506876263],[-0.14271941552146103 0.0 0.0 0.0; 0.0 -0.060995068036864004 0.028704522852613854 0.028704605273101702; 0.0 0.02870452285261384 -0.060987449934102635 0.02871009350977366; 0.0 0.028704605273101702 0.028710093509773667 -0.06098732861062397],0.3
