L,J,Q,θ,ϕx,ϕy,ϕz,ndims,T,χ,dχdlogT,Λ
17,1.6,0.6180339887498949,0.4487989505128276,1.7727310127309126,3.9412728887395865,3.259371615285227,3,0.11721022975334802,[0.39927647820787265 0.0 0.0 0.0; 0.0 0.10292625269524942 -0.018269334077885887 -0.02227539268777752; 0.0 -0.01826933407788612 0.08977138953012156 -0.008310885970207129; 0.0 -0.02227539268777518 -0.008310885970207118 0.09526931673278415],[-0.10366268225629195 0.0 0.0 0.0; 0.0 -0.004280140470394695 0.0019340997147819412 0.0024586899115050845; 0.0 0.0019340997147814603 -0.001872667671298433 -0.000935070838770588; 0.0 0.002458689911504787 -0.0009350708387705391 -0.0029267779600342715],0.3
