L,J,Q,θ,ϕx,ϕy,ϕz,ndims,T,χ,dχdlogT,Λ
17,0.0,0.6180339887498949,0.4487989505128276,1.6525751717720263,3.6752494684435977,0.4542953758736495,3,0.7880462815669912,[0.22305932029194886 0.0 0.0 0.0; 0.0 0.10754496975550817 -0.017233525062162858 -0.017233525054540164; 0.0 -0.01723352506216286 0.1075449697567922 -0.01723352505213264; 0.0 -0.017233525054540164 -0.01723352505213264 0.10754496976085874],[-0.13500316969014806 0.0 0.0 0.0; 0.0 -0.061925249982940134 0.022522883616890272 0.022522883474016864; 0.0 0.02252288361689027 -0.06192524999557402 0.022522883428891475; 0.0 0.022522883474016858 0.02252288342889147 -0.06192525003557643],0.3
