L,J,Q,θ,ϕx,ϕy,ϕz,ndims,T,χ,dχdlogT,Λ
17,1.5,0.6180339887498949,0.4487989505128276,5.572737511802221,5.611028785571096,4.947555202131609,3,1.4873521072935114,[0.13443525102233847 0.0 0.0 0.0; 0.0 0.06059081323076599 -0.004487689312068459 -0.004616678141607314; 0.0 -0.004487689312070325 0.05905685151802969 -0.003989305291013738; 0.0 -0.00461667814160635 -0.003989305291013733 0.05975841685499991],[-0.09409655203667952 0.0 0.0 0.0; 0.0 -0.03409119718098012 0.007191947215750768 0.0075961498373583285; 0.0 0.007191947215751392 -0.031232705778299258 0.005734770261751539; 0.0 0.007596149837358054 0.005734770261751532 -0.03255765184850222],0.3
