L,J,Q,θ,ϕx,ϕy,ϕz,ndims,T,χ,dχdlogT,Λ
17,1.5,0.6180339887498949,0.4487989505128276,1.0093168362909395,0.33689438195597865,5.770913800445461,3,0.004893900918477494,[0.7219564476831104 0.0 0.0 0.0; 0.0 0.11248251251239912 -0.021908411400841727 -0.0260544664252036; 0.0 -0.021908411400850543 0.0964052357179974 -0.007693664703178907; 0.0 -0.02605446642520452 -0.007693664703177491 0.10391315531347953],[-0.08362772170118325 0.0 0.0 0.0; 0.0 -0.00012045467496230435 9.729520265222573e-5 5.5456048608221756e-5; 0.0 9.729520265223184e-5 -0.0002504259932251495 -0.0002537581807903889; 0.0 5.545604860821991e-5 -0.00025375818079037934 -0.0006439517292253624],0.3
