L,J,Q,θ,ϕx,ϕy,ϕz,ndims,T,χ,dχdlogT,Λ
17,0.0,0.6180339887498949,0.4487989505128276,2.785903721103886,0.7325841346827787,5.263239158488465,3,0.0853167852417281,[0.19554110155943114 0.0 0.0 0.0; 0.0 0.09458780921794488 -0.003283437580270076 -0.0066473066291559005; 0.0 -0.0032834375802679077 0.09858413441661613 0.0014990356899397895; 0.0 -0.006647306629151835 0.0014990356899397335 0.11054828031849648],[-0.004126619211289008 0.0 0.0 0.0; 0.0 -0.0011768310715993577 7.181171441729441e-5 0.0004546333478100695; 0.0 7.181171441731828e-5 -0.001397368038082137 -0.00013911448514733647; 0.0 0.00045463334780990406 -0.00013911448514736954 -0.002729529146583272],0.3
