L,J,Q,θ,ϕx,ϕy,ϕz,ndims,T,χ,dχdlogT,Λ
17,0.1,0.6180339887498949,0.4487989505128276,0.0,0.0,0.0,3,0.30391953823131973,[0.3545829987692794 0.0 0.0 0.0; 0.0 0.16612539794178788 -0.040754536997130164 -0.0408333062553544; 0.0 -0.040754536997127985 0.16586339196804709 -0.04063152367148144; 0.0 -0.040833306255352565 -0.040631523671478355 0.16598141884186435],[-0.142462899534897 0.0 0.0 0.0; 0.0 -0.06141668193547073 0.027399688164594198 0.02755184833457219; 0.0 0.02739968816459316 -0.06105671931087065 0.027253787785481657; 0.0 0.027551848334573827 0.027253787785479672 -0.06123186308359049],0.3
