L,J,Q,θ,ϕx,ϕy,ϕz,ndims,T,χ,dχdlogT,Λ
17,1.3,0.6180339887498949,0.4487989505128276,4.558674418263899,1.8541906531287788,0.4788829182477295,3,0.11721022975334802,[0.4244525678113009 0.0 0.0 0.0; 0.0 0.11948482781530359 -0.02326886497543417 -0.027162676989169424; 0.0 -0.02326886497542641 0.10454433470873528 -0.012659501927133008; 0.0 -0.027162676989173358 -0.012659501927132338 0.10981272836758242],[-0.11772046936079861 0.0 0.0 0.0; 0.0 -0.007894798721159755 0.003370632431826275 0.0037833641965927607; 0.0 0.0033706324318257003 -0.003856134091714786 -0.0005645891540463538; 0.0 0.003783364196593393 -0.0005645891540463597 -0.0048832961339931105],0.3
