L,J,Q,θ,ϕx,ϕy,ϕz,ndims,T,χ,dχdlogT,Λ
17,0.1,0.6180339887498949,0.4487989505128276,1.0093168362909395,0.33689438195597865,5.770913800445461,3,0.004893900918477494,[0.701327335836851 0.0 0.0 0.0; 0.0 0.2864430532307613 -0.08979074974407353 -0.10053381955973625; 0.0 -0.08979074974408258 0.29071722908606784 -0.11026029130573693; 0.0 -0.10053381955972639 -0.11026029130573797 0.3033164940570651],[-0.009180515912319194 0.0 0.0 0.0; 0.0 -0.005819583942180045 -0.00046153884136640336 0.003930626870785989; 0.0 -0.0004615388413663708 -0.004169584294627803 0.005201695145072783; 0.0 0.003930626870785952 0.005201695145072836 -0.007854954225554626],0.3
