L,J,Q,θ,ϕx,ϕy,ϕz,ndims,T,χ,dχdlogT,Λ
17,1.6,0.6180339887498949,0.4487989505128276,2.5097249269061845,5.305535992119628,0.8758109294782741,3,0.002592943797404667,[0.7841707249190885 0.0 0.0 0.0; 0.0 0.10598662566482267 -0.01980728232261458 -0.023863761569751677; 0.0 -0.019807282322611697 0.09148828508479502 -0.006254133214985207; 0.0 -0.02386376156975551 -0.006254133214987307 0.09930704754198415],[-0.10078855853639904 0.0 0.0 0.0; 0.0 6.312514106514604e-5 -6.983644541093561e-6 -3.748140890179591e-5; 0.0 -6.983644541092897e-6 -0.00018738467043514395 -0.0003723799830567655; 0.0 -3.748140890179573e-5 -0.0003723799830567595 -0.0006964039066005707],0.3
