L,J,Q,θ,ϕx,ϕy,ϕz,ndims,T,χ,dχdlogT,Λ
17,0.5,0.6180339887498949,0.4487989505128276,0.0,0.0,0.0,3,2.807216203941177,[0.083826933473879 0.0 0.0 0.0; 0.0 0.04141593770543731 -0.0014092910773308824 -0.001411022789229349; 0.0 -0.001409291077331211 0.04136419241787765 -0.0014022881838048036; 0.0 -0.0014110227892298096 -0.0014022881838047134 0.04138777303193203],[-0.07496418183416623 0.0 0.0 0.0; 0.0 -0.03622286735199063 0.0035218157049721503 0.0035294514722743714; 0.0 0.003521815704972399 -0.036080427632548 0.00349163879936145; 0.0 0.003529451472274997 0.0034916387993601914 -0.036145978187686834],0.3
