L,J,Q,θ,ϕx,ϕy,ϕz,ndims,T,χ,dχdlogT,Λ
17,4.0,0.6180339887498949,0.4487989505128276,0.7302732427812232,5.37220361778202,0.10690750510233056,3,0.11721022975334802,[0.25941259323590293 0.0 0.0 0.0; 0.0 0.047687444296678795 -0.0056600433764175066 -0.007791583808217354; 0.0 -0.005660043376418718 0.042513817821221656 -0.0007668452618483455; 0.0 -0.007791583808221624 -0.0007668452618480179 0.04634524806714274],[-0.056989881357650256 0.0 0.0 0.0; 0.0 -0.0014665634172807615 0.0004553772326535046 0.0010506067109330075; 0.0 0.00045537723265351784 -0.0011477406483409297 -0.00010860509638274607; 0.0 0.0010506067109332601 -0.00010860509638275419 -0.0010568829705218776],0.3
