L,J,Q,θ,ϕx,ϕy,ϕz,ndims,T,χ,dχdlogT,Λ
17,2.8,0.6180339887498949,0.4487989505128276,5.9944012228002475,4.4566352697276725,2.0738004505893586,3,0.30391953823131973,[0.24494761324034847 0.0 0.0 0.0; 0.0 0.06261165855454721 -0.0078023422721859225 -0.010048810255776275; 0.0 -0.007802342272183015 0.05622820061893677 -0.0025542382134253997; 0.0 -0.010048810255775495 -0.0025542382134249426 0.06030428173252306],[-0.07655841623355943 0.0 0.0 0.0; 0.0 -0.004359838049580849 0.002041054565355809 0.0033625911049446986; 0.0 0.0020410545653556786 -0.002567911001747634 -0.00036953597850109785; 0.0 0.0033625911049451865 -0.00036953597850112414 -0.003965836918761574],0.3
