L,J,Q,θ,ϕx,ϕy,ϕz,ndims,T,χ,dχdlogT,Λ
17,1.0,0.6180339887498949,0.4487989505128276,3.2506503860507765,6.246303904614146,0.8058848358978701,3,5.298316906283709,[0.04619324409461782 0.0 0.0 0.0; 0.0 0.02293003248165223 -0.00025372771677480426 -0.0002540862517675161; 0.0 -0.00025372771677545803 0.02289680569665234 -0.00025221555682367373; 0.0 -0.0002540862517675053 -0.0002522155568235044 0.022911694413049313],[-0.0443195095116289 0.0 0.0 0.0; 0.0 -0.021685209753424393 0.0007132194739865884 0.0007149251831647529; 0.0 0.0007132194739858317 -0.021589652411461574 0.0007060529529135623; 0.0 0.0007149251831661196 0.0007060529529133736 -0.02163265461086881],0.3
