L,J,Q,θ,ϕx,ϕy,ϕz,ndims,T,χ,dχdlogT,Λ
17,1.2,0.6180339887498949,0.4487989505128276,0.0,0.0,0.0,3,5.298316906283709,[0.04608010844918164 0.0 0.0 0.0; 0.0 0.022829759515681745 -0.00025066779658350737 -0.0002511755988783362; 0.0 -0.00025066779658355253 0.022782622390817582 -0.0002485306470355081; 0.0 -0.00025117559887832244 -0.0002485306470354676 0.022803716262735134],[-0.04400551686304745 0.0 0.0 0.0; 0.0 -0.021405745431137244 0.0006991113741945889 0.0007015119439463815; 0.0 0.0006991113741946339 -0.02127150309204363 0.0006890551806564124; 0.0 0.0007015119439462994 0.0006890551806564589 -0.021331789035154338],0.3
