L,J,Q,θ,ϕx,ϕy,ϕz,ndims,T,χ,dχdlogT,Λ
17,4.0,0.6180339887498949,0.4487989505128276,4.456599043704854,2.9805378224675785,3.682840390565854,3,0.0018873918221350976,[0.5036731307214609 0.0 0.0 0.0; 0.0 0.049766616979037406 -0.006075945215225357 -0.00934852617748027; 0.0 -0.006075945215225519 0.04425731577230926 -0.0006592877030609934; 0.0 -0.00934852617748069 -0.0006592877030609259 0.04804932069338757],[-0.059712302181177956 0.0 0.0 0.0; 0.0 -4.119294626822864e-5 5.262647206473518e-5 6.683776140233757e-5; 0.0 5.262647206473654e-5 -0.00011462505041533469 -4.990639464319359e-5; 0.0 6.683776140233591e-5 -4.990639464319146e-5 -0.00010729392756948738],0.3
