L,J,Q,θ,ϕx,ϕy,ϕz,ndims,T,χ,dχdlogT,Λ
17,1.8,0.6180339887498949,0.4487989505128276,5.77287379882584,5.7540344559151855,3.0308841598289153,3,0.2212216291070449,[0.3208262226221468 0.0 0.0 0.0; 0.0 0.09088733898471614 -0.014480380952768775 -0.01781685299117939; 0.0 -0.014480380952773111 0.08062895104070121 -0.006894090412459331; 0.0 -0.017816852991184046 -0.00689409041246113 0.08537189536309069],[-0.09967243925526442 0.0 0.0 0.0; 0.0 -0.0071165565540281224 0.0028351986079330625 0.004422458413614555; 0.0 0.0028351986079332946 -0.0034944606987306155 -0.0005530384750526978; 0.0 0.004422458413613619 -0.0005530384750526232 -0.005050998980528556],0.3
