L,J,Q,θ,ϕx,ϕy,ϕz,ndims,T,χ,dχdlogT,Λ
17,2.5,0.6180339887498949,0.4487989505128276,0.0,0.0,0.0,3,0.0018873918221350976,[0.6012992721009348 0.0 0.0 0.0; 0.0 0.07250849362184109 -0.010777614413310994 -0.01325207832654496; 0.0 -0.010777614413310578 0.06413685359362292 -0.002487223609885599; 0.0 -0.013252078326544701 -0.002487223609885696 0.06914621151993296],[-0.06920781731327359 0.0 0.0 0.0; 0.0 -0.0002552732960785219 -1.0027145875476848e-5 -0.00013799611679367235; 0.0 -1.0027145875477165e-5 -3.283961054047733e-5 5.134040514256258e-5; 0.0 -0.00013799611679367134 5.134040514256253e-5 -0.00015052810196925003],0.3
