L,J,Q,θ,ϕx,ϕy,ϕz,ndims,T,χ,dχdlogT,Λ
17,0.2,0.6180339887498949,0.4487989505128276,0.7365435587447934,3.6243560658763303,4.167565752063626,3,0.16102620275609392,[0.4456104415517744 0.0 0.0 0.0; 0.0 0.19891748536371043 -0.05774725168915213 -0.058363177986988736; 0.0 -0.05774725168915274 0.1968108226415363 -0.05699786816160024; 0.0 -0.05836317798698884 -0.05699786816159943 0.19780908091533195],[-0.14159643570838526 0.0 0.0 0.0; 0.0 -0.05279664233519809 0.02541130908339216 0.0260935040452719; 0.0 0.025411309083392404 -0.0508963732072814 0.02484181703947539; 0.0 0.026093504045271786 0.024841817039475602 -0.05198056709073887],0.3
