L,J,Q,θ,ϕx,ϕy,ϕz,ndims,T,χ,dχdlogT,Λ
17,1.3,0.6180339887498949,0.4487989505128276,1.4261945022176743,5.287295485607258,4.4353365649830785,3,0.0018873918221350976,[0.9156086907541263 0.0 0.0 0.0; 0.0 0.1282400282359887 -0.027182418038274557 -0.031675921078765934; 0.0 -0.02718241803827522 0.10947167481029539 -0.010344562459810698; 0.0 -0.03167592107876541 -0.010344562459810606 0.11821033397142841],[-0.10393741718024824 0.0 0.0 0.0; 0.0 -5.839863569134605e-5 0.00010348605759688353 0.0002729718332201535; 0.0 0.00010348605759688309 -0.0001942212656313198 -0.0004643301448300422; 0.0 0.0002729718332201569 -0.0004643301448300204 -0.0013314211002719988],0.3
