L,J,Q,θ,ϕx,ϕy,ϕz,ndims,T,χ,dχdlogT,Λ
17,2.0,0.6180339887498949,0.4487989505128276,0.28417827258967326,6.210083290103895,4.427087456962382,3,0.30391953823131973,[0.27827350123814854 0.0 0.0 0.0; 0.0 0.08181209701914269 -0.012247590687952982 -0.015041344762325048; 0.0 -0.01224759068795284 0.07265642500441828 -0.0058285811370285875; 0.0 -0.015041344762325326 -0.005828581137028411 0.07714167314605319],[-0.09125208046551227 0.0 0.0 0.0; 0.0 -0.008174984429509317 0.003378802510602417 0.005580854060765628; 0.0 0.0033788025106023644 -0.0033073161860565892 -0.00028655674732734225; 0.0 0.005580854060765909 -0.00028655674732734496 -0.005476997058847174],0.3
