L,J,Q,θ,ϕx,ϕy,ϕz,ndims,T,χ,dχdlogT,Λ
17,0.0,0.6180339887498949,0.4487989505128276,1.553437499495369,5.672077134816137,1.384992782425185,3,0.16102620275609392,[0.16021651921120333 0.0 0.0 0.0; 0.0 0.08985751675116399 -2.1799520231749514e-5 -0.00048603907583600036; 0.0 -2.1799520231077535e-5 0.08344384853806219 0.0008930481974804299; 0.0 -0.0004860390758359745 0.0008930481974819335 0.08910676612710716],[-1.0547981961641207e-5 0.0 0.0 0.0; 0.0 -0.0010025963804971777 0.0004131729251146529 0.0016447963906107976; 0.0 0.0004131729251147271 -0.0010175867539477098 -3.9114205100035546e-5; 0.0 0.0016447963906107976 -3.9114205100063966e-5 -0.000837619999538291],0.3
