L,J,Q,θ,ϕx,ϕy,ϕz,ndims,T,χ,dχdlogT,Λ
17,1.4,0.6180339887498949,0.4487989505128276,1.0093168362909395,0.33689438195597865,5.770913800445461,3,0.2212216291070449,[0.3435912833432658 0.0 0.0 0.0; 0.0 0.10780295334337016 -0.01909663686378625 -0.022393310284105537; 0.0 -0.01909663686379094 0.09625388055119478 -0.011234320949144441; 0.0 -0.022393310284097964 -0.011234320949148611 0.10082364410148839],[-0.11241268029215033 0.0 0.0 0.0; 0.0 -0.011549600122214142 0.004406746669082942 0.006067961449917586; 0.0 0.004406746669081627 -0.006198896331391454 3.8667083176277844e-5; 0.0 0.006067961449917369 3.8667083176165555e-5 -0.007731761533884307],0.3

