L,J,Q,θ,ϕx,ϕy,ϕz,ndims,T,χ,dχdlogT,Λ
17,1.9,0.6180339887498949,0.4487989505128276,1.9967716351478795,2.531926682758118,4.350586621087802,3,0.30391953823131973,[0.284141074197634 0.0 0.0 0.0; 0.0 0.08488713512751225 -0.01262991521644418 -0.01535295635376068; 0.0 -0.01262991521644372 0.07618271811785643 -0.006276809541149038; 0.0 -0.015352956353766347 -0.006276809541149079 0.08039922821366634],[-0.09825157256665815 0.0 0.0 0.0; 0.0 -0.00892617491293962 0.003446911827341522 0.005541109002769585; 0.0 0.003446911827341774 -0.004868509474703645 -0.00024468216218960466; 0.0 0.00554110900276829 -0.00024468216218967643 -0.0067199813953605445],0.3
