L,J,Q,θ,ϕx,ϕy,ϕz,ndims,T,χ,dχdlogT,Λ
17,1.5,0.6180339887498949,0.4487989505128276,0.0,0.0,0.0,3,0.02395026619987486,[0.5717142930898922 0.0 0.0 0.0; 0.0 0.11179954065388546 -0.021526567798830647 -0.02575319456046305; 0.0 -0.021526567798830873 0.09579799196536722 -0.008264010076774438; 0.0 -0.0257531945604628 -0.008264010076774578 0.10262225311357405],[-0.10105609646566492 0.0 0.0 0.0; 0.0 -0.0009496412649105139 0.000487896218338857 0.0004447561449397709; 0.0 0.0004878962183388571 -0.0005236387739792986 -0.0005376821245995472; 0.0 0.000444756144939764 -0.0005376821245995481 -0.001056249492043487],0.3
