L,J,Q,θ,ϕx,ϕy,ϕz,ndims,T,χ,dχdlogT,Λ
17,0.5,0.6180339887498949,0.4487989505128276,5.564268682214491,4.723478829699679,2.709936046712153,3,0.04520353656360243,[0.6186294740155224 0.0 0.0 0.0; 0.0 0.21021674877652655 -0.05834323154483936 -0.06363054259688597; 0.0 -0.05834323154483904 0.1959901647437551 -0.05095183830014926; 0.0 -0.06363054259687125 -0.0509518383001511 0.2018648489770738],[-0.15237103029947205 0.0 0.0 0.0; 0.0 -0.022397946267647344 0.008936206890026655 0.011381586991824608; 0.0 0.008936206890026638 -0.019514394793941084 0.00784023849005905; 0.0 0.011381586991826212 0.00784023849005934 -0.0226329746215463],0.3
