L,J,Q,θ,ϕx,ϕy,ϕz,ndims,T,χ,dχdlogT,Λ
17,1.2,0.6180339887498949,0.4487989505128276,1.0760482846117743,0.5989456269271898,5.935572217369314,3,0.11721022975334802,[0.43249976658417316 0.0 0.0 0.0; 0.0 0.12591768653263427 -0.025345451118968083 -0.029175471660664774; 0.0 -0.025345451118968406 0.11053205368248209 -0.014652455489741556; 0.0 -0.029175471660672813 -0.014652455489740373 0.11567732716021044],[-0.12190518459242251 0.0 0.0 0.0; 0.0 -0.009519497588848565 0.004006450174880452 0.004348563718763441; 0.0 0.004006450174880139 -0.004890250976840924 -0.00029332479387047237; 0.0 0.00434856371876174 -0.0002933247938705549 -0.0058125130630748275],0.3
