L,J,Q,θ,ϕx,ϕy,ϕz,ndims,T,χ,dχdlogT,Λ
17,3.0,0.6180339887498949,0.4487989505128276,1.0093168362909395,0.33689438195597865,5.770913800445461,3,0.01268961003167922,[0.4340833643394539 0.0 0.0 0.0; 0.0 0.06194329609020774 -0.008750571201672408 -0.010829483219277094; 0.0 -0.00875057120167173 0.05536876979741287 -0.0016745213284295555; 0.0 -0.010829483219280482 -0.001674521328429052 0.05987706164048615],[-0.05345890880100213 0.0 0.0 0.0; 0.0 -0.00012756423954116684 -1.527004182119203e-5 -6.059680598560948e-5; 0.0 -1.5270041821191985e-5 -0.00012377139619508187 5.4958647898631776e-5; 0.0 -6.059680598560459e-5 5.495864789863414e-5 -0.00010770735264867573],0.3
