L,J,Q,θ,ϕx,ϕy,ϕz,ndims,T,χ,dχdlogT,Λ
17,1.7,0.6180339887498949,0.4487989505128276,0.0,0.0,0.0,3,2.043359717856942,[0.10506400094833955 0.0 0.0 0.0; 0.0 0.0485289046282888 -0.002418509546428342 -0.0024708402859366257; 0.0 -0.0024185095464284417 0.04757533409359137 -0.0022066695826342244; 0.0 -0.002470840285936909 -0.0022066695826342014 0.04800522946929221],[-0.08101616744819409 0.0 0.0 0.0; 0.0 -0.031695052740394705 0.0046843644792237005 0.004869579860300544; 0.0 0.004684364479223852 -0.029722844710984228 0.003956209738509256; 0.0 0.004869579860300558 0.00395620973850948 -0.030624262322285812],0.3
