L,J,Q,θ,ϕx,ϕy,ϕz,ndims,T,χ,dχdlogT,Λ
17,0.2,0.6180339887498949,0.4487989505128276,4.839452646833321,4.088125134780374,1.2566134355695489,3,2.807216203941177,[0.07692105654936694 0.0 0.0 0.0; 0.0 0.039327734794920376 6.73720473208763e-5 4.112475758724122e-5; 0.0 6.737204732068146e-5 0.038912254464183595 -0.00021961059672119114; 0.0 4.112475758717363e-5 -0.00021961059672134673 0.039221254365278166],[-0.05776194249577623 0.0 0.0 0.0; 0.0 -0.0308277198226008 -0.00015277047366009548 -9.344314087717372e-5; 0.0 -0.00015277047366021263 -0.029870475414831118 0.000500270882478944; 0.0 -9.34431408770828e-5 0.0005002708824788703 -0.03057671691894571],0.3
