L,J,Q,θ,ϕx,ϕy,ϕz,ndims,T,χ,dχdlogT,Λ
17,1.3,0.6180339887498949,0.4487989505128276,0.0,0.0,0.0,3,0.2212216291070449,[0.3493494176747867 0.0 0.0 0.0; 0.0 0.11279586571957831 -0.02058536717241294 -0.02384326729989919; 0.0 -0.020585367172412807 0.10105507004818295 -0.012769986018826838; 0.0 -0.023843267299899537 -0.01276998601882654 0.10555492450102359],[-0.11567831959308032 0.0 0.0 0.0; 0.0 -0.01314230738834234 0.004990118106937993 0.0066604976666612145; 0.0 0.004990118106938054 -0.007295280851343172 0.0003588760341952622; 0.0 0.006660497666661194 0.00035887603419531173 -0.008809561911881515],0.3
