L,J,Q,θ,ϕx,ϕy,ϕz,ndims,T,χ,dχdlogT,Λ
17,0.7,0.6180339887498949,0.4487989505128276,4.571891130660917,3.9650079737185084,3.712601445936258,3,0.0853167852417281,[0.5067268533064816 0.0 0.0 0.0; 0.0 0.17233677660190652 -0.04496748945812633 -0.047764862819777154; 0.0 -0.04496748945812822 0.15254862122451118 -0.03289652480147202; 0.0 -0.047764862819788964 -0.03289652480148436 0.15780085998097507],[-0.13059052338430013 0.0 0.0 0.0; 0.0 -0.01859978580324469 0.008640649003776873 0.008531163309625153; 0.0 0.008640649003776374 -0.00938703988099872 0.0014004365170076946; 0.0 0.008531163309625863 0.0014004365170076356 -0.010487047734290874],0.3
