L,J,Q,θ,ϕx,ϕy,ϕz,ndims,T,χ,dχdlogT,Λ
17,1.3,0.6180339887498949,0.4487989505128276,5.466079965950188,2.6652779615180675,0.9755834222042168,3,1.0826367338740543,[0.16875833120261738 0.0 0.0 0.0; 0.0 0.07429875528442667 -0.007627834934879925 -0.007909731967190642; 0.0 -0.007627834934880505 0.07197944601983117 -0.006643719155358578; 0.0 -0.007909731967189785 -0.006643719155359445 0.07303695640381265],[-0.10611528313065242 0.0 0.0 0.0; 0.0 -0.03574955157869786 0.009767886451096185 0.01053475247723059; 0.0 0.009767886451095982 -0.03184557603458705 0.007386024874874597; 0.0 0.010534752477232102 0.007386024874875941 -0.03361810406551212],0.3
