L,J,Q,θ,ϕx,ϕy,ϕz,ndims,T,χ,dχdlogT,Λ
17,0.0,0.6180339887498949,0.4487989505128276,3.3867301952500117,1.992102212170806,5.032847107826847,3,0.009236708571873866,[0.83206377587877 0.0 0.0 0.0; 0.0 0.36204567340634913 -0.13895632088010576 -0.13881839990748; 0.0 -0.1389563208801058 0.36981122211363104 -0.14768923125626116; 0.0 -0.13881839990748 -0.1476892312562612 0.369677972910733],[-0.10761932683578904 0.0 0.0 0.0; 0.0 -0.047623105991257526 0.02356077161755904 0.02395815124714861; 0.0 0.023560771617559047 -0.04726770533877029 0.0237642779542432; 0.0 0.023958151247148604 0.023764277954243195 -0.04768624464371003],0.3
