L,J,Q,θ,ϕx,ϕy,ϕz,ndims,T,χ,dχdlogT,Λ
17,0.0,0.6180339887498949,0.4487989505128276,1.5144616613736985,0.11333322934434775,2.391826268535892,3,0.04520353656360243,[0.18184076917674027 0.0 0.0 0.0; 0.0 0.11153035136110956 -5.513719503960862e-5 0.001389745571653254; 0.0 -5.5137195040921386e-5 0.08677084040179751 -0.0022858349820306747; 0.0 0.0013897455716546598 -0.002285834982029322 0.08808053086108385],[-0.0004711306484606794 0.0 0.0 0.0; 0.0 -0.0009514010108653307 4.228516997788209e-7 -0.0006478220562024563; 0.0 4.2285169974912475e-7 -0.0008542713797998321 0.0005671560789127407; 0.0 -0.0006478220562023186 0.000567156078912642 -0.001058232264401263],0.3
