L,J,Q,θ,ϕx,ϕy,ϕz,ndims,T,χ,dχdlogT,Λ
17,2.6,0.6180339887498949,0.4487989505128276,5.520137721279405,1.1971676618230473,1.034411933574313,3,0.0853167852417281,[0.3486836369187221 0.0 0.0 0.0; 0.0 0.06954180718625033 -0.010124176134529149 -0.013104757276702886; 0.0 -0.0101241761345296 0.061551859575233556 -0.0024767175652438923; 0.0 -0.013104757276704166 -0.0024767175652440155 0.06647604075278378],[-0.06970444653165704 0.0 0.0 0.0; 0.0 -0.00045488209180342276 0.0004263461311524109 0.00011672884151566158; 0.0 0.00042634613115241084 -0.0006031681005106748 -0.0003336655715113439; 0.0 0.00011672884151566406 -0.0003336655715114506 -0.0004301444029793992],0.3
