L,J,Q,θ,ϕx,ϕy,ϕz,ndims,T,χ,dχdlogT,Λ
17,1.0,0.6180339887498949,0.4487989505128276,5.777654552917204,2.2493788666760794,4.562467618004743,3,10.0,[0.024846349286124544 0.0 0.0 0.0; 0.0 0.012396958072769335 -4.048554648175144e-5 -4.050192689168586e-5; 0.0 -4.048554648150392e-5 0.012391782573159827 -4.041601245671852e-5; 0.0 -4.050192689200828e-5 -4.041601245630793e-5 0.012394090246135962],[-0.024544132707908024 0.0 0.0 0.0; 0.0 -0.012194614715244792 0.00011916002128529807 0.00011924073451311947; 0.0 0.00011916002128501675 -0.012179281272065757 0.00011881774393947156; 0.0 0.00011924073451324548 0.00011881774393940014 -0.012186128107918338],0.3
