L,J,Q,θ,ϕx,ϕy,ϕz,ndims,T,χ,dχdlogT,Λ
17,1.1,0.6180339887498949,0.4487989505128276,0.0,0.0,0.0,3,3.856620421163471,[0.062206802724912046 0.0 0.0 0.0; 0.0 0.03064926167850917 -0.0005982890670940925 -0.0006001716486559206; 0.0 -0.0005982890670939475 0.030551804442520564 -0.00059045141248117; 0.0 -0.0006001716486557975 -0.0005904514124812501 0.03059563774415032],[-0.05751253764957968 0.0 0.0 0.0; 0.0 -0.02751799533761081 0.0015828643166762848 0.0015914255765289214; 0.0 0.001582864316676088 -0.027249273387471882 0.0015475598385798466; 0.0 0.0015914255765289603 0.0015475598385798041 -0.027370853983400525],0.3
