L,J,Q,θ,ϕx,ϕy,ϕz,ndims,T,χ,dχdlogT,Λ
17,0.0,0.6180339887498949,0.4487989505128276,0.19185886721624704,0.3197962420280744,4.2782074829620935,3,0.41753189365604015,[0.31179350346029866 0.0 0.0 0.0; 0.0 0.1472538272946841 -0.03353913584197731 -0.03353911773724658; 0.0 -0.03353913584197731 0.1472539459429355 -0.03353913503888939; 0.0 -0.03353911773724657 -0.033539135038889396 0.1472538218155164],[-0.14225164466959858 0.0 0.0 0.0; 0.0 -0.06207586167455189 0.027809155007763514 0.027809163054327974; 0.0 0.027809155007763518 -0.062077127649342166 0.02780915526603823; 0.0 0.02780916305432797 0.027809155266038246 -0.06207580314835069],0.3
