L,J,Q,θ,ϕx,ϕy,ϕz,ndims,T,χ,dχdlogT,Λ
17,0.7,0.6180339887498949,0.4487989505128276,5.734252170254508,2.8348451776155406,1.0452041985610805,3,2.807216203941177,[0.08372506440884647 0.0 0.0 0.0; 0.0 0.041215818910418985 -0.0014089554915225463 -0.0014122935665652518; 0.0 -0.0014089554915226127 0.04111618755747035 -0.001395282362949038; 0.0 -0.0014122935665652992 -0.00139528236294905 0.04116150508607945],[-0.07467540582365116 0.0 0.0 0.0; 0.0 -0.03567945204086412 0.003514305556282962 0.0035289052793181785; 0.0 0.0035143055562828103 -0.035408192287024944 0.003455585642409355; 0.0 0.0035289052793182236 0.0034555856424093585 -0.03553269244955454],0.3
