L,J,Q,θ,ϕx,ϕy,ϕz,ndims,T,χ,dχdlogT,Λ
17,2.9,0.6180339887498949,0.4487989505128276,5.572737511802221,5.611028785571096,4.947555202131609,3,0.009236708571873866,[0.46225713672001667 0.0 0.0 0.0; 0.0 0.06369599612586985 -0.009148230887078031 -0.011180469777419084; 0.0 -0.009148230887077924 0.056991314129041806 -0.0018406765538335134; 0.0 -0.011180469777418744 -0.0018406765538328985 0.06138289143211348],[-0.05566599969229934 0.0 0.0 0.0; 0.0 -0.00010368280048532969 1.938884068499506e-6 -8.396431556808872e-5; 0.0 1.9388840684983705e-6 -9.146584775376777e-5 6.519908944773961e-6; 0.0 -8.396431556809295e-5 6.5199089447730254e-6 -8.384761023502733e-5],0.3
