L,J,Q,θ,ϕx,ϕy,ϕz,ndims,T,χ,dχdlogT,Λ
17,2.0,0.6180339887498949,0.4487989505128276,4.456599043704854,2.9805378224675785,3.682840390565854,3,0.04520353656360243,[0.45546849861750394 0.0 0.0 0.0; 0.0 0.091283258034224 -0.01600679942048591 -0.020717657888009673; 0.0 -0.016006799420480264 0.0755557331906204 -0.005525381052567873; 0.0 -0.02071765788801492 -0.005525381052569361 0.08274833728505508],[-0.10023612863660916 0.0 0.0 0.0; 0.0 -0.002380190315819113 0.000930948160856032 0.0010175743386944796; 0.0 0.000930948160856096 -0.0007790976550200969 3.6142896498488625e-5; 0.0 0.0010175743386943818 3.6142896498490326e-5 -0.0012617160101362087],0.3
