L,J,Q,θ,ϕx,ϕy,ϕz,ndims,T,χ,dχdlogT,Λ
17,1.8,0.6180339887498949,0.4487989505128276,5.485015901147328,4.65919444732512,1.4958439770785739,3,2.807216203941177,[0.08092269633948575 0.0 0.0 0.0; 0.0 0.038395488415308814 -0.001213857714988613 -0.0012309728897070982; 0.0 -0.001213857714988596 0.03788280401240829 -0.0011427224281699267; 0.0 -0.0012309728897072463 -0.001142722428169378 0.038112015649642075],[-0.06807042882344919 0.0 0.0 0.0; 0.0 -0.028977559664837123 0.002752139956300524 0.002820247512189651; 0.0 0.002752139956300795 -0.027784823813542824 0.0024725647277702894; 0.0 0.0028202475121896714 0.002472564727769849 -0.028321402402100095],0.3
