L,J,Q,θ,ϕx,ϕy,ϕz,ndims,T,χ,dχdlogT,Λ
17,0.2,0.6180339887498949,0.4487989505128276,0.7227775786342413,4.424280499511432,2.2920287290033596,3,0.01268961003167922,[0.16746102601939714 0.0 0.0 0.0; 0.0 0.08833916841720767 -0.0013467035076303523 6.93774314816128e-6; 0.0 -0.0013467035076305553 0.09657252067944429 0.0021990957964093004; 0.0 6.93774314838752e-6 0.002199095796409084 0.08986736033602827],[0.000559439776200365 0.0 0.0 0.0; 0.0 0.0002830004476029149 -0.00027389535483842445 -5.600676682044961e-7; 0.0 -0.0002738953548384161 -3.262726484758366e-5 -0.00024657101074670085; 0.0 -5.600676682197654e-7 -0.0002465710107466369 -3.1155341183991747e-5],0.3
