L,J,Q,θ,ϕx,ϕy,ϕz,ndims,T,χ,dχdlogT,Λ
17,1.7,0.6180339887498949,0.4487989505128276,1.252407516519864,5.716704520114199,6.120118780640714,3,2.807216203941177,[0.08123293774916024 0.0 0.0 0.0; 0.0 0.038712072223240704 -0.0012337049914062448 -0.0012494211806270477; 0.0 -0.001233704991406747 0.03824132375862048 -0.0011685517997888349; 0.0 -0.0012494211806274983 -0.0011685517997894075 0.038452147351789506],[-0.06876513448667092 0.0 0.0 0.0; 0.0 -0.02968278806892715 0.002825877313012862 0.002889077744792306; 0.0 0.002825877313013257 -0.02856766346791412 0.0025673232086748416; 0.0 0.002889077744794106 0.002567323208674541 -0.02907011077136306],0.3
