L,J,Q,θ,ϕx,ϕy,ϕz,ndims,T,χ,dχdlogT,Λ
17,4.0,0.6180339887498949,0.4487989505128276,5.473790552885222,1.2226695139450943,4.950260006353254,3,1.0826367338740543,[0.12823745236630046 0.0 0.0 0.0; 0.0 0.0407672463490044 -0.002540579966188309 -0.002927627491637873; 0.0 -0.0025405799661883752 0.03783263405214081 -0.001150523789720693; 0.0 -0.0029276274916377786 -0.001150523789720719 0.03962167363646705],[-0.06136614385872689 0.0 0.0 0.0; 0.0 -0.006463903824900668 0.002075244347513663 0.0027502852634470197; 0.0 0.002075244347514071 -0.004661247905053417 7.459402981251876e-5; 0.0 0.002750285263446765 7.45940298125133e-5 -0.0064084955393450115],0.3
