L,J,Q,θ,ϕx,ϕy,ϕz,ndims,T,χ,dχdlogT,Λ
17,0.5,0.6180339887498949,0.4487989505128276,1.0093168362909395,0.33689438195597865,5.770913800445461,3,1.4873521072935114,[0.14212318258302978 0.0 0.0 0.0; 0.0 0.06893568116993722 -0.0057495183289937146 -0.005771551450213723; 0.0 -0.0057495183289951795 0.06866749166683474 -0.0056653132828456835; 0.0 -0.0057715514502155035 -0.005665313282844028 0.06879518363351103],[-0.10775753532234247 0.0 0.0 0.0; 0.0 -0.04957590565844425 0.010874253795165698 0.010957820618162556; 0.0 0.010874253795165701 -0.048925511279384055 0.01059178031119333; 0.0 0.01095782061816054 0.010591780311194647 -0.04923279229204956],0.3
