L,J,Q,θ,ϕx,ϕy,ϕz,ndims,T,χ,dχdlogT,Λ
17,0.0,0.6180339887498949,0.4487989505128276,1.3960046350016044,5.4545807910663076,1.6279606143435301,3,0.03290344562312668,[0.7079402580218609 0.0 0.0 0.0; 0.0 0.2982620450232657 -0.10238390257711164 -0.102383902577112; 0.0 -0.10238390257711129 0.29826204502325765 -0.10238390257711251; 0.0 -0.10238390257711044 -0.10238390257711422 0.2982620450232597],[-0.18846874413404846 0.0 0.0 0.0; 0.0 -0.05595199029693781 0.026058391557104016 0.026058391557103815; 0.0 0.02605839155710392 -0.05595199029693768 0.026058391557104255; 0.0 0.026058391557104113 0.026058391557104044 -0.055951990296938044],0.3
