L,J,Q,θ,ϕx,ϕy,ϕz,ndims,T,χ,dχdlogT,Λ
17,0.2,0.6180339887498949,0.4487989505128276,2.6564048809906513,0.6174818988276012,1.5672049446664265,3,0.0018873918221350976,[0.18035369773624238 0.0 0.0 0.0; 0.0 0.08702292764559087 -0.0016481278434872246 -0.0012942583847478752; 0.0 -0.001648127843488324 0.08736302390020144 -0.0005828778382622856; 0.0 -0.0012942583847474955 -0.0005828778382611973 0.10975200481411884],[0.0011305155575557326 0.0 0.0 0.0; 0.0 0.0008896811644127336 -0.00027463287661434174 -0.00038792814526693233; 0.0 -0.00027463287661434976 0.0004646811300028774 -0.00034438375526184403; 0.0 -0.00038792814526692376 -0.00034438375526183644 0.0008668959184195424],0.3
