L,J,Q,θ,ϕx,ϕy,ϕz,ndims,T,χ,dχdlogT,Λ
17,1.1,0.6180339887498949,0.4487989505128276,0.0,0.0,0.0,3,0.004893900918477494,[0.7760212345188474 0.0 0.0 0.0; 0.0 0.14649459850770816 -0.032888309532003224 -0.03760628300436452; 0.0 -0.03288830953200358 0.12553821519479855 -0.01611580309240287; 0.0 -0.037606283004364416 -0.01611580309240257 0.13300098654624443],[-0.06742940531304115 0.0 0.0 0.0; 0.0 -0.0006738362725620054 0.000237307800632952 0.0001724573750863305; 0.0 0.00023730780063294928 -0.0014164289834694434 -0.00044889169578649714; 0.0 0.0001724573750863324 -0.0004488916957865017 -0.0009070157481511627],0.3
