L,J,Q,θ,ϕx,ϕy,ϕz,ndims,T,χ,dχdlogT,Λ
17,0.4,0.6180339887498949,0.4487989505128276,1.0093168362909395,0.33689438195597865,5.770913800445461,3,2.043359717856942,[0.11054997596526722 0.0 0.0 0.0; 0.0 0.05432830212716252 -0.0030126080786236735 -0.0030163531874030204; 0.0 -0.00301260807862348 0.05425042827792256 -0.0029948642828035127; 0.0 -0.003016353187404114 -0.0029948642828053905 0.054288350922379644],[-0.09248236930079291 0.0 0.0 0.0; 0.0 -0.0440945625958787 0.00673778104518996 0.00675457703202855; 0.0 0.006737781045190193 -0.043889258099164045 0.0066701869530439144; 0.0 0.006754577032030645 0.006670186953044283 -0.04398944902933134],0.3
