L,J,Q,θ,ϕx,ϕy,ϕz,ndims,T,χ,dχdlogT,Λ
17,2.0,0.6180339887498949,0.4487989505128276,0.0,0.0,0.0,3,0.30391953823131973,[0.2794301165311142 0.0 0.0 0.0; 0.0 0.08177321411881575 -0.011892670477777862 -0.014591759108077397; 0.0 -0.011892670477778283 0.07334360270181473 -0.0056333518408851774; 0.0 -0.014591759108078257 -0.005633351840885161 0.0775714456158201],[-0.09540089601508576 0.0 0.0 0.0; 0.0 -0.008111768160488945 0.0031879946287625433 0.0052172640618348455; 0.0 0.0031879946287625585 -0.0043994542114542306 -0.00031408380916883604; 0.0 0.005217264061834959 -0.0003140838091688678 -0.006220573464119241],0.3
