L,J,Q,θ,ϕx,ϕy,ϕz,ndims,T,χ,dχdlogT,Λ
23,2.3,0.6180339887498949,0.4487989505128276,0.0,0.0,0.0,3,0.04520353656360243,[0.4168103217619496 0.0 0.0 0.0; 0.0 0.07668760585866707 -0.012232775266595974 -0.014065674087504601; 0.0 -0.012232775266596664 0.06849089658650089 -0.00526836889167312; 0.0 -0.01406567408750588 -0.005268368891673437 0.07424816459536902],[-0.06896833469793466 0.0 0.0 0.0; 0.0 -0.0005641070196923059 0.00020242697427219552 0.00017980532645554814; 0.0 0.00020242697427220828 -0.00021122174284714926 -0.00014293359931945255; 0.0 0.00017980532645554535 -0.00014293359931947183 -0.0005206539162074576],0.3
