L,J,Q,θ,ϕx,ϕy,ϕz,ndims,T,χ,dχdlogT,Λ
23,1.6,0.6180339887498949,0.4487989505128276,0.0,0.0,0.0,3,0.16102620275609392,[0.3667366496569811 0.0 0.0 0.0; 0.0 0.0989392627225067 -0.017528305634377038 -0.019598684404506704; 0.0 -0.017528305634375446 0.08938560850844927 -0.010065838318359664; 0.0 -0.019598684404507474 -0.010065838318359895 0.09461209083012927],[-0.10471356105983877 0.0 0.0 0.0; 0.0 -0.005909688852388553 0.0027099051151208637 0.0032861217328517085; 0.0 0.002709905115120961 -0.0030229119956785948 -0.00020398360255900562; 0.0 0.0032861217328516053 -0.00020398360255895773 -0.004759457606127987],0.3
