L,J,Q,θ,ϕx,ϕy,ϕz,ndims,T,χ,dχdlogT,Λ
23,0.2,0.6180339887498949,0.4487989505128276,3.7552070993249536,0.3442458490897604,3.006113999652094,3,0.04520353656360243,[0.5137269666757704 0.0 0.0 0.0; 0.0 0.22457908226793605 -0.07115232019349547 -0.06659418066743161; 0.0 -0.0711523201934779 0.22338933074338876 -0.06622328709633364; 0.0 -0.06659418066741771 -0.06622328709632685 0.21666640183725158],[-0.03156546705893738 0.0 0.0 0.0; 0.0 -0.00870741727215615 0.005629746660911669 0.0027536041013923236; 0.0 0.005629746660911788 -0.010687398600384255 0.004663971189309701; 0.0 0.002753604101392454 0.004663971189309652 -0.007512227468891002],0.3
