L,J,Q,θ,ϕx,ϕy,ϕz,ndims,T,χ,dχdlogT,Λ
23,2.9,0.6180339887498949,0.4487989505128276,0.0,0.0,0.0,3,0.006723357536499335,[0.4858211106871907 0.0 0.0 0.0; 0.0 0.06405922328563862 -0.009604780639886673 -0.00988935506600459; 0.0 -0.009604780639887027 0.057825337808831465 -0.0045352548182829916; 0.0 -0.009889355066005166 -0.0045352548182835874 0.06239395596153209],[-0.05879467926227 0.0 0.0 0.0; 0.0 -0.00023243668729214324 6.686130724567126e-5 -0.00011477799757548212; 0.0 6.686130724567006e-5 -0.0001582537979026783 0.00010155256021831037; 0.0 -0.00011477799757548178 0.00010155256021831224 -0.00010387326600238841],0.3
