L,J,Q,θ,ϕx,ϕy,ϕz,ndims,T,χ,dχdlogT,Λ
23,1.7,0.6180339887498949,0.4487989505128276,0.0,0.0,0.0,3,0.006723357536499335,[0.6511728640047247 0.0 0.0 0.0; 0.0 0.10040257005464961 -0.018613791522189678 -0.020809669196065913; 0.0 -0.018613791522192065 0.08735143444917952 -0.007945469256922582; 0.0 -0.02080966919606618 -0.007945469256921868 0.09524592272081371],[-0.09292569866740592 0.0 0.0 0.0; 0.0 -0.0005522838521515305 5.0334527544302624e-5 -0.0002451316406105396; 0.0 5.033452754430422e-5 -0.0001415000580634896 -8.578745873119174e-5; 0.0 -0.000245131640610539 -8.57874587311888e-5 -0.0003722830256242397],0.3
