L,J,Q,θ,ϕx,ϕy,ϕz,ndims,T,χ,dχdlogT,Λ
23,0.6,0.6180339887498949,0.4487989505128276,0.0,0.0,0.0,3,0.2212216291070449,[0.3860749024951917 0.0 0.0 0.0; 0.0 0.15550157705822923 -0.035988519069533806 -0.038063175107493935; 0.0 -0.03598851906953463 0.14926468912125898 -0.03315136852106945; 0.0 -0.038063175107494754 -0.03315136852104874 0.15261424175034363],[-0.13496626653485985 0.0 0.0 0.0; 0.0 -0.03264443364815305 0.013054225180965596 0.015452825865717366; 0.0 0.013054225180964366 -0.02754042296298683 0.011065315168898018; 0.0 0.015452825865718773 0.01106531516890177 -0.030406722225193895],0.3
