L,J,Q,θ,ϕx,ϕy,ϕz,ndims,T,χ,dχdlogT,Λ
23,2.6,0.6180339887498949,0.4487989505128276,0.0,0.0,0.0,3,1.0826367338740543,[0.14808498424211275 0.0 0.0 0.0; 0.0 0.054412694176284554 -0.004267773773986914 -0.004478546917543212; 0.0 -0.004267773773987098 0.05175939463785235 -0.0030752873641336073; 0.0 -0.0044785469175431265 -0.003075287364133736 0.053372766025391656],[-0.08128302434743497 0.0 0.0 0.0; 0.0 -0.014633756243252341 0.004100253030432222 0.004503549867442125; 0.0 0.004100253030432244 -0.01202339938181898 0.0018909425307715728; 0.0 0.004503549867441274 0.0018909425307716162 -0.013881163313595733],0.3
