L,J,Q,θ,ϕx,ϕy,ϕz,ndims,T,χ,dχdlogT,Λ
23,0.0,0.6180339887498949,0.4487989505128276,4.429237400478762,4.088402729592037,2.6750122200744895,3,0.01268961003167922,[0.5462768929041495 0.0 0.0 0.0; 0.0 0.25213806280886475 -0.07825477700679295 -0.09018761062502582; 0.0 -0.07825477700679292 0.23840239040622896 -0.07687718202291799; 0.0 -0.09018761062502584 -0.07687718202291795 0.250715727237302],[-0.004527607764460152 0.0 0.0 0.0; 0.0 -0.0008496294484870423 0.0003872733349772237 0.0004774540051021069; 0.0 0.0003872733349772227 -0.0008894293722855178 0.00044474623249711736; 0.0 0.0004774540051021065 0.000444746232497118 -0.0009015335096651183],0.3
