L,J,Q,θ,ϕx,ϕy,ϕz,ndims,T,χ,dχdlogT,Λ
23,1.3,0.6180339887498949,0.4487989505128276,0.0,0.0,0.0,3,0.16102620275609392,[0.3872151346647118 0.0 0.0 0.0; 0.0 0.11381795011441796 -0.02178478280033108 -0.023991293161862708; 0.0 -0.021784782800330475 0.10340667255388263 -0.01425828073626604; 0.0 -0.02399129316186182 -0.014258280736266893 0.10860462838843417],[-0.11577897926406573 0.0 0.0 0.0; 0.0 -0.009042646958907597 0.0038751875445227914 0.004422908448417081; 0.0 0.0038751875445228214 -0.005170926344954856 0.0004361248978389737; 0.0 0.0044229084484168875 0.0004361248978392254 -0.007062569077049332],0.3
