L,J,Q,θ,ϕx,ϕy,ϕz,ndims,T,χ,dχdlogT,Λ
23,0.0,0.6180339887498949,0.4487989505128276,0.9888717532214546,4.093560103985731,6.132051930071499,3,0.017433288221999882,[0.6425699843197366 0.0 0.0 0.0; 0.0 0.30177999556471785 -0.10551665682518498 -0.10777276795019722; 0.0 -0.10551665682518517 0.279928366276666 -0.08871289074935869; 0.0 -0.10777276795019844 -0.08871289074935755 0.28485846488986993],[-0.019440925924325534 0.0 0.0 0.0; 0.0 -0.017040839929596808 0.008622603627725522 0.008093118245657884; 0.0 0.008622603627725512 -0.004418611261201086 -0.004312471845429474; 0.0 0.008093118245657853 -0.004312471845429458 -0.004098913927024417],0.3
