L,J,Q,θ,ϕx,ϕy,ϕz,ndims,T,χ,dχdlogT,Λ
23,0.9,0.6180339887498949,0.4487989505128276,0.0,0.0,0.0,3,0.5736152510448679,[0.2508924309556603 0.0 0.0 0.0; 0.0 0.10663073591943242 -0.017427286958788916 -0.01807493540232784; 0.0 -0.01742728695879203 0.10325775108429462 -0.015754285478710793; 0.0 -0.0180749354023275 -0.01575428547870842 0.10508384237595877],[-0.12514900958866235 0.0 0.0 0.0; 0.0 -0.03736103726761734 0.01358221053336346 0.014856377387236629; 0.0 0.013582210533362633 -0.03277752411533955 0.010837437143528179; 0.0 0.01485637738723534 0.010837437143529572 -0.03513165125890155],0.3
