L,J,Q,θ,ϕx,ϕy,ϕz,ndims,T,χ,dχdlogT,Λ
23,2.2,0.6180339887498949,0.4487989505128276,0.0,0.0,0.0,3,0.30391953823131973,[0.2708801402931332 0.0 0.0 0.0; 0.0 0.07475756304482459 -0.010656737540483747 -0.01197123473602029; 0.0 -0.010656737540483512 0.06847218467573704 -0.005806932697791339; 0.0 -0.011971234736019742 -0.005806932697791324 0.07252585396167872],[-0.0911821210697882 0.0 0.0 0.0; 0.0 -0.006348221013132423 0.0030249109595492938 0.003939130774407949; 0.0 0.003024910959549337 -0.0040065526891349176 0.0004853618553217116; 0.0 0.003939130774407953 0.0004853618553216734 -0.005659066093116466],0.3
