L,J,Q,θ,ϕx,ϕy,ϕz,ndims,T,χ,dχdlogT,Λ
23,2.4,0.6180339887498949,0.4487989505128276,0.0,0.0,0.0,3,0.0853167852417281,[0.3638590863571217 0.0 0.0 0.0; 0.0 0.07350540778506506 -0.011376719151462262 -0.013073500822186416; 0.0 -0.011376719151461734 0.06603455391789119 -0.005098581181082522; 0.0 -0.013073500822186295 -0.005098581181082235 0.07134471697618239],[-0.07281905259369009 0.0 0.0 0.0; 0.0 -0.001129960838597177 0.0005160867694211377 0.0005494908119541957; 0.0 0.0005160867694211146 -0.0004715101807107035 -0.00017582509010882058; 0.0 0.0005494908119541657 -0.00017582509010882462 -0.0010250627678382877],0.3
