L,J,Q,θ,ϕx,ϕy,ϕz,ndims,T,χ,dχdlogT,Λ
23,0.0,0.6180339887498949,0.4487989505128276,3.7552070993249536,0.3442458490897604,3.006113999652094,3,1.0826367338740543,[0.1812297872289322 0.0 0.0 0.0; 0.0 0.088222651525991 -0.01036160230241847 -0.010667041486370052; 0.0 -0.010361602302418487 0.08821930680947904 -0.010667395122767492; 0.0 -0.010667041486370096 -0.010667395122767525 0.08815664617394692],[-0.12442418544185294 0.0 0.0 0.0; 0.0 -0.05837737541219604 0.0168033140464889 0.017266606793656734; 0.0 0.016803314046488903 -0.05837022015240604 0.017265465251281274; 0.0 0.017266606793656693 0.01726546525128132 -0.05823648708184355],0.3
