L,J,Q,θ,ϕx,ϕy,ϕz,ndims,T,χ,dχdlogT,Λ
23,0.2,0.6180339887498949,0.4487989505128276,0.0,0.0,0.0,3,2.807216203941177,[0.08405581159682111 0.0 0.0 0.0; 0.0 0.041657918224069584 -0.001425467191255634 -0.001425712205727897; 0.0 -0.0014254671912547181 0.04165106041397289 -0.0014246846015004433; 0.0 -0.0014257122057293322 -0.0014246846014993786 0.04165492217675883],[-0.07554790238935262 0.0 0.0 0.0; 0.0 -0.03685556308784784 0.003589952886507307 0.0035910372188585663; 0.0 0.0035899528865063835 -0.03683647659455286 0.003586552389344643; 0.0 0.0035910372188598604 0.003586552389343858 -0.03684728218270463],0.3
