L,J,Q,θ,ϕx,ϕy,ϕz,ndims,T,χ,dχdlogT,Λ
23,2.5,0.6180339887498949,0.4487989505128276,0.0,0.0,0.0,3,0.006723357536499335,[0.5167419900065392 0.0 0.0 0.0; 0.0 0.0719466642072334 -0.011061818887989705 -0.01241206120190018; 0.0 -0.011061818887989506 0.06442721086119951 -0.004813257471409952; 0.0 -0.012412061201901352 -0.004813257471409153 0.06987005207037342],[-0.05974888412860914 0.0 0.0 0.0; 0.0 -0.000128510058955283 -5.1675764233660367e-5 -7.213119462849112e-5; 0.0 -5.1675764233660814e-5 -3.46642565193633e-5 -2.0106160925959025e-5; 0.0 -7.21311946284884e-5 -2.0106160925960793e-5 -0.0001373993932142402],0.3
