L,J,Q,θ,ϕx,ϕy,ϕz,ndims,T,χ,dχdlogT,Λ
23,2.2,0.6180339887498949,0.4487989505128276,0.0,0.0,0.0,3,0.03290344562312668,[0.4485859621184214 0.0 0.0 0.0; 0.0 0.07977845381246584 -0.013010450727271975 -0.015006846934427604; 0.0 -0.01301045072727248 0.07098736181575548 -0.005513878773040994; 0.0 -0.015006846934427102 -0.005513878773040964 0.07709144324704424],[-0.06983785303004857 0.0 0.0 0.0; 0.0 -0.00043400910827346676 0.00011494425988394722 0.00014376887926852342; 0.0 0.00011494425988395172 -0.00017107002930069794 -0.00015097557123338294; 0.0 0.00014376887926852234 -0.0001509755712333765 -0.0005045725290533248],0.3
