L,J,Q,θ,ϕx,ϕy,ϕz,ndims,T,χ,dχdlogT,Λ
23,3.0,0.6180339887498949,0.4487989505128276,0.0,0.0,0.0,3,0.11721022975334802,[0.30552681588547176 0.0 0.0 0.0; 0.0 0.06066511340554452 -0.0084643272720848 -0.009493530642975635; 0.0 -0.008464327272085178 0.054998653146689475 -0.003805599485496551; 0.0 -0.009493530642975844 -0.0038055994854970187 0.059413005997394325],[-0.06741580022457694 0.0 0.0 0.0; 0.0 -0.0015057235647280417 0.0007655039490991315 0.0005383290404340466; 0.0 0.0007655039490991166 -0.0010817730625970272 0.0002657270901157659; 0.0 0.0005383290404341295 0.00026572709011574196 -0.0014372443776247724],0.3
