L,J,Q,θ,ϕx,ϕy,ϕz,ndims,T,χ,dχdlogT,Λ
23,2.7,0.6180339887498949,0.4487989505128276,0.0,0.0,0.0,3,5.298316906283709,[0.04505340309429974 0.0 0.0 0.0; 0.0 0.021752786022547498 -0.00022705029489227002 -0.00022882192874343606; 0.0 -0.00022705029489210047 0.021588561977814936 -0.00022054134106546538; 0.0 -0.00022882192874353104 -0.0002205413410653644 0.021679146459130213],[-0.04126351739405918 0.0 0.0 0.0; 0.0 -0.018544266814973755 0.0005939744500725866 0.0006015863256718711; 0.0 0.0005939744500726237 -0.018124979528431187 0.0005648135153390118; 0.0 0.0006015863256720375 0.0005648135153390315 -0.018355664327256126],0.3
