L,J,Q,θ,ϕx,ϕy,ϕz,ndims,T,χ,dχdlogT,Λ
23,0.2,0.6180339887498949,0.4487989505128276,2.7021284372413685,1.7755627243925605,3.65110649663724,3,2.807216203941177,[0.08420987164845746 0.0 0.0 0.0; 0.0 0.041731977740537406 -0.0014298218759626385 -0.0014291970727976565; 0.0 -0.0014298218759618826 0.04172374159193584 -0.0014421599938513653; 0.0 -0.001429197072796956 -0.0014421599938513666 0.04172968737351496],[-0.07591128907217175 0.0 0.0 0.0; 0.0 -0.03702448545645777 0.003626024662278038 0.0036251084777478375; 0.0 0.0036260246622775052 -0.03700168526570404 0.003655927362451036; 0.0 0.0036251084777482 0.003655927362451022 -0.03701802964562021],0.3
