L,J,Q,θ,ϕx,ϕy,ϕz,ndims,T,χ,dχdlogT,Λ
23,1.6,0.6180339887498949,0.4487989505128276,0.0,0.0,0.0,3,1.0826367338740543,[0.16408205879108032 0.0 0.0 0.0; 0.0 0.06897927104773954 -0.006620335751656442 -0.00684159252538556; 0.0 -0.0066203357516564365 0.06675722535839151 -0.0057111219590693894; 0.0 -0.0068415925253853555 -0.005711121959068829 0.06801818621252757],[-0.0999735921030327 0.0 0.0 0.0; 0.0 -0.028726695209822656 0.0077930571089769056 0.00831118073295768; 0.0 0.007793057108977194 -0.02545947221785523 0.005673138456267945; 0.0 0.00831118073295793 0.005673138456268035 -0.027348084986712713],0.3
