L,J,Q,θ,ϕx,ϕy,ϕz,ndims,T,χ,dχdlogT,Λ
23,0.6,0.6180339887498949,0.4487989505128276,0.0,0.0,0.0,3,0.0853167852417281,[0.5151862785413663 0.0 0.0 0.0; 0.0 0.18036625323196173 -0.04555112400899072 -0.04991726350918477; 0.0 -0.04555112400899652 0.16957060512543265 -0.041490089651497176; 0.0 -0.04991726350917534 -0.041490089651493436 0.17566028184425206],[-0.13652789556595732 0.0 0.0 0.0; 0.0 -0.02139365878888628 0.007876290183832999 0.009904358113461171; 0.0 0.007876290183832447 -0.017122486532650704 0.007303244156898012; 0.0 0.009904358113461707 0.007303244156899014 -0.01974440778115432],0.3
