L,J,Q,θ,ϕx,ϕy,ϕz,ndims,T,χ,dχdlogT,Λ
23,2.6,0.6180339887498949,0.4487989505128276,0.0,0.0,0.0,3,0.11721022975334802,[0.32764872217433366 0.0 0.0 0.0; 0.0 0.06837798703631744 -0.010103438586355632 -0.011558059690933395; 0.0 -0.010103438586355963 0.0617455939688881 -0.00460499028146634; 0.0 -0.011558059690934281 -0.004604990281466251 0.06661100807740007],[-0.07273847456059124 0.0 0.0 0.0; 0.0 -0.0015500920782513562 0.0007526705022943914 0.000784870498349641; 0.0 0.0007526705022943476 -0.0008605054800823705 1.3053807138592265e-5; 0.0 0.0007848704983496203 1.3053807138583168e-5 -0.0014672918451068486],0.3
