L,J,Q,θ,ϕx,ϕy,ϕz,ndims,T,χ,dχdlogT,Λ
23,0.2,0.6180339887498949,0.4487989505128276,5.110176458907572,4.7865532335544,4.583331853321324,3,2.807216203941177,[0.08419419427837854 0.0 0.0 0.0; 0.0 0.04172777468973213 -0.0014411076701705574 -0.0014255827398209637; 0.0 -0.0014411076701705595 0.04171612180901398 -0.0014265626987929202; 0.0 -0.001425582739820905 -0.0014265626987914673 0.041725550748499506],[-0.07586728286697093 0.0 0.0 0.0; 0.0 -0.037012351674870374 0.0036537361867235475 0.0036153714585558973; 0.0 0.003653736186723521 -0.036980549826535696 0.00361549213739266; 0.0 0.0036153714585557706 0.0036154921373927713 -0.037006068704903076],0.3
