L,J,Q,θ,ϕx,ϕy,ϕz,ndims,T,χ,dχdlogT,Λ
23,2.2,0.6180339887498949,0.4487989505128276,0.0,0.0,0.0,3,0.002592943797404667,[0.6223765056633698 0.0 0.0 0.0; 0.0 0.08013032347888117 -0.013024195866345912 -0.014995344695558032; 0.0 -0.013024195866345758 0.07129591111434741 -0.005151059047142148; 0.0 -0.014995344695557933 -0.005151059047141533 0.07797023413205302],[-0.06680802805028853 0.0 0.0 0.0; 0.0 -3.4646162253043e-5 -1.3126054510481238e-5 -7.859452167276315e-5; 0.0 -1.312605451048148e-5 -8.299957151346395e-5 -0.00013193786787743904; 0.0 -7.85945216727653e-5 -0.000131937867877442 -0.00027152849206623465],0.3
