L,J,Q,θ,ϕx,ϕy,ϕz,ndims,T,χ,dχdlogT,Λ
23,0.3,0.6180339887498949,0.4487989505128276,0.0,0.0,0.0,3,0.30391953823131973,[0.35174740840435625 0.0 0.0 0.0; 0.0 0.16006777062656344 -0.038042292729232374 -0.038589372684074155; 0.0 -0.038042292729227406 0.15843511495770846 -0.037399788066580196; 0.0 -0.03858937268406144 -0.037399788066574034 0.1593532735426329],[-0.1404363453865622 0.0 0.0 0.0; 0.0 -0.054118762508774565 0.023410401832580013 0.024438797097530742; 0.0 0.02341040183258442 -0.0520561156574069 0.022799675074194777; 0.0 0.02443879709752867 0.02279967507420883 -0.05333370376620174],0.3
