L,J,Q,θ,ϕx,ϕy,ϕz,ndims,T,χ,dχdlogT,Λ
23,1.7,0.6180339887498949,0.4487989505128276,0.0,0.0,0.0,3,0.5736152510448679,[0.22730983711126682 0.0 0.0 0.0; 0.0 0.08143121211180142 -0.010832001271739982 -0.011580013287474; 0.0 -0.010832001271741078 0.07670730360458623 -0.007926513431147147; 0.0 -0.011580013287473918 -0.007926513431147076 0.07943867664408694],[-0.10468917170170584 0.0 0.0 0.0; 0.0 -0.017392818307832385 0.006423247367948504 0.007549220064423693; 0.0 0.0064232473679487765 -0.013304541861127839 0.00271853744402662; 0.0 0.007549220064424075 0.0027185374440267984 -0.015642120782152158],0.3
