L,J,Q,θ,ϕx,ϕy,ϕz,ndims,T,χ,dχdlogT,Λ
23,0.0,0.6180339887498949,0.4487989505128276,4.8845067603404955,0.6016053864543752,2.657323595907325,3,0.0018873918221350976,[0.5354473172921554 0.0 0.0 0.0; 0.0 0.2355183728772266 -0.0704864364606382 -0.08097350140982318; 0.0 -0.07048643646063815 0.24442950153078535 -0.08951522033681933; 0.0 -0.08097350140982283 -0.0895152203368197 0.2558210543550596],[-0.0017285375452020413 0.0 0.0 0.0; 0.0 -0.00036699759961460464 -0.0004528429233208284 0.0007905563721544294; 0.0 -0.0004528429233208283 -0.0007718879944249186 0.0012386524266617973; 0.0 0.0007905563721544299 0.0012386524266617955 -0.0020532683119153156],0.3
