L,J,Q,θ,ϕx,ϕy,ϕz,ndims,T,χ,dχdlogT,Λ
23,1.9,0.6180339887498949,0.4487989505128276,0.0,0.0,0.0,3,0.5736152510448679,[0.2212322372398292 0.0 0.0 0.0; 0.0 0.07622495943153063 -0.009680281676468946 -0.010403100527474134; 0.0 -0.00968028167646832 0.0715242796438853 -0.0066962990912929; 0.0 -0.01040310052747419 -0.006696299091292773 0.07432683132828109],[-0.09971721813050034 0.0 0.0 0.0; 0.0 -0.014524942977827152 0.005522051401183461 0.006580113733475554; 0.0 0.005522051401183256 -0.010874114559624668 0.0019756538643038424; 0.0 0.006580113733475438 0.0019756538643038893 -0.013117723815653062],0.3
