L,J,Q,θ,ϕx,ϕy,ϕz,ndims,T,χ,dχdlogT,Λ
23,2.8,0.6180339887498949,0.4487989505128276,0.0,0.0,0.0,3,0.2212216291070449,[0.2699563323702016 0.0 0.0 0.0; 0.0 0.06285779937112837 -0.008494757580552176 -0.009664765703032905; 0.0 -0.008494757580552502 0.05724586178832249 -0.004011307084877297; 0.0 -0.009664765703032768 -0.004011307084877419 0.06141649759959506],[-0.07548286244743564 0.0 0.0 0.0; 0.0 -0.0031419895512614093 0.0016204233746803414 0.0019658987516486155; 0.0 0.0016204233746802469 -0.002065790634173155 0.00038636942215648714; 0.0 0.0019658987516488606 0.00038636942215646507 -0.0030701423341662403],0.3
