L,J,Q,θ,ϕx,ϕy,ϕz,ndims,T,χ,dχdlogT,Λ
23,0.0,0.6180339887498949,0.4487989505128276,0.0,0.0,0.0,3,0.03290344562312668,[0.6565507365599592 0.0 0.0 0.0; 0.0 0.29845150178551283 -0.10273320299348199 -0.10273320299348127; 0.0 -0.10273320299347936 0.29845150178551005 -0.10273320299348193; 0.0 -0.10273320299347911 -0.1027332029934789 0.2984515017855055],[-0.11068916203890951 0.0 0.0 0.0; 0.0 -0.05188641794931695 0.024719072786360204 0.024719072786360707; 0.0 0.024719072786360347 -0.05188641794931619 0.02471907278636035; 0.0 0.024719072786360173 0.02471907278636026 -0.051886417949316734],0.3
