L,J,Q,θ,ϕx,ϕy,ϕz,ndims,T,χ,dχdlogT,Λ
23,2.2,0.6180339887498949,0.4487989505128276,0.0,0.0,0.0,3,2.807216203941177,[0.07958179276941864 0.0 0.0 0.0; 0.0 0.036940711597634596 -0.0011203314077449305 -0.0011372228135237857; 0.0 -0.0011203314077449233 0.03639374873210494 -0.0010523527052511633; 0.0 -0.0011372228135236074 -0.0010523527052515474 0.036696896065290405],[-0.06516250388502097 0.0 0.0 0.0; 0.0 -0.025866946645767126 0.0024177300010540617 0.0024777824374752184; 0.0 0.00241773000105422 -0.02469299772246663 0.0021567004921811414; 0.0 0.0024777824374752427 0.0021567004921810404 -0.025347503133788776],0.3
