L,J,Q,θ,ϕx,ϕy,ϕz,ndims,T,χ,dχdlogT,Λ
23,0.5,0.6180339887498949,0.4487989505128276,0.0,0.0,0.0,3,0.02395026619987486,[0.6980794659595088 0.0 0.0 0.0; 0.0 0.22329500775266883 -0.06265438033037031 -0.06831776318459462; 0.0 -0.06265438033037722 0.2088956876992356 -0.059692417899888835; 0.0 -0.06831776318458645 -0.05969241789985793 0.21700051282650254],[-0.14038565146892626 0.0 0.0 0.0; 0.0 -0.023209224910431796 0.009458601501456419 0.008767052371345585; 0.0 0.009458601501455563 -0.018798968910303467 0.008019261496099954; 0.0 0.008767052371346071 0.008019261496100228 -0.01916034140919552],0.3
