L,J,Q,θ,ϕx,ϕy,ϕz,ndims,T,χ,dχdlogT,Λ
23,0.4,0.6180339887498949,0.4487989505128276,0.0,0.0,0.0,3,0.2212216291070449,[0.39351920190374684 0.0 0.0 0.0; 0.0 0.17021255620826026 -0.04230089582989615 -0.04372400039231612; 0.0 -0.04230089582990901 0.1664975788341342 -0.04090373697879639; 0.0 -0.0437240003922941 -0.04090373697879855 0.16863433213756168],[-0.13894715840663935 0.0 0.0 0.0; 0.0 -0.0443660054865284 0.01877840904404047 0.02087886597469347; 0.0 0.018778409044047702 -0.04075482154970479 0.017961992566300402; 0.0 0.02087886597469901 0.0179619925663044 -0.04315447061441738],0.3
