L,J,Q,θ,ϕx,ϕy,ϕz,ndims,T,χ,dχdlogT,Λ
23,0.0,0.6180339887498949,0.4487989505128276,4.8845067603404955,0.6016053864543752,2.657323595907325,3,7.27895384398315,[0.03402861549586987 0.0 0.0 0.0; 0.0 0.016988766794116695 -0.0001031456044685691 -0.00010214439701583281; 0.0 -0.00010314560446856867 0.016988972481729554 -0.0001020448943521859; 0.0 -0.00010214439701583717 -0.00010204489435218086 0.016989056037260704],[-0.0334117147597242 0.0 0.0 0.0; 0.0 -0.016631801342868346 0.0003005182391249478 0.000297602436174713; 0.0 0.0003005182391249471 -0.01663240372032068 0.0002973156024711589; 0.0 0.0002976024361746971 0.0002973156024711564 -0.016632648428359483],0.3
