L,J,Q,θ,ϕx,ϕy,ϕz,ndims,T,χ,dχdlogT,Λ
23,1.2,0.6180339887498949,0.4487989505128276,0.0,0.0,0.0,3,2.043359717856942,[0.10777099245472252 0.0 0.0 0.0; 0.0 0.05124725622804811 -0.0026840930647236165 -0.002709501220186628; 0.0 -0.002684093064723462 0.05077849391803658 -0.002595028147213263; 0.0 -0.002709501220186638 -0.002595028147214367 0.05104149170775008],[-0.08640755107965997 0.0 0.0 0.0; 0.0 -0.03710985116077323 0.005552782428697872 0.005645797940098409; 0.0 0.00555278242869851 -0.03602224293212441 0.005222155646514717; 0.0 0.005645797940099076 0.005222155646514787 -0.03663423080951996],0.3
