L,J,Q,θ,ϕx,ϕy,ϕz,ndims,T,χ,dχdlogT,Λ
23,0.4,0.6180339887498949,0.4487989505128276,0.0,0.0,0.0,3,0.03290344562312668,[0.6573425819922039 0.0 0.0 0.0; 0.0 0.234721354580491 -0.0684048307799537 -0.07376791746610246; 0.0 -0.0684048307799873 0.22345416283680491 -0.06722437278567438; 0.0 -0.07376791746609265 -0.06722437278567553 0.23073907984719408],[-0.13554732688889692 0.0 0.0 0.0; 0.0 -0.028485625369329342 0.011676717371733949 0.011600087682080703; 0.0 0.011676717371732655 -0.024330056921409642 0.011358535055547425; 0.0 0.011600087682080804 0.011358535055546404 -0.025510994365334917],0.3
