L,J,Q,θ,ϕx,ϕy,ϕz,ndims,T,χ,dχdlogT,Λ
23,0.0,0.6180339887498949,0.4487989505128276,2.7021284372413685,1.7755627243925605,3.65110649663724,3,3.856620421163471,[0.06283454583566003 0.0 0.0 0.0; 0.0 0.03126492790426187 -0.0006199117370551947 -0.0006195138509918683; 0.0 -0.0006199117370551972 0.03126436115362183 -0.0006255989677278625; 0.0 -0.0006195138509918663 -0.0006255989677278659 0.031265234037859295],[-0.05919725198847502 0.0 0.0 0.0; 0.0 -0.02918959824326612 0.001689370328157526 0.0016883325123303314; 0.0 0.00168937032815752 -0.029188023281493686 0.0017048855156842253; 0.0 0.001688332512330355 0.0017048855156842253 -0.029190449012635244],0.3
