L,J,Q,θ,ϕx,ϕy,ϕz,ndims,T,χ,dχdlogT,Λ
23,2.9,0.6180339887498949,0.4487989505128276,0.0,0.0,0.0,3,2.807216203941177,[0.07698564233551088 0.0 0.0 0.0; 0.0 0.03437174020189007 -0.0009696427945759559 -0.0009905846222326594; 0.0 -0.0009696427945757773 0.03362820902321769 -0.0008736244216628268; 0.0 -0.0009905846222327773 -0.0008736244216628482 0.03403901158989164],[-0.059957342504675944 0.0 0.0 0.0; 0.0 -0.020981099829755545 0.001924313073846671 0.001990052935357236; 0.0 0.0019243130738467364 -0.019605462269784164 0.0015814837521499886; 0.0 0.0019900529353562737 0.0015814837521499908 -0.020379095178639426],0.3
