L,J,Q,θ,ϕx,ϕy,ϕz,ndims,T,χ,dχdlogT,Λ
23,0.2,0.6180339887498949,0.4487989505128276,2.7021284372413685,1.7755627243925605,3.65110649663724,3,0.017433288221999882,[0.6157148217508601 0.0 0.0 0.0; 0.0 0.2535701985684339 -0.07960580964464374 -0.08874641710376914; 0.0 -0.07960580964463375 0.25022037429274474 -0.08778518070288092; 0.0 -0.08874641710374713 -0.08778518070288098 0.26050633644791304],[-0.01534526418656742 0.0 0.0 0.0; 0.0 -0.0014894043246116392 0.0007084407097493307 0.0007804708836294247; 0.0 0.0007084407097493983 -0.006502841165171675 0.005959389174279586; 0.0 0.0007804708836293918 0.0059593891742795915 -0.006967548224019769],0.3
