L,J,Q,θ,μ,ϕx,ϕy,ϕz,ndims,T,χ,dχdlogT,Λ
23,1.0,0.6180339887498949,0.4487989505128276,0.75,2.1572982109170415,0.14489139663191852,2.235647124721977,3,0.017433288221999882,[0.37573790795273815 0.0 0.0 0.0; 0.0 0.020417775212178753 -0.0036060877686584936 -0.0038804111547877653; 0.0 -0.003606087768658484 0.02007264416038448 -0.003794069429213615; 0.0 -0.003880411154787561 -0.0037940694292135776 0.020421541231937325],[-0.12639526505324075 0.0 0.0 0.0; 0.0 -0.0016883979394579094 -0.0011115868113240588 -0.0011205911643596433; 0.0 -0.0011115868113241243 -0.0015496746118702192 -0.001061987597526813; 0.0 -0.001120591164359657 -0.0010619875975267593 -0.0016712203965958765],0.3
