L,J,Q,θ,μ,ϕx,ϕy,ϕz,ndims,T,χ,dχdlogT,Λ
23,2.0,0.6180339887498949,0.4487989505128276,0.75,4.009261164013791,2.1984173184720874,2.942941359066305,3,0.009236708571873866,[0.3642556246618285 0.0 0.0 0.0; 0.0 0.007395996540217459 -0.002207370648178994 -0.0019984287940408565; 0.0 -0.0022073706481789603 0.00730331115206321 -0.0019694989868039915; 0.0 -0.001998428794040887 -0.0019694989868040192 0.007337751141537149],[-0.10020565271850457 0.0 0.0 0.0; 0.0 -0.0001356289460358213 -7.88608752115228e-5 -5.052079278324171e-5; 0.0 -7.886087521152282e-5 -0.00017788050773282337 -7.692864701127783e-5; 0.0 -5.0520792783243286e-5 -7.692864701127831e-5 -0.00011959825154128805],0.3
