L,J,Q,θ,μ,ϕx,ϕy,ϕz,ndims,T,χ,dχdlogT,Λ
23,0.0,0.6180339887498949,0.4487989505128276,0.75,0.6332610369913497,5.1149981805603915,3.73563864994291,3,10.0,[0.002182075842640431 0.0 0.0 0.0; 0.0 0.0009457679863121943 -0.0004178903304469299 -0.0004226479942351927; 0.0 -0.00041789033044693004 0.0009421109126530532 -0.0004147213343385686; 0.0 -0.0004226479942351928 -0.0004147213343385687 0.0009437982817586618],[-0.0021819635414254863 0.0 0.0 0.0; 0.0 -0.0009457208999212256 0.00041786997524608183 0.0004226267099332715; 0.0 0.0004178699752460819 -0.000942064532027074 0.00041470141295131465; 0.0 0.00042262670993327157 0.0004147014129513146 -0.0009437514505066304],0.3
