L,J,Q,θ,μ,ϕx,ϕy,ϕz,ndims,T,χ,dχdlogT,Λ
23,20.0,0.6180339887498949,0.4487989505128276,0.75,1.524777261286139,2.2112335093899436,3.542671696297912,3,2.807216203941177,[0.0008487860283321192 0.0 0.0 0.0; 0.0 2.6509772149606518e-5 -2.8304179128720084e-6 4.256394023322076e-7; 0.0 -2.8304179128720096e-6 2.6934872458723017e-5 8.872909924393363e-7; 0.0 4.2563940233220695e-7 8.872909924393321e-7 3.0800856228156684e-5],[-0.0008482374938541498 0.0 0.0 0.0; 0.0 -2.6493330483605453e-5 2.8301904235043985e-6 -4.245514647219481e-7; 0.0 2.830190423504406e-6 -2.6917017716341943e-5 -8.878094609793167e-7; 0.0 -4.2455146472194714e-7 -8.878094609793117e-7 -3.0778958890816666e-5],0.3
