L,J,Q,θ,μ,ϕx,ϕy,ϕz,ndims,T,χ,dχdlogT,Λ
23,0.0,0.6180339887498949,0.4487989505128276,0.75,1.9901092843447468,5.411747857943236,4.4451051863530715,3,0.06210169418915616,[0.2446797459405103 0.0 0.0 0.0; 0.0 0.1075057092467191 -0.04728369076609803 -0.04820846024634131; 0.0 -0.047283690766098056 0.10674238363884962 -0.04728688584435797; 0.0 -0.048208460246341324 -0.04728688584435797 0.10721218789901679],[-0.14171077687323028 0.0 0.0 0.0; 0.0 -0.06172863666001663 0.027783328930682413 0.027102867972741918; 0.0 0.02778332893068242 -0.06229907448908925 0.02782409519446888; 0.0 0.027102867972741904 0.027824095194468892 -0.06176090947715949],0.3
