L,J,Q,θ,μ,ϕx,ϕy,ϕz,ndims,T,χ,dχdlogT,Λ
23,1.0,0.6180339887498949,0.4487989505128276,0.75,0.97214979122521,4.062456537363038,2.9445300006073447,3,0.30391953823131973,[0.06086906006265023 0.0 0.0 0.0; 0.0 0.005433228387065385 -0.002129320556542557 -0.002090128467453841; 0.0 -0.002129320556542439 0.00558760525354475 -0.002141663662874459; 0.0 -0.002090128467453828 -0.002141663662874529 0.005523579851705386],[-0.05784086110662718 0.0 0.0 0.0; 0.0 -0.004932266597706548 0.0019179244254984248 0.0018822482799485867; 0.0 0.0019179244254984031 -0.005074562201518564 0.0019286951566604303; 0.0 0.0018822482799485869 0.0019286951566603635 -0.005014046166449564],0.3
