L,J,Q,θ,μ,ϕx,ϕy,ϕz,ndims,T,χ,dχdlogT,Λ
23,0.3,0.6180339887498949,0.4487989505128276,0.75,1.9901092843447468,5.411747857943236,4.4451051863530715,3,0.001,[0.7961083631211786 0.0 0.0 0.0; 0.0 0.10370343370250777 -0.03725844051509002 -0.037758370960965196; 0.0 -0.037258440515091085 0.10387385947404593 -0.03919500750336008; 0.0 -0.03775837096096382 -0.03919500750336059 0.10295902878314447],[-0.12310532954526249 0.0 0.0 0.0; 0.0 -0.0020993225803253414 -0.001466247360166711 -0.0015331476887752928; 0.0 -0.0014662473601667165 -0.001148605283609762 -0.001092950867045749; 0.0 -0.0015331476887752917 -0.001092950867045746 -0.0008955031763308838],0.3
