L,J,Q,θ,μ,ϕx,ϕy,ϕz,ndims,T,χ,dχdlogT,Λ
23,2.0,0.6180339887498949,0.4487989505128276,0.75,1.1867398016420951,1.5704158831416337,1.3243486129212259,3,0.30391953823131973,[0.047372574875724736 0.0 0.0 0.0; 0.0 0.002357132966942584 -0.0005124094868360094 -0.0005997739401412389; 0.0 -0.0005124094868359921 0.002349839669331443 -0.0005701623927771434; 0.0 -0.0005997739401412633 -0.0005701623927771235 0.0023906668827094234],[-0.04503115921184383 0.0 0.0 0.0; 0.0 -0.002141733104582346 0.0004543561623918541 0.000535166058892847; 0.0 0.0004543561623918513 -0.0021365801778175583 0.0005072748590629576; 0.0 0.000535166058892844 0.0005072748590629493 -0.002173436579248009],0.3
