L,J,Q,θ,μ,ϕx,ϕy,ϕz,ndims,T,χ,dχdlogT,Λ
23,0.3,0.6180339887498949,0.4487989505128276,0.75,5.114081781791591,1.9778970122642205,6.104975597610122,3,0.5736152510448679,[0.03648052696651423 0.0 0.0 0.0; 0.0 0.011052367640105958 -0.004816533967381426 -0.004862013584287341; 0.0 -0.004816533967381491 0.010985470515514273 -0.004808835467920991; 0.0 -0.004862013584287448 -0.0048088354679203475 0.011041090854283422],[-0.035945883488736584 0.0 0.0 0.0; 0.0 -0.01085699355164012 0.004730654018415737 0.00477432146136444; 0.0 0.004730654018415593 -0.010791898529621355 0.00472218617845146; 0.0 0.004774321461364433 0.004722186178451606 -0.01084515076401254],0.3
