L,J,Q,θ,μ,ϕx,ϕy,ϕz,ndims,T,χ,dχdlogT,Λ
23,0.25,0.6180339887498949,0.4487989505128276,0.75,1.1867398016420951,1.5704158831416337,1.3243486129212259,3,0.2212216291070449,[0.0916880507442871 0.0 0.0 0.0; 0.0 0.030601791803305498 -0.013150851112545207 -0.013060896308011665; 0.0 -0.013150851112545273 0.030589169023525417 -0.013047530280274533; 0.0 -0.013060896308012241 -0.013047530280274885 0.030589428397371797],[-0.08364890895193622 0.0 0.0 0.0; 0.0 -0.02753444649309924 0.011787823945710426 0.011761999772295618; 0.0 0.011787823945710695 -0.02754726223259649 0.011767116950619747; 0.0 0.01176199977229565 0.011767116950619964 -0.027593008998178254],0.3
