L,J,Q,θ,μ,ϕx,ϕy,ϕz,ndims,T,χ,dχdlogT,Λ
23,2.0,0.6180339887498949,0.4487989505128276,0.75,3.1171297709400028,1.0050771981932143,6.255505685491214,3,0.5736152510448679,[0.025635360881591494 0.0 0.0 0.0; 0.0 0.0013714786395600063 -0.0002961262214878391 -0.00028795162740626273; 0.0 -0.00029612622148785547 0.0013734762229666332 -0.0003141705451332113; 0.0 -0.00028795162740625704 -0.0003141705451332095 0.0013231767524242348],[-0.025258577795666946 0.0 0.0 0.0; 0.0 -0.0013349375467060151 0.0002857539618413291 0.00027805898470156185; 0.0 0.0002857539618413298 -0.0013366627302621502 0.00030385943780916546; 0.0 0.00027805898470155605 0.0003038594378091618 -0.0012878328709994427],0.3
