L,J,Q,θ,μ,ϕx,ϕy,ϕz,ndims,T,χ,dχdlogT,Λ
23,2.5,0.6180339887498949,0.4487989505128276,0.75,3.1171297709400028,1.0050771981932143,6.255505685491214,3,0.2212216291070449,[0.05573677917548131 0.0 0.0 0.0; 0.0 0.0023667843117739645 -0.0004947290637130605 -0.00046193642855590656; 0.0 -0.0004947290637130737 0.0022758239159074564 -0.0005697813095114756; 0.0 -0.00046193642855589637 -0.0005697813095114755 0.0023511395898415206],[-0.05087782214423174 0.0 0.0 0.0; 0.0 -0.0020003881616317254 0.0004082971878957301 0.0003768557113643891; 0.0 0.00040829718789573257 -0.0019216105417244839 0.00046730401068809064; 0.0 0.0003768557113643884 0.0004673040106880866 -0.001982708562890001],0.3
