L,J,Q,θ,μ,ϕx,ϕy,ϕz,ndims,T,χ,dχdlogT,Λ
23,6.0,0.6180339887498949,0.4487989505128276,0.75,4.573334702516201,2.5164343054203417,5.644257977725345,3,0.06210169418915616,[0.08157376045223898 0.0 0.0 0.0; 0.0 0.003208715538262534 -0.00011833845291759894 -0.00018474734173011884; 0.0 -0.00011833845291759623 0.002804869429115031 -0.00023261375454226006; 0.0 -0.00018474734173011542 -0.00023261375454225846 0.0028842049410782848],[-0.047280136508005846 0.0 0.0 0.0; 0.0 -0.0014330895066449235 8.611379030001469e-5 5.6315023026226574e-5; 0.0 8.611379030001558e-5 -0.0011817884023546236 6.458625706524386e-5; 0.0 5.631502302622651e-5 6.458625706524491e-5 -0.001299934680029627],0.3
