L,J,Q,θ,μ,ϕx,ϕy,ϕz,ndims,T,χ,dχdlogT,Λ
23,0.75,0.6180339887498949,0.4487989505128276,0.75,1.1867398016420951,1.5704158831416337,1.3243486129212259,3,0.017433288221999882,[0.39362525210597243 0.0 0.0 0.0; 0.0 0.029695442011425825 -0.007344677291080729 -0.007215313291040158; 0.0 -0.007344677291081199 0.0295715742389995 -0.007450683142345473; 0.0 -0.007215313291040168 -0.007450683142345185 0.02973260776911667],[-0.13257693984276678 0.0 0.0 0.0; 0.0 -0.0022886923030983703 -0.0012256909188493616 -0.0012301892615088244; 0.0 -0.001225690918849278 -0.002162613114906547 -0.0011808545657754537; 0.0 -0.0012301892615089168 -0.0011808545657754105 -0.0023206538462004767],0.3
