L,J,Q,θ,μ,ϕx,ϕy,ϕz,ndims,T,χ,dχdlogT,Λ
23,0.45,0.6180339887498949,0.4487989505128276,0.75,1.9901092843447468,5.411747857943236,4.4451051863530715,3,7.27895384398315,[0.0028594103992949913 0.0 0.0 0.0; 0.0 0.000651258587750378 -0.0002804208446526349 -0.00027959464235923447; 0.0 -0.00028042084465263346 0.000652256559316022 -0.0002815321613514044; 0.0 -0.00027959464235924016 -0.0002815321613513995 0.0006520164548909458],[-0.0028591406310013137 0.0 0.0 0.0; 0.0 -0.0006511688519044879 0.0002803809568267728 0.00027955442634799077; 0.0 0.00028038095682676007 -0.0006521673230444438 0.00028149228737798355; 0.0 0.0002795544263479849 0.0002814922873779785 -0.000651926868558438],0.3
