L,J,Q,θ,μ,ϕx,ϕy,ϕz,ndims,T,χ,dχdlogT,Λ
23,0.5,0.6180339887498949,0.4487989505128276,0.75,2.1572982109170415,0.14489139663191852,2.235647124721977,3,0.06210169418915616,[0.234516247305073 0.0 0.0 0.0; 0.0 0.041728976228468544 -0.01556651636477014 -0.01556124505404261; 0.0 -0.01556651636477032 0.04112003788634012 -0.015215441685779051; 0.0 -0.015561245054042038 -0.015215441685778208 0.04106387992145618],[-0.1349272475123733 0.0 0.0 0.0; 0.0 -0.015226051984987762 0.0046607832477139 0.004705997465616357; 0.0 0.004660783247713764 -0.014911857523610003 0.004461227436470438; 0.0 0.004705997465615941 0.004461227436470456 -0.014816114744636406],0.3
