L,J,Q,θ,μ,ϕx,ϕy,ϕz,ndims,T,χ,dχdlogT,Λ
23,5.25,0.6180339887498949,0.4487989505128276,0.75,0.6332610369913497,5.1149981805603915,3.73563864994291,3,0.30391953823131973,[0.024573997324599636 0.0 0.0 0.0; 0.0 0.0009863673354021227 -0.00011492308673949739 -0.00019833110213286203; 0.0 -0.00011492308673949524 0.0009251945275298273 -4.814767172299799e-5; 0.0 -0.0001983311021328633 -4.81476717229981e-5 0.0009700322235850123],[-0.02335623635559857 0.0 0.0 0.0; 0.0 -0.0009230680543118997 0.00010639584365235628 0.00018456064568289908; 0.0 0.00010639584365235795 -0.0008580985545463944 4.576168625809621e-5; 0.0 0.00018456064568289813 4.5761686258095656e-5 -0.0009034526701712051],0.3
