L,J,Q,θ,μ,ϕx,ϕy,ϕz,ndims,T,χ,dχdlogT,Λ
23,0.5,0.6180339887498949,0.4487989505128276,0.75,4.132451531425368,5.947095563423896,4.191967794820508,3,2.807216203941177,[0.007375697227624938 0.0 0.0 0.0; 0.0 0.0015041128012637653 -0.0006338907803341492 -0.000639962612985758; 0.0 -0.0006338907803341551 0.0015042879123322902 -0.0006357491080342325; 0.0 -0.0006399626129857333 -0.0006357491080342597 0.0015090331852081907],[-0.007371009285078778 0.0 0.0 0.0; 0.0 -0.0015026483436250964 0.0006332446501404337 0.000639310353978145; 0.0 0.0006332446501404436 -0.0015028156375117452 0.0006350921004265377; 0.0 0.0006393103539781613 0.0006350921004265586 -0.0015075581429217048],0.3
