L,J,Q,θ,μ,ϕx,ϕy,ϕz,ndims,T,χ,dχdlogT,Λ
23,0.1,0.6180339887498949,0.4487989505128276,0.75,2.8434750556154693,6.271360329032751,5.554110858698297,3,3.856620421163471,[0.005598586212839114 0.0 0.0 0.0; 0.0 0.002319770590666336 -0.0009941160286778658 -0.0010598147746554796; 0.0 -0.0009941160286778637 0.00226236322439786 -0.000990265875382689; 0.0 -0.0010598147746554965 -0.0009902658753827163 0.0023225195787327435],[-0.005596680145744844 0.0 0.0 0.0; 0.0 -0.002318964966965619 0.0009938009133568253 0.0010594158482522442; 0.0 0.0009938009133567758 -0.0022616394372220613 0.0009899591079184412; 0.0 0.001059415848252232 0.000989959107918389 -0.0023217142590173743],0.3
