L,J,Q,θ,μ,ϕx,ϕy,ϕz,ndims,T,χ,dχdlogT,Λ
23,0.4,0.6180339887498949,0.4487989505128276,0.75,5.898286875632164,2.2120676557336663,3.0137624604328344,3,0.03290344562312668,[0.3214291230718937 0.0 0.0 0.0; 0.0 0.06244928621531681 -0.025478501956213855 -0.026151508172456508; 0.0 -0.025478501956213775 0.06202515427734382 -0.026395734181830038; 0.0 -0.02615150817245707 -0.02639573418182923 0.06272752266692665],[-0.13184220906198793 0.0 0.0 0.0; 0.0 -0.012542299452816706 0.0039244131442359555 0.004124368353501809; 0.0 0.0039244131442359356 -0.012204853177105828 0.004615466308855453; 0.0 0.004124368353501816 0.00461546630885533 -0.01240914439704976],0.3
