L,J,Q,θ,μ,ϕx,ϕy,ϕz,ndims,T,χ,dχdlogT,Λ
23,0.3,0.6180339887498949,0.4487989505128276,0.75,0.7255422784305496,3.4349328561497185,3.4347212092384636,3,0.41753189365604015,[0.04988684668614325 0.0 0.0 0.0; 0.0 0.014895544723912718 -0.006529089525571099 -0.006506283423422153; 0.0 -0.006529089525571074 0.01493597860086997 -0.006541543636626144; 0.0 -0.0065062834234222815 -0.006541543636626904 0.014903498805007485],[-0.04852320693384717 0.0 0.0 0.0; 0.0 -0.014429766115927627 0.006322648940454604 0.006300386124912266; 0.0 0.006322648940454966 -0.014460373858025677 0.006326889040090304; 0.0 0.006300386124912692 0.006326889040090679 -0.01442846741100902],0.3
