L,J,Q,θ,μ,ϕx,ϕy,ϕz,ndims,T,χ,dχdlogT,Λ
23,1.0,0.6180339887498949,0.4487989505128276,0.75,2.8434750556154693,6.271360329032751,5.554110858698297,3,3.856620421163471,[0.004890121199925559 0.0 0.0 0.0; 0.0 0.0004879491534595437 -0.00015545164209560257 -0.0001572997364131083; 0.0 -0.00015545164209559772 0.00048636590871440564 -0.00015133299014551683; 0.0 -0.000157299736413111 -0.00015133299014551772 0.00048663081812827275],[-0.0048884853148660696 0.0 0.0 0.0; 0.0 -0.00048765103674406804 0.00015533846519082763 0.00015718623173936334; 0.0 0.000155338465190826 -0.00048606950574367995 0.00015122269625375507; 0.0 0.00015718623173937305 0.00015122269625376605 -0.00048633466515059774],0.3
