L,J,Q,θ,μ,ϕx,ϕy,ϕz,ndims,T,χ,dχdlogT,Λ
23,3.25,0.6180339887498949,0.4487989505128276,0.75,0.6332610369913497,5.1149981805603915,3.73563864994291,3,0.0853167852417281,[0.10081519033170445 0.0 0.0 0.0; 0.0 0.003229992747865283 -0.0006146666105644853 -0.0007280868197846692; 0.0 -0.0006146666105644872 0.0035109105442200014 -0.0006524966812315952; 0.0 -0.000728086819784659 -0.0006524966812316167 0.0034780966247422327],[-0.06761252574777453 0.0 0.0 0.0; 0.0 -0.0014324930092276043 0.00021770193255429422 0.0003032326002632171; 0.0 0.00021770193255429783 -0.0016122226309932786 0.0002521893427024893; 0.0 0.0003032326002632382 0.0002521893427024942 -0.0015806562587719923],0.3
