L,J,Q,θ,μ,ϕx,ϕy,ϕz,ndims,T,χ,dχdlogT,Λ
23,0.1,0.6180339887498949,0.4487989505128276,0.75,0.6788053201262801,1.6207663749671857,3.189075427204989,3,10.0,[0.0021492021675187595 0.0 0.0 0.0; 0.0 0.0008810174650859307 -0.000380835802818982 -0.0004027056301666461; 0.0 -0.00038083580281897845 0.0008690361964622542 -0.00037729499345864236; 0.0 -0.0004027056301666445 -0.0003772949934586346 0.0008839525905840327],[-0.0021490941389350187 0.0 0.0 0.0; 0.0 -0.0008809732338008724 0.00038081806610141693 0.00040268367198478355; 0.0 0.00038081806610143655 -0.0008689951634199628 0.00037727824444153867; 0.0 0.00040268367198477824 0.0003772782444415238 -0.0008839082828628812],0.3
