L,J,Q,θ,μ,ϕx,ϕy,ϕz,ndims,T,χ,dχdlogT,Λ
23,1.0,0.6180339887498949,0.4487989505128276,0.75,0.97214979122521,4.062456537363038,2.9445300006073447,3,10.0,[0.0018985305880531876 0.0 0.0 0.0; 0.0 0.0001732761008025534 -6.815652605047909e-5 -6.690866877206051e-5; 0.0 -6.815652605048368e-5 0.0001781625864785102 -6.855707593305619e-5; 0.0 -6.69086687720596e-5 -6.85570759330547e-5 0.00017616075364021056],[-0.0018984355270049733 0.0 0.0 0.0; 0.0 -0.00017325994622391743 6.814969621064541e-5 6.690195048168541e-5; 0.0 6.814969621064637e-5 -0.0001781460497126958 6.855019603099066e-5; 0.0 6.69019504816839e-5 6.855019603099292e-5 -0.00017614432565937516],0.3
