L,J,Q,θ,μ,ϕx,ϕy,ϕz,ndims,T,χ,dχdlogT,Λ
23,0.0,0.6180339887498949,0.4487989505128276,0.75,1.9901092843447468,5.411747857943236,4.4451051863530715,3,1.4873521072935114,[0.014516420062016542 0.0 0.0 0.0; 0.0 0.00639755915081146 -0.0027706346303290235 -0.0029019660423009273; 0.0 -0.0027706346303290235 0.006280182109728624 -0.002767494915997531; 0.0 -0.0029019660423009277 -0.00276749491599753 0.006363120213960049],[-0.014483129898897244 0.0 0.0 0.0; 0.0 -0.006382772785474754 0.002764609595602871 0.0028950049539221237; 0.0 0.0027646095956028703 -0.006266307201125277 0.0027615083793416707; 0.0 0.002895004953922122 0.0027615083793416694 -0.006348592207902453],0.3
