L,J,Q,θ,μ,ϕx,ϕy,ϕz,ndims,T,χ,dχdlogT,Λ
23,0.55,0.6180339887498949,0.4487989505128276,0.75,0.6132391830493972,5.0510753425776596,2.6803823129289137,3,0.004893900918477494,[0.5795462282447896 0.0 0.0 0.0; 0.0 0.04562658946569554 -0.01533412744216324 -0.015082243341167182; 0.0 -0.015334127442163222 0.04688442170159555 -0.015867200235167116; 0.0 -0.015082243341166982 -0.01586720023516626 0.04651675419922651],[-0.13664302782317433 0.0 0.0 0.0; 0.0 -0.0012513637788300962 -0.001010669859653609 -0.0010871434908024389; 0.0 -0.001010669859653585 -0.001362750454720981 -0.0010404108213228431; 0.0 -0.0010871434908023803 -0.0010404108213228275 -0.001478275396091001],0.3
