L,J,Q,θ,μ,ϕx,ϕy,ϕz,ndims,T,χ,dχdlogT,Λ
23,4.5,0.6180339887498949,0.4487989505128276,0.75,0.6332610369913497,5.1149981805603915,3.73563864994291,3,1.4873521072935114,[0.00567144119819183 0.0 0.0 0.0; 0.0 0.00022124435326162454 -3.9170166468284096e-5 -3.492753841487621e-5; 0.0 -3.9170166468283256e-5 0.0002257357268118576 -2.4549658775572567e-5; 0.0 -3.4927538414876546e-5 -2.4549658775572218e-5 0.00021944956580903055],[-0.00565863853853482 0.0 0.0 0.0; 0.0 -0.00022050561908244825 3.9008758386158604e-5 3.478503089285518e-5; 0.0 3.900875838615903e-5 -0.0002249324537928535 2.445769315917777e-5; 0.0 3.478503089285466e-5 2.445769315917834e-5 -0.0002186867623443118],0.3
