L,J,Q,θ,μ,ϕx,ϕy,ϕz,ndims,T,χ,dχdlogT,Λ
23,3.0,0.6180339887498949,0.4487989505128276,0.75,1.1867398016420951,1.5704158831416337,1.3243486129212259,3,0.017433288221999882,[0.22300002822659537 0.0 0.0 0.0; 0.0 0.005207525490131503 -0.0006762245939224933 -0.0008586533244755022; 0.0 -0.0006762245939225016 0.005196263660916145 -0.0006748686183341115; 0.0 -0.000858653324475515 -0.000674868618334109 0.0056088238480403035],[-0.07379451095606458 0.0 0.0 0.0; 0.0 -0.00040267158071441775 -6.308822563671218e-5 -5.61885860894304e-5; 0.0 -6.308822563671088e-5 -0.00033713891398118626 -6.153070045026242e-5; 0.0 -5.618858608943009e-5 -6.15307004502595e-5 -0.00045598864380655424],0.3
