L,J,Q,θ,μ,ϕx,ϕy,ϕz,ndims,T,χ,dχdlogT,Λ
23,0.1,0.6180339887498949,0.4487989505128276,0.75,1.1867398016420951,1.5704158831416337,1.3243486129212259,3,0.002592943797404667,[0.6932642823713427 0.0 0.0 0.0; 0.0 0.22855027982010453 -0.09117377753932177 -0.09922898705374163; 0.0 -0.09117377753932308 0.2333871094312353 -0.10930090544079261; 0.0 -0.09922898705373938 -0.10930090544079356 0.2364419170502532],[-0.13880602505248751 0.0 0.0 0.0; 0.0 -0.01698861433527147 0.003033323804552275 0.003928503711870076; 0.0 0.0030333238045524404 -0.016092639814095346 0.008243832372600929; 0.0 0.003928503711870382 0.008243832372601108 -0.016757825646659327],0.3
