L,J,Q,θ,μ,ϕx,ϕy,ϕz,ndims,T,χ,dχdlogT,Λ
23,0.4,0.6180339887498949,0.4487989505128276,0.75,0.7255422784305496,3.4349328561497185,3.4347212092384636,3,0.0013738237958832624,[0.7523868702525002 0.0 0.0 0.0; 0.0 0.074423246306771 -0.025256706072792075 -0.02529295307252502; 0.0 -0.025256706072791058 0.07321022194444814 -0.02497302082292917; 0.0 -0.025292953072525482 -0.02497302082292884 0.07333555778222631],[-0.12725161339015462 0.0 0.0 0.0; 0.0 -0.0014149292971943602 -0.0012539587272079984 -0.0013206886098357457; 0.0 -0.0012539587272079986 -0.0012928291218392545 -0.001205955015022638; 0.0 -0.0013206886098356848 -0.0012059550150226724 -0.0011752203150615713],0.3
