L,J,Q,θ,μ,ϕx,ϕy,ϕz,ndims,T,χ,dχdlogT,Λ
23,0.45,0.6180339887498949,0.4487989505128276,0.75,5.898286875632164,2.2120676557336663,3.0137624604328344,3,0.001,[0.7759390908773911 0.0 0.0 0.0; 0.0 0.06354000830853766 -0.01927549784116157 -0.019585061202022427; 0.0 -0.019275497841161938 0.06125861528899285 -0.02126606576441474; 0.0 -0.01958506120202257 -0.021266065764414928 0.061818570550341005],[-0.12088903489732633 0.0 0.0 0.0; 0.0 -0.0013231984270669678 -0.001205852322988923 -0.001173879138169935; 0.0 -0.0012058523229888853 -0.0007684899407099026 -0.0010464455966896137; 0.0 -0.0011738791381699567 -0.0010464455966895773 -0.0008516408713045929],0.3
