L,J,Q,θ,μ,ϕx,ϕy,ϕz,ndims,T,χ,dχdlogT,Λ
23,3.0,0.6180339887498949,0.4487989505128276,0.75,0.6332610369913497,5.1149981805603915,3.73563864994291,3,2.043359717856942,[0.005768470909865436 0.0 0.0 0.0; 0.0 0.00023671901102514855 -6.377333798304377e-5 -5.189505831738681e-5; 0.0 -6.377333798304353e-5 0.0002314277509515162 -4.7544606269953685e-5; 0.0 -5.189505831738842e-5 -4.75446062699558e-5 0.00023968279084981601],[-0.005761495078886669 0.0 0.0 0.0; 0.0 -0.00023620410315707647 6.362737839769736e-5 5.178051253376378e-5; 0.0 6.362737839769865e-5 -0.0002309405151970223 4.7432093793704346e-5; 0.0 5.178051253376402e-5 4.743209379370377e-5 -0.00023916686604060736],0.3
