L,J,Q,θ,μ,ϕx,ϕy,ϕz,ndims,T,χ,dχdlogT,Λ
23,0.5,0.6180339887498949,0.4487989505128276,0.75,4.47228912932255,1.1729273679174639,1.744469154494291,3,0.11721022975334802,[0.15279620421090118 0.0 0.0 0.0; 0.0 0.028592047049289707 -0.012133673946260682 -0.011903941027925347; 0.0 -0.012133673946260616 0.028881413324550857 -0.012138187298731094; 0.0 -0.011903941027925715 -0.012138187298730846 0.028703952022259463],[-0.11797771704538575 0.0 0.0 0.0; 0.0 -0.018518230673582405 0.0076394870629003285 0.007474375193780969; 0.0 0.007639487062900475 -0.018777174374178376 0.0076875430412927685; 0.0 0.007474375193780537 0.0076875430412928 -0.01863625616347922],0.3
