L,J,Q,θ,μ,ϕx,ϕy,ϕz,ndims,T,χ,dχdlogT,Λ
23,1.5,0.6180339887498949,0.4487989505128276,0.75,1.4818367473324847,2.2076775764358407,0.7021078731025535,3,1.4873521072935114,[0.011411938382459193 0.0 0.0 0.0; 0.0 0.000706857362972291 -0.00024068668969672672 -0.0002388046328224403; 0.0 -0.00024068668969672832 0.0006916622406656062 -0.000253375500644825; 0.0 -0.00023880463282244742 -0.0002533755006448246 0.0007075283724584217],[-0.011386298107149107 0.0 0.0 0.0; 0.0 -0.000703852742898602 0.00023958798869997625 0.00023772018114701999; 0.0 0.0002395879886999832 -0.0006887094146861381 0.0002522305419568121; 0.0 0.00023772018114702614 0.0002522305419568011 -0.0007045287777690181],0.3
