L,J,Q,θ,μ,ϕx,ϕy,ϕz,ndims,T,χ,dχdlogT,Λ
23,2.5,0.6180339887498949,0.4487989505128276,0.75,4.595883434386783,2.680894622013675,3.7730987963406717,3,0.06210169418915616,[0.14995957224825981 0.0 0.0 0.0; 0.0 0.0054139807302175475 -0.0007360362721177897 -0.000865970200530202; 0.0 -0.0007360362721178258 0.00538588961078086 -0.0011718841108385796; 0.0 -0.0008659702005302028 -0.0011718841108385206 0.0056079178370028945],[-0.08649125843021721 0.0 0.0 0.0; 0.0 -0.0016620092955619804 7.118211299128871e-6 4.760671765760997e-5; 0.0 7.1182112991283995e-6 -0.0016130952329065848 0.0002119839073866926; 0.0 4.7606717657611355e-5 0.00021198390738670365 -0.0017025590515788538],0.3
