L,J,Q,θ,μ,ϕx,ϕy,ϕz,ndims,T,χ,dχdlogT,Λ
23,0.25,0.6180339887498949,0.4487989505128276,0.75,4.47228912932255,1.1729273679174639,1.744469154494291,3,0.2212216291070449,[0.09116335481917039 0.0 0.0 0.0; 0.0 0.030267237932761634 -0.013351016314109154 -0.013360042970920284; 0.0 -0.01335101631410948 0.030082929771780887 -0.013207067615381232; 0.0 -0.013360042970919535 -0.013207067615382444 0.030121367528627204],[-0.08334756569298578 0.0 0.0 0.0; 0.0 -0.027394456844981624 0.012104215833689803 0.012059118854735226; 0.0 0.01210421583368909 -0.027274781571146788 0.011959972534758136; 0.0 0.012059118854734865 0.011959972534758221 -0.02724812946475517],0.3
