L,J,Q,θ,μ,ϕx,ϕy,ϕz,ndims,T,χ,dχdlogT,Λ
23,0.1,0.6180339887498949,0.4487989505128276,0.75,0.22844566387304216,0.027030545181912335,6.104326023357702,3,0.003562247890262444,[0.6323118910514943 0.0 0.0 0.0; 0.0 0.22141215427201774 -0.09945117684750655 -0.09434318091226464; 0.0 -0.09945117684749936 0.2154762082203292 -0.09168295565432409; 0.0 -0.09434318091226215 -0.09168295565431607 0.2161594047706665],[-0.13769254692131458 0.0 0.0 0.0; 0.0 -0.02062585782158421 0.00822872328824532 0.006301631955676834; 0.0 0.008228723288244982 -0.016728566779169566 0.005591494938366228; 0.0 0.006301631955676682 0.005591494938366244 -0.020282900351005967],0.3
