L,J,Q,θ,μ,ϕx,ϕy,ϕz,ndims,T,χ,dχdlogT,Λ
23,0.4,0.6180339887498949,0.4487989505128276,0.75,0.7255422784305496,3.4349328561497185,3.4347212092384636,3,0.04520353656360243,[0.28175191943298744 0.0 0.0 0.0; 0.0 0.05850536695666331 -0.024586822985437455 -0.024683279819854496; 0.0 -0.02458682298543797 0.05829113973870974 -0.02458005461291808; 0.0 -0.024683279819854173 -0.024580054612916454 0.058413085315377825],[-0.13868798229793133 0.0 0.0 0.0; 0.0 -0.01726918652014616 0.006430896560468325 0.006478718073415496; 0.0 0.006430896560468749 -0.017059279743990526 0.0063995804602842085; 0.0 0.006478718073415311 0.006399580460284155 -0.017119681669087967],0.3
