L,J,Q,θ,μ,ϕx,ϕy,ϕz,ndims,T,χ,dχdlogT,Λ
23,4.0,0.6180339887498949,0.4487989505128276,0.75,3.1171297709400028,1.0050771981932143,6.255505685491214,3,7.27895384398315,[0.001298447665021071 0.0 0.0 0.0; 0.0 5.354365479395796e-5 -7.728405243610771e-6 -6.48032162915835e-6; 0.0 -7.728405243610639e-6 5.078981600661293e-5 -6.571283011073476e-6; 0.0 -6.480321629158376e-6 -6.5712830110735805e-6 5.1179368416134465e-5],[-0.0012983225997292725 0.0 0.0 0.0; 0.0 -5.3535486224387814e-5 7.727118987139634e-6 6.478941449921632e-6; 0.0 7.72711898713954e-6 -5.07820241669498e-5 6.570076930637013e-6; 0.0 6.478941449921485e-6 6.570076930636914e-6 -5.117123689615086e-5],0.3
