L,J,Q,θ,μ,ϕx,ϕy,ϕz,ndims,T,χ,dχdlogT,Λ
23,20.0,0.6180339887498949,0.4487989505128276,0.75,2.2101495516881586,2.7800139930005705,1.5072509208308185,3,0.0013738237958832624,[0.07628291185941434 0.0 0.0 0.0; 0.0 0.00212733792446253 -2.4462047948132056e-6 -0.0009310995021004429; 0.0 -2.4462047948134775e-6 0.0020432854795089713 -0.00025064746059885127; 0.0 -0.0009310995021004447 -0.00025064746059885203 0.002460959345291902],[-0.018153115038725926 0.0 0.0 0.0; 0.0 -0.0009316467828242178 7.679372069743369e-5 0.0007482576520982745; 0.0 7.679372069743387e-5 -3.401022250725598e-5 -0.00010706904218087645; 0.0 0.0007482576520982746 -0.00010706904218087633 -0.0006780841712783061],0.3
