L,J,Q,θ,μ,ϕx,ϕy,ϕz,ndims,T,χ,dχdlogT,Λ
23,4.25,0.6180339887498949,0.4487989505128276,0.75,0.6332610369913497,5.1149981805603915,3.73563864994291,3,0.30391953823131973,[0.02983958433097461 0.0 0.0 0.0; 0.0 0.001221054778993361 -0.00017409435268907927 -0.00016431430247199554; 0.0 -0.00017409435268907433 0.001176291430152442 -0.0001512474646651451; 0.0 -0.00016431430247199394 -0.00015124746466514352 0.0012151882814495057],[-0.028351650627833083 0.0 0.0 0.0; 0.0 -0.0011257672121228752 0.0001591061254552804 0.00014785074244064674; 0.0 0.0001591061254552796 -0.0010876558514860398 0.00013901832154145533; 0.0 0.00014785074244064522 0.0001390183215414582 -0.0011242731407806487],0.3
