L,J,Q,θ,μ,ϕx,ϕy,ϕz,ndims,T,χ,dχdlogT,Λ
23,1.0,0.6180339887498949,0.4487989505128276,0.75,1.6007647771343978,5.197477942515893,4.63671932724502,3,0.11721022975334802,[0.13954297554425196 0.0 0.0 0.0; 0.0 0.012679773836343408 -0.00382517760277295 -0.0036979541064128397; 0.0 -0.003825177602772898 0.012463648753358562 -0.00368879485457784; 0.0 -0.0036979541064129226 -0.003688794854577751 0.012490524186764034],[-0.10770356445148167 0.0 0.0 0.0; 0.0 -0.007601820070586732 0.001969305102802523 0.001860036361790415; 0.0 0.0019693051028024924 -0.007445582781747567 0.001864567812609075; 0.0 0.0018600363617904396 0.0018645678126090165 -0.007462319251459069],0.3
