L,J,Q,θ,μ,ϕx,ϕy,ϕz,ndims,T,χ,dχdlogT,Λ
23,2.0,0.6180339887498949,0.4487989505128276,0.75,4.573334702516201,2.5164343054203417,5.644257977725345,3,0.0013738237958832624,[0.5378830135452812 0.0 0.0 0.0; 0.0 0.009420888744211863 -0.00017058550997136525 -0.00030947442099058605; 0.0 -0.0001705855099713737 0.009371399112858727 -0.00032427080930727895; 0.0 -0.0003094744209905874 -0.00032427080930726523 0.00901133735746008],[-0.10118221226589597 0.0 0.0 0.0; 0.0 -0.00040111688970813434 -0.00042802904217831083 -0.00037103626173494734; 0.0 -0.0004280290421783072 -0.00048530993885230017 -0.00042250562881754344; 0.0 -0.0003710362617349602 -0.00042250562881754203 -0.00037594889042532806],0.3
