L,J,Q,θ,μ,ϕx,ϕy,ϕz,ndims,T,χ,dχdlogT,Λ
23,0.0,0.6180339887498949,0.4487989505128276,0.75,5.898286875632164,2.2120676557336663,3.0137624604328344,3,5.298316906283709,[0.004067751232448096 0.0 0.0 0.0; 0.0 0.001771545016668816 -0.0007653937612694596 -0.0007937293772137235; 0.0 -0.0007653937612694596 0.0018030328502995241 -0.0008201786318081273; 0.0 -0.0007937293772137239 -0.0008201786318081272 0.0018112545013903216],[-0.004067008167881806 0.0 0.0 0.0; 0.0 -0.0017712262834400458 0.00076526214196117 0.0007935844874845141; 0.0 0.0007652621419611697 -0.0018027039562975166 0.0008200227591263576; 0.0 0.0007935844874845139 0.0008200227591263575 -0.0018109218043214797],0.3
