L,J,Q,θ,μ,ϕx,ϕy,ϕz,ndims,T,χ,dχdlogT,Λ
23,0.25,0.6180339887498949,0.4487989505128276,0.75,0.6332610369913497,5.1149981805603915,3.73563864994291,3,2.043359717856942,[0.010361273704354947 0.0 0.0 0.0; 0.0 0.003402169570703666 -0.0015283127530301415 -0.0015396116175132755; 0.0 -0.001528312753030129 0.0033965261953908467 -0.0015315378032488215; 0.0 -0.0015396116175133592 -0.0015315378032488012 0.003405502522092411],[-0.010349013796708184 0.0 0.0 0.0; 0.0 -0.003397664103938078 0.0015263034405800682 0.0015375359910950548; 0.0 0.0015263034405801033 -0.003392073744124445 0.0015295288989534616; 0.0 0.0015375359910951554 0.0015295288989535115 -0.0034009959251272088],0.3
