L,J,Q,θ,μ,ϕx,ϕy,ϕz,ndims,T,χ,dχdlogT,Λ
23,20.0,0.6180339887498949,0.4487989505128276,0.75,1.2963966247182497,0.2967332872829059,0.21829700072985378,3,7.27895384398315,[0.0002850947795907429 0.0 0.0 0.0; 0.0 8.674304340820967e-6 8.325392309482481e-7 -1.3596535363245118e-7; 0.0 8.325392309482477e-7 9.69896938730466e-6 7.199160879309009e-8; 0.0 -1.3596535363245136e-7 7.19916087930902e-8 9.418056929863071e-6],[-0.0002850689907809591 0.0 0.0 0.0; 0.0 -8.673318888019535e-6 -8.325117300357378e-7 1.3602888256296917e-7; 0.0 -8.32511730035734e-7 -9.698257482295264e-6 -7.20146686220652e-8; 0.0 1.360288825629681e-7 -7.20146686220649e-8 -9.417403561078835e-6],0.3
