L,J,Q,θ,μ,ϕx,ϕy,ϕz,ndims,T,χ,dχdlogT,Λ
23,0.5,0.6180339887498949,0.4487989505128276,0.75,2.1572982109170415,0.14489139663191852,2.235647124721977,3,0.006723357536499335,[0.5408153186543748 0.0 0.0 0.0; 0.0 0.055257717347897375 -0.01634526029679072 -0.01563499367974734; 0.0 -0.01634526029679121 0.05589891456387389 -0.01591728571767705; 0.0 -0.01563499367974763 -0.01591728571767668 0.05447353630119685],[-0.14001339923313305 0.0 0.0 0.0; 0.0 -0.002401428214575091 -0.0017415971650159767 -0.001694438031067901; 0.0 -0.0017415971650160107 -0.002555536795981649 -0.0017049722641150715; 0.0 -0.0016944380310678652 -0.0017049722641150756 -0.0022639599350687623],0.3
