L,J,Q,θ,μ,ϕx,ϕy,ϕz,ndims,T,χ,dχdlogT,Λ
23,0.5,0.6180339887498949,0.4487989505128276,0.75,2.1572982109170415,0.14489139663191852,2.235647124721977,3,0.5736152510448679,[0.035835281073198465 0.0 0.0 0.0; 0.0 0.007495958116486736 -0.002921827201716112 -0.0029456234682796968; 0.0 -0.0029218272017159674 0.007531356956211554 -0.0029736283186753082; 0.0 -0.002945623468279903 -0.002973628318675401 0.00755907516941322],[-0.03529976864554043 0.0 0.0 0.0; 0.0 -0.007325351220184447 0.0028496666199597106 0.002873461802694091; 0.0 0.0028496666199596043 -0.007360110102488684 0.0029006563855315036; 0.0 0.0028734618026941194 0.002900656385531515 -0.0073873452574100265],0.3
