L,J,Q,θ,μ,ϕx,ϕy,ϕz,ndims,T,χ,dχdlogT,Λ
23,0.5,0.6180339887498949,0.4487989505128276,0.75,1.6007647771343978,5.197477942515893,4.63671932724502,3,3.856620421163471,[0.005342917753033647 0.0 0.0 0.0; 0.0 0.001144703064802355 -0.00045459089963651047 -0.00045421753189874383; 0.0 -0.0004545908996365287 0.0011383933930299585 -0.00044911640807714494; 0.0 -0.0004542175318987493 -0.00044911640807714516 0.0011380256294299311],[-0.005341145497971619 0.0 0.0 0.0; 0.0 -0.001144120876610781 0.00045434267355267397 0.00045396998891762474; 0.0 0.0004543426735527222 -0.0011378116600003843 0.00044886873921985774; 0.0 0.0004539699889176293 0.0004488687392198406 -0.0011374437164320408],0.3
