L,J,Q,θ,μ,ϕx,ϕy,ϕz,ndims,T,χ,dχdlogT,Λ
23,0.3,0.6180339887498949,0.4487989505128276,0.75,5.898286875632164,2.2120676557336663,3.0137624604328344,3,3.856620421163471,[0.005593192177254992 0.0 0.0 0.0; 0.0 0.0016446264616227031 -0.0007211567843627583 -0.0007194641466325319; 0.0 -0.0007211567843627686 0.001656994368785358 -0.0007250876043095369; 0.0 -0.0007194641466325936 -0.0007250876043096004 0.0016579150689880193],[-0.00559115373378664 0.0 0.0 0.0; 0.0 -0.0016439397173669838 0.0007208434838205708 0.0007191605031641867; 0.0 0.0007208434838206073 -0.001656296724204025 0.0007247906916762837; 0.0 0.0007191605031641638 0.0007247906916762508 -0.0016572260851711643],0.3
