L,J,Q,θ,μ,ϕx,ϕy,ϕz,ndims,T,χ,dχdlogT,Λ
23,6.0,0.6180339887498949,0.4487989505128276,0.75,0.97214979122521,4.062456537363038,2.9445300006073447,3,0.009236708571873866,[0.1698852238139543 0.0 0.0 0.0; 0.0 0.004958365560400265 -0.0007748154827761022 -0.00016239883039180218; 0.0 -0.0007748154827761021 0.005386555931010499 0.0002521410755012839; 0.0 -0.00016239883039180015 0.00025214107550128496 0.005194674596231849],[-0.040166147957471685 0.0 0.0 0.0; 0.0 -0.0005528047701814654 0.00015427960643354618 4.901960701139999e-5; 0.0 0.00015427960643355052 -0.0006724946760945863 -0.00015488009799177277; 0.0 4.90196070113997e-5 -0.00015488009799177136 -0.0006397770831109058],0.3
