L,J,Q,θ,μ,ϕx,ϕy,ϕz,ndims,T,χ,dχdlogT,Λ
23,0.25,0.6180339887498949,0.4487989505128276,0.75,5.898286875632164,2.2120676557336663,3.0137624604328344,3,1.4873521072935114,[0.014639194572844369 0.0 0.0 0.0; 0.0 0.004668578316134743 -0.0020783997288346466 -0.0020298766952869464; 0.0 -0.002078399728834799 0.004735185871832349 -0.0020692733635357175; 0.0 -0.0020298766952870037 -0.0020692733635357917 0.004689133924797354],[-0.014602796884976114 0.0 0.0 0.0; 0.0 -0.004656160627254611 0.002072642488504537 0.0020244778572520807; 0.0 0.0020726424885044647 -0.004722401542881688 0.002063888955594092; 0.0 0.0020244778572520504 0.002063888955594118 -0.004676696123673384],0.3
