L,J,Q,θ,μ,ϕx,ϕy,ϕz,ndims,T,χ,dχdlogT,Λ
23,0.1,0.6180339887498949,0.4487989505128276,0.75,2.1572982109170415,0.14489139663191852,2.235647124721977,3,3.856620421163471,[0.005603897564439528 0.0 0.0 0.0; 0.0 0.0023296672803435493 -0.0010359816858030461 -0.0010164551209964556; 0.0 -0.001035981685803093 0.002305694669986029 -0.000996559524229982; 0.0 -0.0010164551209964217 -0.0009965595242299736 0.0023041202055303156],[-0.005601958563494716 0.0 0.0 0.0; 0.0 -0.0023288671210787456 0.001035614150424477 0.0010161198150737947; 0.0 0.001035614150424441 -0.002304901197335947 0.0009962256366314178; 0.0 0.001016119815073694 0.0009962256366314354 -0.002303341214989345],0.3
