L,J,Q,θ,μ,ϕx,ϕy,ϕz,ndims,T,χ,dχdlogT,Λ
23,1.0,0.6180339887498949,0.4487989505128276,0.75,2.8434750556154693,6.271360329032751,5.554110858698297,3,7.27895384398315,[0.0025940756998844125 0.0 0.0 0.0; 0.0 0.0002572667377516235 -7.904765032802242e-5 -8.048831416814136e-5; 0.0 -7.904765032802445e-5 0.00025858046410726055 -8.325740434845265e-5; 0.0 -8.048831416814008e-5 -8.325740434844839e-5 0.00026016313401798654],[-0.002593832004758297 0.0 0.0 0.0; 0.0 -0.0002572227689668558 7.903151976915096e-5 8.047166408053099e-5; 0.0 7.903151976914565e-5 -0.00025853644399866907 8.324042263497851e-5; 0.0 8.047166408052945e-5 8.32404226349789e-5 -0.0002601186574860349],0.3
