L,J,Q,θ,μ,ϕx,ϕy,ϕz,ndims,T,χ,dχdlogT,Λ
23,0.5,0.6180339887498949,0.4487989505128276,0.75,4.47228912932255,1.1729273679174639,1.744469154494291,3,0.2212216291070449,[0.0892151367513071 0.0 0.0 0.0; 0.0 0.017777789982964094 -0.007545319283033794 -0.007494717953417839; 0.0 -0.007545319283033834 0.017762747680727543 -0.007518737967625042; 0.0 -0.0074947179534175295 -0.0075187379676250835 0.017782916541922714],[-0.08140773947824254 0.0 0.0 0.0; 0.0 -0.015384203440745758 0.0064774069177731975 0.006437577456273732; 0.0 0.0064774069177732825 -0.015367560942599537 0.006454945855667836; 0.0 0.006437577456273512 0.006454945855668096 -0.01538909364828832],0.3
