L,J,Q,θ,μ,ϕx,ϕy,ϕz,ndims,T,χ,dχdlogT,Λ
23,0.1,0.6180339887498949,0.4487989505128276,0.75,2.8434750556154693,6.271360329032751,5.554110858698297,3,0.03290344562312668,[0.3365440074715872 0.0 0.0 0.0; 0.0 0.1349059950022579 -0.06095722291068717 -0.05811433693192617; 0.0 -0.06095722291068709 0.13737882454125433 -0.060369950243273095; 0.0 -0.058114336931926 -0.06036995024327245 0.1348023551721613],[-0.1466662329589752 0.0 0.0 0.0; 0.0 -0.05338436211207592 0.026652253733939136 0.020043665035919613; 0.0 0.02665225373393886 -0.05823952139025072 0.02510580393880118; 0.0 0.020043665035919245 0.0251058039387996 -0.052554300236175445],0.3
