L,J,Q,θ,μ,ϕx,ϕy,ϕz,ndims,T,χ,dχdlogT,Λ
23,0.4,0.6180339887498949,0.4487989505128276,0.75,5.898286875632164,2.2120676557336663,3.0137624604328344,3,0.0013738237958832624,[0.7288506000168622 0.0 0.0 0.0; 0.0 0.07555484986506561 -0.02545418810335463 -0.025005387143752528; 0.0 -0.025454188103355042 0.07274413059096205 -0.026296597612253437; 0.0 -0.02500538714375113 -0.02629659761225418 0.07169532559481002],[-0.12719442613705206 0.0 0.0 0.0; 0.0 -0.001669139057111492 -0.0014329898189987202 -0.001263510326825122; 0.0 -0.0014329898189987538 -0.0010899079659273563 -0.0009711304869656599; 0.0 -0.0012635103268251063 -0.0009711304869656544 -0.0009653809303989363],0.3
