L,J,Q,θ,μ,ϕx,ϕy,ϕz,ndims,T,χ,dχdlogT,Λ
23,2.0,0.6180339887498949,0.4487989505128276,0.75,2.1572982109170415,0.14489139663191852,2.235647124721977,3,0.0013738237958832624,[0.5497235125708994 0.0 0.0 0.0; 0.0 0.008922282318003471 -0.00023361608396896754 0.00017700368071289318; 0.0 -0.0002336160839689662 0.009031104151262204 -7.875379738269391e-5; 0.0 0.00017700368071289974 -7.875379738268704e-5 0.009345726057746178],[-0.09744042190853884 0.0 0.0 0.0; 0.0 -0.0003314106539463604 -0.0003614721304587156 -0.00042518948977418705; 0.0 -0.00036147213045872124 -0.0003642371137224806 -0.0004300041053676305; 0.0 -0.00042518948977418196 -0.00043000410536762765 -0.000508760494788368],0.3
