L,J,Q,θ,μ,ϕx,ϕy,ϕz,ndims,T,χ,dχdlogT,Λ
23,0.45,0.6180339887498949,0.4487989505128276,0.75,4.47228912932255,1.1729273679174639,1.744469154494291,3,10.0,[0.0020834525280563976 0.0 0.0 0.0; 0.0 0.00047682443499616955 -0.00020434746074911926 -0.00020486342756626175; 0.0 -0.00020434746074912753 0.0004771729919746295 -0.00020486237308821892; 0.0 -0.00020486342756625644 -0.00020486237308822282 0.00047669812956751796],[-0.0020833484667474337 0.0 0.0 0.0; 0.0 -0.0004767899894751237 0.00020433220790841436 0.00020484799220587508; 0.0 0.00020433220790841192 -0.00047713864810607553 0.0002048470282729689; 0.0 0.00020484799220588104 0.00020484702827296527 -0.00047666364028172353],0.3
