L,J,Q,θ,μ,ϕx,ϕy,ϕz,ndims,T,χ,dχdlogT,Λ
23,0.5,0.6180339887498949,0.4487989505128276,0.75,5.898286875632164,2.2120676557336663,3.0137624604328344,3,0.002592943797404667,[0.6600820902094465 0.0 0.0 0.0; 0.0 0.053752622222540965 -0.017316874172345703 -0.017512317193638424; 0.0 -0.017316874172346047 0.053001731792039944 -0.018173492117929485; 0.0 -0.017512317193638802 -0.01817349211792935 0.053008490130173905],[-0.13109365765587683 0.0 0.0 0.0; 0.0 -0.0013268837235198582 -0.001199129291750781 -0.0010847023352379126; 0.0 -0.0011991292917507988 -0.001013199884340462 -0.0010645744250996612; 0.0 -0.0010847023352379011 -0.0010645744250996955 -0.0010307184023278218],0.3
