L,J,Q,θ,μ,ϕx,ϕy,ϕz,ndims,T,χ,dχdlogT,Λ
23,0.5,0.6180339887498949,0.4487989505128276,0.75,0.6332610369913497,5.1149981805603915,3.73563864994291,3,0.41753189365604015,[0.048912489591250934 0.0 0.0 0.0; 0.0 0.00977214480628946 -0.0043017108679177215 -0.00435281969796818; 0.0 -0.0043017108679179175 0.009706785587415175 -0.004336327165733438; 0.0 -0.0043528196979684824 -0.0043363271657338555 0.009818438503347434],[-0.04756825659249009 0.0 0.0 0.0; 0.0 -0.009356891954769355 0.004111642708230134 0.004163791771029065; 0.0 0.004111642708230367 -0.00929297061202531 0.0041465168542664625; 0.0 0.0041637917710289005 0.004146516854266623 -0.00940268672778105],0.3
