L,J,Q,θ,μ,ϕx,ϕy,ϕz,ndims,T,χ,dχdlogT,Λ
23,0.0,0.6180339887498949,0.4487989505128276,0.75,0.6132391830493972,5.0510753425776596,2.6803823129289137,3,0.04520353656360243,[0.28852918467818844 0.0 0.0 0.0; 0.0 0.1276154053038598 -0.05671243323516194 -0.05670602281990653; 0.0 -0.05671243323516193 0.12796487823416094 -0.05732730889638349; 0.0 -0.05670602281990655 -0.05732730889638347 0.12806987946876364],[-0.13959931799410097 0.0 0.0 0.0; 0.0 -0.06100780896726832 0.026858645360095218 0.027266432674450825; 0.0 0.02685864536009521 -0.06191038792609037 0.028955885232254796; 0.0 0.02726643267445083 0.028955885232254796 -0.06311351977226293],0.3
