L,J,Q,θ,μ,ϕx,ϕy,ϕz,ndims,T,χ,dχdlogT,Λ
23,1.25,0.6180339887498949,0.4487989505128276,0.75,0.6332610369913497,5.1149981805603915,3.73563864994291,3,5.298316906283709,[0.0034046645924883977 0.0 0.0 0.0; 0.0 0.0002467390108299289 -9.812346629506785e-5 -0.00010105407493163845; 0.0 -9.8123466295063e-5 0.00024563558512504647 -9.657159004453096e-5; 0.0 -0.00010105407493164163 -9.657159004453584e-5 0.0002470125763991765],[-0.003404057098619492 0.0 0.0 0.0; 0.0 -0.0002466553346806642 9.808907254196498e-5 0.0001010189476206283; 0.0 9.808907254196602e-5 -0.0002455518107493944 9.653735097455531e-5; 0.0 0.00010101894762063202 9.653735097455832e-5 -0.0002469284274956953],0.3
