L,J,Q,θ,μ,ϕx,ϕy,ϕz,ndims,T,χ,dχdlogT,Λ
23,0.5,0.6180339887498949,0.4487989505128276,0.75,4.573334702516201,2.5164343054203417,5.644257977725345,3,0.5736152510448679,[0.03580173265306386 0.0 0.0 0.0; 0.0 0.007643595279541477 -0.003024976162835861 -0.0030411951626771556; 0.0 -0.003024976162835759 0.007629777164936743 -0.003004164705028807; 0.0 -0.003041195162677104 -0.003004164705028694 0.007625799931246618],[-0.03527068617143707 0.0 0.0 0.0; 0.0 -0.007471508905669538 0.00295208600564929 0.002967413603587278; 0.0 0.0029520860056492363 -0.007458420964545018 0.002931512744985078; 0.0 0.00296741360358744 0.0029315127449850605 -0.007453884489246493],0.3
