L,J,Q,θ,μ,ϕx,ϕy,ϕz,ndims,T,χ,dχdlogT,Λ
23,0.3,0.6180339887498949,0.4487989505128276,0.75,5.898286875632164,2.2120676557336663,3.0137624604328344,3,10.0,[0.0021574166998507577 0.0 0.0 0.0; 0.0 0.0006320319245048983 -0.00027667093903844544 -0.0002751582501347308; 0.0 -0.0002766709390384461 0.0006352968137019317 -0.000275884594524989; 0.0 -0.0002751582501347254 -0.00027588459452497293 0.0006331787198674739],[-0.002157299830649239 0.0 0.0 0.0; 0.0 -0.0006319925170103752 0.00027665311001487896 0.0002751408028093341; 0.0 0.0002766531100148797 -0.0006352567834809435 0.00027586746634305137; 0.0 0.0002751408028093432 0.000275867466343047 -0.000633139120218421],0.3
