L,J,Q,θ,μ,ϕx,ϕy,ϕz,ndims,T,χ,dχdlogT,Λ
23,0.1,0.6180339887498949,0.4487989505128276,0.75,4.573334702516201,2.5164343054203417,5.644257977725345,3,0.7880462815669912,[0.027009070749589477 0.0 0.0 0.0; 0.0 0.011083113890590513 -0.00479197392392078 -0.004989539766262425; 0.0 -0.0047919739239208805 0.011085844663804863 -0.004919435285142454; 0.0 -0.004989539766262236 -0.004919435285142336 0.011215894799868441],[-0.026795490159567458 0.0 0.0 0.0; 0.0 -0.010997890149650798 0.004757291718416312 0.004949279270404276; 0.0 0.004757291718416347 -0.01100089304908029 0.004881153460418808; 0.0 0.004949279270404205 0.004881153460418792 -0.011126675419130747],0.3
