L,J,Q,θ,μ,ϕx,ϕy,ϕz,ndims,T,χ,dχdlogT,Λ
23,0.5,0.6180339887498949,0.4487989505128276,0.75,4.573334702516201,2.5164343054203417,5.644257977725345,3,10.0,[0.0020670150992529767 0.0 0.0 0.0; 0.0 0.00044065891236537246 -0.00017300338160439345 -0.0001731727754397738; 0.0 -0.00017300338160439638 0.00044204446117812824 -0.00017376553420277375; 0.0 -0.0001731727754397681 -0.00017376553420278407 0.0004419583358980746],[-0.0020669119918933733 0.0 0.0 0.0; 0.0 -0.0004406254731100555 0.00017298927200705782 0.0001731585762103379; 0.0 0.00017298927200705744 -0.00044201100663320843 0.0001737513602561771; 0.0 0.00017315857621034723 0.0001737513602561793 -0.0004419248140611394],0.3
