L,J,Q,θ,μ,ϕx,ϕy,ϕz,ndims,T,χ,dχdlogT,Λ
23,2.25,0.6180339887498949,0.4487989505128276,0.75,0.6332610369913497,5.1149981805603915,3.73563864994291,3,0.30391953823131973,[0.045724701426668166 0.0 0.0 0.0; 0.0 0.001977686493542413 -0.0006338047694313308 -0.0005497352495229675; 0.0 -0.0006338047694313163 0.0019976882067370746 -0.0005903035752098072; 0.0 -0.0005497352495229791 -0.0005903035752098401 0.001954628507330291],[-0.043463658824956855 0.0 0.0 0.0; 0.0 -0.0017933819504951406 0.0005742291082933386 0.0004966860616203785; 0.0 0.0005742291082933261 -0.0018117778191621898 0.0005340040310809586; 0.0 0.0004966860616203921 0.0005340040310809772 -0.0017729818571244071],0.3
