L,J,Q,θ,μ,ϕx,ϕy,ϕz,ndims,T,χ,dχdlogT,Λ
23,5.0,0.6180339887498949,0.4487989505128276,0.75,0.22844566387304216,0.027030545181912335,6.104326023357702,3,0.001,[0.3367427921537303 0.0 0.0 0.0; 0.0 0.007295480370464697 0.0005042442849374984 -0.0011903857395952212; 0.0 0.0005042442849375082 0.005093670151257971 -0.00034343347481555046; 0.0 -0.0011903857395952064 -0.0003434334748155499 0.00628154480081232],[-0.0707617296357172 0.0 0.0 0.0; 0.0 -0.0008762668406611363 -0.0003525844946300313 0.00036490628942673797; 0.0 -0.0003525844946300322 -0.0001548952776091797 0.00022920779579138647; 0.0 0.000364906289426737 0.0002292077957913885 -0.0003977940174387732],0.3
