L,J,Q,θ,μ,ϕx,ϕy,ϕz,ndims,T,χ,dχdlogT,Λ
23,0.55,0.6180339887498949,0.4487989505128276,0.75,0.7255422784305496,3.4349328561497185,3.4347212092384636,3,0.06210169418915616,[0.23381436415102316 0.0 0.0 0.0; 0.0 0.03595662855642895 -0.014636921620501937 -0.014579101522716627; 0.0 -0.014636921620502185 0.03587672689394815 -0.014497119750291002; 0.0 -0.014579101522715887 -0.014497119750291436 0.03580896186006235],[-0.13483210036710708 0.0 0.0 0.0; 0.0 -0.012301944585735927 0.004384807956223094 0.0043097409098229005; 0.0 0.004384807956223083 -0.0123008258309192 0.004308933033474905; 0.0 0.004309740909822578 0.004308933033474711 -0.012230608408814255],0.3
