L,J,Q,θ,μ,ϕx,ϕy,ϕz,ndims,T,χ,dχdlogT,Λ
23,0.75,0.6180339887498949,0.4487989505128276,0.75,0.22844566387304216,0.027030545181912335,6.104326023357702,3,0.02395026619987486,[0.35146843970079084 0.0 0.0 0.0; 0.0 0.026186843451006848 -0.009238778790011679 -0.009265802088223266; 0.0 -0.009238778790012066 0.026683357964859104 -0.009643579140134912; 0.0 -0.009265802088223012 -0.009643579140134839 0.02666267473732165],[-0.13249707358568794 0.0 0.0 0.0; 0.0 -0.0019277427968629342 -0.0002884282110156897 -0.00026524480995001644; 0.0 -0.0002884282110156759 -0.0020286886347416597 -0.00024852229913457246; 0.0 -0.00026524480995001237 -0.00024852229913456373 -0.0019670179728842694],0.3
