L,J,Q,θ,μ,ϕx,ϕy,ϕz,ndims,T,χ,dχdlogT,Λ
23,1.75,0.6180339887498949,0.4487989505128276,0.75,0.6332610369913497,5.1149981805603915,3.73563864994291,3,0.02395026619987486,[0.2843857997131156 0.0 0.0 0.0; 0.0 0.007989025133223209 -0.002671495100502476 -0.0028672363111271154; 0.0 -0.0026714951005025263 0.007982830500789132 -0.0028697598744275975; 0.0 -0.0028672363111270803 -0.002869759874427632 0.008228956932912543],[-0.10734524709926935 0.0 0.0 0.0; 0.0 -0.0003719843355088372 6.366920517687201e-5 9.161617638378139e-5; 0.0 6.366920517686958e-5 -0.0003636140457533248 9.410691483296203e-5; 0.0 9.161617638378167e-5 9.41069148329646e-5 -0.0004306375232536367],0.3
