L,J,Q,θ,μ,ϕx,ϕy,ϕz,ndims,T,χ,dχdlogT,Λ
23,5.0,0.6180339887498949,0.4487989505128276,0.75,4.573334702516201,2.5164343054203417,5.644257977725345,3,5.298316906283709,[0.001485177478440135 0.0 0.0 0.0; 0.0 6.296933614914748e-5 -9.312750971298672e-6 -8.37603284630618e-6; 0.0 -9.312750971298403e-6 6.860501185801061e-5 -6.559458761375823e-6; 0.0 -8.376032846305963e-6 -6.559458761375654e-6 6.365289994465561e-5],[-0.0014849108559789172 0.0 0.0 0.0; 0.0 -6.29528113811208e-5 9.309589904249016e-6 8.37347933258433e-6; 0.0 9.30958990424899e-6 -6.858685250619953e-5 6.557572478602959e-6; 0.0 8.373479332584437e-6 6.557572478603006e-6 -6.363591838805064e-5],0.3
