L,J,Q,θ,μ,ϕx,ϕy,ϕz,ndims,T,χ,dχdlogT,Λ
23,0.45,0.6180339887498949,0.4487989505128276,0.75,0.6132391830493972,5.0510753425776596,2.6803823129289137,3,0.002592943797404667,[0.6781034583465326 0.0 0.0 0.0; 0.0 0.06217566564200479 -0.02111687244653473 -0.02163847352320921; 0.0 -0.021116872446535772 0.062226967071965254 -0.02139844654557561; 0.0 -0.021638473523209106 -0.021398446545575326 0.06269947608982884],[-0.13688053989837046 0.0 0.0 0.0; 0.0 -0.0014001274889541753 -0.001222283792611148 -0.0012226749009914984; 0.0 -0.0012222837926111085 -0.0013757290334255356 -0.0012378813913405482; 0.0 -0.0012226749009913787 -0.0012378813913405142 -0.0012117400233848032],0.3
