L,J,Q,θ,μ,ϕx,ϕy,ϕz,ndims,T,χ,dχdlogT,Λ
23,3.0,0.6180339887498949,0.4487989505128276,0.75,3.1171297709400028,1.0050771981932143,6.255505685491214,3,0.06210169418915616,[0.1322009429089109 0.0 0.0 0.0; 0.0 0.004544167498815384 -0.0009707934999201264 -0.0006987429314610295; 0.0 -0.0009707934999201288 0.004398491774290825 -0.0007080144908658517; 0.0 -0.0006987429314610263 -0.0007080144908658382 0.004216371998419864],[-0.07597002588833016 0.0 0.0 0.0; 0.0 -0.0014391592931433826 0.00022746655381826017 0.00011245812056440763; 0.0 0.0002274665538182543 -0.001403449581286828 0.0001541589794772858; 0.0 0.00011245812056440934 0.0001541589794772858 -0.0013132719446661354],0.3
