L,J,Q,θ,μ,ϕx,ϕy,ϕz,ndims,T,χ,dχdlogT,Λ
23,0.5,0.6180339887498949,0.4487989505128276,0.75,0.6132391830493972,5.0510753425776596,2.6803823129289137,3,0.30391953823131973,[0.06640353576231493 0.0 0.0 0.0; 0.0 0.013450321627626143 -0.005668941749331896 -0.005747759429184562; 0.0 -0.005668941749331753 0.013429696503286768 -0.00570391145902094; 0.0 -0.005747759429184117 -0.0057039114590211725 0.013478486421437166],[-0.06310163647490219 0.0 0.0 0.0; 0.0 -0.012425581298361531 0.005213384454202941 0.0052942092285316765; 0.0 0.005213384454202832 -0.012401680846168215 0.0052456966956542055; 0.0 0.005294209228531857 0.005245696695654146 -0.01245383305191619],0.3
