L,J,Q,θ,μ,ϕx,ϕy,ϕz,ndims,T,χ,dχdlogT,Λ
23,0.0,0.6180339887498949,0.4487989505128276,0.75,0.6332610369913497,5.1149981805603915,3.73563864994291,3,0.2212216291070449,[0.09397465617151737 0.0 0.0 0.0; 0.0 0.040792350176858276 -0.01804237920080464 -0.01821967361790006; 0.0 -0.01804237920080464 0.04065586444943657 -0.017915943404058044; 0.0 -0.01821967361790006 -0.017915943404058048 0.04071317965101358],[-0.08556430878617557 0.0 0.0 0.0; 0.0 -0.037249110264415554 0.016508492725026275 0.016619231591650647; 0.0 0.016508492725026278 -0.037163681223742216 0.016410316310348044; 0.0 0.01661923159165064 0.016410316310348033 -0.03718648346036115],0.3
