L,J,Q,θ,μ,ϕx,ϕy,ϕz,ndims,T,χ,dχdlogT,Λ
23,2.0,0.6180339887498949,0.4487989505128276,0.75,1.6007647771343978,5.197477942515893,4.63671932724502,3,0.006723357536499335,[0.39375224575927037 0.0 0.0 0.0; 0.0 0.009144195053161781 -0.0009653379896480001 -0.000589037141050517; 0.0 -0.0009653379896480385 0.008748878466473061 -0.0007903126610004775; 0.0 -0.0005890371410505187 -0.0007903126610004603 0.008705298669254489],[-0.10084125984967074 0.0 0.0 0.0; 0.0 -0.0005575097092839465 -0.00038609998843175197 -0.00045235500888844655; 0.0 -0.00038609998843175907 -0.0004123050163401626 -0.00039593363533954595; 0.0 -0.00045235500888844926 -0.0003959336353395517 -0.0005074705367526185],0.3
