L,J,Q,θ,μ,ϕx,ϕy,ϕz,ndims,T,χ,dχdlogT,Λ
23,0.25,0.6180339887498949,0.4487989505128276,0.75,5.114081781791591,1.9778970122642205,6.104975597610122,3,0.0018873918221350976,[0.7136941976247434 0.0 0.0 0.0; 0.0 0.12272720789207171 -0.04934840736867809 -0.048434958890479905; 0.0 -0.04934840736867812 0.12589146473442514 -0.04939451926285768; 0.0 -0.048434958890480384 -0.049394519262858275 0.12439007091908759],[-0.12509930220806717 0.0 0.0 0.0; 0.0 -0.0012879768528545677 -0.0016819227739048078 -0.0008810945507796091; 0.0 -0.0016819227739047536 -0.0021714572865339384 -0.0015458821114792054; 0.0 -0.0008810945507796068 -0.001545882111479216 -0.001781429623414595],0.3
