L,J,Q,θ,μ,ϕx,ϕy,ϕz,ndims,T,χ,dχdlogT,Λ
23,1.0,0.6180339887498949,0.4487989505128276,0.75,2.8434750556154693,6.271360329032751,5.554110858698297,3,0.02395026619987486,[0.33647127874467936 0.0 0.0 0.0; 0.0 0.019507002673074307 -0.004384448898717867 -0.004042090367867324; 0.0 -0.0043844488987180704 0.020134446426628178 -0.004133339554208677; 0.0 -0.004042090367867573 -0.0041333395542084645 0.019553461279211596],[-0.12659118971925487 0.0 0.0 0.0; 0.0 -0.0018083419743905296 -0.0009195302848119718 -0.0009506754217919136; 0.0 -0.000919530284811937 -0.001937943908349885 -0.0009492356452229456; 0.0 -0.0009506754217919058 -0.0009492356452229794 -0.001908118135497997],0.3
