L,J,Q,θ,μ,ϕx,ϕy,ϕz,ndims,T,χ,dχdlogT,Λ
23,20.0,0.6180339887498949,0.4487989505128276,0.75,1.5592943070760379,5.335278045540041,5.601181029807369,3,10.0,[0.00019725030949945829 0.0 0.0 0.0; 0.0 6.8319758148490935e-6 -8.645448168279818e-7 5.269107296573996e-7; 0.0 -8.645448168279795e-7 7.188301418707224e-6 -2.8644764071320353e-7; 0.0 5.26910729657399e-7 -2.864476407132039e-7 4.3926880472557165e-6],[-0.00019724118949334904 0.0 0.0 0.0; 0.0 -6.831592388917463e-6 8.644508669630348e-7 -5.268711856934675e-7; 0.0 8.644508669630332e-7 -7.187987679880715e-6 2.864328952638477e-7; 0.0 -5.268711856934658e-7 2.8643289526384803e-7 -4.3924089866134355e-6],0.3
