L,J,Q,θ,μ,ϕx,ϕy,ϕz,ndims,T,χ,dχdlogT,Λ
23,0.25,0.6180339887498949,0.4487989505128276,0.75,0.6332610369913497,5.1149981805603915,3.73563864994291,3,3.856620421163471,[0.005492069426494665 0.0 0.0 0.0; 0.0 0.001803436544920243 -0.000810131744413037 -0.0008161308948757529; 0.0 -0.0008101317444130747 0.001800436389746617 -0.0008118403999074503; 0.0 -0.0008161308948757591 -0.0008118403999074353 0.0018052026633835318],[-0.005490242574458822 0.0 0.0 0.0; 0.0 -0.0018027652039173143 0.0008098323520266878 0.0008158216111765629; 0.0 0.0008098323520267238 -0.001799772956012188 0.0008115410690751581; 0.0 0.0008158216111766449 0.0008115410690751528 -0.0018045311545354303],0.3
