L,J,Q,θ,μ,ϕx,ϕy,ϕz,ndims,T,χ,dχdlogT,Λ
23,4.25,0.6180339887498949,0.4487989505128276,0.75,0.6332610369913497,5.1149981805603915,3.73563864994291,3,10.0,[0.0009307730430401504 0.0 0.0 0.0; 0.0 3.865499365994151e-5 -5.53340659919028e-6 -5.263374818301996e-6; 0.0 -5.5334065991904005e-6 3.7185127021241436e-5 -4.795349723763215e-6; 0.0 -5.263374818301933e-6 -4.7953497237631865e-6 3.8404860632715085e-5],[-0.0009307262985909127 0.0 0.0 0.0; 0.0 -3.8651942118727846e-5 5.5329291796573036e-6 5.26283718368724e-6; 0.0 5.53292917965716e-6 -3.7182294740539854e-5 4.794956561666616e-6; 0.0 5.262837183687258e-6 4.794956561666676e-6 -3.840195281860681e-5],0.3
