L,J,Q,θ,μ,ϕx,ϕy,ϕz,ndims,T,χ,dχdlogT,Λ
23,0.0,0.6180339887498949,0.4487989505128276,0.75,4.595883434386783,2.680894622013675,3.7730987963406717,3,1.0826367338740543,[0.01988493486811187 0.0 0.0 0.0; 0.0 0.008802881832323927 -0.003931146359327029 -0.0039217726209190475; 0.0 -0.003931146359327027 0.008859816995331032 -0.003940317257667074; 0.0 -0.003921772620919048 -0.003940317257667074 0.008855965199344097],[-0.019799266005647378 0.0 0.0 0.0; 0.0 -0.008764363452516846 0.003913822407202715 0.003904566485488955; 0.0 0.003913822407202714 -0.008820563779041151 0.00392286881063137; 0.0 0.003904566485488955 0.0039228688106313706 -0.008816756810837349],0.3
