L,J,Q,θ,μ,ϕx,ϕy,ϕz,ndims,T,χ,dχdlogT,Λ
23,0.25,0.6180339887498949,0.4487989505128276,0.75,1.443805199019273,2.916714181597697,3.1806982942344217,3,0.03290344562312668,[0.3317611205031758 0.0 0.0 0.0; 0.0 0.09823632786446476 -0.04297070112412181 -0.04267927794069379; 0.0 -0.04297070112412051 0.09677340526323361 -0.041373815487898806; 0.0 -0.042679277940695745 -0.04137381548789849 0.09653031238778587],[-0.14407824721027818 0.0 0.0 0.0; 0.0 -0.029297133818455248 0.012137251745292302 0.011866016881499956; 0.0 0.012137251745292097 -0.02817968057456604 0.010910998692249936; 0.0 0.011866016881499993 0.010910998692250711 -0.02797576213055778],0.3
