L,J,Q,θ,μ,ϕx,ϕy,ϕz,ndims,T,χ,dχdlogT,Λ
23,0.3,0.6180339887498949,0.4487989505128276,0.75,1.9901092843447468,5.411747857943236,4.4451051863530715,3,0.5736152510448679,[0.03651477055319346 0.0 0.0 0.0; 0.0 0.010974190450014897 -0.00480169595333422 -0.0048419843048793255; 0.0 -0.004801695953334571 0.010966665822010207 -0.004828692938025546; 0.0 -0.004841984304879259 -0.004828692938025684 0.011003840926799196],[-0.035977020745149906 0.0 0.0 0.0; 0.0 -0.010778141585960174 0.004714992643331781 0.00475368006296757; 0.0 0.004714992643331506 -0.010772176852318963 0.004742174256311591; 0.0 0.004753680062967346 0.004742174256311443 -0.010807864338442287],0.3
