L,J,Q,θ,μ,ϕx,ϕy,ϕz,ndims,T,χ,dχdlogT,Λ
23,0.5,0.6180339887498949,0.4487989505128276,0.75,1.6007647771343978,5.197477942515893,4.63671932724502,3,0.04520353656360243,[0.2786823050177142 0.0 0.0 0.0; 0.0 0.045739354689703825 -0.016744820134081333 -0.017090069784497494; 0.0 -0.016744820134081653 0.04509457551656069 -0.016412392868481934; 0.0 -0.017090069784496245 -0.016412392868482003 0.04507743318310569],[-0.1389708374990305 0.0 0.0 0.0; 0.0 -0.011209498973215328 0.002686800860877303 0.0028819855238659117; 0.0 0.0026868008608774414 -0.010895717585715425 0.0026065420009495376; 0.0 0.0028819855238658132 0.002606542000949688 -0.010893626160449131],0.3
