L,J,Q,θ,μ,ϕx,ϕy,ϕz,ndims,T,χ,dχdlogT,Λ
23,1.5,0.6180339887498949,0.4487989505128276,0.75,3.1171297709400028,1.0050771981932143,6.255505685491214,3,0.003562247890262444,[0.5037694954630394 0.0 0.0 0.0; 0.0 0.012363344035296413 -0.0005850447139770219 -0.0007918118255707156; 0.0 -0.0005850447139770163 0.012212464442131686 -0.0007454538255807993; 0.0 -0.0007918118255707303 -0.0007454538255808051 0.012105529669431674],[-0.10741632434174539 0.0 0.0 0.0; 0.0 -0.0006085930976141074 -0.0006351088537766247 -0.0006202272397739915; 0.0 -0.0006351088537766331 -0.0006591478265280553 -0.0006449816756450936; 0.0 -0.0006202272397739966 -0.000644981675645076 -0.0006143849792734313],0.3
