L,J,Q,θ,μ,ϕx,ϕy,ϕz,ndims,T,χ,dχdlogT,Λ
23,0.4,0.6180339887498949,0.4487989505128276,0.75,4.47228912932255,1.1729273679174639,1.744469154494291,3,7.27895384398315,[0.0028763470056193973 0.0 0.0 0.0; 0.0 0.0007210678251092501 -0.0003129431263961449 -0.0003102517572494453; 0.0 -0.0003129431263961428 0.0007236184932609056 -0.00031352191362670774; 0.0 -0.0003102517572494491 -0.0003135219136267158 0.0007191848782285188],[-0.002876076270873683 0.0 0.0 0.0; 0.0 -0.0007209747210067779 0.0003129020300246726 0.0003102098559185535; 0.0 0.0003129020300246622 -0.0007235263179696876 0.0003134807512327914; 0.0 0.00031020985591855807 0.0003134807512327947 -0.0007190919508766943],0.3
