L,J,Q,θ,μ,ϕx,ϕy,ϕz,ndims,T,χ,dχdlogT,Λ
23,0.3,0.6180339887498949,0.4487989505128276,0.75,5.114081781791591,1.9778970122642205,6.104975597610122,3,0.0018873918221350976,[0.719284523502557 0.0 0.0 0.0; 0.0 0.10324425426264167 -0.03935806131810393 -0.03918589085108493; 0.0 -0.03935806131810308 0.10325804663450505 -0.03898942654927873; 0.0 -0.03918589085108467 -0.03898942654927789 0.10318630959205946],[-0.1297344517298972 0.0 0.0 0.0; 0.0 -0.00152929300865887 -0.0014655609240727958 -0.001247916649123566; 0.0 -0.0014655609240727715 -0.0013439243644074836 -0.0015497945567913738; 0.0 -0.001247916649123537 -0.0015497945567913144 -0.001607210106488541],0.3
