L,J,Q,θ,μ,ϕx,ϕy,ϕz,ndims,T,χ,dχdlogT,Λ
23,0.55,0.6180339887498949,0.4487989505128276,0.75,4.47228912932255,1.1729273679174639,1.744469154494291,3,3.856620421163471,[0.005321597356519509 0.0 0.0 0.0; 0.0 0.0009899633933608569 -0.0004232686494162014 -0.00040711396981314577; 0.0 -0.00042326864941620264 0.001004199467609114 -0.00041893618306605414; 0.0 -0.0004071139698131317 -0.00041893618306604877 0.0009868148515834263],[-0.005319806883496102 0.0 0.0 0.0; 0.0 -0.0009894307210049837 0.00042303080361443164 0.0004068804018521124; 0.0 0.000423030803614409 -0.001003662224277876 0.0004186985265870952; 0.0 0.00040688040185210854 0.0004186985265870919 -0.0009862817758571833],0.3
