L,J,Q,θ,μ,ϕx,ϕy,ϕz,ndims,T,χ,dχdlogT,Λ
23,2.5,0.6180339887498949,0.4487989505128276,0.75,1.6007647771343978,5.197477942515893,4.63671932724502,3,0.03290344562312668,[0.20434948946040057 0.0 0.0 0.0; 0.0 0.005875730538714483 -0.0010666468974774503 -0.0011902001041710353; 0.0 -0.0010666468974774217 0.00570056317525207 -0.0007578308469679563; 0.0 -0.0011902001041710004 -0.0007578308469679753 0.0055863443484524345],[-0.08678636650548123 0.0 0.0 0.0; 0.0 -0.0007755533827602622 -7.270007549730187e-5 -5.6974984423461036e-5; 0.0 -7.270007549730046e-5 -0.0007172217146788376 -0.00011404980563488349; 0.0 -5.6974984423462405e-5 -0.00011404980563488462 -0.0006309361885388346],0.3
