L,J,Q,θ,μ,ϕx,ϕy,ϕz,ndims,T,χ,dχdlogT,Λ
23,5.5,0.6180339887498949,0.4487989505128276,0.75,0.6332610369913497,5.1149981805603915,3.73563864994291,3,0.017433288221999882,[0.14564783154181846 0.0 0.0 0.0; 0.0 0.004475953189217001 -0.0003511406096462323 -0.0003256692044960444; 0.0 -0.0003511406096462389 0.004438003066192793 -0.00046381765769879695; 0.0 -0.0003256692044960506 -0.0004638176576988021 0.0044056445630786655],[-0.043430135510713314 0.0 0.0 0.0; 0.0 -0.0007280666042850522 3.290619133967323e-5 4.760069388765601e-5; 0.0 3.290619133967275e-5 -0.0006233025251947818 8.423039902194668e-5; 0.0 4.7600693887656336e-5 8.42303990219446e-5 -0.0007336394893956424],0.3
