L,J,Q,θ,μ,ϕx,ϕy,ϕz,ndims,T,χ,dχdlogT,Λ
23,0.0,0.6180339887498949,0.4487989505128276,0.75,1.4818367473324847,2.2076775764358407,0.7021078731025535,3,0.003562247890262444,[0.625049414843307 0.0 0.0 0.0; 0.0 0.2707283973125134 -0.12301973680365022 -0.11814056152638155; 0.0 -0.12301973680365019 0.27585564544446317 -0.12517809640283864; 0.0 -0.11814056152638157 -0.1251780964028386 0.27378145515863883],[-0.1207437802363106 0.0 0.0 0.0; 0.0 -0.05176410067586382 0.01912733089507718 0.030619738273783746; 0.0 0.019127330895077174 -0.050419880776941865 0.020078209224924707; 0.0 0.030619738273783743 0.020078209224924697 -0.054477656347211786],0.3
