L,J,Q,θ,μ,ϕx,ϕy,ϕz,ndims,T,χ,dχdlogT,Λ
23,5.0,0.6180339887498949,0.4487989505128276,0.75,0.6332610369913497,5.1149981805603915,3.73563864994291,3,0.2212216291070449,[0.034813297760122486 0.0 0.0 0.0; 0.0 0.0013593902849616938 -6.417338675084783e-5 -0.00011908998999563739; 0.0 -6.417338675084764e-5 0.0014590617942928244 -0.0002684778858359344; 0.0 -0.00011908998999563634 -0.0002684778858359321 0.0013856298546116605],[-0.03174829328948717 0.0 0.0 0.0; 0.0 -0.0011857640010027892 5.530548807393902e-5 9.976960023234047e-5; 0.0 5.5305488073939405e-5 -0.0012793752868166665 0.000237684618503051; 0.0 9.976960023234213e-5 0.00023768461850305015 -0.001220215694377583],0.3
