L,J,Q,θ,μ,ϕx,ϕy,ϕz,ndims,T,χ,dχdlogT,Λ
23,6.0,0.6180339887498949,0.4487989505128276,0.75,1.1867398016420951,1.5704158831416337,1.3243486129212259,3,1.0826367338740543,[0.006211186296921104 0.0 0.0 0.0; 0.0 0.00027056601269577875 -3.6451761581021006e-5 -2.479534638251119e-5; 0.0 -3.6451761581020463e-5 0.00023128536568350468 -1.4621194238549111e-5; 0.0 -2.4795346382511113e-5 -1.4621194238549254e-5 0.0002525385555602549],[-0.0061834524010400856 0.0 0.0 0.0; 0.0 -0.0002689316253375331 3.620995012091653e-5 2.464118292492199e-5; 0.0 3.6209950120916586e-5 -0.00022985013460743688 1.4555439219840737e-5; 0.0 2.464118292492177e-5 1.4555439219840708e-5 -0.0002510100452379805],0.3
