L,J,Q,θ,μ,ϕx,ϕy,ϕz,ndims,T,χ,dχdlogT,Λ
23,0.5,0.6180339887498949,0.4487989505128276,0.75,3.1171297709400028,1.0050771981932143,6.255505685491214,3,3.856620421163471,[0.005353564090141115 0.0 0.0 0.0; 0.0 0.0011246216747155282 -0.0004426816855188495 -0.00043272553314450144; 0.0 -0.0004426816855188215 0.001138695273380617 -0.00044602319344476615; 0.0 -0.0004327255331445084 -0.0004460231934447721 0.0011278823135965383],[-0.005351773233219813 0.0 0.0 0.0; 0.0 -0.001124039778061572 0.0004424332428715369 0.00043248310203554006; 0.0 0.0004424332428715181 -0.001138110977342585 0.00044577920326550603; 0.0 0.0004324831020355648 0.0004457792032654744 -0.0011273056153477123],0.3
