L,J,Q,θ,μ,ϕx,ϕy,ϕz,ndims,T,χ,dχdlogT,Λ
23,2.25,0.6180339887498949,0.4487989505128276,0.75,0.6332610369913497,5.1149981805603915,3.73563864994291,3,0.0853167852417281,[0.13292619906789577 0.0 0.0 0.0; 0.0 0.00484425730577871 -0.0015464304948548046 -0.0013300879171508782; 0.0 -0.0015464304948548631 0.004896440296796458 -0.0014348501208399612; 0.0 -0.0013300879171508262 -0.0014348501208398881 0.004795230798459641],[-0.08996616640148063 0.0 0.0 0.0; 0.0 -0.0020299066826367203 0.0006369675604855346 0.000534142731921991; 0.0 0.0006369675604854839 -0.0020565702739466763 0.0005858378768984724; 0.0 0.0005341427319219843 0.0005858378768985098 -0.002023377122003756],0.3
