L,J,Q,θ,μ,ϕx,ϕy,ϕz,ndims,T,χ,dχdlogT,Λ
23,0.1,0.6180339887498949,0.4487989505128276,0.75,4.573334702516201,2.5164343054203417,5.644257977725345,3,0.0853167852417281,[0.19913932258777903 0.0 0.0 0.0; 0.0 0.08162350565987976 -0.035774301250354676 -0.03634684196588647; 0.0 -0.03577430125035606 0.0819291338571735 -0.03626176297077352; 0.0 -0.03634684196588837 -0.03626176297077203 0.08215596235762132],[-0.13468522793948615 0.0 0.0 0.0; 0.0 -0.05491976867926696 0.024443681736712082 0.02406556124848636; 0.0 0.024443681736711617 -0.05529839724741214 0.02438950846407123; 0.0 0.024065561248484014 0.024389508464072042 -0.05486300834886825],0.3
