L,J,Q,θ,μ,ϕx,ϕy,ϕz,ndims,T,χ,dχdlogT,Λ
23,0.25,0.6180339887498949,0.4487989505128276,0.75,1.5370755035275128,5.449497487152055,3.349099588190438,3,5.298316906283709,[0.004005716119638291 0.0 0.0 0.0; 0.0 0.0013260065616609918 -0.0005802446354207099 -0.0005913623361773626; 0.0 -0.0005802446354207089 0.0013220671286077663 -0.0005869109986018414; 0.0 -0.000591362336177351 -0.0005869109986018228 0.001332379743183963],[-0.004005001901445003 0.0 0.0 0.0; 0.0 -0.001325737390841205 0.0005801321720351678 0.0005912346728410965; 0.0 0.0005801321720351687 -0.0013218106869348452 0.0005867963649751841; 0.0 0.0005912346728410525 0.0005867963649752218 -0.0013321075364031462],0.3
