L,J,Q,θ,μ,ϕx,ϕy,ϕz,ndims,T,χ,dχdlogT,Λ
23,3.25,0.6180339887498949,0.4487989505128276,0.75,0.6332610369913497,5.1149981805603915,3.73563864994291,3,10.0,[0.001086928782333393 0.0 0.0 0.0; 0.0 4.134410665811864e-5 -8.388100719582073e-6 -9.56212487606307e-6; 0.0 -8.388100719582104e-6 4.4445340260892506e-5 -8.705809454584772e-6; 0.0 -9.562124876063113e-6 -8.705809454584933e-6 4.4187067278798014e-5],[-0.0010868733065635735 0.0 0.0 0.0; 0.0 -4.134036575559345e-5 8.38722510225274e-6 9.561192047057373e-6; 0.0 8.387225102252831e-6 -4.4441421911551984e-5 8.704945190729317e-6; 0.0 9.561192047057207e-6 8.70494519072935e-6 -4.418313536026993e-5],0.3
