L,J,Q,θ,μ,ϕx,ϕy,ϕz,ndims,T,χ,dχdlogT,Λ
23,2.0,0.6180339887498949,0.4487989505128276,0.75,1.6007647771343978,5.197477942515893,4.63671932724502,3,0.017433288221999882,[0.29330770439403925 0.0 0.0 0.0; 0.0 0.0077839208330150525 -0.0009380078029070589 -0.0012058965144920613; 0.0 -0.0009380078029070678 0.007906352667663107 -0.0011944807803490384; 0.0 -0.0012058965144920563 -0.0011944807803490713 0.008061582368450662],[-0.09691056332169222 0.0 0.0 0.0; 0.0 -0.0005112913437179408 -0.0003442499684244473 -0.00030946730168783813; 0.0 -0.0003442499684244394 -0.0005370034993040059 -0.00031951360240378376; 0.0 -0.0003094673016878313 -0.0003195136024037785 -0.0005944978274114507],0.3
