L,J,Q,θ,μ,ϕx,ϕy,ϕz,ndims,T,χ,dχdlogT,Λ
23,0.1,0.6180339887498949,0.4487989505128276,0.75,5.114081781791591,1.9778970122642205,6.104975597610122,3,7.27895384398315,[0.0029299801680728495 0.0 0.0 0.0; 0.0 0.001196797074574908 -0.0005295617806158325 -0.0005348325596567355; 0.0 -0.0005295617806158385 0.0011902239916737733 -0.0005317463225164899; 0.0 -0.0005348325596567538 -0.0005317463225164826 0.0011990471229155093],[-0.0029297075241107627 0.0 0.0 0.0; 0.0 -0.001196688630136841 0.000529515633645844 0.000534783484215788; 0.0 0.0005295156336458552 -0.0011901179312281105 0.0005316986402731682; 0.0 0.0005347834842158135 0.0005316986402731537 -0.0011989371464126346],0.3
