L,J,Q,θ,μ,ϕx,ϕy,ϕz,ndims,T,χ,dχdlogT,Λ
23,0.5,0.6180339887498949,0.4487989505128276,0.75,2.1572982109170415,0.14489139663191852,2.235647124721977,3,0.04520353656360243,[0.2782040944650606 0.0 0.0 0.0; 0.0 0.0467026235553531 -0.016937766045981087 -0.01747964505836323; 0.0 -0.016937766045980785 0.045800164440401095 -0.016479896506526197; 0.0 -0.017479645058363674 -0.01647989650652507 0.04635140416757843],[-0.13643990955295293 0.0 0.0 0.0; 0.0 -0.011614193068493827 0.0028187655610556633 0.0030677076882472303; 0.0 0.0028187655610559304 -0.011246673228120906 0.0025490064355632694; 0.0 0.003067707688247178 0.0025490064355632065 -0.011421744090031598],0.3
