L,J,Q,θ,μ,ϕx,ϕy,ϕz,ndims,T,χ,dχdlogT,Λ
23,0.3,0.6180339887498949,0.4487989505128276,0.75,4.47228912932255,1.1729273679174639,1.744469154494291,3,0.006723357536499335,[0.5606416790530043 0.0 0.0 0.0; 0.0 0.10052092742003081 -0.04049764750796221 -0.04096262765782956; 0.0 -0.04049764750796348 0.10177477831384897 -0.04126129479707993; 0.0 -0.04096262765782955 -0.041261294797077915 0.10133674989998041],[-0.14610783461335208 0.0 0.0 0.0; 0.0 -0.003773887076752391 -0.0005299821262503264 -0.0003154142016454285; 0.0 -0.0005299821262503225 -0.004207116477153095 -0.0006163353493327684; 0.0 -0.00031541420164543275 -0.0006163353493327471 -0.003797552920916462],0.3
