L,J,Q,θ,μ,ϕx,ϕy,ϕz,ndims,T,χ,dχdlogT,Λ
23,0.45,0.6180339887498949,0.4487989505128276,0.75,4.47228912932255,1.1729273679174639,1.744469154494291,3,1.0826367338740543,[0.019184969981709016 0.0 0.0 0.0; 0.0 0.004317414713703815 -0.0018278767268399294 -0.0018693910333595655; 0.0 -0.0018278767268399977 0.0043034672509349335 -0.00185698218849017; 0.0 -0.0018693910333596173 -0.001856982188490297 0.004355745850834213],[-0.019103792246396436 0.0 0.0 0.0; 0.0 -0.0042907653432172005 0.001816102863315228 0.0018574211131020216; 0.0 0.0018161028633153341 -0.004276964026566163 0.0018451463274380506; 0.0 0.0018574211131020678 0.001845146327437994 -0.004328970640582665],0.3
