L,J,Q,θ,μ,ϕx,ϕy,ϕz,ndims,T,χ,dχdlogT,Λ
23,5.0,0.6180339887498949,0.4487989505128276,0.75,0.6332610369913497,5.1149981805603915,3.73563864994291,3,0.11721022975334802,[0.05965137292919817 0.0 0.0 0.0; 0.0 0.002232731475669107 -0.00010419038776530865 -0.00018870630362941913; 0.0 -0.00010419038776530732 0.0024094055827566276 -0.00044762207537394515; 0.0 -0.00018870630362941576 -0.00044762207537394656 0.0022957672302638503],[-0.04579087649056983 0.0 0.0 0.0; 0.0 -0.0014936453384275757 6.656792180848053e-5 0.00011092920222883056; 0.0 6.656792180848005e-5 -0.0016447855843661225 0.00031632136857837604; 0.0 0.00011092920222883392 0.00031632136857837886 -0.0015813676660540712],0.3
