L,J,Q,θ,μ,ϕx,ϕy,ϕz,ndims,T,χ,dχdlogT,Λ
23,0.5,0.6180339887498949,0.4487989505128276,0.75,0.97214979122521,4.062456537363038,2.9445300006073447,3,0.7880462815669912,[0.02622874536977553 0.0 0.0 0.0; 0.0 0.005426186668964633 -0.0023029472764297607 -0.0022992429187768362; 0.0 -0.0023029472764297676 0.005414154878732703 -0.002293685282511626; 0.0 -0.002299242918776925 -0.0022936852825116323 0.005403476763431876],[-0.02601893203819503 0.0 0.0 0.0; 0.0 -0.005360026030298889 0.002273638290207001 0.0022697473872250913; 0.0 0.0022736382902069016 -0.005348284044907359 0.002264552705443123; 0.0 0.0022697473872250666 0.0022645527054430503 -0.0053374395833385],0.3
