L,J,Q,θ,μ,ϕx,ϕy,ϕz,ndims,T,χ,dχdlogT,Λ
23,1.5,0.6180339887498949,0.4487989505128276,0.75,4.573334702516201,2.5164343054203417,5.644257977725345,3,10.0,[0.0016889527919744735 0.0 0.0 0.0; 0.0 0.00010904119104562561 -3.1372911355274637e-5 -2.7903870870586105e-5; 0.0 -3.137291135527481e-5 0.00011071815618304906 -3.109656825205075e-5; 0.0 -2.7903870870586132e-5 -3.109656825205107e-5 0.0001090823751484919],[-0.0016888687363323014 0.0 0.0 0.0; 0.0 -0.00010903112083596537 3.136949348532354e-5 2.7900643450155293e-5; 0.0 3.1369493485323213e-5 -0.00011070796081605562 3.109316222589691e-5; 0.0 2.7900643450156042e-5 3.109316222589624e-5 -0.0001090723705845955],0.3
