L,J,Q,θ,μ,ϕx,ϕy,ϕz,ndims,T,χ,dχdlogT,Λ
23,0.3,0.6180339887498949,0.4487989505128276,0.75,5.898286875632164,2.2120676557336663,3.0137624604328344,3,0.5736152510448679,[0.03734225733772971 0.0 0.0 0.0; 0.0 0.010931705101573774 -0.0048010346697676815 -0.004752329933213125; 0.0 -0.004801034669767715 0.01099553019787031 -0.004780223238470216; 0.0 -0.004752329933213133 -0.004780223238470357 0.010953382813219129],[-0.03674136238803777 0.0 0.0 0.0; 0.0 -0.010729107234137324 0.004708568359494852 0.0046631439439377064; 0.0 0.004708568359495024 -0.010789289741171914 0.004692318937143548; 0.0 0.004663143943937919 0.004692318937143414 -0.010750341420853547],0.3
