L,J,Q,θ,μ,ϕx,ϕy,ϕz,ndims,T,χ,dχdlogT,Λ
23,0.45,0.6180339887498949,0.4487989505128276,0.75,5.898286875632164,2.2120676557336663,3.0137624604328344,3,0.06210169418915616,[0.23570602039338992 0.0 0.0 0.0; 0.0 0.04596329743432548 -0.019328910110790378 -0.018885052675909068; 0.0 -0.019328910110790156 0.045901339073799514 -0.019052979099707223; 0.0 -0.018885052675908436 -0.01905297909970747 0.045461939036096834],[-0.1333196013702445 0.0 0.0 0.0; 0.0 -0.01758809166336306 0.006759185691718146 0.006541946767048185; 0.0 0.0067591856917182435 -0.01741259585308681 0.0067790465818145; 0.0 0.006541946767048138 0.006779046581814752 -0.017227315812002725],0.3
