L,J,Q,θ,μ,ϕx,ϕy,ϕz,ndims,T,χ,dχdlogT,Λ
23,0.5,0.6180339887498949,0.4487989505128276,0.75,1.4818367473324847,2.2076775764358407,0.7021078731025535,3,0.002592943797404667,[0.6833049972946577 0.0 0.0 0.0; 0.0 0.05309733181470029 -0.016862574008420936 -0.016858557328710624; 0.0 -0.016862574008420114 0.05413905925581674 -0.016977864126010753; 0.0 -0.016858557328710836 -0.016977864126012283 0.05303496667361654],[-0.14309324335140472 0.0 0.0 0.0; 0.0 -0.001335600067867752 -0.0013336361148669322 -0.0012055690903876224; 0.0 -0.0013336361148669458 -0.001440102116301512 -0.0013431650286304128; 0.0 -0.0012055690903875803 -0.0013431650286304263 -0.0013407534612521316],0.3
