L,J,Q,θ,μ,ϕx,ϕy,ϕz,ndims,T,χ,dχdlogT,Λ
23,0.25,0.6180339887498949,0.4487989505128276,0.75,3.1171297709400028,1.0050771981932143,6.255505685491214,3,0.11721022975334802,[0.15713489928396102 0.0 0.0 0.0; 0.0 0.05098784940876033 -0.022074636293151137 -0.021530357237632764; 0.0 -0.022074636293150575 0.051567710336145274 -0.02194358256298302; 0.0 -0.021530357237632105 -0.02194358256298365 0.050960068011119526],[-0.12146783675368789 0.0 0.0 0.0; 0.0 -0.03735419593342846 0.0158550807183476 0.015859421787562472; 0.0 0.01585508071834669 -0.037844868782243246 0.016245694979431183; 0.0 0.01585942178756263 0.016245694979430975 -0.03778046540186218],0.3
