L,J,Q,θ,μ,ϕx,ϕy,ϕz,ndims,T,χ,dχdlogT,Λ
23,2.5,0.6180339887498949,0.4487989505128276,0.75,1.1867398016420951,1.5704158831416337,1.3243486129212259,3,3.856620421163471,[0.0034145580959270023 0.0 0.0 0.0; 0.0 0.0001532810704308153 -3.386569944521449e-5 -3.1508409381178476e-5; 0.0 -3.3865699445213515e-5 0.00015468364522832785 -3.740216669223369e-5; 0.0 -3.150840938117895e-5 -3.740216669223227e-5 0.0001541767303913694],[-0.0034134085148747944 0.0 0.0 0.0; 0.0 -0.0001531885828810354 3.384151807638598e-5 3.148567441994345e-5; 0.0 3.3841518076384944e-5 -0.00015458888126868345 3.737624397805908e-5; 0.0 3.148567441994411e-5 3.737624397805949e-5 -0.00015408277608812141],0.3
