L,J,Q,θ,μ,ϕx,ϕy,ϕz,ndims,T,χ,dχdlogT,Λ
23,2.0,0.6180339887498949,0.4487989505128276,0.75,4.573334702516201,2.5164343054203417,5.644257977725345,3,0.5736152510448679,[0.025669121652367257 0.0 0.0 0.0; 0.0 0.0013002932415453617 -0.00032985966163911795 -0.00032178850862456563; 0.0 -0.0003298596616391063 0.0013369307924672132 -0.0003163141166179538; 0.0 -0.0003217885086245758 -0.0003163141166179572 0.0012985698971534796],[-0.025288291153435102 0.0 0.0 0.0; 0.0 -0.0012647846900936276 0.0003189715835189486 0.00031171988928524187; 0.0 0.0003189715835189503 -0.0013009809970620464 0.0003060680956216885; 0.0 0.00031171988928524713 0.00030606809562167713 -0.0012629494829431325],0.3
