L,J,Q,θ,μ,ϕx,ϕy,ϕz,ndims,T,χ,dχdlogT,Λ
23,0.1,0.6180339887498949,0.4487989505128276,0.75,1.9901092843447468,5.411747857943236,4.4451051863530715,3,0.02395026619987486,[0.37729085260815 0.0 0.0 0.0; 0.0 0.1498648705390038 -0.06740224734589581 -0.06573755012980775; 0.0 -0.0674022473458938 0.151713977823388 -0.06803053760696233; 0.0 -0.06573755012980838 -0.0680305376069589 0.1504276764665609],[-0.14332745483882095 0.0 0.0 0.0; 0.0 -0.05084683026047724 0.022710099836461377 0.021372390057216802; 0.0 0.022710099836462983 -0.05115699137834111 0.023387823461722378; 0.0 0.021372390057216983 0.02338782346172181 -0.05150867240388922],0.3
