L,J,Q,θ,μ,ϕx,ϕy,ϕz,ndims,T,χ,dχdlogT,Λ
23,5.0,0.6180339887498949,0.4487989505128276,0.75,4.573334702516201,2.5164343054203417,5.644257977725345,3,10.0,[0.00076434358163768 0.0 0.0 0.0; 0.0 2.9716671310052992e-5 -2.9787227709722187e-6 -4.980593455738506e-6; 0.0 -2.978722770972196e-6 3.202813621678058e-5 -2.929046868299158e-6; 0.0 -4.9805934557385415e-6 -2.929046868299155e-6 3.0956197607505086e-5],[-0.0007643055065520874 0.0 0.0 0.0; 0.0 -2.9714499934444425e-5 2.97847140296724e-6 4.980183532083384e-6; 0.0 2.9784714029672254e-6 -3.20259009683792e-5 2.9288322077610755e-6; 0.0 4.980183532083354e-6 2.928832207761032e-6 -3.0953878354309445e-5],0.3
