L,J,Q,θ,μ,ϕx,ϕy,ϕz,ndims,T,χ,dχdlogT,Λ
23,0.0,0.6180339887498949,0.4487989505128276,0.75,0.97214979122521,4.062456537363038,2.9445300006073447,3,0.002592943797404667,[0.6609511828999541 0.0 0.0 0.0; 0.0 0.2998261444374383 -0.15507821317948223 -0.12867293579268718; 0.0 -0.15507821317948217 0.3084258651771164 -0.11090711736834079; 0.0 -0.12867293579268715 -0.11090711736834079 0.27629560769334627],[-0.11656408039150153 0.0 0.0 0.0; 0.0 -0.06570563443054768 0.045102237028112176 0.0241188826971122; 0.0 0.04510223702811215 -0.061730934277764556 0.008621570908066345; 0.0 0.0241188826971122 0.008621570908066353 -0.04465495770204969],0.3
