L,J,Q,θ,μ,ϕx,ϕy,ϕz,ndims,T,χ,dχdlogT,Λ
23,1.0,0.6180339887498949,0.4487989505128276,0.75,1.1867398016420951,1.5704158831416337,1.3243486129212259,3,2.043359717856942,[0.00929596005813433 0.0 0.0 0.0; 0.0 0.0009359001507287599 -0.0002906296631471143 -0.0002763121703279023; 0.0 -0.00029062966314712655 0.0009347303172788266 -0.00028672408181672465; 0.0 -0.0002763121703279057 -0.0002867240818167277 0.0009494521371977739],[-0.009284876729817764 0.0 0.0 0.0; 0.0 -0.0009338876451999858 0.00028987660087227376 0.00027557935024532046; 0.0 0.00028987660087226715 -0.00093271151238681 0.00028596953034210515; 0.0 0.0002755793502453085 0.0002859695303421145 -0.0009474127332641558],0.3
