L,J,Q,θ,μ,ϕx,ϕy,ϕz,ndims,T,χ,dχdlogT,Λ
23,0.25,0.6180339887498949,0.4487989505128276,0.75,1.1867398016420951,1.5704158831416337,1.3243486129212259,3,0.41753189365604015,[0.050223641221260114 0.0 0.0 0.0; 0.0 0.016896313617496453 -0.007259617502871419 -0.007201580181369289; 0.0 -0.007259617502871389 0.016859750776305405 -0.007188781542829808; 0.0 -0.007201580181368981 -0.0071887815428296085 0.016843812553049897],[-0.048845165854408845 0.0 0.0 0.0; 0.0 -0.01637083166394902 0.007027016534903532 0.00697946663695579; 0.0 0.007027016534903689 -0.016339390365868747 0.006969495001305328; 0.0 0.006979466636956175 0.006969495001305556 -0.016330966021844855],0.3
