L,J,Q,θ,μ,ϕx,ϕy,ϕz,ndims,T,χ,dχdlogT,Λ
23,0.0,0.6180339887498949,0.4487989505128276,0.75,0.22844566387304216,0.027030545181912335,6.104326023357702,3,0.06210169418915616,[0.24555359169501018 0.0 0.0 0.0; 0.0 0.10824448283292296 -0.048206214252708886 -0.048026123315719926; 0.0 -0.048206214252708886 0.10824700523666557 -0.047695729813415105; 0.0 -0.04802612331571992 -0.0476957298134151 0.10784106811681228],[-0.13795547168223607 0.0 0.0 0.0; 0.0 -0.06063054211691033 0.027099927645983513 0.02671329298561973; 0.0 0.027099927645983502 -0.06106157992929537 0.027256692674634778; 0.0 0.02671329298561973 0.02725669267463478 -0.06055645919569434],0.3
