L,J,Q,θ,μ,ϕx,ϕy,ϕz,ndims,T,χ,dχdlogT,Λ
23,0.1,0.6180339887498949,0.4487989505128276,0.75,5.898286875632164,2.2120676557336663,3.0137624604328344,3,1.4873521072935114,[0.014846030008230928 0.0 0.0 0.0; 0.0 0.005977408557089358 -0.002654675784483623 -0.0026582448458248465; 0.0 -0.002654675784483768 0.006083733992528916 -0.0027170336249722187; 0.0 -0.0026582448458248122 -0.0027170336249720544 0.00606399899284804],[-0.014808862600914557 0.0 0.0 0.0; 0.0 -0.0059631650945227935 0.0026482749560418355 0.0026519221310642846; 0.0 0.0026482749560418004 -0.006068997357426929 0.0027106595937264784; 0.0 0.002651922131064168 0.002710659593726692 -0.006049537759796612],0.3
