L,J,Q,θ,μ,ϕx,ϕy,ϕz,ndims,T,χ,dχdlogT,Λ
23,0.3,0.6180339887498949,0.4487989505128276,0.75,5.33991541520367,3.025174213779463,0.8204399823652144,3,0.006723357536499335,[0.513646789771455 0.0 0.0 0.0; 0.0 0.09971418485768997 -0.040205454141252164 -0.04013641193316534; 0.0 -0.040205454141254454 0.09905905657414485 -0.04065256187624877; 0.0 -0.04013641193316369 -0.04065256187624929 0.09868749213225803],[-0.12362483521143684 0.0 0.0 0.0; 0.0 -0.00432461346328047 3.350336227244845e-6 2.3162885861310887e-5; 0.0 3.3503362272478746e-6 -0.004196887314109297 -0.00020173820180511247; 0.0 2.3162885861311758e-5 -0.00020173820180512675 -0.0039146616553489],0.3
