L,J,Q,θ,μ,ϕx,ϕy,ϕz,ndims,T,χ,dχdlogT,Λ
23,1.75,0.6180339887498949,0.4487989505128276,0.75,0.6332610369913497,5.1149981805603915,3.73563864994291,3,0.04520353656360243,[0.2161897839573334 0.0 0.0 0.0; 0.0 0.007549485105491537 -0.002564742727069966 -0.0027338860683834257; 0.0 -0.0025647427270700848 0.007562471613133579 -0.002739831581956183; 0.0 -0.002733886068383495 -0.0027398315819563107 0.007759383106776338],[-0.10712208080260503 0.0 0.0 0.0; 0.0 -0.0011419188215692814 0.00032275161530183805 0.0003761953644260012; 0.0 0.00032275161530183024 -0.001096469260687768 0.0003647542111129089; 0.0 0.0003761953644259927 0.00036475421111290424 -0.0011791392800741627],0.3
