L,J,Q,θ,μ,ϕx,ϕy,ϕz,ndims,T,χ,dχdlogT,Λ
23,0.0,0.6180339887498949,0.4487989505128276,0.75,4.573334702516201,2.5164343054203417,5.644257977725345,3,0.003562247890262444,[0.7254594658971696 0.0 0.0 0.0; 0.0 0.32986300838899707 -0.15534526484711084 -0.13198733940608767; 0.0 -0.1553452648471108 0.3189120478109296 -0.13765789121161714; 0.0 -0.13198733940608773 -0.13765789121161714 0.304904194074522],[-0.19455742332254924 0.0 0.0 0.0; 0.0 -0.10109336817359255 0.04926941537661048 0.0350763527863658; 0.0 0.04926941537661048 -0.08660828528031488 0.03809578964729626; 0.0 0.0350763527863658 0.038095789647296284 -0.08449374406338096],0.3
