L,J,Q,θ,μ,ϕx,ϕy,ϕz,ndims,T,χ,dχdlogT,Λ
23,0.55,0.6180339887498949,0.4487989505128276,0.75,5.114081781791591,1.9778970122642205,6.104975597610122,3,0.03290344562312668,[0.32039182049432874 0.0 0.0 0.0; 0.0 0.0407327734809117 -0.01612351621603904 -0.01580838118932813; 0.0 -0.016123516216039187 0.04064117837929975 -0.015909948504338082; 0.0 -0.015808381189328036 -0.01590994850433813 0.04048338006865001],[-0.13727497623007034 0.0 0.0 0.0; 0.0 -0.005761717258812199 0.001199480388327463 0.0011127355093364351; 0.0 0.0011994803883274687 -0.00575265417354677 0.001161772210362235; 0.0 0.001112735509336451 0.0011617722103621675 -0.005681386347217545],0.3
