L,J,Q,θ,μ,ϕx,ϕy,ϕz,ndims,T,χ,dχdlogT,Λ
23,0.25,0.6180339887498949,0.4487989505128276,0.75,1.6007647771343978,5.197477942515893,4.63671932724502,3,2.043359717856942,[0.010260889564573668 0.0 0.0 0.0; 0.0 0.0034064349392333715 -0.0014686896712292963 -0.0014533947903895316; 0.0 -0.0014686896712293326 0.0034280423630039655 -0.0014682767375804393; 0.0 -0.001453394790389626 -0.0014682767375803218 0.003404680886061877],[-0.01024897474335956 0.0 0.0 0.0; 0.0 -0.003401998674390786 0.0014667729403071439 0.001451473483828283; 0.0 0.0014667729403072258 -0.0034235213874591864 0.0014663042103039963; 0.0 0.001451473483828382 0.001466304210304028 -0.00340017166837368],0.3
