L,J,Q,θ,μ,ϕx,ϕy,ϕz,ndims,T,χ,dχdlogT,Λ
23,1.0,0.6180339887498949,0.4487989505128276,0.75,1.1867398016420951,1.5704158831416337,1.3243486129212259,3,2.807216203941177,[0.006709846782304256 0.0 0.0 0.0; 0.0 0.0006560692716702898 -0.00020210926468643866 -0.0002030216850637086; 0.0 -0.0002021092646864308 0.0006582970565046486 -0.00020421677704205498; 0.0 -0.00020302168506370643 -0.00020421677704203945 0.0006652450017038381],[-0.006705604258057834 0.0 0.0 0.0; 0.0 -0.0006553160427335513 0.00020182998523766575 0.00020273875743464392; 0.0 0.00020182998523767887 -0.0006575434950734604 0.00020393350816590944; 0.0 0.00020273875743464508 0.00020393350816590608 -0.0006644794161075472],0.3
