L,J,Q,θ,μ,ϕx,ϕy,ϕz,ndims,T,χ,dχdlogT,Λ
23,2.5,0.6180339887498949,0.4487989505128276,0.75,1.4818367473324847,2.2076775764358407,0.7021078731025535,3,7.27895384398315,[0.0018319423950520727 0.0 0.0 0.0; 0.0 7.91757560501999e-5 -2.0787461431393877e-5 -2.0059162543961877e-5; 0.0 -2.0787461431393288e-5 7.536767725478502e-5 -2.1542973354449126e-5; 0.0 -2.0059162543961437e-5 -2.1542973354448912e-5 7.899822597694826e-5],[-0.0018317701486564658 0.0 0.0 0.0; 0.0 -7.916211712450607e-5 2.0783761792662162e-5 2.005541884208349e-5; 0.0 2.0783761792661986e-5 -7.535441401794942e-5 2.1539096893486563e-5; 0.0 2.005541884208358e-5 2.153909689348651e-5 -7.898463075783966e-5],0.3
