L,J,Q,θ,μ,ϕx,ϕy,ϕz,ndims,T,χ,dχdlogT,Λ
23,3.75,0.6180339887498949,0.4487989505128276,0.75,0.6332610369913497,5.1149981805603915,3.73563864994291,3,0.16102620275609392,[0.057357811823705855 0.0 0.0 0.0; 0.0 0.002134887272692376 -0.00038879968847715116 -0.00031084529566781697; 0.0 -0.00038879968847715474 0.001978166860200604 -0.0002968075811725384; 0.0 -0.00031084529566781404 -0.0002968075811725389 0.0019691496828184688],[-0.0489077377433403 0.0 0.0 0.0; 0.0 -0.001623751954510509 0.00030169670113936695 0.0002167593479054806; 0.0 0.0003016967011393592 -0.0015025871701480154 0.00022244860419315008; 0.0 0.00021675934790547674 0.0002224486041931487 -0.0014944180025174335],0.3
