L,J,Q,θ,μ,ϕx,ϕy,ϕz,ndims,T,χ,dχdlogT,Λ
23,2.5,0.6180339887498949,0.4487989505128276,0.75,1.1867398016420951,1.5704158831416337,1.3243486129212259,3,0.017433288221999882,[0.25539668727752635 0.0 0.0 0.0; 0.0 0.006375757611356326 -0.0004879184617950959 -0.0008706738678828852; 0.0 -0.0004879184617950997 0.006236345945454494 -0.0010638829417269828; 0.0 -0.0008706738678829044 -0.0010638829417269566 0.006014846839546752],[-0.08526122572805289 0.0 0.0 0.0; 0.0 -0.0005885733238285085 -0.0002283291251509745 -0.0001649301564105091; 0.0 -0.0002283291251509846 -0.0004682902318109868 -0.0001745272199157174; 0.0 -0.00016493015641050822 -0.0001745272199157193 -0.00043456839215028585],0.3
