L,J,Q,θ,μ,ϕx,ϕy,ϕz,ndims,T,χ,dχdlogT,Λ
23,0.55,0.6180339887498949,0.4487989505128276,0.75,5.114081781791591,1.9778970122642205,6.104975597610122,3,0.0018873918221350976,[0.7085682796017212 0.0 0.0 0.0; 0.0 0.04664454009400773 -0.01413609638880449 -0.014440192285149952; 0.0 -0.014136096388805329 0.04629892493865019 -0.01389573941219899; 0.0 -0.014440192285149828 -0.01389573941219823 0.046591877318956886],[-0.13271212582742042 0.0 0.0 0.0; 0.0 -0.0010385186572549859 -0.0011226383895367542 -0.0010856645641756015; 0.0 -0.001122638389536701 -0.001124092861925052 -0.001071795763320899; 0.0 -0.0010856645641757134 -0.0010717957633208808 -0.0010011261514600105],0.3
