L,J,Q,θ,μ,ϕx,ϕy,ϕz,ndims,T,χ,dχdlogT,Λ
23,0.25,0.6180339887498949,0.4487989505128276,0.75,0.6332610369913497,5.1149981805603915,3.73563864994291,3,0.03290344562312668,[0.3317017130785735 0.0 0.0 0.0; 0.0 0.09635106564286575 -0.043096932460074004 -0.042942845390320915; 0.0 -0.043096932460074074 0.09669502338760061 -0.043228280375248784; 0.0 -0.04294284539032167 -0.04322828037524632 0.0964855910038076],[-0.14360638537561626 0.0 0.0 0.0; 0.0 -0.028471498683198534 0.012269470303897839 0.011990546911870674; 0.0 0.012269470303897682 -0.02886843045097976 0.012319576948282882; 0.0 0.011990546911869984 0.0123195769482833 -0.02854426220071914],0.3
