L,J,Q,θ,μ,ϕx,ϕy,ϕz,ndims,T,χ,dχdlogT,Λ
23,0.0,0.6180339887498949,0.4487989505128276,0.75,4.573334702516201,2.5164343054203417,5.644257977725345,3,0.001,[0.985834676651494 0.0 0.0 0.0; 0.0 0.46556558749659305 -0.219498119509025 -0.18069588360848368; 0.0 -0.21949811950902504 0.43575721651874116 -0.1953914397278945; 0.0 -0.18069588360848376 -0.19539143972789447 0.4301106503118049],[-0.2151246606170862 0.0 0.0 0.0; 0.0 -0.11060427350836562 0.05345543343559182 0.03833097761648504; 0.0 0.05345543343559182 -0.09872175348219135 0.05507757098593427; 0.0 0.03833097761648504 0.05507757098593425 -0.11463871899871601],0.3
