L,J,Q,θ,μ,ϕx,ϕy,ϕz,ndims,T,χ,dχdlogT,Λ
23,0.5,0.6180339887498949,0.4487989505128276,0.75,1.4818367473324847,2.2076775764358407,0.7021078731025535,3,1.0826367338740543,[0.01897728945641436 0.0 0.0 0.0; 0.0 0.0039159829816555036 -0.0016609065472418117 -0.0016643472791454856; 0.0 -0.0016609065472418302 0.003923189574982327 -0.0016622098589632749; 0.0 -0.001664347279145503 -0.001662209858963246 0.0039217702464662205],[-0.018898277930639737 0.0 0.0 0.0; 0.0 -0.003890429958264473 0.0016496578206078344 0.001652804909452339; 0.0 0.0016496578206078075 -0.003897908951217984 0.0016509243174147976; 0.0 0.0016528049094523608 0.0016509243174147661 -0.003896150014692716],0.3
