L,J,Q,θ,μ,ϕx,ϕy,ϕz,ndims,T,χ,dχdlogT,Λ
23,3.75,0.6180339887498949,0.4487989505128276,0.75,0.6332610369913497,5.1149981805603915,3.73563864994291,3,5.298316906283709,[0.0018962191691075452 0.0 0.0 0.0; 0.0 7.44896417806231e-5 -1.3464017338813272e-5 -1.1244175308473045e-5; 0.0 -1.3464017338813204e-5 6.905741116897104e-5 -1.0428704584502961e-5; 0.0 -1.1244175308473116e-5 -1.042870458450253e-5 6.87410946008849e-5],[-0.0018958795623411067 0.0 0.0 0.0; 0.0 -7.446753960668814e-5 1.3460200142884672e-5 1.1239978577649344e-5; 0.0 1.34602001428846e-5 -6.903685204158652e-5 1.0425442290876184e-5; 0.0 1.1239978577649462e-5 1.0425442290875905e-5 -6.872069333963109e-5],0.3
