L,J,Q,θ,μ,ϕx,ϕy,ϕz,ndims,T,χ,dχdlogT,Λ
23,0.0,0.6180339887498949,0.4487989505128276,0.75,4.573334702516201,2.5164343054203417,5.644257977725345,3,2.807216203941177,[0.007609871686543447 0.0 0.0 0.0; 0.0 0.0033257978483011317 -0.0014475161550712291 -0.0015112734995665266; 0.0 -0.001447516155071229 0.003333634697582518 -0.0014942345341087192; 0.0 -0.001511273499566527 -0.0014942345341087194 0.0033712172645654756],[-0.007605085529632377 0.0 0.0 0.0; 0.0 -0.0033237413189108342 0.0014466750417206694 0.001510288233750049; 0.0 0.0014466750417206696 -0.003331575403351889 0.0014932922476318872; 0.0 0.0015102882337500487 0.0014932922476318872 -0.0033690549228152307],0.3
