L,J,Q,θ,μ,ϕx,ϕy,ϕz,ndims,T,χ,dχdlogT,Λ
23,0.4,0.6180339887498949,0.4487989505128276,0.75,5.114081781791591,1.9778970122642205,6.104975597610122,3,0.0853167852417281,[0.19510610196220837 0.0 0.0 0.0; 0.0 0.044956270244519904 -0.019130421367489967 -0.019287543262581586; 0.0 -0.019130421367488777 0.04454081498647576 -0.01899416256797433; 0.0 -0.019287543262580826 -0.01899416256797383 0.04472490424700573],[-0.1318723325692318 0.0 0.0 0.0; 0.0 -0.0245496988822696 0.01013716241514652 0.01018363509179353; 0.0 0.010137162415146358 -0.024345635248865308 0.010009247788220633; 0.0 0.010183635091793751 0.010009247788220776 -0.024399045022638517],0.3
