L,J,Q,θ,μ,ϕx,ϕy,ϕz,ndims,T,χ,dχdlogT,Λ
23,4.0,0.6180339887498949,0.4487989505128276,0.75,0.6332610369913497,5.1149981805603915,3.73563864994291,3,0.001,[0.38645642192329555 0.0 0.0 0.0; 0.0 0.005311044718616792 -0.0006973875005723157 -0.0007434072198000664; 0.0 -0.000697387500572312 0.005640375007338494 -0.00039313087956374963; 0.0 -0.0007434072198000757 -0.00039313087956374394 0.005172198112080247],[-0.07723807235056689 0.0 0.0 0.0; 0.0 -0.00011841546124028294 4.161660246925128e-5 1.2759392648931562e-5; 0.0 4.161660246925105e-5 -0.0001640336920177 -1.302523983656396e-5; 0.0 1.275939264893163e-5 -1.3025239836564008e-5 -6.924208210403433e-5],0.3
