L,J,Q,θ,μ,ϕx,ϕy,ϕz,ndims,T,χ,dχdlogT,Λ
23,3.0,0.6180339887498949,0.4487989505128276,0.75,0.6332610369913497,5.1149981805603915,3.73563864994291,3,0.0853167852417281,[0.10955004865907154 0.0 0.0 0.0; 0.0 0.0037738258607028933 -0.0009963765222940758 -0.0008187541359308703; 0.0 -0.000996376522294087 0.0037318111740902173 -0.0007288046708682863; 0.0 -0.0008187541359308591 -0.0007288046708682804 0.003836686732160715],[-0.07364506651549818 0.0 0.0 0.0; 0.0 -0.0016626886149662826 0.0004131901090502848 0.0003435858842743593; 0.0 0.00041319010905029675 -0.0016941029137039856 0.00028024966074340253; 0.0 0.00034358588427435484 0.00028024966074340286 -0.0017114378072156605],0.3
