L,J,Q,θ,μ,ϕx,ϕy,ϕz,ndims,T,χ,dχdlogT,Λ
23,0.5,0.6180339887498949,0.4487989505128276,0.75,4.573334702516201,2.5164343054203417,5.644257977725345,3,0.002592943797404667,[0.6680648388519358 0.0 0.0 0.0; 0.0 0.056145659491745326 -0.014412113022468162 -0.014197170959155098; 0.0 -0.014412113022467778 0.05658970692195826 -0.013810692047372144; 0.0 -0.014197170959155491 -0.013810692047372598 0.05641336252348931],[-0.129251945331505 0.0 0.0 0.0; 0.0 -0.0015650141527746514 -0.0016873805378841288 -0.0016964832665231002; 0.0 -0.001687380537884108 -0.0017985407488073746 -0.0019502005135794854; 0.0 -0.001696483266523125 -0.0019502005135794706 -0.0017217527216098643],0.3
