L,J,Q,θ,μ,ϕx,ϕy,ϕz,ndims,T,χ,dχdlogT,Λ
23,0.1,0.6180339887498949,0.4487989505128276,0.75,0.97214979122521,4.062456537363038,2.9445300006073447,3,0.0013738237958832624,[0.7771029775149937 0.0 0.0 0.0; 0.0 0.2315714432174461 -0.09189062379419716 -0.10172546116100771; 0.0 -0.09189062379419502 0.22448720260515725 -0.09778374348916805; 0.0 -0.10172546116101464 -0.09778374348916766 0.22721118098473703],[-0.14594968070107114 0.0 0.0 0.0; 0.0 -0.009128160132952097 -0.000628504018479096 0.001694676686036982; 0.0 -0.0006285040184790988 -0.006959521543829583 0.0010609969481952387; 0.0 0.0016946766860370232 0.0010609969481952392 -0.00664341664506536],0.3
