L,J,Q,θ,μ,ϕx,ϕy,ϕz,ndims,T,χ,dχdlogT,Λ
23,5.0,0.6180339887498949,0.4487989505128276,0.75,4.573334702516201,2.5164343054203417,5.644257977725345,3,0.006723357536499335,[0.1913526201643022 0.0 0.0 0.0; 0.0 0.004681697079365555 -0.00026048314545724054 -9.520894857160726e-5; 0.0 -0.00026048314545724493 0.004494564417246819 -0.0007653328370279758; 0.0 -9.520894857160825e-5 -0.0007653328370279633 0.00424260674898941],[-0.04480179390384183 0.0 0.0 0.0; 0.0 -0.000309228691574652 1.0617352781483995e-5 -7.472870021279578e-5; 0.0 1.0617352781483778e-5 -0.0003883578377468117 0.00023159004754823905; 0.0 -7.472870021279628e-5 0.00023159004754823499 -0.0004053705966078151],0.3
