L,J,Q,θ,μ,ϕx,ϕy,ϕz,ndims,T,χ,dχdlogT,Λ
23,0.25,0.6180339887498949,0.4487989505128276,0.75,5.114081781791591,1.9778970122642205,6.104975597610122,3,0.02395026619987486,[0.3747620604688817 0.0 0.0 0.0; 0.0 0.10470600044034958 -0.04607483839854441 -0.044929414490888345; 0.0 -0.04607483839854299 0.1055540236478033 -0.0456287214294263; 0.0 -0.04492941449088974 -0.04562872142942655 0.10469950986187644],[-0.13876154706272648 0.0 0.0 0.0; 0.0 -0.021943573963782603 0.009028699628953332 0.008264476970741239; 0.0 0.009028699628953488 -0.02263490476343154 0.00867408129634101; 0.0 0.008264476970742207 0.008674081296341396 -0.022159065090479473],0.3
