L,J,Q,θ,μ,ϕx,ϕy,ϕz,ndims,T,χ,dχdlogT,Λ
23,6.0,0.6180339887498949,0.4487989505128276,0.75,1.1867398016420951,1.5704158831416337,1.3243486129212259,3,7.27895384398315,[0.0009653670223467233 0.0 0.0 0.0; 0.0 3.8278002049114705e-5 -2.351596181159162e-6 -4.1429356038663684e-6; 0.0 -2.3515961811591745e-6 4.068426175108562e-5 1.9032428510182117e-7; 0.0 -4.14293560386631e-6 1.9032428510181747e-7 3.978409946561894e-5],[-0.0009652728602661077 0.0 0.0 0.0; 0.0 -3.827300560982677e-5 2.3512672550735785e-6 4.1423697501336865e-6; 0.0 2.3512672550735993e-6 -4.067881460408429e-5 -1.904567595420481e-7; 0.0 4.1423697501337525e-6 -1.90456759542048e-7 -3.977883033700953e-5],0.3
