L,J,Q,θ,μ,ϕx,ϕy,ϕz,ndims,T,χ,dχdlogT,Λ
23,0.1,0.6180339887498949,0.4487989505128276,0.75,0.22844566387304216,0.027030545181912335,6.104326023357702,3,2.043359717856942,[0.010652309917595271 0.0 0.0 0.0; 0.0 0.004382264230096906 -0.0019515043853562234 -0.0019450064320851435; 0.0 -0.0019515043853562668 0.004353306055337667 -0.001918305605408747; 0.0 -0.0019450064320850789 -0.0019183056054087489 0.004345275484557391],[-0.010638894452091404 0.0 0.0 0.0; 0.0 -0.004376819044702315 0.0019491500090903014 0.0019425742439827655; 0.0 0.0019491500090903222 -0.004347991049566355 0.00191598168685468; 0.0 0.0019425742439828412 0.0019159816868546521 -0.004339905626762496],0.3
