L,J,Q,θ,μ,ϕx,ϕy,ϕz,ndims,T,χ,dχdlogT,Λ
23,0.1,0.6180339887498949,0.4487989505128276,0.75,4.573334702516201,2.5164343054203417,5.644257977725345,3,0.03290344562312668,[0.33562965581200604 0.0 0.0 0.0; 0.0 0.13574977279916042 -0.059831383452564404 -0.05969486407592316; 0.0 -0.059831383452564196 0.13627208537773694 -0.060078478577467294; 0.0 -0.059694864075922824 -0.0600784785774697 0.13593091169408475],[-0.14924806723732376 0.0 0.0 0.0; 0.0 -0.05590812129431111 0.02514473680597698 0.023274922442547752; 0.0 0.02514473680597715 -0.056361273570984215 0.024532545442305546; 0.0 0.02327492244254878 0.02453254544230739 -0.05484442725694478],0.3
