L,J,Q,θ,μ,ϕx,ϕy,ϕz,ndims,T,χ,dχdlogT,Λ
23,0.0,0.6180339887498949,0.4487989505128276,0.75,1.5370755035275128,5.449497487152055,3.349099588190438,3,5.298316906283709,[0.0040948959255875435 0.0 0.0 0.0; 0.0 0.001801782602659635 -0.0007930251931501846 -0.0008188573817908437; 0.0 -0.0007930251931501845 0.001795864962984783 -0.0007945921544052915; 0.0 -0.0008188573817908441 -0.0007945921544052917 0.0018238384647114789],[-0.004094148905590801 0.0 0.0 0.0; 0.0 -0.0018014486829838593 0.0007928834864158307 0.0008186964868302061; 0.0 0.0007928834864158309 -0.0017955430811805062 0.0007944530912345005; 0.0 0.0008186964868302062 0.0007944530912345002 -0.0018234955731985607],0.3
