L,J,Q,θ,μ,ϕx,ϕy,ϕz,ndims,T,χ,dχdlogT,Λ
23,0.45,0.6180339887498949,0.4487989505128276,0.75,4.47228912932255,1.1729273679174639,1.744469154494291,3,0.003562247890262444,[0.6359101956972414 0.0 0.0 0.0; 0.0 0.06214509149742175 -0.02122916320798954 -0.021720720992641312; 0.0 -0.021229163207990218 0.062365434730807086 -0.02132558311359304; 0.0 -0.021720720992640084 -0.02132558311359228 0.06250344862323994],[-0.14006290749541175 0.0 0.0 0.0; 0.0 -0.0014597327662234454 -0.001320108735617318 -0.0012813826733145876; 0.0 -0.0013201087356173543 -0.0017295296436082737 -0.0012595593255346456; 0.0 -0.0012813826733146095 -0.0012595593255345873 -0.0014478345061273849],0.3
