L,J,Q,θ,μ,ϕx,ϕy,ϕz,ndims,T,χ,dχdlogT,Λ
23,1.0,0.6180339887498949,0.4487989505128276,0.75,3.1171297709400028,1.0050771981932143,6.255505685491214,3,0.009236708571873866,[0.45280148904363776 0.0 0.0 0.0; 0.0 0.02076791597694093 -0.003111766190927215 -0.002872437101639507; 0.0 -0.00311176619092708 0.02093912787109127 -0.0030129115208115662; 0.0 -0.0028724371016395737 -0.0030129115208115233 0.020554625538767555],[-0.12506264349661697 0.0 0.0 0.0; 0.0 -0.0013035139527260463 -0.0011901284401021782 -0.0011647258755151586; 0.0 -0.0011901284401022155 -0.0013559498439114671 -0.0011983739736774956; 0.0 -0.0011647258755151644 -0.0011983739736775194 -0.0012434456888676775],0.3
