L,J,Q,θ,μ,ϕx,ϕy,ϕz,ndims,T,χ,dχdlogT,Λ
23,4.0,0.6180339887498949,0.4487989505128276,0.75,0.6332610369913497,5.1149981805603915,3.73563864994291,3,0.0013738237958832624,[0.36238217623489755 0.0 0.0 0.0; 0.0 0.005272796092282815 -0.0006831857783253256 -0.0007384777313073073; 0.0 -0.000683185778325328 0.005585866252421627 -0.00039794971940961823; 0.0 -0.0007384777313073045 -0.00039794971940961297 0.005148861542003531],[-0.07445188375935038 0.0 0.0 0.0; 0.0 -0.00012181980274731648 4.829317888904356e-5 1.8887886007301303e-5; 0.0 4.8293178889043356e-5 -0.00018167351357152575 -1.830121862736397e-5; 0.0 1.8887886007301117e-5 -1.8301218627363775e-5 -7.788712333243923e-5],0.3
