L,J,Q,θ,μ,ϕx,ϕy,ϕz,ndims,T,χ,dχdlogT,Λ
23,0.5,0.6180339887498949,0.4487989505128276,0.75,0.6132391830493972,5.0510753425776596,2.6803823129289137,3,1.0826367338740543,[0.01910916220555667 0.0 0.0 0.0; 0.0 0.003947836772470281 -0.0016872938658305098 -0.001680462683977592; 0.0 -0.0016872938658304922 0.003975663473568739 -0.0016944429930926062; 0.0 -0.0016804626839775588 -0.001694442993092485 0.003960085146010767],[-0.019028200778740918 0.0 0.0 0.0; 0.0 -0.003922236913003211 0.0016758681588124695 0.0016690857581346057; 0.0 0.0016758681588125333 -0.003949966360446525 0.0016829870075127779; 0.0 0.0016690857581345968 0.0016829870075127594 -0.003934450087494717],0.3
