L,J,Q,θ,μ,ϕx,ϕy,ϕz,ndims,T,χ,dχdlogT,Λ
23,0.3,0.6180339887498949,0.4487989505128276,0.75,0.6843175658765802,5.846424922072252,2.4570100617257045,3,0.02395026619987486,[0.3857150281773501 0.0 0.0 0.0; 0.0 0.10315818398467493 -0.03655533208231441 -0.05242333920937528; 0.0 -0.03655533208231435 0.09554363352763642 -0.045195747529821785; 0.0 -0.05242333920937504 -0.045195747529821556 0.11047436640615244],[-0.15998480192863618 0.0 0.0 0.0; 0.0 -0.03295881397230788 0.008914154312397756 0.019073233559850623; 0.0 0.008914154312397641 -0.03152059041104832 0.01662843533738864; 0.0 0.01907323355985053 0.016628435337388496 -0.04108994035559436],0.3
