L,J,Q,θ,μ,ϕx,ϕy,ϕz,ndims,T,χ,dχdlogT,Λ
23,0.0,0.6180339887498949,0.4487989505128276,0.75,2.404880474578574,3.747742760251755,2.4607463879313465,3,0.001,[0.7592425733773872 0.0 0.0 0.0; 0.0 0.35816956675770073 -0.15799355089666806 -0.15266309180865775; 0.0 -0.15799355089666808 0.37381661588142046 -0.17451243718595824; 0.0 -0.15266309180865767 -0.17451243718595824 0.3469405347913055],[-0.10359921450819953 0.0 0.0 0.0; 0.0 -0.0576363738131989 0.015119735113786597 0.027898148883816396; 0.0 0.015119735113786595 -0.050785025709645396 0.030128333380425885; 0.0 0.027898148883816393 0.030128333380425882 -0.05245953462652764],0.3
