L,J,Q,θ,μ,ϕx,ϕy,ϕz,ndims,T,χ,dχdlogT,Λ
23,0.55,0.6180339887498949,0.4487989505128276,0.75,0.7255422784305496,3.4349328561497185,3.4347212092384636,3,3.856620421163471,[0.0052523339611738095 0.0 0.0 0.0; 0.0 0.0010610748494366206 -0.0004099296346473275 -0.0004845525591882286; 0.0 -0.00040992963464731377 0.0009720726030986361 -0.0004314579850640654; 0.0 -0.0004845525591882381 -0.00043145798506405653 0.001076958614707973],[-0.005250540030751885 0.0 0.0 0.0; 0.0 -0.001060614296911413 0.0004097216415916864 0.0004843535962654257; 0.0 0.000409721641591679 -0.0009716133876121338 0.0004312460885891146; 0.0 0.00048435359626540053 0.00043124608858909936 -0.0010764688076965174],0.3
