L,J,Q,θ,μ,ϕx,ϕy,ϕz,ndims,T,χ,dχdlogT,Λ
23,0.3,0.6180339887498949,0.4487989505128276,0.75,4.132451531425368,5.947095563423896,4.191967794820508,3,0.03290344562312668,[0.3253608546986664 0.0 0.0 0.0; 0.0 0.09058627679274771 -0.03484141895327887 -0.04317061033803227; 0.0 -0.03484141895327928 0.08367903599072374 -0.03717634548844137; 0.0 -0.04317061033803214 -0.03717634548844144 0.09116772448948929],[-0.140750103795413 0.0 0.0 0.0; 0.0 -0.033655891114240555 0.013046334519836536 0.016017605039868172; 0.0 0.013046334519836347 -0.02889962516327442 0.010596652134876268; 0.0 0.016017605039868144 0.010596652134876376 -0.03146198772142625],0.3
