L,J,Q,θ,μ,ϕx,ϕy,ϕz,ndims,T,χ,dχdlogT,Λ
23,0.1,0.6180339887498949,0.4487989505128276,0.75,5.443055248262404,2.0345440362609843,5.209153482123955,3,0.017433288221999882,[0.3936972066397442 0.0 0.0 0.0; 0.0 0.1630001122932145 -0.07393705079184604 -0.07095039063031422; 0.0 -0.07393705079184604 0.16447877235614536 -0.07300245631766641; 0.0 -0.07095039063031418 -0.0730024563176664 0.16181381847695372],[-0.11762397034580525 0.0 0.0 0.0; 0.0 -0.047765756183454876 0.02467493775677253 0.017464875238063293; 0.0 0.02467493775677253 -0.05255854434141229 0.023529417117633768; 0.0 0.017464875238063286 0.023529417117633778 -0.046090228302260894],0.3
