L,J,Q,θ,μ,ϕx,ϕy,ϕz,ndims,T,χ,dχdlogT,Λ
23,6.0,0.6180339887498949,0.4487989505128276,0.75,0.6957244989112655,5.40836395054829,2.9147134165697763,3,0.017433288221999882,[0.12493097644684621 0.0 0.0 0.0; 0.0 0.004277342767152527 -0.0017130485683305265 -0.0008075002676520659; 0.0 -0.0017130485683305326 0.004277333533370124 -0.001069853177652864; 0.0 -0.0008075002676520789 -0.0010698531776528642 0.004747922780983609],[-0.044710288173770096 0.0 0.0 0.0; 0.0 -0.0012028697975333162 0.0003986318487983063 0.00028883925911530467; 0.0 0.00039863184879830664 -0.0010710615191562324 0.0004121608923640564; 0.0 0.00028883925911529854 0.00041216089236405386 -0.0013773843206157997],0.3
