L,J,Q,θ,μ,ϕx,ϕy,ϕz,ndims,T,χ,dχdlogT,Λ
23,0.75,0.6180339887498949,0.4487989505128276,0.75,0.97214979122521,4.062456537363038,2.9445300006073447,3,0.003562247890262444,[0.6083421723008158 0.0 0.0 0.0; 0.0 0.05889134355285161 -0.022528308505324807 -0.0222572123810591; 0.0 -0.022528308505325754 0.04936870255086135 -0.020587997082161136; 0.0 -0.022257212381059207 -0.020587997082161174 0.058435832495069874],[-0.11949398222155352 0.0 0.0 0.0; 0.0 -0.004671617970110053 0.0023305555094198047 0.00020246560780444247; 0.0 0.0023305555094200333 -0.004460956916947279 0.0024505373208449986; 0.0 0.00020246560780444437 0.0024505373208450402 -0.006958831290535204],0.3
