L,J,Q,θ,μ,ϕx,ϕy,ϕz,ndims,T,χ,dχdlogT,Λ
23,1.0,0.6180339887498949,0.4487989505128276,0.75,1.5005035365827155,2.7855744946777476,1.8760035902252763,3,0.0853167852417281,[0.17555320495570606 0.0 0.0 0.0; 0.0 0.018228979300426478 -0.0066762693276296884 -0.008016961556717831; 0.0 -0.0066762693276298316 0.013653269143052203 -0.005105083305583805; 0.0 -0.008016961556717972 -0.005105083305583902 0.016610212585707204],[-0.12090510452167977 0.0 0.0 0.0; 0.0 -0.010539244857640817 0.0036957421743387736 0.004560599652200267; 0.0 0.0036957421743388083 -0.006987277085549501 0.002484099237225268; 0.0 0.004560599652200582 0.0024840992372252057 -0.009176845366460032],0.3
