L,J,Q,θ,μ,ϕx,ϕy,ϕz,ndims,T,χ,dχdlogT,Λ
23,0.45,0.6180339887498949,0.4487989505128276,0.75,0.7255422784305496,3.4349328561497185,3.4347212092384636,3,0.009236708571873866,[0.47210429450777525 0.0 0.0 0.0; 0.0 0.09411068676277021 -0.030107197678921123 -0.04566208851468644; 0.0 -0.030107197678920887 0.0862037461686457 -0.04104139821325041; 0.0 -0.045662088514687414 -0.041041398213249765 0.09646433788099397],[-0.1177737649551186 0.0 0.0 0.0; 0.0 -0.019047570785047627 0.005273522981980319 0.009272187751354638; 0.0 0.005273522981980492 -0.019122377750326568 0.009557500649930955; 0.0 0.009272187751354535 0.009557500649930653 -0.0202139293674977],0.3
