L,J,Q,θ,μ,ϕx,ϕy,ϕz,ndims,T,χ,dχdlogT,Λ
23,0.45,0.6180339887498949,0.4487989505128276,0.75,2.222647089612187,4.144648026706942,2.3246170062327143,3,0.0013738237958832624,[0.5937832727011328 0.0 0.0 0.0; 0.0 0.10901064556095932 -0.03555271479790128 -0.05568630244242285; 0.0 -0.03555271479790012 0.09552934249926828 -0.04192897210262298; 0.0 -0.05568630244242315 -0.0419289721026214 0.11373909240335388],[-0.06716875247530209 0.0 0.0 0.0; 0.0 -0.011261278239953907 0.0036838115366413953 0.00596602629878959; 0.0 0.0036838115366413567 -0.00485395334825605 9.720593023592441e-5; 0.0 0.0059660262987896485 9.720593023592287e-5 -0.008016580909127652],0.3
