L,J,Q,θ,μ,ϕx,ϕy,ϕz,ndims,T,χ,dχdlogT,Λ
23,0.3,0.6180339887498949,0.4487989505128276,0.75,0.6132391830493972,5.0510753425776596,2.6803823129289137,3,0.11721022975334802,[0.1530613485107197 0.0 0.0 0.0; 0.0 0.04702443589616888 -0.018980355470560283 -0.022413876823484658; 0.0 -0.018980355470560258 0.04424279341353872 -0.019255592060929038; 0.0 -0.022413876823484582 -0.019255592060928677 0.04693038329766337],[-0.11909550038639079 0.0 0.0 0.0; 0.0 -0.03445466269399761 0.013190167624666073 0.01670744183776713; 0.0 0.013190167624665908 -0.031827635308167776 0.014212379794695822; 0.0 0.01670744183776703 0.014212379794695777 -0.03484145591617186],0.3
