L,J,Q,θ,μ,ϕx,ϕy,ϕz,ndims,T,χ,dχdlogT,Λ
23,0.5,0.6180339887498949,0.4487989505128276,0.75,1.7725206084735208,0.6911405060171155,5.24499225696323,3,0.0013738237958832624,[0.7185941840322477 0.0 0.0 0.0; 0.0 0.12199154030306374 -0.03693475452500991 -0.06113537477578706; 0.0 -0.03693475452500967 0.10088566012530509 -0.040113558925526156; 0.0 -0.061135374775786705 -0.04011355892552595 0.11602030441503333],[-0.09112690515601739 0.0 0.0 0.0; 0.0 -0.010244116182264649 0.0016459904967280473 0.0066858798508827085; 0.0 0.0016459904967280603 -0.007679130176985027 0.004161772824895648; 0.0 0.0066858798508828 0.004161772824895831 -0.014194211748582765],0.3
