L,J,Q,θ,μ,ϕx,ϕy,ϕz,ndims,T,χ,dχdlogT,Λ
23,0.5,0.6180339887498949,0.4487989505128276,0.75,0.97214979122521,4.062456537363038,2.9445300006073447,3,2.043359717856942,[0.009939046035667231 0.0 0.0 0.0; 0.0 0.0022464553695267157 -0.0008470919259018253 -0.0010588021808037576; 0.0 -0.0008470919259018218 0.0020127702312925113 -0.0008781115553757917; 0.0 -0.0010588021808037307 -0.0008781115553757871 0.0022241500848734614],[-0.009927007908469523 0.0 0.0 0.0; 0.0 -0.002242891637603439 0.0008456064084820339 0.0010571498335184822; 0.0 0.000845606408482082 -0.0020094463327524595 0.0008766314676392908; 0.0 0.0010571498335185383 0.0008766314676392723 -0.0022205570331278747],0.3
