L,J,Q,θ,μ,ϕx,ϕy,ϕz,ndims,T,χ,dχdlogT,Λ
23,0.55,0.6180339887498949,0.4487989505128276,0.75,4.132451531425368,5.947095563423896,4.191967794820508,3,1.0826367338740543,[0.018692325355627485 0.0 0.0 0.0; 0.0 0.003839267922894906 -0.0014464391420526941 -0.001805270273139481; 0.0 -0.0014464391420527325 0.0034896581719495627 -0.0015210590572594751; 0.0 -0.0018052702731394552 -0.00152105905725939 0.0038354455917609252],[-0.018612757231028315 0.0 0.0 0.0; 0.0 -0.0038182234081310857 0.0014376713019727304 0.0017952181174048683; 0.0 0.0014376713019727278 -0.0034688960247944507 0.0015116425374762609; 0.0 0.0017952181174048498 0.0015116425374763483 -0.003813274927445321],0.3
