L,J,Q,θ,μ,ϕx,ϕy,ϕz,ndims,T,χ,dχdlogT,Λ
23,0.5,0.6180339887498949,0.4487989505128276,0.75,3.6822457021050115,1.9694226952086327,2.165796606683477,3,0.11721022975334802,[0.1528233186857578 0.0 0.0 0.0; 0.0 0.03263509081919076 -0.012057831968541901 -0.015499481695845259; 0.0 -0.012057831968543004 0.029421399207902616 -0.013071110716222537; 0.0 -0.01549948169584535 -0.013071110716222844 0.033063519767685554],[-0.1162368946074978 0.0 0.0 0.0; 0.0 -0.02312799549843772 0.008107240885909495 0.011061850697567042; 0.0 0.008107240885909294 -0.02029141335980519 0.008854974955844534; 0.0 0.01106185069756713 0.008854974955844587 -0.022927179115148823],0.3
