L,J,Q,θ,μ,ϕx,ϕy,ϕz,ndims,T,χ,dχdlogT,Λ
23,0.25,0.6180339887498949,0.4487989505128276,0.75,1.5233928088781696,4.893013926962995,3.340928606532302,3,0.2212216291070449,[0.09114013052758944 0.0 0.0 0.0; 0.0 0.03112007924220718 -0.012832553476682962 -0.014640033780156811; 0.0 -0.012832553476682959 0.029407137832546695 -0.013036140755040778; 0.0 -0.014640033780156825 -0.013036140755040794 0.031146945123333537],[-0.08294184356849282 0.0 0.0 0.0; 0.0 -0.02777862722744805 0.011416216210128758 0.013032069577119774; 0.0 0.011416216210128803 -0.02633378552246114 0.011709509292474668; 0.0 0.01303206957711979 0.011709509292474697 -0.027843953619068062],0.3
