L,J,Q,θ,μ,ϕx,ϕy,ϕz,ndims,T,χ,dχdlogT,Λ
23,6.0,0.6180339887498949,0.4487989505128276,0.75,5.443055248262404,2.0345440362609843,5.209153482123955,3,0.04520353656360243,[0.08338001293110057 0.0 0.0 0.0; 0.0 0.0031077256205656097 -0.0013147178830329922 -0.0006470063520523912; 0.0 -0.0013147178830329694 0.0032546327341963608 -0.0007826508350999956; 0.0 -0.0006470063520523821 -0.0007826508350999874 0.002989880561533032],[-0.04134410120557527 0.0 0.0 0.0; 0.0 -0.0013174533627541387 0.000707323754214551 0.00016129488115492973; 0.0 0.0007073237542145575 -0.0014246465333453515 0.0003400931940699224; 0.0 0.0001612948811549316 0.00034009319406992243 -0.0010421711481176986],0.3
