L,J,Q,θ,μ,ϕx,ϕy,ϕz,ndims,T,χ,dχdlogT,Λ
23,0.0,0.6180339887498949,0.4487989505128276,0.75,0.6957244989112655,5.40836395054829,2.9147134165697763,3,2.807216203941177,[0.007529455325487918 0.0 0.0 0.0; 0.0 0.0032770372089786204 -0.00143672408866227 -0.0014767599388684474; 0.0 -0.00143672408866227 0.0032830973983096097 -0.0014799151540133596; 0.0 -0.0014767599388684474 -0.00147991515401336 0.003330664585885773],[-0.007524864995574616 0.0 0.0 0.0; 0.0 -0.0032750636240223116 0.00143590245013741 0.0014758376173718243; 0.0 0.0014359024501374104 -0.0032811499460272692 0.0014790207832497376; 0.0 0.0014758376173718245 0.0014790207832497378 -0.0033286030156118745],0.3
