L,J,Q,θ,μ,ϕx,ϕy,ϕz,ndims,T,χ,dχdlogT,Λ
23,2.5,0.6180339887498949,0.4487989505128276,0.75,1.7725206084735208,0.6911405060171155,5.24499225696323,3,10.0,[0.0011588430243048352 0.0 0.0 0.0; 0.0 6.115227991941766e-5 -2.9630200228208785e-5 -2.553856369695707e-5; 0.0 -2.9630200228208846e-5 4.4062001182285436e-5 -3.2758747975247172e-6; 0.0 -2.55385636969564e-5 -3.2758747975246656e-6 4.8582602871955255e-5],[-0.0011587843568254667 0.0 0.0 0.0; 0.0 -6.114713395121912e-5 2.9627813139543637e-5 2.5536280868610905e-5; 0.0 2.9627813139543366e-5 -4.405849499034236e-5 3.2756419450253335e-6; 0.0 2.553628086861098e-5 3.275641945025324e-6 -4.85782825568591e-5],0.3
