L,J,Q,θ,μ,ϕx,ϕy,ϕz,ndims,T,χ,dχdlogT,Λ
23,0.4,0.6180339887498949,0.4487989505128276,0.75,4.47228912932255,1.1729273679174639,1.744469154494291,3,0.006723357536499335,[0.4930843422555035 0.0 0.0 0.0; 0.0 0.10566124678739369 -0.0376833123662151 -0.054012173918939775; 0.0 -0.037683312366214756 0.09879426057077396 -0.043285889995096714; 0.0 -0.05401217391893888 -0.04328588999509726 0.11225932689445291],[-0.11012736827773278 0.0 0.0 0.0; 0.0 -0.02020924691704721 0.007390033061278428 0.011772815122378369; 0.0 0.007390033061278275 -0.018189525774256178 0.005743551938861298; 0.0 0.011772815122378396 0.00574355193886137 -0.021003714902739584],0.3
