L,J,Q,θ,μ,ϕx,ϕy,ϕz,ndims,T,χ,dχdlogT,Λ
23,0.45,0.6180339887498949,0.4487989505128276,0.75,5.898286875632164,2.2120676557336663,3.0137624604328344,3,0.0013738237958832624,[0.7056185589480669 0.0 0.0 0.0; 0.0 0.13552696030425662 -0.04080673060414059 -0.07239906441497221; 0.0 -0.04080673060414169 0.12542005981788187 -0.056811546885067406; 0.0 -0.07239906441497153 -0.05681154688506477 0.14021238856231721],[-0.13391335142740537 0.0 0.0 0.0; 0.0 -0.0188949653937517 0.005832401676999839 0.010852477525323865; 0.0 0.005832401676999823 -0.022555487875184264 0.011049644749997645; 0.0 0.010852477525324032 0.011049644749997617 -0.02520195669394606],0.3
