L,J,Q,θ,μ,ϕx,ϕy,ϕz,ndims,T,χ,dχdlogT,Λ
23,3.0,0.6180339887498949,0.4487989505128276,0.75,4.009261164013791,2.1984173184720874,2.942941359066305,3,0.01268961003167922,[0.24384825340517072 0.0 0.0 0.0; 0.0 0.007040524371828137 -0.00402114604094025 -0.001916106253145136; 0.0 -0.00402114604094019 0.006428752961017257 -0.0012438184920808683; 0.0 -0.0019161062531451506 -0.0012438184920807946 0.004832956474486917],[-0.07792287292240471 0.0 0.0 0.0; 0.0 -0.0005891807002276941 0.0004020178774517773 6.0968266312385545e-5; 0.0 0.00040201787745177596 -0.0007962570512313434 0.0002767660121392215; 0.0 6.096826631238667e-5 0.00027676601213922003 -0.0002925853931871068],0.3
