L,J,Q,θ,μ,ϕx,ϕy,ϕz,ndims,T,χ,dχdlogT,Λ
23,4.0,0.6180339887498949,0.4487989505128276,0.75,1.4818367473324847,2.2076775764358407,0.7021078731025535,3,0.009236708571873866,[0.20583629547017737 0.0 0.0 0.0; 0.0 0.006982083167769273 -0.00430038171909582 -0.001107871558289928; 0.0 -0.004300381719095856 0.006726716083419904 -0.0017959364868521566; 0.0 -0.0011078715582899233 -0.0017959364868521618 0.004536838516085399],[-0.05600692424339413 0.0 0.0 0.0; 0.0 -0.001108892627337914 0.0007834167186489653 8.348262743499807e-5; 0.0 0.000783416718648931 -0.001065930174979238 0.0003057759464073338; 0.0 8.348262743499763e-5 0.0003057759464073259 -0.0004432944218210226],0.3
