L,J,Q,θ,μ,ϕx,ϕy,ϕz,ndims,T,χ,dχdlogT,Λ
23,0.0,0.6180339887498949,0.4487989505128276,0.75,1.5005035365827155,2.7855744946777476,1.8760035902252763,3,0.16102620275609392,[0.12199617092959837 0.0 0.0 0.0; 0.0 0.05397966061083986 -0.02367413552232648 -0.024574106682291718; 0.0 -0.02367413552232648 0.05408120985602869 -0.024134224144647293; 0.0 -0.024574106682291715 -0.024134224144647297 0.05496699200819045],[-0.10399729872515556 0.0 0.0 0.0; 0.0 -0.045856449302946904 0.020152752115536157 0.020753085383300566; 0.0 0.020152752115536157 -0.04602052164747345 0.020592375273679252; 0.0 0.020753085383300562 0.02059237527367925 -0.04660788048992594],0.3
