L,J,Q,θ,μ,ϕx,ϕy,ϕz,ndims,T,χ,dχdlogT,Λ
23,0.25,0.6180339887498949,0.4487989505128276,0.75,4.47228912932255,1.1729273679174639,1.744469154494291,3,0.11721022975334802,[0.157328095560856 0.0 0.0 0.0; 0.0 0.05263570691124051 -0.02189629270934584 -0.024396370512596834; 0.0 -0.021896292709345858 0.050749138857643705 -0.022674807578548607; 0.0 -0.024396370512597063 -0.022674807578548752 0.05279896769313645],[-0.11999782284964552 0.0 0.0 0.0; 0.0 -0.038199657104460036 0.01543258349861298 0.01801498640448377; 0.0 0.015432583498613072 -0.03649610304956741 0.01638892125203083; 0.0 0.018014986404483745 0.016388921252030862 -0.038721578593155816],0.3
