L,J,Q,θ,μ,ϕx,ϕy,ϕz,ndims,T,χ,dχdlogT,Λ
23,0.55,0.6180339887498949,0.4487989505128276,0.75,1.9901092843447468,5.411747857943236,4.4451051863530715,3,0.0853167852417281,[0.18831601350167573 0.0 0.0 0.0; 0.0 0.036344949816716 -0.013060776306056189 -0.01716586745441946; 0.0 -0.013060776306056059 0.03216410346362046 -0.014033224991989732; 0.0 -0.017165867454417637 -0.014033224991990098 0.03599810349490573],[-0.12669810524717373 0.0 0.0 0.0; 0.0 -0.021693362028957015 0.007196532867596125 0.010287233216121036; 0.0 0.0071965328675958505 -0.01837399553584305 0.00783340200714825; 0.0 0.010287233216121173 0.00783340200714823 -0.021007386687746696],0.3
