L,J,Q,θ,μ,ϕx,ϕy,ϕz,ndims,T,χ,dχdlogT,Λ
23,3.0,0.6180339887498949,0.4487989505128276,0.75,4.009261164013791,2.1984173184720874,2.942941359066305,3,0.017433288221999882,[0.2192787270675433 0.0 0.0 0.0; 0.0 0.006832928818761474 -0.0038745371602969723 -0.0018980393517138998; 0.0 -0.003874537160296978 0.00614778497459889 -0.0011494544627235316; 0.0 -0.0018980393517139189 -0.0011494544627235171 0.004731090010883744],[-0.0768758530133888 0.0 0.0 0.0; 0.0 -0.0007263539767041205 0.0005258448151658029 5.441547077409778e-5; 0.0 0.0005258448151658035 -0.0009780722137469593 0.0003179647899371725; 0.0 5.441547077409936e-5 0.00031796478993718533 -0.0003542472827338528],0.3
