L,J,Q,θ,μ,ϕx,ϕy,ϕz,ndims,T,χ,dχdlogT,Λ
23,0.55,0.6180339887498949,0.4487989505128276,0.75,2.222647089612187,4.144648026706942,2.3246170062327143,3,0.41753189365604015,[0.04826800547136221 0.0 0.0 0.0; 0.0 0.00994645199501236 -0.0037420078515477983 -0.00467754394920728; 0.0 -0.003742007851547862 0.00895507761732533 -0.003958850503443749; 0.0 -0.004677543949207161 -0.003958850503443798 0.010066518046374862],[-0.04691407744419957 0.0 0.0 0.0; 0.0 -0.009584746207503629 0.0035903113718788004 0.004508184881284399; 0.0 0.00359031137187855 -0.008609102440051239 0.003802377497616163; 0.0 0.004508184881284326 0.003802377497616115 -0.009687314684684336],0.3
