L,J,Q,θ,μ,ϕx,ϕy,ϕz,ndims,T,χ,dχdlogT,Λ
23,0.55,0.6180339887498949,0.4487989505128276,0.75,5.33991541520367,3.025174213779463,0.8204399823652144,3,1.4873521072935114,[0.013936093114891591 0.0 0.0 0.0; 0.0 0.0028226932468002333 -0.001061513584762557 -0.001298757467103474; 0.0 -0.0010615135847624815 0.002594225756341034 -0.0011728661026083518; 0.0 -0.0012987574671034683 -0.0011728661026083743 0.0028758202317707956],[-0.013902588627060576 0.0 0.0 0.0; 0.0 -0.002814186785494883 0.0010578154146010117 0.0012950691246603333; 0.0 0.0010578154146010062 -0.0025855962316092803 0.0011688578182252865; 0.0 0.0012950691246602793 0.0011688578182252774 -0.0028668084357070527],0.3
