L,J,Q,θ,μ,ϕx,ϕy,ϕz,ndims,T,χ,dχdlogT,Λ
23,5.0,0.6180339887498949,0.4487989505128276,0.75,4.009261164013791,2.1984173184720874,2.942941359066305,3,1.0826367338740543,[0.006571644526128355 0.0 0.0 0.0; 0.0 0.0003003954122703924 -0.00014563414499074964 -6.894740702372041e-5; 0.0 -0.0001456341449907508 0.00029634393328372425 -6.828874066501786e-5; 0.0 -6.894740702372138e-5 -6.828874066501735e-5 0.00025570323004087104],[-0.006543623611550585 0.0 0.0 0.0; 0.0 -0.0002987191174582937 0.00014490952625200774 6.843531268877183e-5; 0.0 0.00014490952625200584 -0.0002946736735249478 6.799334018591469e-5; 0.0 6.843531268877258e-5 6.799334018591507e-5 -0.00025400853866986854],0.3
