L,J,Q,θ,μ,ϕx,ϕy,ϕz,ndims,T,χ,dχdlogT,Λ
23,0.3,0.6180339887498949,0.4487989505128276,0.75,4.47228912932255,1.1729273679174639,1.744469154494291,3,5.298316906283709,[0.004036721252522588 0.0 0.0 0.0; 0.0 0.001280803937308274 -0.0005283239631727639 -0.000593701162409413; 0.0 -0.0005283239631727617 0.0012219759884549777 -0.0005408183224807181; 0.0 -0.0005937011624094114 -0.0005408183224807197 0.0012744873800462754],[-0.004035967769056979 0.0 0.0 0.0; 0.0 -0.001280514160690858 0.0005281949652501913 0.0005935720561734778; 0.0 0.0005281949652501996 -0.0012216902448516811 0.000540692579130146; 0.0 0.0005935720561734897 0.0005406925791301529 -0.0012742056167260873],0.3
