L,J,Q,θ,μ,ϕx,ϕy,ϕz,ndims,T,χ,dχdlogT,Λ
23,0.25,0.6180339887498949,0.4487989505128276,0.75,5.898286875632164,2.2120676557336663,3.0137624604328344,3,0.41753189365604015,[0.051810112824888066 0.0 0.0 0.0; 0.0 0.01737313705193909 -0.007311040451355537 -0.008067582467046412; 0.0 -0.007311040451355527 0.016798628681297598 -0.007299019903391738; 0.0 -0.008067582467046372 -0.007299019903391729 0.017379892817097047],[-0.050169959155859825 0.0 0.0 0.0; 0.0 -0.01676531596837101 0.007035502303455886 0.0077886066168259245; 0.0 0.007035502303455859 -0.016192827495681083 0.007048551230352464; 0.0 0.007788606616825931 0.007048551230352479 -0.01677752538348899],0.3
