L,J,Q,θ,μ,ϕx,ϕy,ϕz,ndims,T,χ,dχdlogT,Λ
23,0.0,0.6180339887498949,0.4487989505128276,0.75,0.97214979122521,4.062456537363038,2.9445300006073447,3,5.298316906283709,[0.00407550937720011 0.0 0.0 0.0; 0.0 0.0017972545682305315 -0.000825771872303625 -0.0007776929689273053; 0.0 -0.0008257718723036253 0.0018191948181426742 -0.0007938626837785968; 0.0 -0.0007776929689273054 -0.0007938626837785966 0.0017872627731496745],[-0.0040747702190366214 0.0 0.0 0.0; 0.0 -0.0017969235841312783 0.0008256120220838997 0.0007775552936686177; 0.0 0.0008256120220838998 -0.0018188591149694122 0.0007937235609587926; 0.0 0.0007775552936686176 0.0007937235609587923 -0.0017869414357323471],0.3
