L,J,Q,θ,μ,ϕx,ϕy,ϕz,ndims,T,χ,dχdlogT,Λ
23,0.25,0.6180339887498949,0.4487989505128276,0.75,2.222647089612187,4.144648026706942,2.3246170062327143,3,0.006723357536499335,[0.5241231691113615 0.0 0.0 0.0; 0.0 0.14534374200383998 -0.056381667386349865 -0.07313833048247635; 0.0 -0.05638166738634991 0.1436357010271676 -0.06775271655111416; 0.0 -0.0731383304824763 -0.06775271655111419 0.16364381760441907],[-0.13223660580029814 0.0 0.0 0.0; 0.0 -0.030950295860078015 0.011907027596041994 0.01760293831680482; 0.0 0.011907027596041984 -0.03299173771678484 0.01647482472243696; 0.0 0.017602938316804866 0.016474824722436967 -0.042143182529818364],0.3
