L,J,Q,θ,μ,ϕx,ϕy,ϕz,ndims,T,χ,dχdlogT,Λ
23,0.25,0.6180339887498949,0.4487989505128276,0.75,2.0734236957529646,3.425032209206268,2.069955073380614,3,1.4873521072935114,[0.01446019981381787 0.0 0.0 0.0; 0.0 0.004837602352778429 -0.0020611706757677033 -0.0021837121075785446; 0.0 -0.002061170675767699 0.004712077285486143 -0.002121350404939339; 0.0 -0.002183712107578546 -0.002121350404939334 0.004879632613677909],[-0.014424994918934822 0.0 0.0 0.0; 0.0 -0.004825050871706864 0.002055269694296299 0.0021785525051875843; 0.0 0.002055269694296296 -0.004699132948733766 0.002115524048205539; 0.0 0.0021785525051875865 0.0021155240482055395 -0.004867102100601126],0.3
