L,J,Q,θ,μ,ϕx,ϕy,ϕz,ndims,T,χ,dχdlogT,Λ
23,0.5,0.6180339887498949,0.4487989505128276,0.75,4.132451531425368,5.947095563423896,4.191967794820508,3,0.5736152510448679,[0.03558302756324242 0.0 0.0 0.0; 0.0 0.00795170775786577 -0.0030598271058442047 -0.0037354476227650125; 0.0 -0.0030598271058441843 0.007248177816013869 -0.0031590525472104673; 0.0 -0.0037354476227651587 -0.003159052547210535 0.007935695149212076],[-0.035044536262824395 0.0 0.0 0.0; 0.0 -0.007796574567855787 0.002991385058997843 0.0036637008174391253; 0.0 0.0029913850589979307 -0.007096825523603051 0.0030928789440745653; 0.0 0.0036637008174389605 0.0030928789440746074 -0.007777434786373844],0.3
