L,J,Q,θ,μ,ϕx,ϕy,ϕz,ndims,T,χ,dχdlogT,Λ
23,0.55,0.6180339887498949,0.4487989505128276,0.75,3.6822457021050115,1.9694226952086327,2.165796606683477,3,10.0,[0.002050575851566865 0.0 0.0 0.0; 0.0 0.0004166173596425996 -0.00015503478196664464 -0.00019472626342859585; 0.0 -0.00015503478196665326 0.0003787460818064704 -0.00017110808235063966; 0.0 -0.00019472626342860718 -0.00017110808235063136 0.00042445336238093975],[-0.0020504700606359468 0.0 0.0 0.0; 0.0 -0.0004165900625276051 0.00015502339006347304 0.00019471378069890416; 0.0 0.00015502339006348006 -0.0003787193633506077 0.0001710954037441029; 0.0 0.0001947137806988963 0.00017109540374409514 -0.00042442420704465607],0.3
