L,J,Q,θ,μ,ϕx,ϕy,ϕz,ndims,T,χ,dχdlogT,Λ
23,0.4,0.6180339887498949,0.4487989505128276,0.75,2.222647089612187,4.144648026706942,2.3246170062327143,3,2.807216203941177,[0.007492666629200107 0.0 0.0 0.0; 0.0 0.0019566053147918876 -0.0007671738603321183 -0.0009221976435933064; 0.0 -0.0007671738603321596 0.001842734218206086 -0.0008279578405733954; 0.0 -0.0009221976435932632 -0.0008279578405734012 0.001998803502669518],[-0.007487694033654089 0.0 0.0 0.0; 0.0 -0.0019549891744049543 0.0007664822659701326 0.0009214430168763481; 0.0 0.0007664822659701612 -0.0018411538449155944 0.000827259624704968; 0.0 0.0009214430168763731 0.0008272596247049555 -0.0019971559389253828],0.3
