L,J,Q,θ,μ,ϕx,ϕy,ϕz,ndims,T,χ,dχdlogT,Λ
23,0.4,0.6180339887498949,0.4487989505128276,0.75,6.054244273831757,4.08274149373728,4.83191364318504,3,0.01268961003167922,[0.4425234737236934 0.0 0.0 0.0; 0.0 0.09465220723176367 -0.035599697570901666 -0.044187127143394664; 0.0 -0.03559969757090289 0.09152511447856855 -0.042391396049387416; 0.0 -0.04418712714339601 -0.04239139604938571 0.10053074449433728],[-0.13004087507518805 0.0 0.0 0.0; 0.0 -0.02199943483356856 0.009101601981424404 0.008928608251245185; 0.0 0.009101601981424672 -0.02560703580237623 0.012991026152251875; 0.0 0.008928608251245855 0.0129910261522518 -0.026221964496434755],0.3
