L,J,Q,θ,μ,ϕx,ϕy,ϕz,ndims,T,χ,dχdlogT,Λ
23,6.0,0.6180339887498949,0.4487989505128276,0.75,4.009261164013791,2.1984173184720874,2.942941359066305,3,0.009236708571873866,[0.14974660110256774 0.0 0.0 0.0; 0.0 0.00525540505379739 -0.0020629481896603224 -0.001369421943937926; 0.0 -0.0020629481896603267 0.004947344973866267 -0.0009499145819150583; 0.0 -0.0013694219439379244 -0.000949914581915055 0.005451766329006016],[-0.04427924389016998 0.0 0.0 0.0; 0.0 -0.0011996304051356342 0.00026028436113814896 0.0004694585215758679; 0.0 0.00026028436113814814 -0.0006583280904668842 0.00024210037403401633; 0.0 0.00046945852157586926 0.00024210037403401522 -0.0011651177540610038],0.3
