L,J,Q,θ,μ,ϕx,ϕy,ϕz,ndims,T,χ,dχdlogT,Λ
23,0.5,0.6180339887498949,0.4487989505128276,0.75,5.898286875632164,2.2120676557336663,3.0137624604328344,3,10.0,[0.0020978309469928454 0.0 0.0 0.0; 0.0 0.0004660319606264104 -0.00017874238064198776 -0.00021632428463497466; 0.0 -0.00017874238064197846 0.0004248753384731923 -0.00018881155318293887; 0.0 -0.00021632428463497908 -0.00018881155318293906 0.0004695209720622103],[-0.002097717389025198 0.0 0.0 0.0; 0.0 -0.00046600004799265065 0.0001787285173986158 0.0002163099942507034; 0.0 0.0001787285173986156 -0.0004248445386205295 0.00018879770364433216; 0.0 0.0002163099942507035 0.00018879770364434842 -0.00046948811147128923],0.3
