L,J,Q,θ,μ,ϕx,ϕy,ϕz,ndims,T,χ,dχdlogT,Λ
23,0.1,0.6180339887498949,0.4487989505128276,0.75,0.6132391830493972,5.0510753425776596,2.6803823129289137,3,0.0018873918221350976,[0.7457239361641524 0.0 0.0 0.0; 0.0 0.27324725148034534 -0.1280046386364193 -0.12921811886360338; 0.0 -0.1280046386364192 0.27424383528227486 -0.10135719899521822; 0.0 -0.12921811886360346 -0.10135719899521822 0.2646681780550865],[-0.1795758867070475 0.0 0.0 0.0; 0.0 -0.055981328855915835 0.03266086597150579 0.02757437731154611; 0.0 0.032660865971505776 -0.06004512628986649 0.012778178739674618; 0.0 0.02757437731154613 0.012778178739674606 -0.05206844685166982],0.3
