L,J,Q,θ,μ,ϕx,ϕy,ϕz,ndims,T,χ,dχdlogT,Λ
23,0.75,0.6180339887498949,0.4487989505128276,0.75,1.4818367473324847,2.2076775764358407,0.7021078731025535,3,5.298316906283709,[0.0037420394303614452 0.0 0.0 0.0; 0.0 0.0005814496636643592 -0.00021809699407816506 -0.00026204405742874835; 0.0 -0.00021809699407817064 0.0004991999785429491 -0.00020709177508643081; 0.0 -0.0002620440574287488 -0.00020709177508642808 0.0005571546326905856],[-0.0037413928912086525 0.0 0.0 0.0; 0.0 -0.0005813121526224973 0.00021804146658581722 0.00026198253374680523; 0.0 0.00021804146658581733 -0.0004990719158204812 0.00020703535916229173; 0.0 0.00026198253374679704 0.00020703535916228832 -0.0005570188202506262],0.3
