L,J,Q,θ,μ,ϕx,ϕy,ϕz,ndims,T,χ,dχdlogT,Λ
23,0.45,0.6180339887498949,0.4487989505128276,0.75,2.0734236957529646,3.425032209206268,2.069955073380614,3,1.0826367338740543,[0.01916365703255432 0.0 0.0 0.0; 0.0 0.004629651193998683 -0.001837429392829368 -0.002149495895517767; 0.0 -0.00183742939282938 0.004197633902721876 -0.001827830387226118; 0.0 -0.0021494958955177034 -0.0018278303872260857 0.004625164175352542],[-0.019077835945566838 0.0 0.0 0.0; 0.0 -0.004603364815201198 0.0018252214844089478 0.0021379885306608754; 0.0 0.0018252214844089777 -0.004172921504979137 0.0018173943465206082; 0.0 0.0021379885306607943 0.0018173943465206127 -0.00459933680825748],0.3
