L,J,Q,θ,μ,ϕx,ϕy,ϕz,ndims,T,χ,dχdlogT,Λ
23,0.55,0.6180339887498949,0.4487989505128276,0.75,5.898286875632164,2.2120676557336663,3.0137624604328344,3,5.298316906283709,[0.003908751877984502 0.0 0.0 0.0; 0.0 0.0007944822698476578 -0.00029777987311135993 -0.0003656711212175172; 0.0 -0.00029777987311135136 0.0007264655382759006 -0.0003293630188070338; 0.0 -0.00036567112121750427 -0.000329363018807041 0.0008093030327314946],[-0.003908013990080243 0.0 0.0 0.0; 0.0 -0.0007942943322753354 0.000297700657351547 0.0003655881096396634; 0.0 0.00029770065735156877 -0.0007262782670508549 0.00032927412183973416; 0.0 0.00036558810963966234 0.00032927412183972375 -0.0008091014813684736],0.3
