L,J,Q,θ,μ,ϕx,ϕy,ϕz,ndims,T,χ,dχdlogT,Λ
23,0.3,0.6180339887498949,0.4487989505128276,0.75,0.7255422784305496,3.4349328561497185,3.4347212092384636,3,0.03290344562312668,[0.3223040685083302 0.0 0.0 0.0; 0.0 0.09297367269426718 -0.0353154943166035 -0.04493736456512959; 0.0 -0.035315494316603725 0.08569866703628673 -0.03865022066956655; 0.0 -0.04493736456513048 -0.038650220669566776 0.0942006340978958],[-0.1296841850528901 0.0 0.0 0.0; 0.0 -0.03351360423983346 0.010242434396052689 0.017991666241515863; 0.0 0.010242434396052703 -0.029447545789531907 0.01419910441702637; 0.0 0.017991666241515568 0.014199104417026534 -0.03564144199619515],0.3
