L,J,Q,θ,μ,ϕx,ϕy,ϕz,ndims,T,χ,dχdlogT,Λ
23,0.3,0.6180339887498949,0.4487989505128276,0.75,5.114081781791591,1.9778970122642205,6.104975597610122,3,0.001,[0.7542178665587989 0.0 0.0 0.0; 0.0 0.18725707043851655 -0.0696491218122554 -0.07695316092316164; 0.0 -0.06964912181225488 0.19500981638199225 -0.09473647928503526; 0.0 -0.07695316092316186 -0.09473647928503602 0.17787081272239416],[-0.14203352166677996 0.0 0.0 0.0; 0.0 -0.025091325839995526 0.006647674218748693 0.010933691853956982; 0.0 0.0066476742187486886 -0.04093733940226669 0.02172830518733082; 0.0 0.010933691853956996 0.021728305187330817 -0.026775295655648356],0.3
