L,J,Q,θ,μ,ϕx,ϕy,ϕz,ndims,T,χ,dχdlogT,Λ
23,0.55,0.6180339887498949,0.4487989505128276,0.75,1.9901092843447468,5.411747857943236,4.4451051863530715,3,0.0013738237958832624,[0.7286269641145586 0.0 0.0 0.0; 0.0 0.11409757620833888 -0.03163671354198852 -0.054893898220478396; 0.0 -0.0316367135419887 0.08132020471088973 -0.03804977178700005; 0.0 -0.054893898220476176 -0.03804977178699933 0.11083527618346863],[-0.12163893743403942 0.0 0.0 0.0; 0.0 -0.016026861799446863 0.0021273698097770037 0.009293352608304972; 0.0 0.002127369809777059 -0.004933212164528687 0.0033521364688535566; 0.0 0.00929335260830507 0.0033521364688535783 -0.017382014172605972],0.3
