L,J,Q,θ,μ,ϕx,ϕy,ϕz,ndims,T,χ,dχdlogT,Λ
23,0.1,0.6180339887498949,0.4487989505128276,0.75,1.7725206084735208,0.6911405060171155,5.24499225696323,3,0.5736152510448679,[0.036143604095033234 0.0 0.0 0.0; 0.0 0.0152788719897665 -0.006975199631276611 -0.00676389664806874; 0.0 -0.006975199631276613 0.015045376242833955 -0.006589110284481298; 0.0 -0.006763896648068737 -0.0065891102844812975 0.015056610622120624],[-0.03565070145203042 0.0 0.0 0.0; 0.0 -0.015052846312621847 0.006861380922176963 0.006672820919011151; 0.0 0.00686138092217696 -0.014824155971883742 0.0065004990294367055; 0.0 0.006672820919011151 0.006500499029436703 -0.014849795335275107],0.3
