L,J,Q,θ,μ,ϕx,ϕy,ϕz,ndims,T,χ,dχdlogT,Λ
23,0.3,0.6180339887498949,0.4487989505128276,0.75,0.6843175658765802,5.846424922072252,2.4570100617257045,3,0.0013738237958832624,[0.8311779214614835 0.0 0.0 0.0; 0.0 0.17664339329638906 -0.06093708520959389 -0.09746652883193022; 0.0 -0.06093708520959381 0.18668367504829536 -0.10296248478602596; 0.0 -0.09746652883193038 -0.1029624847860262 0.24357444256230507],[-0.1297296190674492 0.0 0.0 0.0; 0.0 -0.016457331336206325 0.006257635050162628 0.008137341717260898; 0.0 0.006257635050162625 -0.030658613608040036 0.027777911147676772; 0.0 0.008137341717260868 0.02777791114767673 -0.04910419779508975],0.3
