L,J,Q,θ,μ,ϕx,ϕy,ϕz,ndims,T,χ,dχdlogT,Λ
23,0.25,0.6180339887498949,0.4487989505128276,0.75,0.6957244989112655,5.40836395054829,2.9147134165697763,3,0.0853167852417281,[0.1971903561290918 0.0 0.0 0.0; 0.0 0.06493880682027976 -0.02714561579831417 -0.02993998048480604; 0.0 -0.0271456157983142 0.06261843303112706 -0.028006081465009543; 0.0 -0.029939980484805943 -0.028006081465009536 0.06515823105354714],[-0.1312004703808507 0.0 0.0 0.0; 0.0 -0.03880017301169642 0.015342714555542324 0.018355913851459463; 0.0 0.015342714555542324 -0.037606387561234696 0.017131001952547083; 0.0 0.018355913851459398 0.017131001952547183 -0.03998885751180561],0.3
