L,J,Q,θ,μ,ϕx,ϕy,ϕz,ndims,T,χ,dχdlogT,Λ
23,0.1,0.6180339887498949,0.4487989505128276,0.75,4.47228912932255,1.1729273679174639,1.744469154494291,3,0.5736152510448679,[0.037011975395346286 0.0 0.0 0.0; 0.0 0.015305229510447558 -0.00675949455573702 -0.006860075469390974; 0.0 -0.006759494555737017 0.015148009463516906 -0.006794514003878506; 0.0 -0.006860075469390975 -0.006794514003878508 0.015255906468262923],[-0.03646599434778607 0.0 0.0 0.0; 0.0 -0.015080187509886052 0.006659809369158495 0.006761134212894618; 0.0 0.006659809369158488 -0.014926534764950629 0.00669473224406933; 0.0 0.006761134212894616 0.006694732244069326 -0.015032971088782661],0.3
