L,J,Q,θ,μ,ϕx,ϕy,ϕz,ndims,T,χ,dχdlogT,Λ
23,5.0,0.6180339887498949,0.4487989505128276,0.75,5.443055248262404,2.0345440362609843,5.209153482123955,3,0.0018873918221350976,[0.25559537015657685 0.0 0.0 0.0; 0.0 0.008151439363001663 -0.004009123895519123 -0.0013761686335059943; 0.0 -0.004009123895519181 0.006939636418413468 -0.0018238725259904919; 0.0 -0.0013761686335060177 -0.0018238725259904982 0.005356683033122653],[-0.04103798151802715 0.0 0.0 0.0; 0.0 -0.0012921973744317399 0.0007790168482628954 7.523936420696876e-5; 0.0 0.0007790168482628932 -0.001098865030247484 0.0002083173006261979; 0.0 7.523936420696662e-5 0.00020831730062619518 -0.00019386680185079833],0.3
