L,J,Q,θ,μ,ϕx,ϕy,ϕz,ndims,T,χ,dχdlogT,Λ
23,2.5,0.6180339887498949,0.4487989505128276,0.75,5.443055248262404,2.0345440362609843,5.209153482123955,3,0.30391953823131973,[0.037143330019362375 0.0 0.0 0.0; 0.0 0.0019190616380532228 -0.0009284563343615093 -0.0008044188080714792; 0.0 -0.0009284563343615135 0.0013874115078518503 -0.0001025502128429481; 0.0 -0.0008044188080714549 -0.00010255021284294744 0.0015312390944288992],[-0.03527737808441434 0.0 0.0 0.0; 0.0 -0.0017595151620328855 0.0008548237266555633 0.0007324863225677749; 0.0 0.000854823726655541 -0.0012783815754010572 9.552182057385719e-5; 0.0 0.0007324863225677636 9.552182057385733e-5 -0.0013955524059269494],0.3
