L,J,Q,θ,μ,ϕx,ϕy,ϕz,ndims,T,χ,dχdlogT,Λ
23,0.1,0.6180339887498949,0.4487989505128276,0.75,3.6822457021050115,1.9694226952086327,2.165796606683477,3,10.0,[0.002177965032507396 0.0 0.0 0.0; 0.0 0.000895745438715143 -0.00039605302299622466 -0.00040109368052124297; 0.0 -0.00039605302299622477 0.0008994408598209244 -0.0004023767607223898; 0.0 -0.00040109368052124265 -0.00040237676072239 0.0009005912067146245],[-0.002177850063950714 0.0 0.0 0.0; 0.0 -0.0008956975239182467 0.000396030872341853 0.0004010731212825323; 0.0 0.0003960308723418531 -0.000899391624809916 0.0004023555783362494; 0.0 0.00040107312128253203 0.00040235557833624924 -0.000900544225943483],0.3
