L,J,Q,θ,μ,ϕx,ϕy,ϕz,ndims,T,χ,dχdlogT,Λ
23,0.25,0.6180339887498949,0.4487989505128276,0.75,0.6957244989112655,5.40836395054829,2.9147134165697763,3,0.7880462815669912,[0.02690309483623906 0.0 0.0 0.0; 0.0 0.009281614743585177 -0.003958179740600696 -0.004237716345562143; 0.0 -0.0039581797406006885 0.008947713218674068 -0.003986245540785322; 0.0 -0.004237716345562128 -0.003986245540785314 0.009235041121084624],[-0.026686174667803153 0.0 0.0 0.0; 0.0 -0.0091920143165645 0.003917622467583967 0.004198081344431914; 0.0 0.0039176224675839645 -0.008861133114811 0.003947692203659808; 0.0 0.004198081344431908 0.003947692203659797 -0.009147761471984598],0.3
