L,J,Q,θ,μ,ϕx,ϕy,ϕz,ndims,T,χ,dχdlogT,Λ
23,0.45,0.6180339887498949,0.4487989505128276,0.75,0.7255422784305496,3.4349328561497185,3.4347212092384636,3,3.856620421163471,[0.005417432085299892 0.0 0.0 0.0; 0.0 0.0013112295561595985 -0.000519686655973265 -0.0006023871318091986; 0.0 -0.000519686655973269 0.0012117641734082781 -0.0005394602559776477; 0.0 -0.0006023871318091979 -0.0005394602559776491 0.0013208013755503809],[-0.0054155095747202035 0.0 0.0 0.0; 0.0 -0.0013106285181889534 0.0005194059399626398 0.0006021317804053984; 0.0 0.0005194059399626508 -0.0012111758811031677 0.0005392012231840977; 0.0 0.0006021317804053907 0.0005392012231841047 -0.0013202032519318981],0.3
