L,J,Q,θ,μ,ϕx,ϕy,ϕz,ndims,T,χ,dχdlogT,Λ
23,1.0,0.6180339887498949,0.4487989505128276,0.75,0.6843175658765802,5.846424922072252,2.4570100617257045,3,0.0853167852417281,[0.1757973969361935 0.0 0.0 0.0; 0.0 0.018296256322572983 -0.006746138162781202 -0.008139005696225946; 0.0 -0.0067461381627811545 0.013674406977778315 -0.005055216305469831; 0.0 -0.00813900569622611 -0.0050552163054698234 0.016745993164067413],[-0.12082722327736364 0.0 0.0 0.0; 0.0 -0.010538553829989718 0.0037393471913057053 0.004560027894013524; 0.0 0.003739347191305705 -0.006966979028754446 0.0024214485850971618; 0.0 0.004560027894013458 0.002421448585097092 -0.00915361467806267],0.3
