L,J,Q,θ,μ,ϕx,ϕy,ϕz,ndims,T,χ,dχdlogT,Λ
23,0.55,0.6180339887498949,0.4487989505128276,0.75,5.898286875632164,2.2120676557336663,3.0137624604328344,3,0.006723357536499335,[0.5145020279323241 0.0 0.0 0.0; 0.0 0.09096421683175278 -0.029504102935150905 -0.041126169616429085; 0.0 -0.029504102935150774 0.0734312645212732 -0.031239104174813417; 0.0 -0.041126169616428676 -0.031239104174813726 0.08073007309636615],[-0.12908169086296126 0.0 0.0 0.0; 0.0 -0.024487229444180747 0.006718743572034696 0.010105603226540381; 0.0 0.006718743572034393 -0.015919117262861156 0.006284098901569104; 0.0 0.010105603226540243 0.006284098901569103 -0.01572959141083335],0.3
