L,J,Q,θ,μ,ϕx,ϕy,ϕz,ndims,T,χ,dχdlogT,Λ
23,0.55,0.6180339887498949,0.4487989505128276,0.75,4.132451531425368,5.947095563423896,4.191967794820508,3,2.043359717856942,[0.009918997595245607 0.0 0.0 0.0; 0.0 0.002038190277946442 -0.0007680462024345794 -0.0009584118383617478; 0.0 -0.0007680462024345469 0.0018529025322587243 -0.0008077064929384801; 0.0 -0.000958411838361782 -0.0008077064929385367 0.002036381054146632],[-0.009907085296531986 0.0 0.0 0.0; 0.0 -0.0020350375835638743 0.0007667324010747979 0.000956905751284927; 0.0 0.0007667324010748015 -0.0018497912339337354 0.0008062951303765122; 0.0 0.0009569057512849444 0.0008062951303764509 -0.0020330586976362525],0.3
