L,J,Q,θ,μ,ϕx,ϕy,ϕz,ndims,T,χ,dχdlogT,Λ
23,0.45,0.6180339887498949,0.4487989505128276,0.75,4.47228912932255,1.1729273679174639,1.744469154494291,3,0.017433288221999882,[0.3887576342266338 0.0 0.0 0.0; 0.0 0.07892093986019474 -0.027203671552543718 -0.039250394708688505; 0.0 -0.027203671552543357 0.07286293863577271 -0.03296652274129695; 0.0 -0.03925039470868783 -0.03296652274129498 0.08252881362544733],[-0.1189225166866549 0.0 0.0 0.0; 0.0 -0.019302169609184766 0.006217801094719074 0.010672685608207366; 0.0 0.006217801094719133 -0.02086772196617113 0.010279186047751916; 0.0 0.010672685608207319 0.010279186047752336 -0.02425679039424453],0.3
