L,J,Q,θ,μ,ϕx,ϕy,ϕz,ndims,T,χ,dχdlogT,Λ
23,0.0,0.6180339887498949,0.4487989505128276,0.75,3.6822457021050115,1.9694226952086327,2.165796606683477,3,3.856620421163471,[0.0056837773590716146 0.0 0.0 0.0; 0.0 0.002491509020847742 -0.0010816264738317887 -0.0011333824611378064; 0.0 -0.001081626473831789 0.0024656355137617826 -0.0010872521988294045; 0.0 -0.0011333824611378062 -0.001087252198829405 0.002502967424122446],[-0.0056817633669812885 0.0 0.0 0.0; 0.0 -0.0024906271643873783 0.0010812540189965572 0.0011329669794243246; 0.0 0.0010812540189965567 -0.002464789049516319 0.0010868939994006168; 0.0 0.0011329669794243249 0.0010868939994006165 -0.0025020902482791835],0.3
