L,J,Q,θ,μ,ϕx,ϕy,ϕz,ndims,T,χ,dχdlogT,Λ
23,0.45,0.6180339887498949,0.4487989505128276,0.75,0.7255422784305496,3.4349328561497185,3.4347212092384636,3,0.2212216291070449,[0.08986414228778977 0.0 0.0 0.0; 0.0 0.021447254928644983 -0.008405186561304907 -0.00989938353375169; 0.0 -0.008405186561305079 0.019748429532245336 -0.008797619381973343; 0.0 -0.00989938353375167 -0.008797619381973125 0.021618260785722303],[-0.08155761201473462 0.0 0.0 0.0; 0.0 -0.01892263121276503 0.007242897683653683 0.008818222447477469; 0.0 0.00724289768365327 -0.01729612255121106 0.007715179597291981; 0.0 0.008818222447476948 0.007715179597291728 -0.019096416858360565],0.3
