L,J,Q,θ,μ,ϕx,ϕy,ϕz,ndims,T,χ,dχdlogT,Λ
23,0.75,0.6180339887498949,0.4487989505128276,0.75,1.7725206084735208,0.6911405060171155,5.24499225696323,3,5.298316906283709,[0.0036761264387489877 0.0 0.0 0.0; 0.0 0.0005601299143875298 -0.0002122188733604424 -0.0002490819751428302; 0.0 -0.00021221887336043355 0.00048310736541282075 -0.00020041091864025324; 0.0 -0.0002490819751428257 -0.0002004109186402505 0.0005380650917667262],[-0.0036755091769008893 0.0 0.0 0.0; 0.0 -0.000560003728496963 0.00021216794238358743 0.0002490248021921813; 0.0 0.0002121679423835775 -0.00048299044471043594 0.00020035961055758281; 0.0 0.0002490248021921868 0.00020035961055758867 -0.0005379381864004168],0.3
