L,J,Q,θ,μ,ϕx,ϕy,ϕz,ndims,T,χ,dχdlogT,Λ
23,0.1,0.6180339887498949,0.4487989505128276,0.75,0.6132391830493972,5.0510753425776596,2.6803823129289137,3,0.06210169418915616,[0.23986368411537823 0.0 0.0 0.0; 0.0 0.09886578569664091 -0.04282048580779191 -0.04550887854377011; 0.0 -0.042820485807791894 0.09621198355136659 -0.042772560619507974; 0.0 -0.04550887854377006 -0.042772560619507995 0.0988222397956151],[-0.13939850112137606 0.0 0.0 0.0; 0.0 -0.055899341163550845 0.023326702663014683 0.026636180636699144; 0.0 0.02332670266301469 -0.05393632507936005 0.02441953916006501; 0.0 0.026636180636699133 0.024419539160065017 -0.056951520762556176],0.3
