L,J,Q,θ,μ,ϕx,ϕy,ϕz,ndims,T,χ,dχdlogT,Λ
23,4.0,0.6180339887498949,0.4487989505128276,0.75,4.009261164013791,2.1984173184720874,2.942941359066305,3,0.02395026619987486,[0.15697262552891206 0.0 0.0 0.0; 0.0 0.0057966268845617095 -0.003306337753326801 -0.0011902150768753595; 0.0 -0.003306337753326779 0.005507326709423607 -0.001442197990132925; 0.0 -0.0011902150768753504 -0.0014421979901329636 0.004025612690949874],[-0.059561869273411054 0.0 0.0 0.0; 0.0 -0.0010044662610135726 0.0006844233823558113 6.404885116747757e-5; 0.0 0.0006844233823557984 -0.0013732931835479906 0.0005379820764635066; 0.0 6.404885116747488e-5 0.0005379820764634953 -0.0007190072256077741],0.3
