L,J,Q,θ,μ,ϕx,ϕy,ϕz,ndims,T,χ,dχdlogT,Λ
23,1.5,0.6180339887498949,0.4487989505128276,0.75,0.22844566387304216,0.027030545181912335,6.104326023357702,3,2.807216203941177,[0.005546211754345408 0.0 0.0 0.0; 0.0 0.00039571919056103017 -0.0001619986340145125 -0.00018842527752956697; 0.0 -0.00016199863401451046 0.00025850685213426905 -4.87013551671411e-5; 0.0 -0.00018842527752957046 -4.8701355167140286e-5 0.0003475668651268351],[-0.005542295875837658 0.0 0.0 0.0; 0.0 -0.00039529346489818306 0.00016182090482288864 0.00018822569821273227; 0.0 0.0001618209048228888 -0.00025817383510869714 4.860248882277537e-5; 0.0 0.00018822569821274072 4.860248882277529e-5 -0.00034715712166206097],0.3
