L,J,Q,θ,μ,ϕx,ϕy,ϕz,ndims,T,χ,dχdlogT,Λ
23,2.5,0.6180339887498949,0.4487989505128276,0.75,0.6957244989112655,5.40836395054829,2.9147134165697763,3,0.30391953823131973,[0.03714475383096171 0.0 0.0 0.0; 0.0 0.0019184095087402687 -0.0009318276992423879 -0.0007984578812670843; 0.0 -0.0009318276992423884 0.0013924946064086568 -0.00010442399009661955; 0.0 -0.0007984578812670701 -0.00010442399009662101 0.0015215717655818223],[-0.03528100750975228 0.0 0.0 0.0; 0.0 -0.0017602596235863275 0.0008582847006669523 0.000728346599715618; 0.0 0.0008582847006669513 -0.0012833514694030475 9.684434369094366e-5; 0.0 0.0007283465997156268 9.684434369094103e-5 -0.0013883037319965385],0.3
