L,J,Q,θ,μ,ϕx,ϕy,ϕz,ndims,T,χ,dχdlogT,Λ
23,0.1,0.6180339887498949,0.4487989505128276,0.75,0.6132391830493972,5.0510753425776596,2.6803823129289137,3,2.807216203941177,[0.007463600518730102 0.0 0.0 0.0; 0.0 0.003108074797457816 -0.0013662372600146766 -0.0014104706843708387; 0.0 -0.0013662372600146766 0.0030286281551819574 -0.0013301722412270226; 0.0 -0.0014104706843708387 -0.0013301722412270222 0.0030749903526364228],[-0.0074590512632233185 0.0 0.0 0.0; 0.0 -0.0031061384692073687 0.0013653599433895611 0.001409618107943666; 0.0 0.0013653599433895605 -0.003026754117673161 0.001329384218934076; 0.0 0.0014096181079436654 0.001329384218934075 -0.003073133234003095],0.3
