L,J,Q,θ,μ,ϕx,ϕy,ϕz,ndims,T,χ,dχdlogT,Λ
23,0.1,0.6180339887498949,0.4487989505128276,0.75,4.47228912932255,1.1729273679174639,1.744469154494291,3,0.5736152510448679,[0.03701197539534623 0.0 0.0 0.0; 0.0 0.015305229510447544 -0.006759494555737015 -0.006860075469390981; 0.0 -0.006759494555737013 0.015148009463516875 -0.006794514003878485; 0.0 -0.006860075469390982 -0.006794514003878488 0.015255906468262914],[-0.03646599434778606 0.0 0.0 0.0; 0.0 -0.01508018750988606 0.006659809369158496 0.006761134212894613; 0.0 0.006659809369158491 -0.014926534764950624 0.006694732244069313; 0.0 0.006761134212894614 0.006694732244069313 -0.015032971088782654],0.3
