L,J,Q,θ,μ,ϕx,ϕy,ϕz,ndims,T,χ,dχdlogT,Λ
23,0.0,0.6180339887498949,0.4487989505128276,0.75,2.0734236957529646,3.425032209206268,2.069955073380614,3,2.043359717856942,[0.010391533352798769 0.0 0.0 0.0; 0.0 0.004579094067131618 -0.002032176154920443 -0.002036078522239729; 0.0 -0.0020321761549204425 0.004587373103529367 -0.002023369422262327; 0.0 -0.002036078522239729 -0.002023369422262326 0.004584798160157441],[-0.010379458470387525 0.0 0.0 0.0; 0.0 -0.0045739126081803545 0.002029884034191537 0.0020337853013697314; 0.0 0.0020298840341915372 -0.004582144150727178 0.00202110191040794; 0.0 0.0020337853013697323 0.0020211019104079395 -0.004579592618291432],0.3
