L,J,Q,θ,μ,ϕx,ϕy,ϕz,ndims,T,χ,dχdlogT,Λ
23,0.25,0.6180339887498949,0.4487989505128276,0.75,1.9901092843447468,5.411747857943236,4.4451051863530715,3,0.04520353656360243,[0.2822050078584791 0.0 0.0 0.0; 0.0 0.08885220105888338 -0.03555651063915976 -0.04162975106603229; 0.0 -0.03555651063915987 0.08491159150149742 -0.0385649775189039; 0.0 -0.0416297510660322 -0.03856497751890404 0.08990294065963787],[-0.13914728245552463 0.0 0.0 0.0; 0.0 -0.038737401172973626 0.01407741125015894 0.01866811927742838; 0.0 0.014077411250158904 -0.03513072589676904 0.015434742330888306; 0.0 0.018668119277428345 0.015434742330888254 -0.03792265397490137],0.3
