L,J,Q,θ,μ,ϕx,ϕy,ϕz,ndims,T,χ,dχdlogT,Λ
23,0.4,0.6180339887498949,0.4487989505128276,0.75,2.404880474578574,3.747742760251755,2.4607463879313465,3,0.30391953823131973,[0.06612650970472375 0.0 0.0 0.0; 0.0 0.01751036082829582 -0.006830829894725082 -0.0083804919926374; 0.0 -0.006830829894725285 0.016050012802052198 -0.007045858892920365; 0.0 -0.008380491992637705 -0.00704585889292053 0.01753412324282187],[-0.06281470603342114 0.0 0.0 0.0; 0.0 -0.016390791102582104 0.006342547739159445 0.007853223591549056; 0.0 0.006342547739159524 -0.014997991529624857 0.006594833035277295; 0.0 0.00785322359154883 0.00659483303527738 -0.016429505548067835],0.3
