L,J,Q,θ,μ,ϕx,ϕy,ϕz,ndims,T,χ,dχdlogT,Λ
23,0.1,0.6180339887498949,0.4487989505128276,0.75,3.6822457021050115,1.9694226952086327,2.165796606683477,3,0.11721022975334802,[0.1598362659407463 0.0 0.0 0.0; 0.0 0.06558901001513917 -0.028785620037830098 -0.02956319968062981; 0.0 -0.028785620037830122 0.065619187926254 -0.02952154440904167; 0.0 -0.02956319968062981 -0.029521544409041683 0.0661827778314195],[-0.12129736194319443 0.0 0.0 0.0; 0.0 -0.049514800399275846 0.021380218029105173 0.022628601192583756; 0.0 0.021380218029105183 -0.04914320178134206 0.022349233850782482; 0.0 0.02262860119258377 0.022349233850782482 -0.050312328536612945],0.3
