L,J,Q,θ,μ,ϕx,ϕy,ϕz,ndims,T,χ,dχdlogT,Λ
23,0.25,0.6180339887498949,0.4487989505128276,0.75,5.898286875632164,2.2120676557336663,3.0137624604328344,3,0.30391953823131973,[0.07020461596560375 0.0 0.0 0.0; 0.0 0.023507325958886185 -0.009880892144910194 -0.010918049483653432; 0.0 -0.009880892144910204 0.0227193554929412 -0.00987899172586223; 0.0 -0.01091804948365348 -0.009878991725862225 0.02351970238817668],[-0.06617311800135836 0.0 0.0 0.0; 0.0 -0.022016694832569145 0.00920635345767419 0.010233745363173728; 0.0 0.009206353457674175 -0.021234542358095833 0.009263871006369344; 0.0 0.010233745363173712 0.009263871006369356 -0.022041291192286705],0.3
