L,J,Q,θ,μ,ϕx,ϕy,ϕz,ndims,T,χ,dχdlogT,Λ
23,0.0,0.6180339887498949,0.4487989505128276,0.75,1.5370755035275128,5.449497487152055,3.349099588190438,3,2.043359717856942,[0.010612298118965763 0.0 0.0 0.0; 0.0 0.004669446039942998 -0.0020552194405465737 -0.002122058658429412; 0.0 -0.0020552194405465745 0.0046541911274907725 -0.002059302029492418; 0.0 -0.002122058658429412 -0.0020593020294924183 0.004726569169066549],[-0.010599303958252652 0.0 0.0 0.0; 0.0 -0.004663637671062861 0.002052754535055919 0.00211926010545269; 0.0 0.0020527545350559192 -0.004648592015232653 0.0020568828851017223; 0.0 0.0021192601054526904 0.0020568828851017223 -0.004720604818844231],0.3
