L,J,Q,θ,μ,ϕx,ϕy,ϕz,ndims,T,χ,dχdlogT,Λ
23,0.45,0.6180339887498949,0.4487989505128276,0.75,0.7255422784305496,3.4349328561497185,3.4347212092384636,3,0.004893900918477494,[0.5450956221151763 0.0 0.0 0.0; 0.0 0.10615142055490476 -0.033493552317741745 -0.05178633525148414; 0.0 -0.033493552317741405 0.09791214836920538 -0.04644097158383433; 0.0 -0.05178633525148578 -0.04644097158383477 0.10875683402894804],[-0.11346328730546398 0.0 0.0 0.0; 0.0 -0.0193588866328616 0.005298753733818174 0.010445366693787398; 0.0 0.0052987537338182785 -0.01775049608382274 0.0075568326049815365; 0.0 0.010445366693787893 0.0075568326049815174 -0.019054950516397995],0.3
