L,J,Q,θ,μ,ϕx,ϕy,ϕz,ndims,T,χ,dχdlogT,Λ
23,0.55,0.6180339887498949,0.4487989505128276,0.75,5.114081781791591,1.9778970122642205,6.104975597610122,3,0.5736152510448679,[0.035159490634697727 0.0 0.0 0.0; 0.0 0.007356291448356555 -0.0027212612113639697 -0.0034889299190948016; 0.0 -0.0027212612113641055 0.006421564014361674 -0.0027853651448488353; 0.0 -0.003488929919094643 -0.0027853651448486827 0.007244002032833698],[-0.034633350797998765 0.0 0.0 0.0; 0.0 -0.0072076464698259 0.0026610204692710006 0.0034184645414031094; 0.0 0.0026610204692710288 -0.006290050645833736 0.0027277503612084444; 0.0 0.0034184645414031918 0.0027277503612081794 -0.007097615685474961],0.3
