L,J,Q,θ,μ,ϕx,ϕy,ϕz,ndims,T,χ,dχdlogT,Λ
23,0.75,0.6180339887498949,0.4487989505128276,0.75,0.22844566387304216,0.027030545181912335,6.104326023357702,3,0.16102620275609392,[0.11352782382415721 0.0 0.0 0.0; 0.0 0.017010354442171513 -0.006317829383487722 -0.00764680661075918; 0.0 -0.006317829383487803 0.014429033096677759 -0.0058747323772754285; 0.0 -0.007646806610759328 -0.00587473237727556 0.016290024295080474],[-0.09715648373574894 0.0 0.0 0.0; 0.0 -0.013766847423581694 0.005032473729301973 0.00618741467318209; 0.0 0.005032473729302187 -0.01147889055046444 0.00463298041561101; 0.0 0.006187414673182274 0.004632980415610756 -0.013085206349946487],0.3
