L,J,Q,θ,μ,ϕx,ϕy,ϕz,ndims,T,χ,dχdlogT,Λ
23,5.0,0.6180339887498949,0.4487989505128276,0.75,4.009261164013791,2.1984173184720874,2.942941359066305,3,5.298316906283709,[0.001345578745167916 0.0 0.0 0.0; 0.0 6.154651394949495e-5 -2.9829570729230415e-5 -1.413885041876727e-5; 0.0 -2.9829570729231157e-5 6.0718065331468226e-5 -1.3982892181316304e-5; 0.0 -1.4138850418767137e-5 -1.3982892181316726e-5 5.241617382766904e-5],[-0.0013453375710394371 0.0 0.0 0.0; 0.0 -6.153207031156663e-5 2.9823330061059598e-5 1.4134432473323723e-5; 0.0 2.982333006105875e-5 -6.070367228511731e-5 1.3980349963115148e-5; 0.0 1.4134432473323509e-5 1.3980349963115146e-5 -5.240155935294393e-5],0.3
