L,J,Q,θ,μ,ϕx,ϕy,ϕz,ndims,T,χ,dχdlogT,Λ
23,0.0,0.6180339887498949,0.4487989505128276,0.75,4.47228912932255,1.1729273679174639,1.744469154494291,3,0.0853167852417281,[0.1981708878602478 0.0 0.0 0.0; 0.0 0.08722062720183463 -0.03843961842465866 -0.03899249834624091; 0.0 -0.03843961842465867 0.08643803354856049 -0.03856078860706638; 0.0 -0.038992498346240904 -0.03856078860706641 0.08729586404445668],[-0.1359058298338791 0.0 0.0 0.0; 0.0 -0.0601131915128559 0.027031901856654886 0.026527125602324668; 0.0 0.027031901856654883 -0.06046284433088447 0.026999873170575294; 0.0 0.026527125602324664 0.026999873170575294 -0.060077613050065606],0.3
