L,J,Q,θ,μ,ϕx,ϕy,ϕz,ndims,T,χ,dχdlogT,Λ
23,0.0,0.6180339887498949,0.4487989505128276,0.75,1.5005035365827155,2.7855744946777476,1.8760035902252763,3,0.5736152510448679,[0.03697439833525328 0.0 0.0 0.0; 0.0 0.016386928169192815 -0.007178290062591654 -0.007483904038811881; 0.0 -0.007178290062591656 0.01640385495760652 -0.007311677494476193; 0.0 -0.007483904038811885 -0.00731167749447619 0.016705158586286788],[-0.036424663394911884 0.0 0.0 0.0; 0.0 -0.016137752381158076 0.007071232708742517 0.007364599639691523; 0.0 0.007071232708742515 -0.01615737308961731 0.007203465486023124; 0.0 0.0073645996396915206 0.007203465486023124 -0.01644653781651779],0.3
