L,J,Q,θ,μ,ϕx,ϕy,ϕz,ndims,T,χ,dχdlogT,Λ
23,0.3,0.6180339887498949,0.4487989505128276,0.75,4.47228912932255,1.1729273679174639,1.744469154494291,3,0.004893900918477494,[0.53883872048461 0.0 0.0 0.0; 0.0 0.14078634566511572 -0.052358670477338484 -0.07331492446294464; 0.0 -0.052358670477338484 0.13409886009818747 -0.06037250099756699; 0.0 -0.07331492446294463 -0.060372500997566685 0.15442332974019254],[-0.12488748236059936 0.0 0.0 0.0; 0.0 -0.027110386166587754 0.008824283371261349 0.01906310520564462; 0.0 0.008824283371261376 -0.024066433472253856 0.011008769954991698; 0.0 0.019063105205644693 0.011008769954991717 -0.03930640569560285],0.3
