L,J,Q,θ,μ,ϕx,ϕy,ϕz,ndims,T,χ,dχdlogT,Λ
23,0.25,0.6180339887498949,0.4487989505128276,0.75,1.7725206084735208,0.6911405060171155,5.24499225696323,3,0.06210169418915616,[0.24070220618811544 0.0 0.0 0.0; 0.0 0.07835673269610424 -0.03175293980140336 -0.037071108251464646; 0.0 -0.03175293980140341 0.07430912889554794 -0.03349867643294364; 0.0 -0.037071108251464556 -0.033498676432943686 0.0794906441150047],[-0.14505135074755604 0.0 0.0 0.0; 0.0 -0.041848766878387816 0.014817746546637887 0.02166744804047394; 0.0 0.014817746546637834 -0.03792659981469631 0.0175448187432436; 0.0 0.021667448040474033 0.01754481874324361 -0.044336515589039394],0.3
