L,J,Q,θ,μ,ϕx,ϕy,ϕz,ndims,T,χ,dχdlogT,Λ
23,0.55,0.6180339887498949,0.4487989505128276,0.75,1.5233928088781696,4.893013926962995,3.340928606532302,3,0.0018873918221350976,[0.7425604619421096 0.0 0.0 0.0; 0.0 0.11630290268532215 -0.03965169073462435 -0.05393861329091486; 0.0 -0.039651690734623886 0.09866006671828707 -0.03791925561950392; 0.0 -0.05393861329091263 -0.03791925561950484 0.10813398046572424],[-0.1478303475117148 0.0 0.0 0.0; 0.0 -0.021417879927609566 0.005744861568839811 0.01250577876153761; 0.0 0.005744861568839859 -0.016052883181030993 0.0029856693827975222; 0.0 0.012505778761537667 0.0029856693827975665 -0.018162098710147043],0.3
