L,J,Q,θ,μ,ϕx,ϕy,ϕz,ndims,T,χ,dχdlogT,Λ
23,0.3,0.6180339887498949,0.4487989505128276,0.75,3.6822457021050115,1.9694226952086327,2.165796606683477,3,2.043359717856942,[0.010220341025406235 0.0 0.0 0.0; 0.0 0.003207569968614978 -0.0013029941870500922 -0.001511099523810958; 0.0 -0.001302994187050121 0.0030663787933479796 -0.0013670569905787147; 0.0 -0.0015110995238109492 -0.0013670569905787043 0.0032407706933317197],[-0.010207775459513041 0.0 0.0 0.0; 0.0 -0.003202754159258488 0.001300829231795398 0.0015089130842886101; 0.0 0.0013008292317953927 -0.0030616192925282774 0.0013650254884836823; 0.0 0.0015089130842886158 0.0013650254884836942 -0.003236050640118332],0.3
