L,J,Q,θ,μ,ϕx,ϕy,ϕz,ndims,T,χ,dχdlogT,Λ
23,0.25,0.6180339887498949,0.4487989505128276,0.75,5.898286875632164,2.2120676557336663,3.0137624604328344,3,10.0,[0.00219850633516026 0.0 0.0 0.0; 0.0 0.0007384715505377224 -0.0003111982851145282 -0.0003428535809633793; 0.0 -0.0003111982851145291 0.0007144452716569275 -0.00031014631981651926; 0.0 -0.0003428535809633792 -0.00031014631981651937 0.0007386305941820713],[-0.0021983792082347453 0.0 0.0 0.0; 0.0 -0.0007384243134457066 0.00031117682768277847 0.0003428319048482726; 0.0 0.0003111768276827798 -0.0007143981567206059 0.0003101268839240514; 0.0 0.0003428319048482716 0.00031012688392404787 -0.0007385838206338799],0.3
