L,J,Q,θ,μ,ϕx,ϕy,ϕz,ndims,T,χ,dχdlogT,Λ
23,4.0,0.6180339887498949,0.4487989505128276,0.75,0.22844566387304216,0.027030545181912335,6.104326023357702,3,5.298316906283709,[0.0016829362637917 0.0 0.0 0.0; 0.0 8.854492074809472e-5 -4.266248741684507e-5 -2.4687227342960388e-5; 0.0 -4.2662487416845064e-5 7.192963690250707e-5 -1.4844978109719623e-5; 0.0 -2.4687227342960727e-5 -1.4844978109719936e-5 6.630610723317747e-5],[-0.0016826214164600973 0.0 0.0 0.0; 0.0 -8.85202418355392e-5 4.2652612257966003e-5 2.4678707463105087e-5; 0.0 4.265261225796689e-5 -7.191255535421776e-5 1.4842409926564088e-5; 0.0 2.4678707463104846e-5 1.4842409926564072e-5 -6.628623477733437e-5],0.3
