L,J,Q,θ,μ,ϕx,ϕy,ϕz,ndims,T,χ,dχdlogT,Λ
23,2.0,0.6180339887498949,0.4487989505128276,0.75,1.5005035365827155,2.7855744946777476,1.8760035902252763,3,0.03290344562312668,[0.193858900421177 0.0 0.0 0.0; 0.0 0.007535076356373569 -0.003318877633184217 -0.003302335264220649; 0.0 -0.0033188776331841796 0.00464093733166701 -4.854011454943595e-5; 0.0 -0.0033023352642205872 -4.854011454943474e-5 0.005735665948985098],[-0.07976908372886014 0.0 0.0 0.0; 0.0 -0.0009911896262233052 0.0002997159051431491 0.00031235411095535025; 0.0 0.00029971590514316624 -0.0004967192483527909 -2.9639089223131665e-5; 0.0 0.0003123541109553422 -2.9639089223131303e-5 -0.0006494145284843275],0.3
