L,J,Q,θ,μ,ϕx,ϕy,ϕz,ndims,T,χ,dχdlogT,Λ
23,0.1,0.6180339887498949,0.4487989505128276,0.75,1.5233928088781696,4.893013926962995,3.340928606532302,3,1.4873521072935114,[0.014378513352198431 0.0 0.0 0.0; 0.0 0.005996037550622126 -0.0025223715028114347 -0.002814742550087394; 0.0 -0.0025223715028114342 0.005813474346736864 -0.0026326159998911434; 0.0 -0.002814742550087394 -0.0026326159998911456 0.006056790801331307],[-0.014345701190553927 0.0 0.0 0.0; 0.0 -0.005981815727859969 0.0025169377983803387 0.0028074948099453202; 0.0 0.0025169377983803387 -0.005800494673050765 0.0026266634385770753; 0.0 0.002807494809945321 0.002626663438577076 -0.006042220471608313],0.3
