L,J,Q,θ,μ,ϕx,ϕy,ϕz,ndims,T,χ,dχdlogT,Λ
23,3.0,0.6180339887498949,0.4487989505128276,0.75,1.5005035365827155,2.7855744946777476,1.8760035902252763,3,0.004893900918477494,[0.3153183840135483 0.0 0.0 0.0; 0.0 0.007418142099072297 -0.004336485668717755 -0.0019480147700035666; 0.0 -0.0043364856687178694 0.007063441554252045 -0.0013688924111826103; 0.0 -0.0019480147700035929 -0.0013688924111826255 0.004945242835188007],[-0.07554417947019641 0.0 0.0 0.0; 0.0 -0.00017944519156593667 0.00010407700365038224 4.737112923657397e-5; 0.0 0.00010407700365038472 -0.0003359443977886992 9.582404773562243e-5; 0.0 4.737112923657381e-5 9.582404773562044e-5 -8.18241431789043e-5],0.3
