L,J,Q,θ,μ,ϕx,ϕy,ϕz,ndims,T,χ,dχdlogT,Λ
23,0.0,0.6180339887498949,0.4487989505128276,0.75,0.7255422784305496,3.4349328561497185,3.4347212092384636,3,0.30391953823131973,[0.06898276960231957 0.0 0.0 0.0; 0.0 0.03004286209526728 -0.013432482819503563 -0.013432455522931723; 0.0 -0.01343248281950357 0.030067551124960675 -0.01312039837710115; 0.0 -0.013432455522931725 -0.013120398377101153 0.03006748897641757],[-0.06557642876830252 0.0 0.0 0.0; 0.0 -0.0286275525622868 0.012795575253356905 0.0127955075430608; 0.0 0.012795575253356907 -0.02863757253916944 0.012517999880587341; 0.0 0.012795507543060797 0.012517999880587336 -0.02863743581130881],0.3
