L,J,Q,θ,μ,ϕx,ϕy,ϕz,ndims,T,χ,dχdlogT,Λ
23,0.1,0.6180339887498949,0.4487989505128276,0.75,3.6822457021050115,1.9694226952086327,2.165796606683477,3,0.0018873918221350976,[0.6797035693847067 0.0 0.0 0.0; 0.0 0.26872120865553056 -0.12579146970065644 -0.12082379653480599; 0.0 -0.12579146970065633 0.2611505393840303 -0.10709265662902975; 0.0 -0.12082379653480586 -0.10709265662902975 0.26658861685035007],[-0.10949984109535596 0.0 0.0 0.0; 0.0 -0.03413569017016119 0.018098325349232718 0.013839923056561879; 0.0 0.018098325349232725 -0.043231502409637836 0.02049312663876586; 0.0 0.013839923056561877 0.020493126638765874 -0.04124479588785907],0.3
