L,J,Q,θ,μ,ϕx,ϕy,ϕz,ndims,T,χ,dχdlogT,Λ
23,6.0,0.6180339887498949,0.4487989505128276,0.75,5.443055248262404,2.0345440362609843,5.209153482123955,3,0.03290344562312668,[0.09634261138891204 0.0 0.0 0.0; 0.0 0.0035182040808688524 -0.0015453626203466063 -0.0006905110724612367; 0.0 -0.0015453626203466274 0.0036973475506496102 -0.000887969045881185; 0.0 -0.0006905110724612378 -0.0008879690458811876 0.0033022171623659866],[-0.040114159546143856 0.0 0.0 0.0; 0.0 -0.001273375780876761 0.0007451399647619957 0.00011501605533631636; 0.0 0.0007451399647620103 -0.001361136703019721 0.0003241177357249479; 0.0 0.0001150160553363148 0.00032411773572494853 -0.000929713716251114],0.3
