L,J,Q,θ,μ,ϕx,ϕy,ϕz,ndims,T,χ,dχdlogT,Λ
23,0.4,0.6180339887498949,0.4487989505128276,0.75,1.5233928088781696,4.893013926962995,3.340928606532302,3,0.7880462815669912,[0.02632811060874807 0.0 0.0 0.0; 0.0 0.006930828424926104 -0.002697499962682106 -0.0032364327358963625; 0.0 -0.002697499962682191 0.006373526065107745 -0.002867857634502241; 0.0 -0.0032364327358962667 -0.0028678576345022282 0.006979726040784658],[-0.026108565236923918 0.0 0.0 0.0; 0.0 -0.006857601767441502 0.0026655544750944426 0.003203781873698142; 0.0 0.0026655544750945363 -0.006304114228211131 0.0028365486685181965; 0.0 0.00320378187369798 0.0028365486685181926 -0.006906351337444186],0.3
