L,J,Q,θ,μ,ϕx,ϕy,ϕz,ndims,T,χ,dχdlogT,Λ
23,0.4,0.6180339887498949,0.4487989505128276,0.75,1.5233928088781696,4.893013926962995,3.340928606532302,3,2.807216203941177,[0.007419489596040966 0.0 0.0 0.0; 0.0 0.0019551879994090366 -0.0007614170496076299 -0.000912795897878731; 0.0 -0.0007614170496076327 0.0017982456624087639 -0.0008091551497102499; 0.0 -0.0009127958978787423 -0.0008091551497102713 0.0019689326739634437],[-0.007414552805094937 0.0 0.0 0.0; 0.0 -0.001953538339114121 0.000760696603779693 0.0009120606894569888; 0.0 0.000760696603779681 -0.0017966811692791218 0.000808449708938476; 0.0 0.0009120606894569905 0.000808449708938486 -0.0019672801140246613],0.3
