L,J,Q,θ,μ,ϕx,ϕy,ϕz,ndims,T,χ,dχdlogT,Λ
23,0.25,0.6180339887498949,0.4487989505128276,0.75,0.97214979122521,4.062456537363038,2.9445300006073447,3,0.41753189365604015,[0.0501511865295364 0.0 0.0 0.0; 0.0 0.01723592703235836 -0.007348763420739358 -0.00790005183270566; 0.0 -0.007348763420739373 0.016539599020140173 -0.007276929192057411; 0.0 -0.007900051832705667 -0.007276929192057389 0.01709812026934391],[-0.048726846667347466 0.0 0.0 0.0; 0.0 -0.016657899837452195 0.0070851959701439485 0.007639219831225931; 0.0 0.007085195970143957 -0.015980060622113944 0.007034951440899556; 0.0 0.007639219831225964 0.0070349514408995385 -0.016531018767859257],0.3
