L,J,Q,θ,μ,ϕx,ϕy,ϕz,ndims,T,χ,dχdlogT,Λ
23,1.0,0.6180339887498949,0.4487989505128276,0.75,1.5005035365827155,2.7855744946777476,1.8760035902252763,3,0.003562247890262444,[0.6176597046090259 0.0 0.0 0.0; 0.0 0.03958357573267215 -0.014309919530937132 -0.015403319479939762; 0.0 -0.014309919530937517 0.025130970826578117 -0.007733708227499091; 0.0 -0.015403319479939961 -0.007733708227498927 0.032583195250936746],[-0.14000252376212416 0.0 0.0 0.0; 0.0 -0.0022756467322649545 0.0009961992785777081 0.0002950125352975304; 0.0 0.0009961992785777333 -0.0016323659477279226 8.365761018826624e-5; 0.0 0.00029501253529751073 8.365761018826241e-5 -0.0022471035358257343],0.3
