L,J,Q,θ,μ,ϕx,ϕy,ϕz,ndims,T,χ,dχdlogT,Λ
23,1.5,0.6180339887498949,0.4487989505128276,0.75,5.443055248262404,2.0345440362609843,5.209153482123955,3,1.4873521072935114,[0.010417112590469133 0.0 0.0 0.0; 0.0 0.0007408956666369988 -0.0003019470358127268 -0.00035256541432879084; 0.0 -0.0003019470358127291 0.00048350775058342326 -9.168370086722717e-5; 0.0 -0.0003525654143287895 -9.168370086723119e-5 0.0006516783543479064],[-0.01039114583733191 0.0 0.0 0.0; 0.0 -0.0007380885039058747 0.00030077820357418515 0.0003512554932859556; 0.0 0.0003007782035741777 -0.0004813067537141258 9.102593680982652e-5; 0.0 0.0003512554932859427 9.102593680982386e-5 -0.0006489683359904642],0.3
