L,J,Q,θ,μ,ϕx,ϕy,ϕz,ndims,T,χ,dχdlogT,Λ
23,3.0,0.6180339887498949,0.4487989505128276,0.75,1.7725206084735208,0.6911405060171155,5.24499225696323,3,0.2212216291070449,[0.04664270370925722 0.0 0.0 0.0; 0.0 0.0023406498743367443 -0.0011654445248206766 -0.0008474187202339395; 0.0 -0.001165444524820674 0.0018251671686455666 -0.00025392155458896785; 0.0 -0.0008474187202339159 -0.00025392155458896747 0.0018346085163469569],[-0.04264304530659698 0.0 0.0 0.0; 0.0 -0.002020945491548513 0.0010271144113351935 0.0007035395755455335; 0.0 0.0010271144113351502 -0.001606073860091555 0.00023428301208003086; 0.0 0.0007035395755455227 0.0002342830120800299 -0.001549686371164196],0.3
