L,J,Q,θ,μ,ϕx,ϕy,ϕz,ndims,T,χ,dχdlogT,Λ
23,0.1,0.6180339887498949,0.4487989505128276,0.75,3.6822457021050115,1.9694226952086327,2.165796606683477,3,7.27895384398315,[0.0029920701114290013 0.0 0.0 0.0; 0.0 0.0012305671932318757 -0.000544093565922519 -0.0005510195111955526; 0.0 -0.0005440935659225193 0.0012356432459776478 -0.000552781857475433; 0.0 -0.0005510195111955525 -0.0005527818574754324 0.0012372249939273665],[-0.0029917720333665354 0.0 0.0 0.0; 0.0 -0.0012304429648920645 0.0005440361360646078 0.0005509662074057119; 0.0 0.000544036136064608 -0.001235515594776516 0.0005527269380125713; 0.0 0.0005509662074057117 0.0005527269380125713 -0.0012371031871555266],0.3
