L,J,Q,θ,μ,ϕx,ϕy,ϕz,ndims,T,χ,dχdlogT,Λ
23,0.5,0.6180339887498949,0.4487989505128276,0.75,1.5005035365827155,2.7855744946777476,1.8760035902252763,3,0.0013738237958832624,[0.6830088012632018 0.0 0.0 0.0; 0.0 0.12204341882329463 -0.038423433658313785 -0.05976960137474186; 0.0 -0.03842343365831515 0.10296097237848202 -0.042836281091819556; 0.0 -0.05976960137474009 -0.04283628109181891 0.11306067659713284],[-0.07818258509243844 0.0 0.0 0.0; 0.0 -0.009567985475957818 0.0021159300565307673 0.003930374000650338; 0.0 0.0021159300565308406 -0.006653011021303235 0.0025559973702325074; 0.0 0.003930374000650327 0.0025559973702325095 -0.005523998167902592],0.3
