L,J,Q,θ,ϕx,ϕy,ϕz,ndims,T,χ,dχdlogT,Λ
71,1.0,0.6180339887498949,0.4487989505128276,5.0719499452233645,4.972157876734834,4.031000049683043,2,0.2212216291070449,[0.10996098100313546 0.0 0.0; 0.0 0.014745915185635587 -0.013784274273355825; 0.0 -0.013784274273355948 0.01499003592617416],[-0.10042699662653447 0.0 0.0; 0.0 -0.01243221545060795 0.011610324160902474; 0.0 0.011610324160902392 -0.012640013535551489],0.3
