L,J,Q,θ,ϕx,ϕy,ϕz,ndims,T,χ,dχdlogT,Λ
71,2.0,0.6180339887498949,0.4487989505128276,5.0719499452233645,4.972157876734834,4.031000049683043,2,0.7880462815669912,[0.024443872218307995 0.0 0.0; 0.0 0.0019710375552991714 -0.0014856676860419214; 0.0 -0.0014856676860419077 0.0019579875668830423],[-0.024246360017929545 0.0 0.0; 0.0 -0.0019437285156647308 0.0014652798709286832; 0.0 0.0014652798709286576 -0.0019311421100366413],0.3
