L,J,Q,θ,ϕx,ϕy,ϕz,ndims,T,χ,dχdlogT,Λ
71,0.7,0.6180339887498949,0.4487989505128276,3.1015703765679126,4.390202420652395,5.5633019913836685,2,0.41753189365604015,[0.06758963926440857 0.0 0.0; 0.0 0.014267582993327487 -0.01353065427421242; 0.0 -0.013530654274212673 0.01430818192949867],[-0.06575586008907854 0.0 0.0; 0.0 -0.01360848918858276 0.012901289427310619; 0.0 0.01290128942731032 -0.013645996597300893],0.3
