L,J,Q,θ,ϕx,ϕy,ϕz,ndims,T,χ,dχdlogT,Λ
71,0.0,0.6180339887498949,0.4487989505128276,2.2727838634578985,4.701883349946189,4.517993212414445,2,5.298316906283709,[0.005063416516939156 0.0 0.0; 0.0 0.002329992856009727 -0.0021570649766308935; 0.0 -0.002157064976630893 0.0023194408477499604],[-0.005062507454814843 0.0 0.0; 0.0 -0.002329554950684867 0.0021566620013008164; 0.0 0.002156662001300816 -0.002319009340998313],0.3
