L,J,Q,θ,ϕx,ϕy,ϕz,ndims,T,χ,dχdlogT,Λ
71,4.0,0.6180339887498949,0.4487989505128276,5.0719499452233645,4.972157876734834,4.031000049683043,2,0.01268961003167922,[0.3358230057286507 0.0 0.0; 0.0 0.01575566603610678 -0.005554321007157913; 0.0 -0.005554321007157914 0.015342437932300152],[-0.1133935028629116 0.0 0.0; 0.0 -0.00316114644569207 0.0010701645385610783; 0.0 0.0010701645385610974 -0.0031325255421171486],0.3
