L,J,Q,θ,ϕx,ϕy,ϕz,ndims,T,χ,dχdlogT,Λ
71,4.0,0.6180339887498949,0.4487989505128276,0.5592963656621641,0.7629693143227725,1.7583094647153754,2,0.03290344562312668,[0.20910037768601045 0.0 0.0; 0.0 0.011249668809035206 -0.005740478439469326; 0.0 -0.005740478439469178 0.010439602301012887],[-0.08530010190279116 0.0 0.0; 0.0 -0.0033876046008966447 0.001948769122716763; 0.0 0.0019487691227167412 -0.003067730324156087],0.3
