L,J,Q,θ,ϕx,ϕy,ϕz,ndims,T,χ,dχdlogT,Λ
71,0.7,0.6180339887498949,0.4487989505128276,3.1015703765679126,4.390202420652395,5.5633019913836685,2,0.01268961003167922,[0.6221721648255916 0.0 0.0; 0.0 0.0633615606013207 -0.05849425365440529; 0.0 -0.058494253654403965 0.0637295375234176],[-0.18862013826455756 0.0 0.0; 0.0 -0.0018184916556891859 0.0009821834416333698; 0.0 0.000982183441633357 -0.0020863685536652906],0.3
