L,J,Q,θ,ϕx,ϕy,ϕz,ndims,T,χ,dχdlogT,Λ
71,4.0,0.6180339887498949,0.4487989505128276,4.471964403030754,4.359706597246151,2.8899932201261898,2,7.27895384398315,[0.0017441084102272318 0.0 0.0; 0.0 9.585561638438992e-5 -3.49215344229759e-5; 0.0 -3.492153442297622e-5 0.00011167076080867198],[-0.0017439410802557469 0.0 0.0; 0.0 -9.584334672534308e-5 3.491683451652111e-5; 0.0 3.4916834516521305e-5 -0.0001116559627123643],0.3
