L,J,Q,θ,ϕx,ϕy,ϕz,ndims,T,χ,dχdlogT,Λ
71,0.0,0.6180339887498949,0.4487989505128276,0.22606108604297762,3.472734375396318,0.24041933733318346,2,0.2212216291070449,[0.11544507268943963 0.0 0.0; 0.0 0.05217148742941922 -0.048374929291272455; 0.0 -0.04837492929127245 0.05203648722401184],[-0.10529279974694515 0.0 0.0; 0.0 -0.04752938254614474 0.044082095742291764; 0.0 0.044082095742291764 -0.04743209261734458],0.3
