L,J,Q,θ,ϕx,ϕy,ϕz,ndims,T,χ,dχdlogT,Λ
71,4.0,0.6180339887498949,0.4487989505128276,0.22606108604297762,3.472734375396318,0.24041933733318346,2,0.41753189365604015,[0.028795881343999078 0.0 0.0; 0.0 0.001476491394869509 -0.0006204512003567103; 0.0 -0.0006204512003567151 0.0017980322437122006],[-0.027974851775446157 0.0 0.0; 0.0 -0.0014192000336824184 0.0005945393399301541; 0.0 0.0005945393399301524 -0.0017271484611092783],0.3
