L,J,Q,θ,ϕx,ϕy,ϕz,ndims,T,χ,dχdlogT,Λ
71,0.2,0.6180339887498949,0.4487989505128276,0.22606108604297762,3.472734375396318,0.24041933733318346,2,0.02395026619987486,[0.5019124995152365 0.0 0.0; 0.0 0.17967531099338546 -0.16908040617114298; 0.0 -0.1690804061711379 0.17953334665299794],[-0.1859866464933499 0.0 0.0; 0.0 -0.04630863181588282 0.04254210683203283; 0.0 0.042542106832033945 -0.04616769645522272],0.3
