L,J,Q,θ,ϕx,ϕy,ϕz,ndims,T,χ,dχdlogT,Λ
71,4.0,0.6180339887498949,0.4487989505128276,3.1015703765679126,4.390202420652395,5.5633019913836685,2,1.4873521072935114,[0.008726099170508218 0.0 0.0; 0.0 0.0005209521533337954 -0.00023127667666165624; 0.0 -0.00023127667666165465 0.0004922244883746973],[-0.008706418119396373 0.0 0.0; 0.0 -0.0005192282945675069 0.00023035703470548918; 0.0 0.000230357034705493 -0.0004905319509122225],0.3
