L,J,Q,θ,ϕx,ϕy,ϕz,ndims,T,χ,dχdlogT,Λ
71,0.0,0.6180339887498949,0.4487989505128276,5.572117758521282,4.729888087704749,1.3488104122557083,2,2.043359717856942,[0.01273478702303654 0.0 0.0; 0.0 0.005941853375858918 -0.005558997999147495; 0.0 -0.005558997999147495 0.006022801661422865],[-0.01272036775180866 0.0 0.0; 0.0 -0.005934607381789346 0.005552106871382202; 0.0 0.005552106871382204 -0.006015243553113704],0.3
