L,J,Q,θ,ϕx,ϕy,ϕz,ndims,T,χ,dχdlogT,Λ
71,0.0,0.6180339887498949,0.4487989505128276,2.552598146004643,0.8989916554124286,0.15699716845863185,2,0.11721022975334802,[0.2029979873721461 0.0 0.0; 0.0 0.09150528485815142 -0.08483591845572534; 0.0 -0.08483591845572534 0.09150490728317522],[-0.1544122523399509 0.0 0.0; 0.0 -0.06939216240267188 0.06438393183384065; 0.0 0.06438393183384067 -0.06939190204174067],0.3
