L,J,Q,θ,ϕx,ϕy,ϕz,ndims,T,χ,dχdlogT,Λ
71,0.7,0.6180339887498949,0.4487989505128276,2.552598146004643,0.8989916554124286,0.15699716845863185,2,0.06210169418915616,[0.320786924402196 0.0 0.0; 0.0 0.05187120961038689 -0.048854419986558616; 0.0 -0.0488544199865586 0.052160174347890734],[-0.18586933453342336 0.0 0.0; 0.0 -0.015867086139480777 0.01457565362403093; 0.0 0.014575653624030899 -0.015901319505017192],0.3
