L,J,Q,θ,ϕx,ϕy,ϕz,ndims,T,χ,dχdlogT,Λ
71,0.7,0.6180339887498949,0.4487989505128276,3.0959974108403223,1.2556741887045844,5.690103367459748,2,0.003562247890262444,[0.8779114625764565 0.0 0.0; 0.0 0.0704082446994551 -0.06440517230200749; 0.0 -0.06440517230200701 0.07042728802793188],[-0.19978781252379385 0.0 0.0; 0.0 -0.0009530354018947528 2.7995091175892854e-5; 0.0 2.7995091175896394e-5 -0.0008565445397692713],0.3
