L,J,Q,θ,ϕx,ϕy,ϕz,ndims,T,χ,dχdlogT,Λ
71,0.2,0.6180339887498949,0.4487989505128276,2.552598146004643,0.8989916554124286,0.15699716845863185,2,0.01268961003167922,[0.6230275493469626 0.0 0.0; 0.0 0.20181665735231716 -0.1883516481395577; 0.0 -0.18835164813955219 0.20151535267154438],[-0.19615358019129564 0.0 0.0; 0.0 -0.0300393236141599 0.02581628060500146; 0.0 0.02581628060500105 -0.029619421099366786],0.3
