L,J,Q,θ,ϕx,ϕy,ϕz,ndims,T,χ,dχdlogT,Λ
71,4.0,0.6180339887498949,0.4487989505128276,2.2727838634578985,4.701883349946189,4.517993212414445,2,0.003562247890262444,[0.4122719333030217 0.0 0.0; 0.0 0.017917442742634383 -0.007786989237597115; 0.0 -0.00778698923759712 0.01697194482440504],[-0.09141439465194061 0.0 0.0; 0.0 -0.002150374119457831 0.001140696779009058; 0.0 0.001140696779009035 -0.0026437984790625368],0.3
