L,J,Q,θ,ϕx,ϕy,ϕz,ndims,T,χ,dχdlogT,Λ
71,0.7,0.6180339887498949,0.4487989505128276,3.0959974108403223,1.2556741887045844,5.690103367459748,2,0.5736152510448679,[0.04926235555103998 0.0 0.0; 0.0 0.010341160407754027 -0.009757673036405973; 0.0 -0.009757673036405512 0.010278977843220285],[-0.04854541671495853 0.0 0.0; 0.0 -0.010084422683827149 0.009514566843943863; 0.0 0.009514566843943705 -0.010024762180352653],0.3
