L,J,Q,θ,ϕx,ϕy,ϕz,ndims,T,χ,dχdlogT,Λ
71,0.2,0.6180339887498949,0.4487989505128276,2.2727838634578985,4.701883349946189,4.517993212414445,2,0.002592943797404667,[0.9014413641178065 0.0 0.0; 0.0 0.2276325242681027 -0.20819261667413863; 0.0 -0.2081926166741367 0.22536779033083132],[-0.18023127826424312 0.0 0.0; 0.0 -0.004695393997604364 0.0006646917118512719; 0.0 0.0006646917118512909 -0.0036652256661979595],0.3
