L,J,Q,θ,ϕx,ϕy,ϕz,ndims,T,χ,dχdlogT,Λ
71,4.0,0.6180339887498949,0.4487989505128276,0.22606108604297762,3.472734375396318,0.24041933733318346,2,7.27895384398315,[0.0017441077675118463 0.0 0.0; 0.0 0.00010997696906854968 -5.0399501836428346e-5; 0.0 -5.0399501836427926e-5 0.00010622989724926049],[-0.0017439391521705519 0.0 0.0; 0.0 -0.00010996213980662262 5.0391839776937075e-5; 0.0 5.039183977693682e-5 -0.00010621478475472188],0.3
