L,J,Q,θ,ϕx,ϕy,ϕz,ndims,T,χ,dχdlogT,Λ
71,2.0,0.6180339887498949,0.4487989505128276,3.1015703765679126,4.390202420652395,5.5633019913836685,2,0.03290344562312668,[0.29777605989216993 0.0 0.0; 0.0 0.015021435689667566 -0.01107352719796261; 0.0 -0.011073527197962417 0.015112559902711306],[-0.1313479487294655 0.0 0.0; 0.0 -0.0026494715312743947 0.0020879682529089216; 0.0 0.0020879682529089624 -0.0030577619973517147],0.3
