L,J,Q,θ,ϕx,ϕy,ϕz,ndims,T,χ,dχdlogT,Λ
71,1.0,0.6180339887498949,0.4487989505128276,3.0959974108403223,1.2556741887045844,5.690103367459748,2,5.298316906283709,[0.004763917759298655 0.0 0.0; 0.0 0.0006606872900829218 -0.0005986108301811471; 0.0 -0.000598610830181143 0.0006541734143822393],[-0.004763064318682181 0.0 0.0; 0.0 -0.0006604749639843101 0.0005984183673567059; 0.0 0.0005984183673567028 -0.0006539666452626501],0.3
