L,J,Q,θ,ϕx,ϕy,ϕz,ndims,T,χswave,χdwave
11,0.0,0.6180339887498949,0.4487989505128276,0.0,0.0,0.0,3,0.41753189365604015,0.3118120291568847,0.36159158837095046
