L,J,Q,θ,ϕx,ϕy,ϕz,ndims,T,χswave,χdwave
11,0.5,0.6180339887498949,0.4487989505128276,0.0,0.0,0.0,3,0.057361525104486784,0.5878292459737867,0.6779437518637723
