L,J,Q,θ,ϕx,ϕy,ϕz,ndims,T,χswave,χdwave
11,2.75,0.6180339887498949,0.4487989505128276,0.0,0.0,0.0,3,0.12689610031679222,0.527954229654057,0.7343841931437234
