L,J,Q,θ,ϕx,ϕy,ϕz,ndims,T,χswave,χdwave
11,1.75,0.6180339887498949,0.4487989505128276,0.0,0.0,0.0,3,0.003562247890262444,1.2766816707832866,1.9606948333641803
