L,J,Q,θ,ϕx,ϕy,ϕz,ndims,T,χswave,χdwave
11,0.25,0.6180339887498949,0.4487989505128276,0.0,0.0,0.0,3,1.3738237958832629,0.15260183128251684,0.16324000758268306
