L,J,Q,θ,ϕx,ϕy,ϕz,ndims,T,χ,dχdlogT,Λ
105,0.2,0.6180339887498949,0.4487989505128276,1.5210434107278794,3.9563890720323642,6.0983595518281986,2,0.7880462815669912,[0.23927760402731263 0.0 0.0; 0.0 0.11434955819953396 -0.02926250143521028; 0.0 -0.029262501435199154 0.1143442092507265],[-0.1590318326457388 0.0 0.0; 0.0 -0.07324279946475556 0.049273728293601195; 0.0 0.04927372829361539 -0.07323218655419396],0.3
