L,J,Q,θ,ϕx,ϕy,ϕz,ndims,T,χ,dχdlogT,Λ
105,1.0,0.6180339887498949,0.4487989505128276,1.5210434107278794,3.9563890720323642,6.0983595518281986,2,3.856620421163471,[0.06313214516443832 0.0 0.0; 0.0 0.031237671519733477 -0.0006558721390180302; 0.0 -0.0006558721390205693 0.03123896565240638],[-0.05997104088122569 0.0 0.0; 0.0 -0.0290622503896909 0.00184018962835492; 0.0 0.0018401896283573164 -0.029065889764798142],0.3
