L,J,Q,θ,ϕx,ϕy,ϕz,ndims,T,χ,dχdlogT,Λ
105,1.0,0.6180339887498949,0.4487989505128276,1.5210434107278794,3.9563890720323642,6.0983595518281986,2,7.27895384398315,[0.03408140276761153 0.0 0.0; 0.0 0.016988292224530036 -0.00010487507934074621; 0.0 -0.00010487507933969988 0.01698849865200515],[-0.03356349133991933 0.0 0.0; 0.0 -0.01662751212764737 0.0003084817738320054; 0.0 0.00030848177383115637 -0.016628119738176027],0.3
