L,J,Q,θ,ϕx,ϕy,ϕz,ndims,T,χ,dχdlogT,Λ
35,0.2,0.6180339887498949,0.4487989505128276,3.0048181451015403,4.380029621224478,2.1177972164540426,2,0.017433288221999882,[1.1585582514004462 0.0 0.0; 0.0 0.5322793197986341 -0.43100914242953714; 0.0 -0.43100914242956145 0.5311009619968736],[-0.29558856753709534 0.0 0.0; 0.0 -0.08183378784988635 0.08162644030840936; 0.0 0.08162644030841086 -0.08148613902502318],0.3
