L,J,Q,θ,ϕx,ϕy,ϕz,ndims,T,χ,dχdlogT,Λ
35,0.0,0.6180339887498949,0.4487989505128276,3.513349717272984,3.2880996713141353,1.5021595907878156,2,0.003562247890262444,[1.3942903727835658 0.0 0.0; 0.0 0.9398909092141731 -0.8385392310988106; 0.0 -0.8385392310988107 0.9399017559284076],[-0.12460889783196429 0.0 0.0; 0.0 -0.12379693579007643 0.12382094287765014; 0.0 0.12382094287765014 -0.12384685733033034],0.3
