L,J,Q,θ,ϕx,ϕy,ϕz,ndims,T,χ,dχdlogT,Λ
35,1.0,0.6180339887498949,0.4487989505128276,1.2504161396869897,5.645123521569712,2.4183142850855144,2,0.0853167852417281,[0.5974796489959541 0.0 0.0; 0.0 0.17850571779198487 -0.08855914467413518; 0.0 -0.08855914467413614 0.17980122981477686],[-0.1803379766886151 0.0 0.0; 0.0 -0.014514993556623038 0.01413207275007935; 0.0 0.014132072750080315 -0.014900182654571192],0.3
