L,J,Q,θ,ϕx,ϕy,ϕz,ndims,T,χ,dχdlogT,Λ
35,4.0,0.6180339887498949,0.4487989505128276,4.4856804235524095,0.15556230263093182,1.1876192115999296,2,0.003562247890262444,[0.5714937824016706 0.0 0.0; 0.0 0.06834640795015666 -0.01232559312817067; 0.0 -0.012325593128170881 0.06973127255889547],[-0.1069422678028008 0.0 0.0; 0.0 -0.002335172615516335 0.001713654664593795; 0.0 0.0017136546645937936 -0.001360414881832414],0.3
