L,J,Q,θ,ϕx,ϕy,ϕz,ndims,T,χ,dχdlogT,Λ
35,0.2,0.6180339887498949,0.4487989505128276,1.2158454541315018,1.8444101276462754,1.6408165037051194,2,0.009236708571873866,[1.4112726960044306 0.0 0.0; 0.0 0.5616419877620473 -0.46090363225780495; 0.0 -0.46090363225779124 0.5614440497599718],[-0.3868104223487503 0.0 0.0; 0.0 -0.04087433490048991 0.04086425275780128; 0.0 0.04086425275780104 -0.040864451148180596],0.3
