L,J,Q,θ,ϕx,ϕy,ϕz,ndims,T,χ,dχdlogT,Λ
35,0.2,0.6180339887498949,0.4487989505128276,1.2504161396869897,5.645123521569712,2.4183142850855144,2,0.002592943797404667,[2.0590707123847154 0.0 0.0; 0.0 0.5735207502054104 -0.47280097524086245; 0.0 -0.47280097524087944 0.5732655880016461],[-0.4487490947078837 0.0 0.0; 0.0 0.000445438931943618 -0.0004146926755372385; 0.0 -0.00041469267553725345 0.00038299902493569725],0.3
