L,J,Q,θ,ϕx,ϕy,ϕz,ndims,T,χ,dχdlogT,Λ
35,0.2,0.6180339887498949,0.4487989505128276,4.4856804235524095,0.15556230263093182,1.1876192115999296,2,0.003562247890262444,[1.4013129773677988 0.0 0.0; 0.0 0.5833555760461997 -0.48321872542104216; 0.0 -0.4832187254210607 0.5846473606160446],[-0.17685996945843638 0.0 0.0; 0.0 -0.008125937016886995 0.008243421571842428; 0.0 0.00824342157184243 -0.008356929678594362],0.3
