L,J,Q,θ,ϕx,ϕy,ϕz,ndims,T,χ,dχdlogT,Λ
35,4.0,0.6180339887498949,0.4487989505128276,1.4116899258837299,5.053394726632703,2.0050810310857687,2,0.06210169418915616,[0.3943118286458196 0.0 0.0; 0.0 0.06788621437185423 -0.01041989360758009; 0.0 -0.010419893607579622 0.06637608877075121],[-0.09105184977074195 0.0 0.0; 0.0 -0.0022061117063685116 0.0012357979076998143; 0.0 0.0012357979076998136 -0.003382177772901452],0.3
