L,J,Q,θ,ϕx,ϕy,ϕz,ndims,T,χ,dχdlogT,Λ
35,0.7,0.6180339887498949,0.4487989505128276,3.0048181451015403,4.380029621224478,2.1177972164540426,2,1.0826367338740543,[0.18842151928121434 0.0 0.0; 0.0 0.088930508219072 -0.014957658558211122; 0.0 -0.014957658558211602 0.08888113274156233],[-0.13600949446963742 0.0 0.0; 0.0 -0.058234674454964414 0.0282989038383847; 0.0 0.028298903838386305 -0.05813721274883338],0.3
