L,J,Q,θ,ϕx,ϕy,ϕz,ndims,T,χ,dχdlogT,Λ
35,0.2,0.6180339887498949,0.4487989505128276,3.513349717272984,3.2880996713141353,1.5021595907878156,2,0.04520353656360243,[0.8747485966873243 0.0 0.0; 0.0 0.4258923905029836 -0.3251852543815806; 0.0 -0.3251852543815993 0.42562672751106595],[-0.2645748176956347 0.0 0.0; 0.0 -0.1125985749664236 0.11226867006578754; 0.0 0.11226867006578203 -0.11234064617507851],0.3
