L,J,Q,θ,ϕx,ϕy,ϕz,ndims,T,χ,dχdlogT,Λ
35,0.0,0.6180339887498949,0.4487989505128276,3.0048181451015403,4.380029621224478,2.1177972164540426,2,0.7880462815669912,[0.23978442973039116 0.0 0.0; 0.0 0.11498493544714304 -0.029614540828372962; 0.0 -0.02961454082837297 0.11498493544714286],[-0.15988876678582759 0.0 0.0; 0.0 -0.0745183721670574 0.05028112211619112; 0.0 0.0502811221161911 -0.07451837216705721],0.3
