L,J,Q,θ,ϕx,ϕy,ϕz,ndims,T,χ,dχdlogT,Λ
35,1.0,0.6180339887498949,0.4487989505128276,1.0454909781567567,4.482031561846126,3.375987140158155,2,0.11721022975334802,[0.5440909595544441 0.0 0.0; 0.0 0.17627063813927746 -0.08519696840097356; 0.0 -0.08519696840097546 0.1762330789615501],[-0.17976844132765735 0.0 0.0; 0.0 -0.019701970706102905 0.018831413920347508; 0.0 0.01883141392034775 -0.019676082863202528],0.3
