L,J,Q,θ,ϕx,ϕy,ϕz,ndims,T,χ,dχdlogT,Λ
35,1.0,0.6180339887498949,0.4487989505128276,1.2158454541315018,1.8444101276462754,1.6408165037051194,2,5.298316906283709,[0.04650888522927613 0.0 0.0; 0.0 0.023121476024805618 -0.0002650085750522052; 0.0 -0.000265008575052178 0.02312085980742174],[-0.045206469095647295 0.0 0.0; 0.0 -0.02221832473443519 0.0007663910911709361; 0.0 0.0007663910911710684 -0.022216526833488345],0.3
