L,J,Q,θ,ϕx,ϕy,ϕz,ndims,T,χ,dχdlogT,Λ
35,0.0,0.6180339887498949,0.4487989505128276,4.4856804235524095,0.15556230263093182,1.1876192115999296,2,0.5736152510448679,[0.29315610457782104 0.0 0.0; 0.0 0.14016971530191713 -0.04848890646899787; 0.0 -0.048488906468997874 0.14016971530191705],[-0.17606577733542075 0.0 0.0; 0.0 -0.08438496850260611 0.06860142077329395; 0.0 0.06860142077329394 -0.08438496850260611],0.3
