L,J,Q,θ,ϕx,ϕy,ϕz,ndims,T,χ,dχdlogT,Λ
35,0.2,0.6180339887498949,0.4487989505128276,1.4116899258837299,5.053394726632703,2.0050810310857687,2,1.4873521072935114,[0.14953459933724234 0.0 0.0; 0.0 0.0729074402060481 -0.008223221920005339; 0.0 -0.008223221920003304 0.07290665978781678],[-0.12198385513032232 0.0 0.0; 0.0 -0.05713536472339628 0.018961574319881176; 0.0 0.018961574319881092 -0.05713362609185568],0.3
