L,J,Q,θ,ϕx,ϕy,ϕz,ndims,T,χ,dχdlogT,Λ
35,1.0,0.6180339887498949,0.4487989505128276,1.0454909781567567,4.482031561846126,3.375987140158155,2,3.856620421163471,[0.06314077596746875 0.0 0.0; 0.0 0.031250157247648284 -0.0006562339458324631; 0.0 -0.0006562339458333161 0.031246905820841026],[-0.05999517963156707 0.0 0.0; 0.0 -0.029097514964089428 0.0018418859813842646; 0.0 0.00184188598138445 -0.02908795417644669],0.3
