L,J,Q,θ,ϕx,ϕy,ϕz,ndims,T,χ,dχdlogT,Λ
35,0.2,0.6180339887498949,0.4487989505128276,4.4856804235524095,0.15556230263093182,1.1876192115999296,2,0.002592943797404667,[1.5057369177224758 0.0 0.0; 0.0 0.5867315212952459 -0.486121742287438; 0.0 -0.48612174228740884 0.5869377564325843],[-0.22127193446591156 0.0 0.0; 0.0 -0.01890766461490392 0.01884818834554579; 0.0 0.018848188345545434 -0.018787261836452136],0.3
