L,J,Q,θ,ϕx,ϕy,ϕz,ndims,T,χ,dχdlogT,Λ
35,2.0,0.6180339887498949,0.4487989505128276,1.0454909781567567,4.482031561846126,3.375987140158155,2,0.11721022975334802,[0.4397498250225454 0.0 0.0; 0.0 0.10612724070612295 -0.029248980004842468; 0.0 -0.02924898000484689 0.1053891842513037],[-0.12708225688018027 0.0 0.0; 0.0 -0.004510447953093568 0.0031334876584768715; 0.0 0.00313348765847662 -0.004631992471686568],0.3
