L,J,Q,θ,ϕx,ϕy,ϕz,ndims,T,χ,dχdlogT,Λ
35,2.0,0.6180339887498949,0.4487989505128276,1.0454909781567567,4.482031561846126,3.375987140158155,2,0.2212216291070449,[0.36100729217733024 0.0 0.0; 0.0 0.10288967221027548 -0.027319435822988142; 0.0 -0.027319435822986727 0.10151682669660651],[-0.12537464799479842 0.0 0.0; 0.0 -0.01008905955386367 0.00736214427401453; 0.0 0.007362144274014386 -0.009403752292887724],0.3
