L,J,Q,θ,ϕx,ϕy,ϕz,ndims,T,χ,dχdlogT,Λ
35,0.7,0.6180339887498949,0.4487989505128276,1.2504161396869897,5.645123521569712,2.4183142850855144,2,0.002592943797404667,[1.365506398368166 0.0 0.0; 0.0 0.24728241986719307 -0.15166683100964573; 0.0 -0.15166683100965503 0.2471252361621865],[-0.22803556608286882 0.0 0.0; 0.0 -0.0011087662633997041 0.001086159397693564; 0.0 0.001086159397693554 -0.0012052248409582197],0.3
