L,J,Q,θ,ϕx,ϕy,ϕz,ndims,T,χ,dχdlogT,Λ
35,0.0,0.6180339887498949,0.4487989505128276,1.0454909781567567,4.482031561846126,3.375987140158155,2,3.856620421163471,[0.0634525929686211 0.0 0.0; 0.0 0.03156252773049906 -0.0006723595329143589; 0.0 -0.0006723595329143559 0.03156252773049904],[-0.06086279891292255 0.0 0.0; 0.0 -0.029972630715337904 0.0019174345227842323; 0.0 0.0019174345227842302 -0.0299726307153379],0.3
