L,J,Q,θ,ϕx,ϕy,ϕz,ndims,T,χ,dχdlogT,Λ
35,0.7,0.6180339887498949,0.4487989505128276,1.2158454541315018,1.8444101276462754,1.6408165037051194,2,7.27895384398315,[0.0341074732918235 0.0 0.0; 0.0 0.017014614490875987 -0.00010526465640556517; 0.0 -0.00010526465640563139 0.017014439848311184],[-0.03363986675113737 0.0 0.0; 0.0 -0.01670475184950774 0.00031038980143464353; 0.0 0.00031038980143468587 -0.016704232307207276],0.3
