L,J,Q,θ,ϕx,ϕy,ϕz,ndims,T,χ,dχdlogT,Λ
35,4.0,0.6180339887498949,0.4487989505128276,1.4116899258837299,5.053394726632703,2.0050810310857687,2,2.807216203941177,[0.07670937911915507 0.0 0.0; 0.0 0.0340452722045603 -0.0009481309398120532; 0.0 -0.0009481309398121629 0.03373477058444396],[-0.059555127050706286 0.0 0.0; 0.0 -0.020526115614796465 0.0018630478113456476; 0.0 0.001863047811345629 -0.020012903683202472],0.3
