L,J,Q,θ,ϕx,ϕy,ϕz,ndims,T,χ,dχdlogT,Λ
35,0.2,0.6180339887498949,0.4487989505128276,3.0048181451015403,4.380029621224478,2.1177972164540426,2,5.298316906283709,[0.046636352511605854 0.0 0.0; 0.0 0.023249311315974686 -0.0002685282814114436; 0.0 -0.0002685282814117106 0.02324910565481958],[-0.04557328287877924 0.0 0.0; 0.0 -0.022587492829211266 0.0007833690961984417; 0.0 0.0007833690961984318 -0.02258688623605858],0.3
