L,J,Q,θ,ϕx,ϕy,ϕz,ndims,T,χ,dχdlogT,Λ
35,0.2,0.6180339887498949,0.4487989505128276,4.4856804235524095,0.15556230263093182,1.1876192115999296,2,0.30391953823131973,[0.4130495658043175 0.0 0.0; 0.0 0.19788828629204794 -0.10034775940729529; 0.0 -0.10034775940729822 0.19795154770401022],[-0.20498527134901107 0.0 0.0; 0.0 -0.1034462079750688 0.09794356566792413; 0.0 0.0979435656679185 -0.10352919255810517],0.3
