L,J,Q,θ,ϕx,ϕy,ϕz,ndims,T,χ,dχdlogT,Λ
35,0.2,0.6180339887498949,0.4487989505128276,3.0048181451015403,4.380029621224478,2.1177972164540426,2,1.0826367338740543,[0.19145886718070865 0.0 0.0; 0.0 0.09236338375303313 -0.016303439296739986; 0.0 -0.01630343929674002 0.09234777843924688],[-0.14169404608082636 0.0 0.0; 0.0 -0.06529916684216663 0.03261775057719292; 0.0 0.03261775057719312 -0.06526326464186041],0.3
