L,J,Q,θ,ϕx,ϕy,ϕz,ndims,T,χ,dχdlogT,Λ
35,2.0,0.6180339887498949,0.4487989505128276,1.2158454541315018,1.8444101276462754,1.6408165037051194,2,0.04520353656360243,[0.5674037539552613 0.0 0.0; 0.0 0.11189486877325805 -0.03578662186573681; 0.0 -0.0357866218657393 0.11352947358317438],[-0.13240691670257027 0.0 0.0; 0.0 -0.0033400642357087978 0.0023086201585495692; 0.0 0.0023086201585493862 -0.0033148436899521553],0.3
