L,J,Q,θ,ϕx,ϕy,ϕz,ndims,T,χ,dχdlogT,Λ
35,0.2,0.6180339887498949,0.4487989505128276,1.4116899258837299,5.053394726632703,2.0050810310857687,2,7.27895384398315,[0.03413107553460028 0.0 0.0; 0.0 0.01703830605057799 -0.00010561935949559084; 0.0 -0.00010561935949542688 0.017038295385778567],[-0.03370919663853561 0.0 0.0; 0.0 -0.01677449462823986 0.0003121318189581061; 0.0 0.0003121318189581103 -0.01677446320260567],0.3
