L,J,Q,θ,ϕx,ϕy,ϕz,ndims,T,χ,dχdlogT,Λ
35,2.0,0.6180339887498949,0.4487989505128276,3.0048181451015403,4.380029621224478,2.1177972164540426,2,0.5736152510448679,[0.24229759287700614 0.0 0.0; 0.0 0.08749606738472815 -0.01684062394803477; 0.0 -0.016840623948033664 0.08561600584829833],[-0.1179383239360419 0.0 0.0; 0.0 -0.021130652972508202 0.012483744832330083; 0.0 0.012483744832330196 -0.018829211405772518],0.3
