L,J,Q,θ,ϕx,ϕy,ϕz,ndims,T,χ,dχdlogT,Λ
35,1.0,0.6180339887498949,0.4487989505128276,4.4856804235524095,0.15556230263093182,1.1876192115999296,2,0.11721022975334802,[0.5417424711733521 0.0 0.0; 0.0 0.17406148104354274 -0.08394209275823905; 0.0 -0.08394209275823494 0.17452902400209622],[-0.1752754467133211 0.0 0.0; 0.0 -0.01809703448250478 0.017566893127652475; 0.0 0.017566893127653086 -0.018494134550929454],0.3
