L,J,Q,θ,ϕx,ϕy,ϕz,ndims,T,χ,dχdlogT,Λ
35,0.7,0.6180339887498949,0.4487989505128276,3.0048181451015403,4.380029621224478,2.1177972164540426,2,0.04520353656360243,[0.7629893786998893 0.0 0.0; 0.0 0.23106483528891367 -0.13569024454561848; 0.0 -0.13569024454561304 0.23065086031068685],[-0.2021418005587537 0.0 0.0; 0.0 -0.009003294382930224 0.008786374903897994; 0.0 0.00878637490389824 -0.008892224635714138],0.3
