L,J,Q,θ,ϕx,ϕy,ϕz,ndims,T,χ,dχdlogT,Λ
35,4.0,0.6180339887498949,0.4487989505128276,3.513349717272984,3.2880996713141353,1.5021595907878156,2,0.02395026619987486,[0.4585107708234507 0.0 0.0; 0.0 0.06569143070373819 -0.00862449105416766; 0.0 -0.00862449105416759 0.06423802295528652],[-0.0877192380804348 0.0 0.0; 0.0 -0.0036577249916659254 0.0022220162017613583; 0.0 0.0022220162017612425 -0.003495933573678952],0.3
