L,J,Q,θ,ϕx,ϕy,ϕz,ndims,T,χ,dχdlogT,Λ
35,0.7,0.6180339887498949,0.4487989505128276,5.892596583869425,4.473781307758901,3.078863032071292,2,0.7880462815669912,[0.23404480278746634 0.0 0.0; 0.0 0.10808286049732597 -0.025859692677103977; 0.0 -0.02585969267710034 0.10778317205599568],[-0.1505896673616056 0.0 0.0; 0.0 -0.06155150744617822 0.04003679380897467; 0.0 0.04003679380897749 -0.061011892320314724],0.3
