L,J,Q,θ,ϕx,ϕy,ϕz,ndims,T,χ,dχdlogT,Λ
35,1.0,0.6180339887498949,0.4487989505128276,3.0048181451015403,4.380029621224478,2.1177972164540426,2,0.01268961003167922,[0.9157146668424776 0.0 0.0; 0.0 0.1803777078766579 -0.08888433415092577; 0.0 -0.08888433415092223 0.1791887517362739],[-0.1677256965275317 0.0 0.0; 0.0 -3.002278256099942e-5 -2.4792904982578966e-5; 0.0 -2.479290498257389e-5 -5.854034991879292e-5],0.3
