L,J,Q,θ,ϕx,ϕy,ϕz,ndims,T,χ,dχdlogT,Λ
35,0.0,0.6180339887498949,0.4487989505128276,3.0048181451015403,4.380029621224478,2.1177972164540426,2,0.30391953823131973,[0.41501249548230007 0.0 0.0; 0.0 0.20144142891271913 -0.10342532361918169; 0.0 -0.10342532361918169 0.20144142891271896],[-0.20763793725594523 0.0 0.0; 0.0 -0.10962183985327034 0.10394922624128883; 0.0 0.10394922624128884 -0.10962183985327038],0.3
