L,J,Q,θ,ϕx,ϕy,ϕz,ndims,T,χ,dχdlogT,Λ
35,2.0,0.6180339887498949,0.4487989505128276,1.2158454541315018,1.8444101276462754,1.6408165037051194,2,0.03290344562312668,[0.6097734000065164 0.0 0.0; 0.0 0.11288918618936845 -0.03646730564022426; 0.0 -0.036467305640225024 0.11451766735835936],[-0.13430689716555308 0.0 0.0; 0.0 -0.002912882747777281 0.001968612986639126; 0.0 0.0019686129866391365 -0.002895014512973539],0.3
