L,J,Q,θ,ϕx,ϕy,ϕz,ndims,T,χ,dχdlogT,Λ
71,0.7,0.6180339887498949,0.4487989505128276,2.552598146004643,0.8989916554124286,0.15699716845863185,2,0.0853167852417281,[0.26696117638819344 0.0 0.0; 0.0 0.048456127838390775 -0.04582305542362994; 0.0 -0.04582305542363098 0.04835373601451767],[-0.18092206704954997 0.0 0.0; 0.0 -0.022373613019649123 0.020955679280538406; 0.0 0.020955679280537574 -0.022242527022853852],0.3
