L,J,Q,θ,μ,ϕx,ϕy,ϕz,ndims,T,χ,dχdlogT,Λ
71,1.0,0.6180339887498949,0.4487989505128276,0.375,3.3269338046378176,0.30106851053895584,3.891592634817262,2,0.04520353656360243,[0.3424684396398404 0.0 0.0; 0.0 0.03580194017692461 -0.030951656982185837; 0.0 -0.0309516569821857 0.03513853231161382],[-0.16996632831284478 0.0 0.0; 0.0 -0.006781879227786891 0.005168090996306012; 0.0 0.005168090996306138 -0.006581226897289589],0.3
