L,J,Q,θ,μ,ϕx,ϕy,ϕz,ndims,T,χ,dχdlogT,Λ
71,2.0,0.6180339887498949,0.4487989505128276,0.25,5.544644893954966,2.702600987319356,4.29023278526643,2,0.017433288221999882,[0.3834554605579713 0.0 0.0; 0.0 0.017768266102124997 -0.012930348759117177; 0.0 -0.01293034875911689 0.017189428363109098],[-0.1367658378605828 0.0 0.0; 0.0 -0.002294307629938912 0.001479222371860842; 0.0 0.001479222371860855 -0.0019361257397184238],0.3
