L,J,Q,θ,μ,ϕx,ϕy,ϕz,ndims,T,χ,dχdlogT,Λ
71,4.0,0.6180339887498949,0.4487989505128276,0.15,5.544644893954966,2.702600987319356,4.29023278526643,2,1.0826367338740543,[0.01192818647633384 0.0 0.0; 0.0 0.0007179173478565224 -0.00030867778062316397; 0.0 -0.00030867778062316587 0.0007130118684670593],[-0.011873089047464772 0.0 0.0; 0.0 -0.0007134460393946061 0.0003066764894316626; 0.0 0.0003066764894316599 -0.0007087364081081291],0.3
