L,J,Q,θ,ϕx,ϕy,ϕz,ndims,T,χ,dχdlogT,Λ
71,2.0,0.6180339887498949,0.4487989505128276,6.139864944899743,5.708928415952977,5.511294665419779,2,0.01268961003167922,[0.4287442874250588 0.0 0.0; 0.0 0.017927633394546304 -0.012803889024360006; 0.0 -0.012803889024359817 0.017967274072219475],[-0.12555144416889572 0.0 0.0; 0.0 -0.0014518414870626408 0.0007075202314515227; 0.0 0.0007075202314515312 -0.001127615893915074],0.3
