L,J,Q,θ,μ,ϕx,ϕy,ϕz,ndims,T,χ,dχdlogT,Λ
71,0.2,0.6180339887498949,0.4487989505128276,0.625,0.04794858829728465,2.3412264847098085,5.747630452081085,2,0.002592943797404667,[0.837584922468222 0.0 0.0; 0.0 0.18399985123336313 -0.1445827334175827; 0.0 -0.14458273341758432 0.18370098711650462],[-0.18080598578295154 0.0 0.0; 0.0 -0.005918582063520084 -0.0026466745170882775; 0.0 -0.002646674517088256 -0.005347045351875089],0.3
