L,J,Q,θ,μ,ϕx,ϕy,ϕz,ndims,T,χ,dχdlogT,Λ
71,2.0,0.6180339887498949,0.4487989505128276,0.25,3.3269338046378176,0.30106851053895584,3.891592634817262,2,0.04520353656360243,[0.26102546461157117 0.0 0.0; 0.0 0.014684661632405819 -0.010495290203728646; 0.0 -0.010495290203728497 0.014941013614534827],[-0.12813002996037176 0.0 0.0; 0.0 -0.0034483311768949017 0.002336644662386143; 0.0 0.0023366446623861205 -0.0036035936254592013],0.3
