L,J,Q,θ,ϕx,ϕy,ϕz,ndims,T,χ,dχdlogT,Λ
71,2.0,0.6180339887498949,0.4487989505128276,3.0959974108403223,1.2556741887045844,5.690103367459748,2,0.11721022975334802,[0.13694201146536014 0.0 0.0; 0.0 0.010002278598854249 -0.0073271110739333645; 0.0 -0.0073271110739331555 0.009788814329837742],[-0.10477331738026918 0.0 0.0; 0.0 -0.006025844808809148 0.004338355292685507; 0.0 0.004338355292685436 -0.005821800554013248],0.3
