L,J,Q,θ,μ,ϕx,ϕy,ϕz,ndims,T,χ,dχdlogT,Λ
71,4.0,0.6180339887498949,0.4487989505128276,0.15,0.9080487978982934,6.045819004612462,5.895824398121898,2,0.5736152510448679,[0.021793105826344045 0.0 0.0; 0.0 0.0014491561141785668 -0.0007258744299260047; 0.0 -0.0007258744299259997 0.0014748091094386063],[-0.02146438758159331 0.0 0.0; 0.0 -0.0014148135613204665 0.0007075407030044175; 0.0 0.000707540703004417 -0.0014407425648858769],0.3
