L,J,Q,θ,μ,ϕx,ϕy,ϕz,ndims,T,χ,dχdlogT,Λ
71,20.0,0.6180339887498949,0.4487989505128276,0.75,2.6164348359514444,6.167811691156104,0.8672789541312548,2,0.30391953823131973,[0.015064468841359696 0.0 0.0; 0.0 0.0007543283994423097 -6.407195904638754e-5; 0.0 -6.407195904638757e-5 0.0007500412282916723],[-0.014237321653788836 0.0 0.0; 0.0 -0.000716243788884869 5.4748667786571e-5; 0.0 5.474866778657097e-5 -0.0007020051673336998],0.3
