L,J,Q,θ,μ,ϕx,ϕy,ϕz,ndims,T,χ,dχdlogT,Λ
71,2.0,0.6180339887498949,0.4487989505128276,0.25,1.8736324060542973,1.8275696295069044,5.811390459970529,2,7.27895384398315,[0.002513969076605819 0.0 0.0; 0.0 0.0001961530088264914 -0.00014596372004603418; 0.0 -0.00014596372004603653 0.00018838630588888903],[-0.0025137285136713544 0.0 0.0; 0.0 -0.0001961217908052898 0.00014594022571270507; 0.0 0.00014594022571270474 -0.0001883556492845843],0.3
