L,J,Q,θ,μ,ϕx,ϕy,ϕz,ndims,T,χ,dχdlogT,Λ
71,0.2,0.6180339887498949,0.4487989505128276,0.625,0.5445839982573631,0.15541366388987202,5.862067558531531,2,0.11721022975334802,[0.18618303958910332 0.0 0.0; 0.0 0.06566674161136969 -0.05683042650337603; 0.0 -0.056830426503376975 0.065624649931013],[-0.14342240011281815 0.0 0.0; 0.0 -0.049678665262674664 0.04295213179819367; 0.0 0.04295213179819294 -0.0496752148212602],0.3
