L,J,Q,θ,μ,ϕx,ϕy,ϕz,ndims,T,χ,dχdlogT,Λ
71,4.0,0.6180339887498949,0.4487989505128276,0.15,5.544644893954966,2.702600987319356,4.29023278526643,2,0.003562247890262444,[0.4415233609554071 0.0 0.0; 0.0 0.016463941662188154 -0.006804594976147344; 0.0 -0.00680459497614728 0.019024291203161705],[-0.08938566411357143 0.0 0.0; 0.0 -0.0010550920014062986 0.00035942269283282944; 0.0 0.00035942269283282825 -0.001370197063043158],0.3
