L,J,Q,θ,ϕx,ϕy,ϕz,ndims,T,χ,dχdlogT,Λ
71,1.0,0.6180339887498949,0.4487989505128276,0.45485070422243523,2.5319649035331926,4.952427249816695,2,0.06210169418915616,[0.29794103214934803 0.0 0.0; 0.0 0.03447262599909707 -0.03237157109494842; 0.0 -0.032371571094948745 0.033990666150170025],[-0.1734747507135793 0.0 0.0; 0.0 -0.010085040273787397 0.009612819110075069; 0.0 0.009612819110074734 -0.010133555019564618],0.3
