L,J,Q,θ,μ,ϕx,ϕy,ϕz,ndims,T,χ,dχdlogT,Λ
71,0.0,0.6180339887498949,0.4487989505128276,0.75,2.903410484666291,3.212012235175181,2.2022524608562097,2,0.0853167852417281,[0.21909987570783254 0.0 0.0; 0.0 0.08678504767370666 -0.07088488803591807; 0.0 -0.07088488803591805 0.08630584273542619],[-0.1475639437990034 0.0 0.0; 0.0 -0.05821537000066299 0.04768775979216824; 0.0 0.04768775979216824 -0.0581222719043985],0.3
