L,J,Q,θ,μ,ϕx,ϕy,ϕz,ndims,T,χ,dχdlogT,Λ
71,0.0,0.6180339887498949,0.4487989505128276,0.75,1.071075307057084,0.8392702853433741,3.9271510690544,2,0.002592943797404667,[0.687044590778565 0.0 0.0; 0.0 0.29326509258837097 -0.23742572657685349; 0.0 -0.23742572657685349 0.2784623207028776],[-0.09069038829750195 0.0 0.0; 0.0 -0.0414126058948608 0.03190272465664603; 0.0 0.03190272465664603 -0.03511287964820012],0.3
