L,J,Q,θ,μ,ϕx,ϕy,ϕz,ndims,T,χ,dχdlogT,Λ
71,2.0,0.6180339887498949,0.4487989505128276,0.25,0.8651877410637341,5.60382759600108,0.051235859328841206,2,1.4873521072935114,[0.012789659962837614 0.0 0.0; 0.0 0.0009702297048634154 -0.0007431848186766169; 0.0 -0.000743184818676611 0.0010407144619776548],[-0.01276133848872555 0.0 0.0; 0.0 -0.0009665064523294326 0.0007403163292225307; 0.0 0.0007403163292225204 -0.0010368867838621274],0.3
