L,J,Q,θ,μ,ϕx,ϕy,ϕz,ndims,T,χ,dχdlogT,Λ
71,4.0,0.6180339887498949,0.4487989505128276,0.15,3.7575222882233583,5.692680470554446,6.224026549332305,2,7.27895384398315,[0.0018871850743369322 0.0 0.0; 0.0 0.00011341031321479214 -5.324152742093907e-5; 0.0 -5.32415274209389e-5 0.00012275053720017662],[-0.0018870145590778134 0.0 0.0; 0.0 -0.00011339575453720786 5.3233750436307845e-5; 0.0 5.3233750436307364e-5 -0.00012273421916583445],0.3
