L,J,Q,θ,μ,ϕx,ϕy,ϕz,ndims,T,χ,dχdlogT,Λ
71,4.0,0.6180339887498949,0.4487989505128276,0.15,3.7575222882233583,5.692680470554446,6.224026549332305,2,0.7880462815669912,[0.01648420559412291 0.0 0.0; 0.0 0.000920433036335973 -0.00040136987332490805; 0.0 -0.0004013698733249075 0.0009914236537142411],[-0.016351579114981807 0.0 0.0; 0.0 -0.0009107034032771582 0.0003969811546116716; 0.0 0.0003969811546116715 -0.0009803157769742205],0.3
