L,J,Q,θ,μ,ϕx,ϕy,ϕz,ndims,T,χ,dχdlogT,Λ
71,0.0,0.6180339887498949,0.4487989505128276,0.75,0.9080487978982934,6.045819004612462,5.895824398121898,2,0.02395026619987486,[0.4172544741495229 0.0 0.0; 0.0 0.16537935559830674 -0.13549318937953103; 0.0 -0.135493189379531 0.1650651322945073],[-0.15630635560065823 0.0 0.0; 0.0 -0.061440708092855664 0.05051381432514546; 0.0 0.05051381432514546 -0.06158632325541674],0.3
