L,J,Q,θ,ϕx,ϕy,ϕz,ndims,T,χ,dχdlogT,Λ
71,0.0,0.6180339887498949,0.4487989505128276,1.689994053806694,0.44316066128026027,0.6025743485034252,2,0.9236708571873862,[0.0299196661176372 0.0 0.0; 0.0 0.013421508565944215 -0.012413202020723138; 0.0 -0.012413202020723137 0.013359111335648361],[-0.02973307029817456 0.0 0.0; 0.0 -0.013337815158764824 0.012336367792353913; 0.0 0.012336367792353913 -0.013276552413487292],0.3
