L,J,Q,θ,μ,ϕx,ϕy,ϕz,ndims,T,χ,dχdlogT,Λ
71,1.0,0.6180339887498949,0.4487989505128276,0.375,5.800516426017421,4.364700539386552,4.5337704486656465,2,0.0018873918221350976,[0.9019602729180098 0.0 0.0; 0.0 0.03910855991226899 -0.032810975858063945; 0.0 -0.03281097585806372 0.041831199735958155],[-0.19142629014472054 0.0 0.0; 0.0 -0.00017348964871916587 -0.00043193124547362215; 0.0 -0.0004319312454736159 -0.0013403642252817177],0.3
