L,J,Q,θ,ϕx,ϕy,ϕz,ndims,T,χ,dχdlogT,Λ
71,0.2,0.6180339887498949,0.4487989505128276,4.471964403030754,4.359706597246151,2.8899932201261898,2,0.004893900918477494,[0.8006816795922376 0.0 0.0; 0.0 0.2210285861681559 -0.2043652321617751; 0.0 -0.2043652321617809 0.2197148006967575],[-0.1853209527940419 0.0 0.0; 0.0 -0.009351165171641066 0.005099484860587632; 0.0 0.00509948486058771 -0.0079162223861151],0.3
