L,J,Q,θ,μ,ϕx,ϕy,ϕz,ndims,T,χ,dχdlogT,Λ
71,1.0,0.6180339887498949,0.4487989505128276,0.375,5.740732433376171,6.237769077588762,5.286294871706147,2,0.009236708571873866,[0.6069538962749147 0.0 0.0; 0.0 0.03785643875676493 -0.031823527063804466; 0.0 -0.031823527063805056 0.03675193761296487],[-0.17328790990923917 0.0 0.0; 0.0 -0.001308485536710058 -3.447001034026791e-5; 0.0 -3.447001034027039e-5 -0.0005339843262718259],0.3
