L,J,Q,θ,ϕx,ϕy,ϕz,ndims,T,χ,dχdlogT,Λ
71,2.0,0.6180339887498949,0.4487989505128276,0.45485070422243523,2.5319649035331926,4.952427249816695,2,0.2212216291070449,[0.08251696584631243 0.0 0.0; 0.0 0.006447280965470999 -0.005104595944345321; 0.0 -0.0051045959443454005 0.006545058877511965],[-0.07524408267578683 0.0 0.0; 0.0 -0.005484882932693077 0.004338888925404043; 0.0 0.004338888925404014 -0.005557889094740002],0.3
