L,J,Q,θ,μ,ϕx,ϕy,ϕz,ndims,T,χ,dχdlogT,Λ
71,0.0,0.6180339887498949,0.4487989505128276,0.75,1.071075307057084,0.8392702853433741,3.9271510690544,2,5.298316906283709,[0.004539278272362328 0.0 0.0; 0.0 0.00179032179384928 -0.001460038625438925; 0.0 -0.0014600386254389247 0.001778965093060982],[-0.00453843572041849 0.0 0.0; 0.0 -0.0017899902193438328 0.0014597711760280083; 0.0 0.0014597711760280083 -0.0017786394107725157],0.3
