L,J,Q,θ,μ,ϕx,ϕy,ϕz,ndims,T,χ,dχdlogT,Λ
71,0.0,0.6180339887498949,0.4487989505128276,0.75,0.9080487978982934,6.045819004612462,5.895824398121898,2,0.0013738237958832624,[0.9082976372472584 0.0 0.0; 0.0 0.37148215044769234 -0.30433409086936963; 0.0 -0.3043340908693697 0.36574983518993287],[-0.146031979674387 0.0 0.0; 0.0 -0.05196122077369935 0.041116667533648926; 0.0 0.041116667533648905 -0.0507847166713933],0.3
