L,J,Q,θ,ϕx,ϕy,ϕz,ndims,T,χ,dχdlogT,Λ
71,1.0,0.6180339887498949,0.4487989505128276,2.552598146004643,0.8989916554124286,0.15699716845863185,2,0.003562247890262444,[0.7867564413657963 0.0 0.0; 0.0 0.04161058668636129 -0.03748152619903419; 0.0 -0.03748152619903527 0.04167449783180782],[-0.17074794385348252 0.0 0.0; 0.0 -0.00054048432436577 0.00011582465281690377; 0.0 0.00011582465281690727 -0.0005557027667744831],0.3
