L,J,Q,θ,ϕx,ϕy,ϕz,ndims,T,χ,dχdlogT,Λ
71,0.7,0.6180339887498949,0.4487989505128276,0.22606108604297762,3.472734375396318,0.24041933733318346,2,7.27895384398315,[0.0038765558122386737 0.0 0.0; 0.0 0.0008037630031366605 -0.000756671500012024; 0.0 -0.0007566715000120147 0.0007991612816474846],[-0.0038761886025340956 0.0 0.0; 0.0 -0.0008036338998795272 0.0007565490990355225; 0.0 0.0007565490990355199 -0.0007990326760216935],0.3
