L,J,Q,θ,ϕx,ϕy,ϕz,ndims,T,χ,dχdlogT,Λ
71,0.2,0.6180339887498949,0.4487989505128276,3.1015703765679126,4.390202420652395,5.5633019913836685,2,0.7880462815669912,[0.03666207547994163 0.0 0.0; 0.0 0.014400223259971971 -0.013603811555673214; 0.0 -0.013603811555673213 0.014425477447126687],[-0.03635847288682583 0.0 0.0; 0.0 -0.014277832906693216 0.01348844908972037; 0.0 0.013488449089720734 -0.014302612242635437],0.3
