L,J,Q,θ,ϕx,ϕy,ϕz,ndims,T,χ,dχdlogT,Λ
71,0.7,0.6180339887498949,0.4487989505128276,3.0959974108403223,1.2556741887045844,5.690103367459748,2,0.16102620275609392,[0.1627505727331775 0.0 0.0; 0.0 0.03302846535632974 -0.031220716614275824; 0.0 -0.03122071661427604 0.03306072840336385],[-0.13917674583057896 0.0 0.0; 0.0 -0.025024643984512297 0.023595377995723026; 0.0 0.02359537799572277 -0.025030258685506193],0.3
