L,J,Q,θ,μ,ϕx,ϕy,ϕz,ndims,T,χ,dχdlogT,Λ
71,0.7,0.6180339887498949,0.4487989505128276,0.4411764705882353,0.5445839982573631,0.15541366388987202,5.862067558531531,2,0.30391953823131973,[0.08523006839678834 0.0 0.0; 0.0 0.01560017418587546 -0.01400722316258935; 0.0 -0.0140072231625897 0.015614624807359168],[-0.08100453942502675 0.0 0.0; 0.0 -0.014278686237605236 0.012791069186875227; 0.0 0.012791069186875174 -0.014294284377569985],0.3
