L,J,Q,θ,μ,ϕx,ϕy,ϕz,ndims,T,χ,dχdlogT,Λ
71,20.0,0.6180339887498949,0.4487989505128276,0.75,1.826801792876445,3.454103295194125,4.971246085980444,2,0.06210169418915616,[0.04925350098861518 0.0 0.0; 0.0 0.0022228114899830956 -4.761831689369591e-5; 0.0 -4.761831689369568e-5 0.002189546732646521],[-0.029116830803292564 0.0 0.0; 0.0 -0.0011376110196006804 5.7170415083379936e-5; 0.0 5.71704150833797e-5 -0.0012602572946318977],0.3
