L,J,Q,θ,ϕx,ϕy,ϕz,ndims,T,χ,dχdlogT,Λ
71,2.0,0.6180339887498949,0.4487989505128276,0.45485070422243523,2.5319649035331926,4.952427249816695,2,0.03290344562312668,[0.297960373386063 0.0 0.0; 0.0 0.014897092403351688 -0.011756887709251464; 0.0 -0.01175688770925114 0.01563363078838524],[-0.12722394136003318 0.0 0.0; 0.0 -0.002404960643991297 0.0019492380296965855; 0.0 0.0019492380296965719 -0.002684509975058689],0.3
