L,J,Q,θ,ϕx,ϕy,ϕz,ndims,T,χ,dχdlogT,Λ
71,0.7,0.6180339887498949,0.4487989505128276,0.22606108604297762,3.472734375396318,0.24041933733318346,2,0.0853167852417281,[0.26889560523414585 0.0 0.0; 0.0 0.05083670249912548 -0.048264265014095635; 0.0 -0.04826426501409536 0.0510018365072338],[-0.18163415650537937 0.0 0.0; 0.0 -0.023671495514657775 0.022289685639489194; 0.0 0.022289685639489527 -0.023694207543718402],0.3
