L,J,Q,θ,ϕx,ϕy,ϕz,ndims,T,χ,dχdlogT,Λ
71,4.0,0.6180339887498949,0.4487989505128276,3.9641023528590744,2.5499163356582333,5.672185553248013,2,0.02395026619987486,[0.23193044075432986 0.0 0.0; 0.0 0.011186951285525385 -0.004240727857319648; 0.0 -0.004240727857319685 0.011578150945786922],[-0.0863802597190685 0.0 0.0; 0.0 -0.003091708328256729 0.0011688689373802717; 0.0 0.0011688689373802782 -0.002885842519677129],0.3
