L,J,Q,θ,μ,ϕx,ϕy,ϕz,ndims,T,χ,dχdlogT,Λ
71,0.7,0.6180339887498949,0.4487989505128276,0.4411764705882353,2.293346086788642,6.076104918668007,3.1639999693783416,2,0.009236708571873866,[0.6452093959177628 0.0 0.0; 0.0 0.05933203535582834 -0.04883839451902939; 0.0 -0.048838394519028674 0.058600541980846785],[-0.179534928933811 0.0 0.0; 0.0 -0.0022985065831164614 -2.793605329561264e-5; 0.0 -2.7936053295605347e-5 -0.0022454524825478283],0.3
