L,J,Q,θ,ϕx,ϕy,ϕz,ndims,T,χ,dχdlogT,Λ
71,0.2,0.6180339887498949,0.4487989505128276,2.4167296146015476,0.46467470437657127,4.249027391821591,2,0.9236708571873862,[0.0309946820388505 0.0 0.0; 0.0 0.012136568542277485 -0.0114552535858452; 0.0 -0.011455253585845229 0.012151200332050159],[-0.030810388169385593 0.0 0.0; 0.0 -0.012060936234641122 0.01138405494760306; 0.0 0.011384054947603174 -0.012075522100151925],0.3
