L,J,Q,θ,ϕx,ϕy,ϕz,ndims,T,χ,dχdlogT,Λ
71,2.0,0.6180339887498949,0.4487989505128276,3.9641023528590744,2.5499163356582333,5.672185553248013,2,1.4873521072935114,[0.013122520750923884 0.0 0.0; 0.0 0.001039772244837187 -0.0008110881833795801; 0.0 -0.0008110881833795922 0.0010585590653651746],[-0.013093057368259466 0.0 0.0; 0.0 -0.0010358187157432973 0.0008079516747240621; 0.0 0.0008079516747240495 -0.0010544676661293098],0.3
