L,J,Q,θ,ϕx,ϕy,ϕz,ndims,T,χ,dχdlogT,Λ
71,0.0,0.6180339887498949,0.4487989505128276,0.04307574063236956,1.4243585509553534,2.650856197035276,2,0.30391953823131973,[0.11931020520084709 0.0 0.0; 0.0 0.07319246724565207 -0.07278983448168741; 0.0 -0.0727898344816874 0.07310983475707687],[-0.11440279361823338 0.0 0.0; 0.0 -0.07035119424844341 0.06998472470537903; 0.0 0.06998472470537903 -0.07028032553772269],0.3
