L,J,Q,θ,μ,ϕx,ϕy,ϕz,ndims,T,χ,dχdlogT,Λ
71,4.0,0.6180339887498949,0.4487989505128276,0.15,1.8736324060542973,1.8275696295069044,5.811390459970529,2,0.02395026619987486,[0.22700875725170608 0.0 0.0; 0.0 0.010934008120507188 -0.003937331383119974; 0.0 -0.003937331383119955 0.01035783337984475],[-0.09411098586799875 0.0 0.0; 0.0 -0.00283669987049828 0.0004889322246394447; 0.0 0.0004889322246394605 -0.0024395852896839797],0.3
