L,J,Q,θ,ϕx,ϕy,ϕz,ndims,T,χ,dχdlogT,Λ
71,1.0,0.6180339887498949,0.4487989505128276,3.0959974108403223,1.2556741887045844,5.690103367459748,2,0.41753189365604015,[0.05974198435547963 0.0 0.0; 0.0 0.00864147688487765 -0.007963657044558429; 0.0 -0.007963657044558307 0.008692713327877556],[-0.0581225079622919 0.0 0.0; 0.0 -0.008222570949536366 0.007576677622324885; 0.0 0.007576677622324982 -0.008273860042138155],0.3
