L,J,Q,θ,ϕx,ϕy,ϕz,ndims,T,χ,dχdlogT,Λ
71,4.0,0.6180339887498949,0.4487989505128276,0.45485070422243523,2.5319649035331926,4.952427249816695,2,1.4873521072935114,[0.008726400024230042 0.0 0.0; 0.0 0.0005202046192341621 -0.00023941629397519735; 0.0 -0.0002394162939751971 0.000527524251798449],[-0.008707319424720857 0.0 0.0; 0.0 -0.0005184981170214519 0.00023865729534227999; 0.0 0.0002386572953422805 -0.0005260374336119836],0.3
