L,J,Q,θ,μ,ϕx,ϕy,ϕz,ndims,T,χ,dχdlogT,Λ
71,1.0,0.6180339887498949,0.4487989505128276,0.375,2.293346086788642,6.076104918668007,3.1639999693783416,2,0.004893900918477494,[0.7040519700100643 0.0 0.0; 0.0 0.03703036941091403 -0.029693297421791887; 0.0 -0.02969329742179121 0.03611482067596635],[-0.16641709969592583 0.0 0.0; 0.0 -0.0008257628052682242 -0.00020961739273061143; 0.0 -0.0002096173927306092 -0.0009502715825719797],0.3
