L,J,Q,θ,μ,ϕx,ϕy,ϕz,ndims,T,χ,dχdlogT,Λ
71,4.0,0.6180339887498949,0.4487989505128276,0.15,5.800516426017421,4.364700539386552,4.5337704486656465,2,0.004893900918477494,[0.36758404177402104 0.0 0.0; 0.0 0.013244061359197446 -0.005703821254509659; 0.0 -0.005703821254509621 0.01551414969053467],[-0.09935834640649252 0.0 0.0; 0.0 -0.0022674870479407363 0.0020521455926642844; 0.0 0.0020521455926642788 -0.005190185994590573],0.3
