L,J,Q,θ,μ,ϕx,ϕy,ϕz,ndims,T,χ,dχdlogT,Λ
71,2.0,0.6180339887498949,0.4487989505128276,0.25,3.3269338046378176,0.30106851053895584,3.891592634817262,2,0.006723357536499335,[0.5127292066054607 0.0 0.0; 0.0 0.0193302660324567 -0.013904044039213399; 0.0 -0.013904044039213284 0.01976025127894355],[-0.12787163388833372 0.0 0.0; 0.0 -0.0009393413895624109 0.0005187737189289227; 0.0 0.0005187737189288974 -0.0013120131530618764],0.3
