L,J,Q,θ,ϕx,ϕy,ϕz,ndims,T,χ,dχdlogT,Λ
71,4.0,0.6180339887498949,0.4487989505128276,1.689994053806694,0.44316066128026027,0.6025743485034252,2,0.0018873918221350976,[0.45697614498854733 0.0 0.0; 0.0 0.01930158556379037 -0.007480634892027903; 0.0 -0.007480634892027879 0.024085803133924142],[-0.12113095368698581 0.0 0.0; 0.0 -0.0031779445879778667 -5.745756652883324e-5; 0.0 -5.7457566528831065e-5 -0.00786920692518313],0.3
