L,J,Q,θ,μ,ϕx,ϕy,ϕz,ndims,T,χ,dχdlogT,Λ
71,0.2,0.6180339887498949,0.4487989505128276,0.625,5.740732433376171,6.237769077588762,5.286294871706147,2,0.30391953823131973,[0.08135174462877767 0.0 0.0; 0.0 0.0286655980364234 -0.024712902545239765; 0.0 -0.024712902545239286 0.02852851866529442],[-0.07720178438746549 0.0 0.0; 0.0 -0.027158298033963548 0.02342034448689156; 0.0 0.023420344486891162 -0.027040614007412103],0.3
