L,J,Q,θ,μ,ϕx,ϕy,ϕz,ndims,T,χ,dχdlogT,Λ
71,20.0,0.6180339887498949,0.4487989505128276,0.75,4.2314893241446905,1.714712625531967,2.880510870893315,2,0.7880462815669912,[0.005331270817986866 0.0 0.0; 0.0 0.00015928795166844263 2.5661667992663864e-6; 0.0 2.566166799266377e-6 0.00016429153801480862],[-0.005295662781157922 0.0 0.0; 0.0 -0.0001582586763516849 -2.5279736427821804e-6; 0.0 -2.527973642782221e-6 -0.0001630371043029935],0.3
