L,J,Q,θ,ϕx,ϕy,ϕz,ndims,T,χ,dχdlogT,Λ
71,2.0,0.6180339887498949,0.4487989505128276,6.139864944899743,5.708928415952977,5.511294665419779,2,0.0853167852417281,[0.17241694387153575 0.0 0.0; 0.0 0.010329213200474566 -0.00787492387785502; 0.0 -0.007874923877855062 0.0109099497986065],[-0.11658405027286685 0.0 0.0; 0.0 -0.004809376731790265 0.003618508938840041; 0.0 0.003618508938840135 -0.005148514000241203],0.3
