L,J,Q,θ,μ,ϕx,ϕy,ϕz,ndims,T,χ,dχdlogT,Λ
71,0.7,0.6180339887498949,0.4487989505128276,0.4411764705882353,3.3269338046378176,0.30106851053895584,3.891592634817262,2,0.0013738237958832624,[0.9336204712681193 0.0 0.0; 0.0 0.06191133450925664 -0.048887313094892054; 0.0 -0.04888731309489209 0.06363394018057604],[-0.12969243929092153 0.0 0.0; 0.0 -0.00017254679784497825 -0.0009882086015076182; 0.0 -0.0009882086015076171 -0.0012077969563919317],0.3
