L,J,Q,θ,μ,ϕx,ϕy,ϕz,ndims,T,χ,dχdlogT,Λ
71,0.2,0.6180339887498949,0.4487989505128276,0.625,3.7575222882233583,5.692680470554446,6.224026549332305,2,2.807216203941177,[0.008953998773587874 0.0 0.0; 0.0 0.0032375020466008726 -0.00281202847326119; 0.0 -0.002812028473261248 0.0032373424499307934],[-0.008948295792942764 0.0 0.0; 0.0 -0.003235320784006236 0.002810130438281565; 0.0 0.0028101304382815917 -0.003235165294640397],0.3
