L,J,Q,θ,ϕx,ϕy,ϕz,ndims,T,χ,dχdlogT,Λ
71,4.0,0.6180339887498949,0.4487989505128276,0.04307574063236956,1.4243585509553534,2.650856197035276,2,0.7880462815669912,[0.016101103324164614 0.0 0.0; 0.0 0.0009650406787325014 -0.0004747244408916656; 0.0 -0.00047472444089166816 0.0011393571219810983],[-0.015957539747968045 0.0 0.0; 0.0 -0.000952356758758088 0.00046900169113503926; 0.0 0.00046900169113504403 -0.001125625256003572],0.3
