L,J,Q,θ,μ,ϕx,ϕy,ϕz,ndims,T,χ,dχdlogT,Λ
71,0.0,0.6180339887498949,0.4487989505128276,0.75,3.3269338046378176,0.30106851053895584,3.891592634817262,2,0.11721022975334802,[0.17304120605865722 0.0 0.0; 0.0 0.07011445351883257 -0.05765228637799217; 0.0 -0.05765228637799217 0.07011446572917657],[-0.13384203364554148 0.0 0.0; 0.0 -0.05351249025933511 0.04393557887140835; 0.0 0.04393557887140835 -0.053512768490284725],0.3
