L,J,Q,θ,ϕx,ϕy,ϕz,ndims,T,χ,dχdlogT,Λ
71,0.0,0.6180339887498949,0.4487989505128276,2.552598146004643,0.8989916554124286,0.15699716845863185,2,0.001,[0.9347699481751565 0.0 0.0; 0.0 0.41654604762894837 -0.38798765893757736; 0.0 -0.3879876589375773 0.41877834160916527],[-0.04356976947208671 0.0 0.0; 0.0 -0.013978986208608936 0.013860087836565747; 0.0 0.013860087836565747 -0.016433434389968183],0.3
