L,J,Q,θ,μ,ϕx,ϕy,ϕz,ndims,T,χ,dχdlogT,Λ
71,4.0,0.6180339887498949,0.4487989505128276,0.15,6.269259794128315,0.765299952466832,5.852277874936172,2,0.11721022975334802,[0.10029909328293977 0.0 0.0; 0.0 0.005571827387702214 -0.0025581409072004645; 0.0 -0.0025581409072005005 0.006615459385408785],[-0.07725403664748373 0.0 0.0; 0.0 -0.003818077456560958 0.0017302037183993633; 0.0 0.0017302037183993754 -0.004598758495054224],0.3
