L,J,Q,θ,μ,ϕx,ϕy,ϕz,ndims,T,χ,dχdlogT,Λ
71,20.0,0.6180339887498949,0.4487989505128276,0.75,2.6164348359514444,6.167811691156104,0.8672789541312548,2,10.0,[0.0003620235872639531 0.0 0.0; 0.0 1.5034660042438559e-5 -8.024878935861966e-7; 0.0 -8.02487893586195e-7 1.3056788268539608e-5],[-0.0003620080766045522 0.0 0.0; 0.0 -1.5033942387015529e-5 8.024736311728289e-7; 0.0 8.024736311728284e-7 -1.3056140716308882e-5],0.3
