L,J,Q,θ,ϕx,ϕy,ϕz,ndims,T,χ,dχdlogT,Λ
71,1.0,0.6180339887498949,0.4487989505128276,3.806653469247983,5.514292764070268,2.6441431980379737,2,0.03290344562312668,[0.40307389854609 0.0 0.0; 0.0 0.038016490774046084 -0.034865906701576695; 0.0 -0.0348659067015768 0.03811179976442657],[-0.17363337941633084 0.0 0.0; 0.0 -0.004287724547000977 0.0036599133183197394; 0.0 0.0036599133183198647 -0.004343630236813639],0.3
