L,J,Q,θ,μ,ϕx,ϕy,ϕz,ndims,T,χ,dχdlogT,Λ
71,2.0,0.6180339887498949,0.4487989505128276,0.25,0.9080487978982934,6.045819004612462,5.895824398121898,2,2.043359717856942,[0.008999046545322993 0.0 0.0; 0.0 0.0006570518891968342 -0.0004829941254165484; 0.0 -0.0004829941254165518 0.0006736113794156449],[-0.00898845213254422 0.0 0.0; 0.0 -0.0006556946682772784 0.00048195375781164175; 0.0 0.0004819537578116444 -0.0006722227021019402],0.3
