L,J,Q,θ,μ,ϕx,ϕy,ϕz,ndims,T,χ,dχdlogT,Λ
71,4.0,0.6180339887498949,0.4487989505128276,0.15,0.5445839982573631,0.15541366388987202,5.862067558531531,2,2.043359717856942,[0.006015478736712375 0.0 0.0; 0.0 0.0003591732878970439 -0.00016578348598430355; 0.0 -0.00016578348598430255 0.00033212653808244153],[-0.006008283882488737 0.0 0.0; 0.0 -0.000358575910514217 0.00016547912045527892; 0.0 0.00016547912045527862 -0.00033152265011435374],0.3
