L,J,Q,θ,μ,ϕx,ϕy,ϕz,ndims,T,χ,dχdlogT,Λ
71,2.0,0.6180339887498949,0.4487989505128276,0.25,1.071075307057084,0.8392702853433741,3.9271510690544,2,0.0018873918221350976,[0.7140522560780572 0.0 0.0; 0.0 0.018912524101252708 -0.0143058330253452; 0.0 -0.014305833025345228 0.021257966145250093],[-0.16283687002783298 0.0 0.0; 0.0 -0.0006815510667771711 0.0006167765031218176; 0.0 0.0006167765031218105 -0.0011882565147227997],0.3
