L,J,Q,θ,μ,ϕx,ϕy,ϕz,ndims,T,χ,dχdlogT,Λ
71,1.0,0.6180339887498949,0.4487989505128276,0.375,3.229067569863798,0.3299713717630845,4.499184084023956,2,0.03290344562312668,[0.38912741600535183 0.0 0.0; 0.0 0.0372449394640762 -0.032577553314009126; 0.0 -0.032577553314009314 0.03664230964106465],[-0.16753909845095102 0.0 0.0; 0.0 -0.004899004465512298 0.003639102888693952; 0.0 0.0036391028886940124 -0.004697209938993808],0.3
