L,J,Q,θ,μ,ϕx,ϕy,ϕz,ndims,T,χ,dχdlogT,Λ
71,4.0,0.6180339887498949,0.4487989505128276,0.15,2.293346086788642,6.076104918668007,3.1639999693783416,2,0.003562247890262444,[0.44152534489178186 0.0 0.0; 0.0 0.014870375266396126 -0.005230137776712048; 0.0 -0.005230137776712152 0.017829649708157678],[-0.1145904741279071 0.0 0.0; 0.0 -0.0026705337083660825 0.0004065104608664692; 0.0 0.00040651046086646875 -0.0014886311722925364],0.3
