L,J,Q,θ,μ,ϕx,ϕy,ϕz,ndims,T,χ,dχdlogT,Λ
71,1.0,0.6180339887498949,0.4487989505128276,0.375,6.269259794128315,0.765299952466832,5.852277874936172,2,0.006723357536499335,[0.6523094888393003 0.0 0.0; 0.0 0.039480883065041106 -0.033585502497098754; 0.0 -0.033585502497099254 0.04060983157377056],[-0.16445030222252174 0.0 0.0; 0.0 -0.0006277227815118036 -0.0002283622923543332; 0.0 -0.00022836229235432892 -0.0013105189036708782],0.3
