L,J,Q,θ,ϕx,ϕy,ϕz,ndims,T,χ,dχdlogT,Λ
71,0.7,0.6180339887498949,0.4487989505128276,3.9641023528590744,2.5499163356582333,5.672185553248013,2,0.0018873918221350976,[1.088612398821803 0.0 0.0; 0.0 0.0807059120165783 -0.07846462615955674; 0.0 -0.07846462615955582 0.07990625021565465],[-0.21486612959240717 0.0 0.0; 0.0 -0.000714349889165477 0.0006821994961416149; 0.0 0.0006821994961416007 -0.0006569752364264665],0.3
