L,J,Q,θ,μ,ϕx,ϕy,ϕz,ndims,T,χ,dχdlogT,Λ
71,1.0,0.6180339887498949,0.4487989505128276,0.375,6.269259794128315,0.765299952466832,5.852277874936172,2,0.41753189365604015,[0.060075071739487645 0.0 0.0; 0.0 0.008364968496714923 -0.007505347256786923; 0.0 -0.007505347256786907 0.008503033565456569],[-0.05841115219440428 0.0 0.0; 0.0 -0.007958454877318707 0.007134174374052072; 0.0 0.007134174374052148 -0.00808696815847833],0.3
