L,J,Q,θ,μ,ϕx,ϕy,ϕz,ndims,T,χ,dχdlogT,Λ
71,4.0,0.6180339887498949,0.4487989505128276,0.15,6.269259794128315,0.765299952466832,5.852277874936172,2,1.4873521072935114,[0.008759204445594082 0.0 0.0; 0.0 0.0005914049570659415 -0.00027644059659473024; 0.0 -0.00027644059659472575 0.0005704305565802979],[-0.008739047884331488 0.0 0.0; 0.0 -0.000589513533423006 0.000275471921089133; 0.0 0.0002754719210891343 -0.0005685671361750032],0.3
