L,J,Q,θ,μ,ϕx,ϕy,ϕz,ndims,T,χ,dχdlogT,Λ
71,20.0,0.6180339887498949,0.4487989505128276,0.75,1.3940840184110352,1.8479321990262516,3.6344988785913013,2,0.01268961003167922,[0.11515563819013801 0.0 0.0; 0.0 0.00345554778742799 -0.000872438111234422; 0.0 -0.0008724381112344215 0.005656560135092169],[-0.030798844057237863 0.0 0.0; 0.0 -0.000711237311552385 0.0005166578650849746; 0.0 0.000516657865084975 -0.0020802506168779602],0.3
