L,J,Q,θ,μ,ϕx,ϕy,ϕz,ndims,T,χ,dχdlogT,Λ
71,2.0,0.6180339887498949,0.4487989505128276,0.25,1.071075307057084,0.8392702853433741,3.9271510690544,2,0.03290344562312668,[0.2950718914646581 0.0 0.0; 0.0 0.015432537871139676 -0.010646032119655563; 0.0 -0.010646032119655396 0.01454583813990115],[-0.12417333985308418 0.0 0.0; 0.0 -0.0023176928992436163 0.0013468434779264982; 0.0 0.00134684347792649 -0.0021618299625938606],0.3
