L,J,Q,θ,ϕx,ϕy,ϕz,ndims,T,χ,dχdlogT,Λ
71,1.0,0.6180339887498949,0.4487989505128276,0.04307574063236956,1.4243585509553534,2.650856197035276,2,3.856620421163471,[0.006814311989915496 0.0 0.0; 0.0 0.0010499490331238193 -0.0009819346659464723; 0.0 -0.0009819346659464508 0.0010244617251255592],[-0.0068121074313415445 0.0 0.0; 0.0 -0.0010493329162301853 0.0009813592202619177; 0.0 0.0009813592202618942 -0.001023857775393478],0.3
