L,J,Q,θ,μ,ϕx,ϕy,ϕz,ndims,T,χ,dχdlogT,Λ
71,0.2,0.6180339887498949,0.4487989505128276,0.625,0.5445839982573631,0.15541366388987202,5.862067558531531,2,5.298316906283709,[0.004763915508916784 0.0 0.0; 0.0 0.0017114652796736906 -0.0014863850364099254; 0.0 -0.0014863850364099558 0.0017109988792075987],[-0.004763057568785991 0.0 0.0; 0.0 -0.0017111490040259236 0.0014861103601534595; 0.0 0.0014861103601534554 -0.0017106823153561997],0.3
