L,J,Q,θ,ϕx,ϕy,ϕz,ndims,T,χ,dχdlogT,Λ
71,4.0,0.6180339887498949,0.4487989505128276,5.0719499452233645,4.972157876734834,4.031000049683043,2,0.7880462815669912,[0.016109894984383102 0.0 0.0; 0.0 0.0010350677725679768 -0.0003588891448048088; 0.0 -0.0003588891448048132 0.0009140405458948782],[-0.015983725689996557 0.0 0.0; 0.0 -0.0010238349823380173 0.00035405828643087975; 0.0 0.0003540582864308781 -0.000903512233375513],0.3
