L,J,Q,θ,μ,ϕx,ϕy,ϕz,ndims,T,χ,dχdlogT,Λ
71,4.0,0.6180339887498949,0.4487989505128276,0.15,3.7575222882233583,5.692680470554446,6.224026549332305,2,0.004893900918477494,[0.3607171493547937 0.0 0.0; 0.0 0.015093141233347951 -0.006464503558789811; 0.0 -0.006464503558789931 0.014315091715649271],[-0.07491899352032062 0.0 0.0; 0.0 -0.0025511695030972802 0.0011563987973174596; 0.0 0.0011563987973174491 -0.0022182089385511528],0.3
