L,J,Q,θ,μ,ϕx,ϕy,ϕz,ndims,T,χ,dχdlogT,Λ
71,0.0,0.6180339887498949,0.4487989505128276,0.75,0.04794858829728465,2.3412264847098085,5.747630452081085,2,3.856620421163471,[0.006030007630109545 0.0 0.0; 0.0 0.0024844852425051503 -0.002044956541213823; 0.0 -0.002044956541213823 0.0024844829685457593],[-0.006028025568954828 0.0 0.0; 0.0 -0.0024836026007652528 0.002044223828475086; 0.0 0.002044223828475086 -0.0024836003499646977],0.3
