L,J,Q,θ,μ,ϕx,ϕy,ϕz,ndims,T,χ,dχdlogT,Λ
71,0.7,0.6180339887498949,0.4487989505128276,0.4411764705882353,0.5445839982573631,0.15541366388987202,5.862067558531531,2,3.856620421163471,[0.006917124359936937 0.0 0.0; 0.0 0.001328435797143951 -0.001187128810517943; 0.0 -0.0011871288105179338 0.0013208674952927461],[-0.006914796234067232 0.0 0.0; 0.0 -0.001327684546493869 0.0011864409323245637; 0.0 0.0011864409323245754 -0.001320121030254124],0.3
