L,J,Q,θ,μ,ϕx,ϕy,ϕz,ndims,T,χ,dχdlogT,Λ
71,2.0,0.6180339887498949,0.4487989505128276,0.25,1.071075307057084,0.8392702853433741,3.9271510690544,2,0.2212216291070449,[0.08192517050707612 0.0 0.0; 0.0 0.00634212572559624 -0.00467427410137251; 0.0 -0.004674274101372587 0.0062895482936492905],[-0.07480324882709374 0.0 0.0; 0.0 -0.005363749443228367 0.003927009165874832; 0.0 0.0039270091658747735 -0.0053210723531833615],0.3
