L,J,Q,θ,μ,ϕx,ϕy,ϕz,ndims,T,χ,dχdlogT,Λ
71,1.0,0.6180339887498949,0.4487989505128276,0.375,0.8651877410637341,5.60382759600108,0.051235859328841206,2,0.7880462815669912,[0.03178188160478557 0.0 0.0; 0.0 0.0044844521306582055 -0.004049902100171472; 0.0 -0.0040499021001715015 0.004548513029908535],[-0.03153469692262661 0.0 0.0; 0.0 -0.004422034250476121 0.003992639575868042; 0.0 0.003992639575867986 -0.004485096771793033],0.3
