L,J,Q,θ,μ,ϕx,ϕy,ϕz,ndims,T,χ,dχdlogT,Λ
71,20.0,0.6180339887498949,0.4487989505128276,0.75,4.2314893241446905,1.714712625531967,2.880510870893315,2,0.003562247890262444,[0.13512185145362865 0.0 0.0; 0.0 0.00466339645683003 0.00046498174998126654; 0.0 0.00046498174998126654 0.003953833772776245],[-0.02769355846893092 0.0 0.0; 0.0 -0.0006508526960985421 -0.00026879643600753034; 0.0 -0.0002687964360075307 -0.00020518308830764776],0.3
