L,J,Q,θ,μ,ϕx,ϕy,ϕz,ndims,T,χ,dχdlogT,Λ
71,2.0,0.6180339887498949,0.4487989505128276,0.25,2.903410484666291,3.212012235175181,2.2022524608562097,2,0.006723357536499335,[0.47724741763691414 0.0 0.0; 0.0 0.0156656409924568 -0.011055304371955689; 0.0 -0.011055304371955796 0.015770671041738987],[-0.11772449473333026 0.0 0.0; 0.0 -0.0004930117039247574 0.0003389186412751355; 0.0 0.0003389186412751345 -0.0007494679659024825],0.3
