L,J,Q,θ,μ,ϕx,ϕy,ϕz,ndims,T,χ,dχdlogT,Λ
71,0.0,0.6180339887498949,0.4487989505128276,0.75,1.8736324060542973,1.8275696295069044,5.811390459970529,2,2.043359717856942,[0.011739609056942255 0.0 0.0; 0.0 0.004690939645757869 -0.003788227414505327; 0.0 -0.0037882274145053284 0.004576849297078816],[-0.011725015618866944 0.0 0.0; 0.0 -0.00468498731921355 0.003783556808130504; 0.0 0.0037835568081305026 -0.004571303171013271],0.3
