L,J,Q,θ,μ,ϕx,ϕy,ϕz,ndims,T,χ,dχdlogT,Λ
71,1.0,0.6180339887498949,0.4487989505128276,0.375,5.740732433376171,6.237769077588762,5.286294871706147,2,1.0826367338740543,[0.023175607903718726 0.0 0.0; 0.0 0.003356273721992729 -0.0030018348537013194; 0.0 -0.0030018348537013463 0.003343589331356108],[-0.023078044812473882 0.0 0.0; 0.0 -0.003331164700304009 0.0029789329810715804; 0.0 0.002978932981071699 -0.003318425169841784],0.3
