L,J,Q,θ,μ,ϕx,ϕy,ϕz,ndims,T,χ,dχdlogT,Λ
71,0.7,0.6180339887498949,0.4487989505128276,0.4411764705882353,5.544644893954966,2.702600987319356,4.29023278526643,2,0.03290344562312668,[0.4228662834658426 0.0 0.0; 0.0 0.05715548737875636 -0.050789778591166845; 0.0 -0.05078977859116577 0.05747269948114039],[-0.18107876065227924 0.0 0.0; 0.0 -0.007519271464905123 0.005477006479412038; 0.0 0.0054770064794117754 -0.007701992624751634],0.3
