L,J,Q,θ,μ,ϕx,ϕy,ϕz,ndims,T,χ,dχdlogT,Λ
71,20.0,0.6180339887498949,0.4487989505128276,0.75,1.3940840184110352,1.8479321990262516,3.6344988785913013,2,10.0,[0.0004810427447783907 0.0 0.0; 0.0 2.4993268152300057e-5 -1.0655917965331557e-6; 0.0 -1.0655917965331548e-6 1.812981800882053e-5],[-0.00048101754337925124 0.0 0.0; 0.0 -2.4991806357602833e-5 1.0653977346433112e-6; 0.0 1.0653977346433171e-6 -1.8128734248240225e-5],0.3
