L,J,Q,θ,μ,ϕx,ϕy,ϕz,ndims,T,χ,dχdlogT,Λ
71,0.7,0.6180339887498949,0.4487989505128276,0.4411764705882353,0.5445839982573631,0.15541366388987202,5.862067558531531,2,0.006723357536499335,[0.7046450887097512 0.0 0.0; 0.0 0.058129324242936965 -0.048850713027126264; 0.0 -0.04885071302712749 0.059135037001452236],[-0.18061293998962363 0.0 0.0; 0.0 -0.001141777728305112 -0.0005283112509794412; 0.0 -0.0005283112509794738 -0.0017345217666420213],0.3
