L,J,Q,θ,μ,ϕx,ϕy,ϕz,ndims,T,χ,dχdlogT,Λ
71,1.0,0.6180339887498949,0.4487989505128276,0.375,3.7575222882233583,5.692680470554446,6.224026549332305,2,3.856620421163471,[0.006557139583494431 0.0 0.0; 0.0 0.0009140344650795734 -0.0008093018347782779; 0.0 -0.0008093018347782869 0.0009095082235620471],[-0.006554961128789626 0.0 0.0; 0.0 -0.0009134868409335962 0.0008088085308003662; 0.0 0.000808808530800351 -0.0009089675992154864],0.3
