L,J,Q,θ,ϕx,ϕy,ϕz,ndims,T,χ,dχdlogT,Λ
71,0.0,0.6180339887498949,0.4487989505128276,5.0719499452233645,4.972157876734834,4.031000049683043,2,0.30391953823131973,[0.08570240949467237 0.0 0.0; 0.0 0.039170719464136895 -0.036348319063288614; 0.0 -0.03634831906328861 0.03914205917348102],[-0.08144130305020782 0.0 0.0; 0.0 -0.03715627084813369 0.034481139070501786; 0.0 0.0344811390705018 -0.03713295551401259],0.3
