L,J,Q,θ,μ,ϕx,ϕy,ϕz,ndims,T,χ,dχdlogT,Λ
71,0.7,0.6180339887498949,0.4487989505128276,0.4411764705882353,5.544644893954966,2.702600987319356,4.29023278526643,2,0.02395026619987486,[0.4732971570739377 0.0 0.0; 0.0 0.05305834099476433 -0.044972417407271; 0.0 -0.044972417407270794 0.05229461813033794],[-0.18293293638932925 0.0 0.0; 0.0 -0.0049239280582301205 0.002518851800721179; 0.0 0.0025188518007212245 -0.004792304966923723],0.3
