L,J,Q,θ,μ,ϕx,ϕy,ϕz,ndims,T,χ,dχdlogT,Λ
71,0.2,0.6180339887498949,0.4487989505128276,0.625,2.293346086788642,6.076104918668007,3.1639999693783416,2,0.001,[0.949742747507682 0.0 0.0; 0.0 0.19344325330487824 -0.1508699964499871; 0.0 -0.1508699964499837 0.19839491932107742],[-0.16771456853815486 0.0 0.0; 0.0 -0.0033798786721124427 -0.0021588201952553484; 0.0 -0.0021588201952553597 -0.008083947443929712],0.3
