L,J,Q,θ,ϕx,ϕy,ϕz,ndims,T,χ,dχdlogT,Λ
71,2.0,0.6180339887498949,0.4487989505128276,0.5592963656621641,0.7629693143227725,1.7583094647153754,2,0.0013738237958832624,[0.7262734807942822 0.0 0.0; 0.0 0.019925761014412607 -0.01472892162976291; 0.0 -0.014728921629762979 0.01853646224517734],[-0.15756502774148992 0.0 0.0; 0.0 -0.000868066024161323 0.0005394215013847249; 0.0 0.0005394215013847316 -0.0009484273769894776],0.3
