L,J,Q,θ,ϕx,ϕy,ϕz,ndims,T,χ,dχdlogT,Λ
71,2.0,0.6180339887498949,0.4487989505128276,3.1015703765679126,4.390202420652395,5.5633019913836685,2,2.807216203941177,[0.006852333993145259 0.0 0.0; 0.0 0.0005044683001264698 -0.00036642668128548846; 0.0 -0.00036642668128548375 0.0005020539864219128],[-0.006847897938749954 0.0 0.0; 0.0 -0.0005039291649215004 0.00036602365346325106; 0.0 0.0003660236534632505 -0.0005014978369654958],0.3
