L,J,Q,θ,μ,ϕx,ϕy,ϕz,ndims,T,χ,dχdlogT,Λ
71,20.0,0.6180339887498949,0.4487989505128276,0.75,3.7410222069360826,2.6950718831975515,2.916074054151873,2,2.043359717856942,[0.0026684271500283575 0.0 0.0; 0.0 0.00010563458974148701 -9.22203576018644e-6; 0.0 -9.222035760186425e-6 8.9225786071332e-5],[-0.002665777765009143 0.0 0.0; 0.0 -0.0001055258402696437 9.225146861661081e-6; 0.0 9.225146861661093e-6 -8.914779918977814e-5],0.3
