L,J,Q,θ,μ,ϕx,ϕy,ϕz,ndims,T,χ,dχdlogT,Λ
71,20.0,0.6180339887498949,0.4487989505128276,0.75,3.294647755421864,5.417023227032609,3.2719091509985945,2,0.11721022975334802,[0.03610446465678846 0.0 0.0; 0.0 0.001173469570336693 -0.0001477312096529698; 0.0 -0.00014773120965296964 0.0017279586908247016],[-0.028045365457180546 0.0 0.0; 0.0 -0.0008811228611031674 0.00013529091581399217; 0.0 0.0001352909158139922 -0.0013704169554071143],0.3
