L,J,Q,θ,μ,ϕx,ϕy,ϕz,ndims,T,χ,dχdlogT,Λ
71,0.2,0.6180339887498949,0.4487989505128276,0.625,2.293346086788642,6.076104918668007,3.1639999693783416,2,0.30391953823131973,[0.08105292094544929 0.0 0.0; 0.0 0.028683487742810845 -0.024790290834021924; 0.0 -0.02479029083402224 0.028611503662964652],[-0.07695306338718813 0.0 0.0; 0.0 -0.02718901445964024 0.023501955915475933; 0.0 0.023501955915475794 -0.027128197903913825],0.3
