L,J,Q,θ,μ,ϕx,ϕy,ϕz,ndims,T,χ,dχdlogT,Λ
71,4.0,0.6180339887498949,0.4487989505128276,0.15,2.903410484666291,3.212012235175181,2.2022524608562097,2,0.002592943797404667,[0.46292493147153785 0.0 0.0; 0.0 0.01781846318807314 -0.00983704951818583; 0.0 -0.009837049518185748 0.019503950118722392],[-0.09474441621823602 0.0 0.0; 0.0 -0.0029959998862771216 0.0028991366502756403; 0.0 0.0028991366502756294 -0.0044189218892930465],0.3
