L,J,Q,θ,μ,ϕx,ϕy,ϕz,ndims,T,χ,dχdlogT,Λ
71,20.0,0.6180339887498949,0.4487989505128276,0.75,5.035856470075732,6.116218865750312,1.3499886479782508,2,0.002592943797404667,[0.22706210743545777 0.0 0.0; 0.0 0.0059900079238835 -0.0019219143174427115; 0.0 -0.0019219143174427113 0.006476201394821392],[-0.09528130225682985 0.0 0.0; 0.0 -0.0016289224954484202 0.0005970703964956058; 0.0 0.0005970703964956054 -0.0020744504150893195],0.3
