L,J,Q,θ,ϕx,ϕy,ϕz,ndims,T,χ,dχdlogT,Λ
71,4.0,0.6180339887498949,0.4487989505128276,0.45485070422243523,2.5319649035331926,4.952427249816695,2,0.03290344562312668,[0.21675815403021015 0.0 0.0; 0.0 0.012077298562952202 -0.005286623983586293; 0.0 -0.005286623983586273 0.011430543704478118],[-0.09335598677374865 0.0 0.0; 0.0 -0.0031859346281535006 0.0015069332475477306; 0.0 0.0015069332475477202 -0.003212739544122023],0.3
