L,J,Q,θ,μ,ϕx,ϕy,ϕz,ndims,T,χ,dχdlogT,Λ
71,0.7,0.6180339887498949,0.4487989505128276,0.4411764705882353,2.903410484666291,3.212012235175181,2.2022524608562097,2,0.04520353656360243,[0.35975104796196866 0.0 0.0; 0.0 0.04924768680374109 -0.04297652379071843; 0.0 -0.04297652379071668 0.04934170154749015],[-0.17680101392819692 0.0 0.0; 0.0 -0.009450415987940448 0.006983150527439622; 0.0 0.006983150527439501 -0.009522596494572742],0.3
