L,J,Q,θ,μ,ϕx,ϕy,ϕz,ndims,T,χ,dχdlogT,Λ
71,0.7,0.6180339887498949,0.4487989505128276,0.4411764705882353,3.7575222882233583,5.692680470554446,6.224026549332305,2,0.004893900918477494,[0.7450783240000384 0.0 0.0; 0.0 0.057446890509647394 -0.046459999854745776; 0.0 -0.04645999985474719 0.05822581245851284],[-0.16726652113296336 0.0 0.0; 0.0 -0.0007963356754519541 -0.0009542540860411322; 0.0 -0.0009542540860411343 -0.001542607375448492],0.3
