L,J,Q,θ,μ,ϕx,ϕy,ϕz,ndims,T,χ,dχdlogT,Λ
71,2.0,0.6180339887498949,0.4487989505128276,0.25,3.229067569863798,0.3299713717630845,4.499184084023956,2,0.0018873918221350976,[0.697311251172977 0.0 0.0; 0.0 0.01940390868564297 -0.014450526073176545; 0.0 -0.014450526073176375 0.021052050613181866],[-0.1354957823703772 0.0 0.0; 0.0 -9.737880112760729e-5 0.00017965785177658902; 0.0 0.00017965785177659203 -0.0007539858184106389],0.3
