L,J,Q,θ,μ,ϕx,ϕy,ϕz,ndims,T,χ,dχdlogT,Λ
71,4.0,0.6180339887498949,0.4487989505128276,0.15,5.544644893954966,2.702600987319356,4.29023278526643,2,7.27895384398315,[0.0017917985224430776 0.0 0.0; 0.0 0.00010644823409461492 -4.402250120903786e-5; 0.0 -4.402250120903727e-5 0.00010844892953670187],[-0.0017916259132291423 0.0 0.0; 0.0 -0.00010643343481271302 4.401631451868624e-5; 0.0 4.4016314518686764e-5 -0.00010843431510041521],0.3
