L,J,Q,θ,μ,ϕx,ϕy,ϕz,ndims,T,χ,dχdlogT,Λ
71,2.0,0.6180339887498949,0.4487989505128276,0.25,3.7575222882233583,5.692680470554446,6.224026549332305,2,0.30391953823131973,[0.061398678340929456 0.0 0.0; 0.0 0.0050261287560260885 -0.003683385288074281; 0.0 -0.003683385288074252 0.004733890850409418],[-0.05839148259450458 0.0 0.0; 0.0 -0.004599055965408055 0.0033656165986567558; 0.0 0.0033656165986568694 -0.004331634435683624],0.3
