L,J,Q,θ,ϕx,ϕy,ϕz,ndims,T,χ,dχdlogT,Λ
71,2.0,0.6180339887498949,0.4487989505128276,0.45485070422243523,2.5319649035331926,4.952427249816695,2,0.006723357536499335,[0.5121498059899467 0.0 0.0; 0.0 0.018154233543070927 -0.013353872219411433; 0.0 -0.013353872219411306 0.017621717034226787],[-0.1405230306113571 0.0 0.0; 0.0 -0.0016223025457088684 0.0009679064774845221; 0.0 0.0009679064774845396 -0.0010989062244192614],0.3
