L,J,Q,θ,μ,ϕx,ϕy,ϕz,ndims,T,χ,dχdlogT,Λ
71,2.0,0.6180339887498949,0.4487989505128276,0.25,6.269259794128315,0.765299952466832,5.852277874936172,2,0.02395026619987486,[0.34003783550719846 0.0 0.0; 0.0 0.017084411634492973 -0.011895689437954098; 0.0 -0.011895689437953817 0.01582205067640823],[-0.13202497808311528 0.0 0.0; 0.0 -0.0022725340755106456 0.0012288184374044514; 0.0 0.0012288184374044727 -0.0017977489007155688],0.3
