L,J,Q,θ,μ,ϕx,ϕy,ϕz,ndims,T,χ,dχdlogT,Λ
71,20.0,0.6180339887498949,0.4487989505128276,0.75,6.1547420755836555,0.30174256478795936,2.025048678486541,2,2.807216203941177,[0.0017484721526626404 0.0 0.0; 0.0 9.890780679261313e-5 -1.4278713441824652e-5; 0.0 -1.4278713441824652e-5 6.685811827023446e-5],[-0.001747474898397372 0.0 0.0; 0.0 -9.884076048275424e-5 1.4273049806574052e-5; 0.0 1.4273049806574033e-5 -6.681665819909318e-5],0.3
