L,J,Q,θ,ϕx,ϕy,ϕz,ndims,T,χ,dχdlogT,Λ
71,0.2,0.6180339887498949,0.4487989505128276,2.2727838634578985,4.701883349946189,4.517993212414445,2,0.16102620275609392,[0.16420055722342855 0.0 0.0; 0.0 0.06437888274739571 -0.060748780551331275; 0.0 -0.06074878055133222 0.06427381931807225],[-0.1395493510574417 0.0 0.0; 0.0 -0.054115016093943494 0.05107393692647323; 0.0 0.0510739369264736 -0.05402783897384513],0.3
