L,J,Q,θ,μ,ϕx,ϕy,ϕz,ndims,T,χ,dχdlogT,Λ
71,0.2,0.6180339887498949,0.4487989505128276,0.625,2.903410484666291,3.212012235175181,2.2022524608562097,2,5.298316906283709,[0.004773271460563176 0.0 0.0; 0.0 0.0016926098454725055 -0.0014655226828577692; 0.0 -0.0014655226828577943 0.0016879215491208378],[-0.004772405015557613 0.0 0.0; 0.0 -0.001692291991598594 0.0014652481552866236; 0.0 0.0014652481552865958 -0.0016876059180124259],0.3
