L,J,Q,θ,μ,ϕx,ϕy,ϕz,ndims,T,χ,dχdlogT,Λ
71,0.2,0.6180339887498949,0.4487989505128276,0.625,2.293346086788642,6.076104918668007,3.1639999693783416,2,5.298316906283709,[0.0047639122861306595 0.0 0.0; 0.0 0.0016950144411524374 -0.001464254393677828; 0.0 -0.0014642543936778686 0.0016913084839148254],[-0.004763047902854008 0.0 0.0; 0.0 -0.0016947003387951967 0.0014639838378368692; 0.0 0.0014639838378368492 -0.0016909956666495585],0.3
