L,J,Q,θ,ϕx,ϕy,ϕz,ndims,T,χ,dχdlogT,Λ
71,0.7,0.6180339887498949,0.4487989505128276,0.45485070422243523,2.5319649035331926,4.952427249816695,2,0.04520353656360243,[0.3996152922481381 0.0 0.0; 0.0 0.06597197490067977 -0.06433226699124811; 0.0 -0.06433226699124872 0.06594044180586005],[-0.19973405614378942 0.0 0.0; 0.0 -0.012847967193693603 0.012544063234281541; 0.0 0.012544063234281609 -0.012760710453123048],0.3
