L,J,Q,θ,μ,ϕx,ϕy,ϕz,ndims,T,χ,dχdlogT,Λ
71,0.7,0.6180339887498949,0.4487989505128276,0.4411764705882353,2.293346086788642,6.076104918668007,3.1639999693783416,2,0.06210169418915616,[0.3067011515645632 0.0 0.0; 0.0 0.04694689506194838 -0.041245745715787714; 0.0 -0.041245745715787506 0.04661412290976287],[-0.17746789730272852 0.0 0.0; 0.0 -0.015112036209119028 0.01226883294578351; 0.0 0.012268832945783546 -0.014809505649699536],0.3
