L,J,Q,θ,ϕx,ϕy,ϕz,ndims,T,χ,dχdlogT,Λ
71,0.2,0.6180339887498949,0.4487989505128276,5.0719499452233645,4.972157876734834,4.031000049683043,2,0.006723357536499335,[0.7345656435097092 0.0 0.0; 0.0 0.2148128247732933 -0.19892463872336855; 0.0 -0.1989246387233659 0.21367615663167558],[-0.184287962828044 0.0 0.0; 0.0 -0.015983520509402778 0.011706415893727609; 0.0 0.011706415893727232 -0.014797876265282691],0.3
