L,J,Q,θ,μ,ϕx,ϕy,ϕz,ndims,T,χ,dχdlogT,Λ
71,0.0,0.6180339887498949,0.4487989505128276,0.75,6.269259794128315,0.765299952466832,5.852277874936172,2,2.807216203941177,[0.00854770699112842 0.0 0.0; 0.0 0.0034156085794201114 -0.002758243234419122; 0.0 -0.0027582432344191226 0.0033324238168230295],[-0.008542073784443487 0.0 0.0; 0.0 -0.0034133103311397802 0.0027564402751701533; 0.0 0.0027564402751701538 -0.003330282983000587],0.3
