L,J,Q,θ,ϕx,ϕy,ϕz,ndims,T,χ,dχdlogT,Λ
71,4.0,0.6180339887498949,0.4487989505128276,2.4167296146015476,0.46467470437657127,4.249027391821591,2,1.4873521072935114,[0.008892463796610826 0.0 0.0; 0.0 0.0005141302933139887 -0.00021559161228942; 0.0 -0.0002155916122894201 0.0005857145220289266],[-0.008872080403657553 0.0 0.0; 0.0 -0.0005124536073045567 0.00021477069366483836; 0.0 0.00021477069366483955 -0.0005838974069907877],0.3
