L,J,Q,θ,ϕx,ϕy,ϕz,ndims,T,χ,dχdlogT,Λ
71,0.2,0.6180339887498949,0.4487989505128276,6.211237417307202,3.0423839664543015,4.545113585115758,2,0.03290344562312668,[0.44325858609321694 0.0 0.0; 0.0 0.16371619475656254 -0.15444208836251433; 0.0 -0.15444208836251178 0.16382587958516096],[-0.1856255671516219 0.0 0.0; 0.0 -0.053885900769638014 0.0501977797775891; 0.0 0.05019777977758846 -0.053878474631593065],0.3
