L,J,Q,θ,ϕx,ϕy,ϕz,ndims,T,χ,dχdlogT,Λ
71,0.0,0.6180339887498949,0.4487989505128276,2.2727838634578985,4.701883349946189,4.517993212414445,2,0.30391953823131973,[0.08600255843230299 0.0 0.0; 0.0 0.03952810767663514 -0.03660012987887297; 0.0 -0.03660012987887297 0.03935943746577211],[-0.08169425785783166 0.0 0.0; 0.0 -0.03745989420397629 0.03469566262195983; 0.0 0.03469566262195983 -0.03731896750180686],0.3
