L,J,Q,θ,ϕx,ϕy,ϕz,ndims,T,χ,dχdlogT,Λ
71,2.0,0.6180339887498949,0.4487989505128276,0.22606108604297762,3.472734375396318,0.24041933733318346,2,0.06210169418915616,[0.21626386924341773 0.0 0.0; 0.0 0.012575197323344061 -0.009531393431563982; 0.0 -0.009531393431564074 0.01331560613499336],[-0.12477988980693247 0.0 0.0; 0.0 -0.004400136418886405 0.003310453835051997; 0.0 0.0033104538350520593 -0.004839660963532079],0.3
