L,J,Q,θ,μ,ϕx,ϕy,ϕz,ndims,T,χ,dχdlogT,Λ
71,0.7,0.6180339887498949,0.4487989505128276,0.4411764705882353,1.071075307057084,0.8392702853433741,3.9271510690544,2,0.11721022975334802,[0.20211748729462567 0.0 0.0; 0.0 0.03584924795149463 -0.03215836654184922; 0.0 -0.03215836654184898 0.035807748605032746],[-0.1559169808335426 0.0 0.0; 0.0 -0.02210274792895207 0.019474993252592845; 0.0 0.019474993252592436 -0.022012146164049434],0.3
