L,J,Q,θ,μ,ϕx,ϕy,ϕz,ndims,T,χ,dχdlogT,Λ
71,0.2,0.6180339887498949,0.4487989505128276,0.625,0.5445839982573631,0.15541366388987202,5.862067558531531,2,0.5736152510448679,[0.04350279137470738 0.0 0.0; 0.0 0.015582365873319192 -0.013491788721711875; 0.0 -0.013491788721711893 0.015567348404560262],[-0.042851162256854015 0.0 0.0; 0.0 -0.015341425725430477 0.01328326268491217; 0.0 0.01328326268491217 -0.015326826478412181],0.3
