L,J,Q,θ,ϕx,ϕy,ϕz,ndims,T,χ,dχdlogT,Λ
71,0.0,0.6180339887498949,0.4487989505128276,3.0959974108403223,1.2556741887045844,5.690103367459748,2,0.002592943797404667,[0.8502633305981844 0.0 0.0; 0.0 0.4190743832173757 -0.38075979456235093; 0.0 -0.38075979456235093 0.3962869749135418],[-0.198835500220821 0.0 0.0; 0.0 -0.11762300820696286 0.09714018021890887; 0.0 0.09714018021890887 -0.08909269994335511],0.3
