L,J,Q,θ,μ,ϕx,ϕy,ϕz,ndims,T,χ,dχdlogT,Λ
71,20.0,0.6180339887498949,0.4487989505128276,0.75,5.035856470075732,6.116218865750312,1.3499886479782508,2,3.856620421163471,[0.0012214675265713264 0.0 0.0; 0.0 5.759371142963054e-5 -9.025563404686051e-6; 0.0 -9.025563404686043e-6 5.179839190488286e-5],[-0.001221140818026821 0.0 0.0; 0.0 -5.757915410806597e-5 9.024122057891763e-6; 0.0 9.024122057891767e-6 -5.178232177785383e-5],0.3
