L,J,Q,θ,ϕx,ϕy,ϕz,ndims,T,χ,dχdlogT,Λ
71,4.0,0.6180339887498949,0.4487989505128276,3.1015703765679126,4.390202420652395,5.5633019913836685,2,0.11721022975334802,[0.0912914877288914 0.0 0.0; 0.0 0.00521052336678146 -0.0029310857173028408; 0.0 -0.002931085717302801 0.005219653162740295],[-0.06966916397095613 0.0 0.0; 0.0 -0.0035392157479649054 0.001882918175293903; 0.0 0.001882918175293917 -0.0034753057945586872],0.3
