L,J,Q,θ,ϕx,ϕy,ϕz,ndims,T,χ,dχdlogT,Λ
71,0.2,0.6180339887498949,0.4487989505128276,2.552598146004643,0.8989916554124286,0.15699716845863185,2,0.06210169418915616,[0.3227067224233583 0.0 0.0; 0.0 0.12497858793459936 -0.11809427304467217; 0.0 -0.11809427304467494 0.1251579960971485],[-0.1846625106779435 0.0 0.0; 0.0 -0.06551093804511063 0.061723330956518885; 0.0 0.06172333095651879 -0.06559615042414467],0.3
