L,J,Q,θ,μ,ϕx,ϕy,ϕz,ndims,T,χ,dχdlogT,Λ
71,0.7,0.6180339887498949,0.4487989505128276,0.4411764705882353,0.5445839982573631,0.15541366388987202,5.862067558531531,2,0.002592943797404667,[0.8910404259092728 0.0 0.0; 0.0 0.0584116149892078 -0.0469341022548189; 0.0 -0.04693410225482026 0.05965082130985172],[-0.18783775768726269 0.0 0.0; 0.0 -0.0011633810400614333 -0.0008360548577752582; 0.0 -0.0008360548577752484 -0.00157102937202747],0.3
