L,J,Q,θ,μ,ϕx,ϕy,ϕz,ndims,T,χ,dχdlogT,Λ
71,20.0,0.6180339887498949,0.4487989505128276,0.75,3.7410222069360826,2.6950718831975515,2.916074054151873,2,0.006723357536499335,[0.1142873850832482 0.0 0.0; 0.0 0.004693448022410229 -0.0005494355927597187; 0.0 -0.0005494355927597183 0.0039608940175112455],[-0.01714952140967549 0.0 0.0; 0.0 -0.000441275870485336 7.447182303583003e-5; 0.0 7.447182303582986e-5 -0.0005770721093128038],0.3
