L,J,Q,θ,μ,ϕx,ϕy,ϕz,ndims,T,χ,dχdlogT,Λ
71,0.2,0.6180339887498949,0.4487989505128276,0.625,6.269259794128315,0.765299952466832,5.852277874936172,2,0.001,[0.9349702159622211 0.0 0.0; 0.0 0.1924335513127347 -0.14795192860739534; 0.0 -0.14795192860739595 0.18991136659881408],[-0.13045655867195405 0.0 0.0; 0.0 -0.0033677115784115433 -0.0035115119417356; 0.0 -0.0035115119417356683 -0.0015800059780180739],0.3
