L,J,Q,θ,μ,ϕx,ϕy,ϕz,ndims,T,χ,dχdlogT,Λ
71,0.7,0.6180339887498949,0.4487989505128276,0.4411764705882353,3.229067569863798,0.3299713717630845,4.499184084023956,2,0.06210169418915616,[0.30615107011275056 0.0 0.0; 0.0 0.046678115006670955 -0.04115044250812449; 0.0 -0.041150442508123004 0.046541060282440226],[-0.1784983851864779 0.0 0.0; 0.0 -0.015428807768447962 0.012750687153637542; 0.0 0.012750687153637346 -0.015367855554494235],0.3
