L,J,Q,θ,μ,ϕx,ϕy,ϕz,ndims,T,χ,dχdlogT,Λ
71,4.0,0.6180339887498949,0.4487989505128276,0.15,1.8736324060542973,1.8275696295069044,5.811390459970529,2,3.856620421163471,[0.0033942748450065 0.0 0.0; 0.0 0.0002151457881326524 -9.109061506253406e-5; 0.0 -9.109061506253398e-5 0.00022279990038741933],[-0.003393128855172251 0.0 0.0; 0.0 -0.00021505083746893846 9.105084440378144e-5; 0.0 9.105084440377911e-5 -0.0002227093617487013],0.3
