L,J,Q,θ,μ,ϕx,ϕy,ϕz,ndims,T,χ,dχdlogT,Λ
71,2.0,0.6180339887498949,0.4487989505128276,0.25,5.740732433376171,6.237769077588762,5.286294871706147,2,3.856620421163471,[0.004834269321698668 0.0 0.0; 0.0 0.00038307970640243674 -0.00027597602361698954; 0.0 -0.0002759760236169915 0.0003659924013420662],[-0.004832635307221743 0.0 0.0; 0.0 -0.0003828592455143995 0.00027581161342099314; 0.0 0.0002758116134209871 -0.00036577542657420054],0.3
