L,J,Q,θ,μ,ϕx,ϕy,ϕz,ndims,T,χ,dχdlogT,Λ
71,0.0,0.6180339887498949,0.4487989505128276,0.75,0.8651877410637341,5.60382759600108,0.051235859328841206,2,2.043359717856942,[0.011570007080418668 0.0 0.0; 0.0 0.004626560899961948 -0.003756089624805623; 0.0 -0.0037560896248056224 0.0045461739429373945],[-0.01155599533093467 0.0 0.0; 0.0 -0.00462083234472109 0.0037515261301289122; 0.0 0.003751526130128911 -0.0045407285098275265],0.3
