L,J,Q,θ,μ,ϕx,ϕy,ϕz,ndims,T,χ,dχdlogT,Λ
71,1.0,0.6180339887498949,0.4487989505128276,0.375,0.04794858829728465,2.3412264847098085,5.747630452081085,2,0.30391953823131973,[0.08125764590595876 0.0 0.0; 0.0 0.011617754843388877 -0.010368833763164817; 0.0 -0.0103688337631646 0.011572277844420692],[-0.0772328429627491 0.0 0.0; 0.0 -0.010610236595508356 0.009454916779432677; 0.0 0.009454916779432792 -0.01056632611376153],0.3
