L,J,Q,θ,μ,ϕx,ϕy,ϕz,ndims,T,χ,dχdlogT,Λ
71,1.0,0.6180339887498949,0.4487989505128276,0.375,0.9080487978982934,6.045819004612462,5.895824398121898,2,0.006723357536499335,[0.6671970223313194 0.0 0.0; 0.0 0.040026909738385984 -0.033098850438970415; 0.0 -0.033098850438969936 0.03978135522550293],[-0.17377892207389198 0.0 0.0; 0.0 -0.0016260924815784624 0.00016264134568992478; 0.0 0.00016264134568992947 -0.0009702416311434026],0.3
