L,J,Q,θ,μ,ϕx,ϕy,ϕz,ndims,T,χ,dχdlogT,Λ
71,0.2,0.6180339887498949,0.4487989505128276,0.625,2.903410484666291,3.212012235175181,2.2022524608562097,2,10.0,[0.0025242366874788274 0.0 0.0; 0.0 0.0008979264757614814 -0.0007774315520435936; 0.0 -0.0007774315520435916 0.0008967496667047918],[-0.0025241086014530095 0.0 0.0; 0.0 -0.0008978795751947476 0.0007773909643841889; 0.0 0.0007773909643842004 -0.0008967028470946047],0.3
