L,J,Q,θ,ϕx,ϕy,ϕz,ndims,T,χ,dχdlogT,Λ
71,0.2,0.6180339887498949,0.4487989505128276,0.45485070422243523,2.5319649035331926,4.952427249816695,2,0.06210169418915616,[0.432970934699922 0.0 0.0; 0.0 0.22044387796112846 -0.21928468785491315; 0.0 -0.21928468785491492 0.22032222030134196],[-0.26863616908429194 0.0 0.0; 0.0 -0.12604677241817777 0.1256969562257028; 0.0 0.12569695622570387 -0.12595584651199312],0.3
