L,J,Q,θ,μ,ϕx,ϕy,ϕz,ndims,T,χ,dχdlogT,Λ
71,0.7,0.6180339887498949,0.4487989505128276,0.4411764705882353,3.3269338046378176,0.30106851053895584,3.891592634817262,2,0.006723357536499335,[0.6882018175807526 0.0 0.0; 0.0 0.05844509901154364 -0.047561022744975666; 0.0 -0.04756102274497638 0.05696409988977288],[-0.17480048851345478 0.0 0.0; 0.0 -0.002158199701603221 -0.00040533486037899784; 0.0 -0.00040533486037900386 -0.0012966421993035303],0.3
