L,J,Q,θ,μ,ϕx,ϕy,ϕz,ndims,T,χ,dχdlogT,Λ
71,4.0,0.6180339887498949,0.4487989505128276,0.15,0.9080487978982934,6.045819004612462,5.895824398121898,2,0.7880462815669912,[0.015793825466573718 0.0 0.0; 0.0 0.0009234893083419032 -0.00038758304545115114; 0.0 -0.00038758304545114696 0.000960915872512627],[-0.015664844085221886 0.0 0.0; 0.0 -0.0009134951424273513 0.0003829901917685821; 0.0 0.0003829901917685869 -0.0009503445705182169],0.3
