L,J,Q,θ,μ,ϕx,ϕy,ϕz,ndims,T,χ,dχdlogT,Λ
71,2.0,0.6180339887498949,0.4487989505128276,0.25,2.293346086788642,6.076104918668007,3.1639999693783416,2,0.017433288221999882,[0.38989250433546424 0.0 0.0; 0.0 0.019374122336965 -0.013947373424236405; 0.0 -0.013947373424236575 0.018251234744977467],[-0.13856946776309412 0.0 0.0; 0.0 -0.0028382852583522383 0.0018844919820835335; 0.0 0.0018844919820835341 -0.0024807151903640245],0.3
