L,J,Q,θ,μ,ϕx,ϕy,ϕz,ndims,T,χ,dχdlogT,Λ
71,2.0,0.6180339887498949,0.4487989505128276,0.25,1.071075307057084,0.8392702853433741,3.9271510690544,2,0.01268961003167922,[0.41596645627217854 0.0 0.0; 0.0 0.01643568885816093 -0.01208399135009689; 0.0 -0.012083991350096744 0.017599739168722164],[-0.12217096626659947 0.0 0.0; 0.0 -0.0011731018663327037 0.0009682330258205109; 0.0 0.0009682330258205077 -0.0019865691550848548],0.3
