L,J,Q,θ,μ,ϕx,ϕy,ϕz,ndims,T,χ,dχdlogT,Λ
71,4.0,0.6180339887498949,0.4487989505128276,0.15,1.071075307057084,0.8392702853433741,3.9271510690544,2,0.004893900918477494,[0.3097856367315151 0.0 0.0; 0.0 0.01369894253398769 -0.006430185142631976; 0.0 -0.006430185142631951 0.013382952560671063],[-0.04965444270360787 0.0 0.0; 0.0 -0.0020180782683628905 0.0010256356817200348; 0.0 0.0010256356817200478 -0.0009658723088804967],0.3
