L,J,Q,θ,ϕx,ϕy,ϕz,ndims,T,χ,dχdlogT,Λ
71,2.0,0.6180339887498949,0.4487989505128276,2.4167296146015476,0.46467470437657127,4.249027391821591,2,2.592943797404667e-5,[1.6975142682133608 0.0 0.0; 0.0 0.023789127416712855 -0.015365577592019158; 0.0 -0.01536557759201926 0.01989157413523714],[-0.04050897088482656 0.0 0.0; 0.0 -7.464550849015703e-5 2.3041562433996313e-5; 0.0 2.3041562433996307e-5 -1.1651876809489688e-5],0.3
