L,J,Q,θ,μ,ϕx,ϕy,ϕz,ndims,T,χ,dχdlogT,Λ
71,20.0,0.6180339887498949,0.4487989505128276,0.75,3.294647755421864,5.417023227032609,3.2719091509985945,2,5.298316906283709,[0.0008984995727560616 0.0 0.0; 0.0 3.828516422003987e-5 -7.871308667953584e-6; 0.0 -7.871308667953581e-6 3.5922673558185714e-5],[-0.0008983393066900221 0.0 0.0; 0.0 -3.8280054368155146e-5 7.869905776436504e-6; 0.0 7.869905776436503e-6 -3.5916068385998985e-5],0.3
