L,J,Q,θ,μ,ϕx,ϕy,ϕz,ndims,T,χ,dχdlogT,Λ
71,4.0,0.6180339887498949,0.4487989505128276,0.15,0.6402292625156705,3.4522164941781406,2.487652041625667,2,0.16102620275609392,[0.0827178544516508 0.0 0.0; 0.0 0.005036900421867781 -0.0019509018260763058; 0.0 -0.0019509018260763125 0.004893768502888819],[-0.07107883033570539 0.0 0.0; 0.0 -0.004059730379958575 0.0015423986202056034; 0.0 0.0015423986202055876 -0.0038944992998797773],0.3
