L,J,Q,θ,ϕx,ϕy,ϕz,ndims,T,χ,dχdlogT,Λ
71,0.2,0.6180339887498949,0.4487989505128276,5.572117758521282,4.729888087704749,1.3488104122557083,2,0.0853167852417281,[0.2683929707008053 0.0 0.0; 0.0 0.10415775458319905 -0.09833599533640902; 0.0 -0.09833599533640851 0.10415475985276275],[-0.17816857581416679 0.0 0.0; 0.0 -0.06646859555797795 0.06272173187624706; 0.0 0.06272173187624511 -0.0664369108812394],0.3
