L,J,Q,θ,μ,ϕx,ϕy,ϕz,ndims,T,χ,dχdlogT,Λ
71,20.0,0.6180339887498949,0.4487989505128276,0.75,3.7410222069360826,2.6950718831975515,2.916074054151873,2,7.27895384398315,[0.0005859147450473442 0.0 0.0; 0.0 2.9344505984879462e-5 -5.662891772332678e-6; 0.0 -5.662891772332673e-6 2.2708331663308762e-5],[-0.0005858651839944612 0.0 0.0; 0.0 -2.9341973993784727e-5 5.6626794965165226e-6; 0.0 5.662679496516517e-6 -2.270611128466978e-5],0.3
