L,J,Q,θ,μ,ϕx,ϕy,ϕz,ndims,T,χ,dχdlogT,Λ
71,0.2,0.6180339887498949,0.4487989505128276,0.625,2.293346086788642,6.076104918668007,3.1639999693783416,2,0.009236708571873866,[0.5941085727746132 0.0 0.0; 0.0 0.17337039888074665 -0.14528446143160545; 0.0 -0.14528446143160195 0.1728372573892006],[-0.15754339909914938 0.0 0.0; 0.0 -0.021785846688137645 0.014181119118833792; 0.0 0.014181119118833824 -0.021192480583934293],0.3
