L,J,Q,θ,ϕx,ϕy,ϕz,ndims,T,χswave,χdwave
11,1.25,0.6180339887498949,0.4487989505128276,0.0,0.0,0.0,3,0.0117210229753348,0.6889482426647726,0.8021369711705147
