L,J,Q,θ,ϕx,ϕy,ϕz,ndims,T,χswave,χdwave
11,3.0,0.6180339887498949,0.4487989505128276,0.0,0.0,0.0,3,0.017433288221999882,1.6051720096973923,2.922653911322989
