L,J,Q,θ,ϕx,ϕy,ϕz,ndims,T,χswave,χdwave
11,0.75,0.6180339887498949,0.4487989505128276,0.0,0.0,0.0,3,6.7233575364993365,0.036740795875002175,0.036903614035063315
