L,J,Q,θ,ϕx,ϕy,ϕz,ndims,T,χswave,χdwave
13,2.75,0.6180339887498949,0.4487989505128276,0.0,0.0,0.0,3,0.00032903445623126676,5.078357111580591,11.775048642638286
