L,J,Q,θ,ϕx,ϕy,ϕz,ndims,T,χ,dχdlogT,Λ
15,5.0,0.6180339887498949,0.4487989505128276,0.0,0.0,0.0,3,0.0018873918221350976,[0.36695417716116846 0.0 0.0 0.0; 0.0 0.04337325513390546 -0.007454752542699365 -0.004564192320952957; 0.0 -0.0074547525426976345 0.040482985322013304 -0.0018083308870461903; 0.0 -0.004564192320952689 -0.0018083308870459934 0.03969946925463567],[-0.01215205581386709 0.0 0.0 0.0; 0.0 -8.760526684537785e-5 -1.4866566877705116e-5 2.9638327223051257e-5; 0.0 -1.4866566877704767e-5 -0.00035657193063462624 0.00020576828750014454; 0.0 2.9638327223051118e-5 0.00020576828750014375 -0.00011317383561463838],0.3
