L,J,Q,θ,ϕx,ϕy,ϕz,ndims,T,χ,dχdlogT,Λ
15,4.231034482758621,0.6180339887498949,0.4487989505128276,0.0,0.0,0.0,3,0.03290344562312668,[0.30959890508199944 0.0 0.0 0.0; 0.0 0.047096957623564875 -0.007294503367138808 -0.005592614401755519; 0.0 -0.007294503367139384 0.04348014036327122 -0.0014887771682982488; 0.0 -0.005592614401756456 -0.0014887771682978463 0.04474746841345936],[-0.05263235990027054 0.0 0.0 0.0; 0.0 -0.002182630833095472 0.0016960383795929265 0.00034992550438181524; 0.0 0.0016960383795928426 -0.0018434999016583783 -0.00014455850079273381; 0.0 0.0003499255043818275 -0.0001445585007927348 -0.0006924399499802525],0.3
