L,J,Q,θ,ϕx,ϕy,ϕz,ndims,T,χ,dχdlogT,Λ
15,4.365517241379311,0.6180339887498949,0.4487989505128276,0.0,0.0,0.0,3,3.856620421163471,[0.0563779111429955 0.0 0.0 0.0; 0.0 0.024800442721859318 -0.00034337033775893596 -0.0003492569010518856; 0.0 -0.00034337033775919693 0.02427050974469685 -0.0002977991022369315; 0.0 -0.0003492569010518456 -0.0002977991022369085 0.024523286201279425],[-0.04439133126392467 0.0 0.0 0.0; 0.0 -0.014786579642180277 0.0007090624015481335 0.0007263793459954418; 0.0 0.0007090624015481928 -0.013887450438222993 0.0005436677387097182; 0.0 0.0007263793459956 0.0005436677387096637 -0.01434010525703535],0.3
