L,J,Q,θ,ϕx,ϕy,ϕz,ndims,T,χ,dχdlogT,Λ
15,4.75,0.6180339887498949,0.4487989505128276,0.0,0.0,0.0,3,0.0018873918221350976,[0.40853753689891187 0.0 0.0 0.0; 0.0 0.045543545817554126 -0.008855969902069083 -0.004840041852874417; 0.0 -0.008855969902069135 0.04347774599489125 -0.002112339720963956; 0.0 -0.004840041852874006 -0.0021123397209638108 0.04199177486297781],[-0.044492985200317095 0.0 0.0 0.0; 0.0 -0.0004578986032674141 0.0006011366197420598 -0.0003858128975244607; 0.0 0.0006011366197420783 -0.0012701442267851893 0.0007219303459206092; 0.0 -0.00038581289752445306 0.0007219303459206125 -0.00024311409574247314],0.3
