L,J,Q,θ,ϕx,ϕy,ϕz,ndims,T,χ,dχdlogT,Λ
15,0.5,0.6180339887498949,0.4487989505128276,0.0,0.0,0.0,3,0.002592943797404667,[1.0454211407144416 0.0 0.0 0.0; 0.0 0.21579095343440177 -0.06402280344257931 -0.06317413247011573; 0.0 -0.06402280344257912 0.19648098799705965 -0.046882020029197516; 0.0 -0.06317413247011021 -0.04688202002920342 0.19743403575805676],[-0.138452957821328 0.0 0.0 0.0; 0.0 -0.0006618253089895279 2.602786863751055e-5 0.0005542225195361438; 0.0 2.6027868637514744e-5 0.00015565629190795568 -0.00017107824902539895; 0.0 0.0005542225195361774 -0.00017107824902539887 -0.00028622715544539945],0.3
