L,J,Q,θ,ϕx,ϕy,ϕz,ndims,T,χ,dχdlogT,Λ
15,4.448275862068965,0.6180339887498949,0.4487989505128276,0.0,0.0,0.0,3,0.5736152510448679,[0.15864079871475417 0.0 0.0 0.0; 0.0 0.039405001161440946 -0.002967505293481859 -0.0031057630424872647; 0.0 -0.0029675052934822997 0.03703055966625861 -0.0010139480874095798; 0.0 -0.0031057630424868934 -0.001013948087409652 0.03892115555807657],[-0.05478381037644598 0.0 0.0 0.0; 0.0 -0.0025775992992610303 0.0015305199944251223 0.0016133316488808262; 0.0 0.001530519994425133 -0.0020289276593962666 0.0001454917082462128; 0.0 0.0016133316488809374 0.0001454917082462464 -0.002774106715026311],0.3
