L,J,Q,θ,ϕx,ϕy,ϕz,ndims,T,χ,dχdlogT,Λ
15,3.25,0.6180339887498949,0.4487989505128276,0.0,0.0,0.0,3,7.27895384398315,[0.033281789259234175 0.0 0.0 0.0; 0.0 0.016208079894785073 -8.19168990828319e-5 -8.231039362715561e-5; 0.0 -8.191689908274778e-5 0.016120256337550872 -7.983129006268697e-5; 0.0 -8.231039362698472e-5 -7.983129006271563e-5 0.016161257955960764],[-0.031321995423918836 0.0 0.0 0.0; 0.0 -0.014455419077372373 0.00022439313304002567 0.0002261478397653668; 0.0 0.00022439313303996485 -0.014222763764822587 0.00021472583359784304; 0.0 0.00022614783976539576 0.00021472583359787275 -0.01433150861893223],0.3
