L,J,Q,θ,ϕx,ϕy,ϕz,ndims,T,χ,dχdlogT,Λ
15,4.272413793103448,0.6180339887498949,0.4487989505128276,0.0,0.0,0.0,3,0.04520353656360243,[0.29131823547807556 0.0 0.0 0.0; 0.0 0.04599292822402076 -0.006682713221711665 -0.005368702013554775; 0.0 -0.006682713221711176 0.04256244268753191 -0.001504337893567668; 0.0 -0.005368702013556042 -0.0015043378935673227 0.04414233246786096],[-0.05085920075012049 0.0 0.0 0.0; 0.0 -0.0022505645823973075 0.0016797934138394262 0.00038478424510540233; 0.0 0.0016797934138393618 -0.0018243673747916208 -0.00012104216402446854; 0.0 0.00038478424510540656 -0.00012104216402446001 -0.0006947849742846919],0.3
