L,J,Q,θ,ϕx,ϕy,ϕz,ndims,T,χ,dχdlogT,Λ
15,4.75,0.6180339887498949,0.4487989505128276,0.0,0.0,0.0,3,0.002592943797404667,[0.39453253400769633 0.0 0.0 0.0; 0.0 0.045395704465497504 -0.008672650494975816 -0.004945012104539647; 0.0 -0.008672650494976113 0.04307848424448946 -0.0018892852900752582; 0.0 -0.004945012104539408 -0.001889285290075089 0.04190210596170908],[-0.043173261843776484 0.0 0.0 0.0; 0.0 -0.00048238534321597143 0.0005559609478676293 -0.0002616125043804001; 0.0 0.0005559609478676369 -0.0012297606085737624 0.0006658415805811679; 0.0 -0.00026161250438040467 0.0006658415805811533 -0.0003252127912429227],0.3
