L,J,Q,θ,ϕx,ϕy,ϕz,ndims,T,χ,dχdlogT,Λ
15,4.458620689655172,0.6180339887498949,0.4487989505128276,0.0,0.0,0.0,3,0.06210169418915616,[0.26797515599866795 0.0 0.0 0.0; 0.0 0.043543504432081305 -0.005809785169383549 -0.004797606541072756; 0.0 -0.005809785169384283 0.04050239757454054 -0.0014163107748835942; 0.0 -0.004797606541072614 -0.0014163107748835896 0.04225960734570971],[-0.04809152099814077 0.0 0.0 0.0; 0.0 -0.0022041257481133303 0.0016052639051937466 0.00037447454588739135; 0.0 0.0016052639051938342 -0.001807727746982244 -4.613040562642935e-5; 0.0 0.0003744745458873854 -4.613040562642652e-5 -0.0007266165414745416],0.3
