L,J,Q,θ,ϕx,ϕy,ϕz,ndims,T,χ,dχdlogT,Λ
15,0.0,0.6180339887498949,0.4487989505128276,0.0,0.0,0.0,3,0.002592943797404667,[1.977820114568187 0.0 0.0 0.0; 0.0 0.7191747023224729 -0.30638927838831403 -0.30638927838769797; 0.0 -0.3063892783883139 0.7191747023231514 -0.30638927838833024; 0.0 -0.3063892783876981 -0.30638927838833024 0.7191747023223231],[-1.2305249997187744 0.0 0.0 0.0; 0.0 -0.41129810490392027 0.1982777722637992 0.1982777722638; 0.0 0.19827777226379892 -0.4112981049039207 0.19827777226380003; 0.0 0.19827777226380003 0.1982777722638 -0.41129810490391905],0.3
