L,J,Q,θ,ϕx,ϕy,ϕz,ndims,T,χ,dχdlogT,Λ
15,1.25,0.6180339887498949,0.4487989505128276,0.0,0.0,0.0,3,0.002592943797404667,[0.8724525483307661 0.0 0.0 0.0; 0.0 0.12333107994294906 -0.027417858270405528 -0.024756508503605754; 0.0 -0.027417858270408282 0.11100766667955865 -0.013897139956174018; 0.0 -0.024756508503603145 -0.013897139956172205 0.11218817532918364],[-0.12466184912791399 0.0 0.0 0.0; 0.0 -9.251953921402722e-5 2.8926665553047093e-5 1.5276543577585336e-5; 0.0 2.8926665553046835e-5 -2.106188839776548e-5 -3.277902631205627e-5; 0.0 1.527654357758572e-5 -3.277902631205649e-5 1.1776251173399515e-5],0.3
