L,J,Q,θ,ϕx,ϕy,ϕz,ndims,T,χ,dχdlogT,Λ
15,0.8157894736842106,0.6180339887498949,0.4487989505128276,0.0,0.0,0.0,3,0.30391953823131973,[0.3421257878987226 0.0 0.0 0.0; 0.0 0.13284369439294041 -0.026189719824517455 -0.02713095915048502; 0.0 -0.026189719824520213 0.12677061661043657 -0.022269041203638217; 0.0 -0.027130959150491823 -0.022269041203642936 0.1292202255608749],[-0.13187203807730305 0.0 0.0 0.0; 0.0 -0.02786730801491523 0.011855786066130164 0.012562367008948692; 0.0 0.0118557860661324 -0.02179573642651867 0.007195326871956987; 0.0 0.01256236700894907 0.007195326871956516 -0.02343059455962962],0.3
