L,J,Q,θ,ϕx,ϕy,ϕz,ndims,T,χ,dχdlogT,Λ
15,2.25,0.6180339887498949,0.4487989505128276,0.0,0.0,0.0,3,0.41753189365604015,[0.24119575017276432 0.0 0.0 0.0; 0.0 0.07122069104212413 -0.009020435538690847 -0.00949013412355516; 0.0 -0.009020435538692383 0.06674715558432749 -0.0046726127948907075; 0.0 -0.009490134123557934 -0.004672612794891409 0.06948209773791617],[-0.08829737398894281 0.0 0.0 0.0; 0.0 -0.0071425340452969145 0.0038380969704924473 0.004231452071430326; 0.0 0.0038380969704918015 -0.004962855500319445 0.0003938439471976976; 0.0 0.00423145207143042 0.0003938439471977318 -0.006369527055480562],0.3
