L,J,Q,θ,ϕx,ϕy,ϕz,ndims,T,χ,dχdlogT,Λ
15,4.437931034482759,0.6180339887498949,0.4487989505128276,0.0,0.0,0.0,3,0.7880462815669912,[0.14117729132246118 0.0 0.0 0.0; 0.0 0.038539272656710005 -0.0024733558154684597 -0.002578772690601586; 0.0 -0.0024733558154684406 0.03637488437840906 -0.0009783598233522501; 0.0 -0.0025787726906018153 -0.000978359823352233 0.03799848759020908],[-0.056201506250562284 0.0 0.0 0.0; 0.0 -0.003439968277886744 0.001628201681201748 0.001746139247523958; 0.0 0.001628201681201692 -0.002648906645333324 0.00012718643613215055; 0.0 0.0017461392475243112 0.00012718643613217554 -0.0035969653634747713],0.3
