L,J,Q,θ,ϕx,ϕy,ϕz,ndims,T,χ,dχdlogT,Λ
15,1.25,0.6180339887498949,0.4487989505128276,0.0,0.0,0.0,3,2.807216203941177,[0.0828775828901153 0.0 0.0 0.0; 0.0 0.04017086800479214 -0.0011729864348060312 -0.0011783862128913758; 0.0 -0.0011729864348056984 0.039961256716199406 -0.0011451477609621535; 0.0 -0.0011783862128912676 -0.0011451477609620917 0.04006097621016403],[-0.0725662897500606 0.0 0.0 0.0; 0.0 -0.03302302514513381 0.002837808699532942 0.002859899385641345; 0.0 0.0028378086995329175 -0.03249006949216052 0.0027208624426592206; 0.0 0.002859899385641144 0.0027208624426583636 -0.03274633830249208],0.3
