L,J,Q,θ,ϕx,ϕy,ϕz,ndims,T,χ,dχdlogT,Λ
15,2.25,0.6180339887498949,0.4487989505128276,0.0,0.0,0.0,3,0.002592943797404667,[0.7001795727708334 0.0 0.0 0.0; 0.0 0.08276069131316363 -0.01626675719746178 -0.014915910244119368; 0.0 -0.016266757197460072 0.0737862477552054 -0.004658335932421019; 0.0 -0.014915910244120001 -0.004658335932420889 0.07673306275563692],[-0.08968965371031669 0.0 0.0 0.0; 0.0 -0.00014103336502453885 0.00011594884131988513 -9.617140185173157e-6; 0.0 0.00011594884131988036 -9.70781478184878e-5 -2.1696726626040106e-5; 0.0 -9.617140185172479e-6 -2.1696726626040228e-5 5.454974304443118e-5],0.3
