L,J,Q,θ,ϕx,ϕy,ϕz,ndims,T,χ,dχdlogT,Λ
15,0.75,0.6180339887498949,0.4487989505128276,0.0,0.0,0.0,3,0.04520353656360243,[0.5976194744668597 0.0 0.0 0.0; 0.0 0.16776719796387485 -0.042883535340191764 -0.04178632222717197; 0.0 -0.042883535340190036 0.15185983390181107 -0.02857025466702962; 0.0 -0.04178632222717874 -0.028570254667028 0.153639350537743],[-0.13243000881633746 0.0 0.0 0.0; 0.0 -0.0065444421194723245 0.003914972507342234 0.002278929883284393; 0.0 0.003914972507342991 -0.003604802025743252 -0.0001733163678862588; 0.0 0.0022789298832838244 -0.00017331636788625913 -0.0023421041309436624],0.3
