L,J,Q,θ,ϕx,ϕy,ϕz,ndims,T,χ,dχdlogT,Λ
15,4.313793103448276,0.6180339887498949,0.4487989505128276,0.0,0.0,0.0,3,2.807216203941177,[0.07166546011085713 0.0 0.0 0.0; 0.0 0.029454376227188148 -0.0006326523333640606 -0.0006460931410168253; 0.0 -0.0006326523333637557 0.02860811079861257 -0.0005014835210756597; 0.0 -0.0006460931410166962 -0.0005014835210757799 0.029030373915684273],[-0.05066426102765218 0.0 0.0 0.0; 0.0 -0.013377119748507742 0.0010853145639938791 0.001115737606827116; 0.0 0.0010853145639939078 -0.012279221694473234 0.0006830031630513328; 0.0 0.0011157376068271546 0.0006830031630511692 -0.012913580854750983],0.3
