L,J,Q,θ,ϕx,ϕy,ϕz,ndims,T,χ,dχdlogT,Λ
15,4.406896551724138,0.6180339887498949,0.4487989505128276,0.0,0.0,0.0,3,0.02395026619987486,[0.3184106970494984 0.0 0.0 0.0; 0.0 0.04619031640120277 -0.00758006104037919 -0.005242843468569417; 0.0 -0.007580061040379304 0.04276502413780051 -0.0013476663538468008; 0.0 -0.005242843468570589 -0.0013476663538467114 0.04338799650771795],[-0.053452846831734596 0.0 0.0 0.0; 0.0 -0.0023199834806908 0.0019012240333639483 0.0002605486100548663; 0.0 0.0019012240333638529 -0.00211443776565963 -9.11419879803341e-5; 0.0 0.00026054861005489634 -9.114198798033349e-5 -0.0007555041127001726],0.3
