L,J,Q,θ,ϕx,ϕy,ϕz,ndims,T,χ,dχdlogT,Λ
15,4.479310344827586,0.6180339887498949,0.4487989505128276,0.0,0.0,0.0,3,0.0018873918221350976,[0.47860637461092553 0.0 0.0 0.0; 0.0 0.05290884566608446 -0.013284764425480194 -0.00505760119155081; 0.0 -0.013284764425479234 0.048510938504959404 -0.0015454067755347127; 0.0 -0.005057601191550626 -0.001545406775535152 0.04534577749268906],[-0.07152013026150157 0.0 0.0 0.0; 0.0 -0.0022045396534248213 0.0017252838302644648 -0.00041999335884710477; 0.0 0.001725283830264439 -0.0021709893824244553 0.00024580116617179857; 0.0 -0.0004199933588470984 0.00024580116617180036 -0.0003845551284734461],0.3
