L,J,Q,θ,ϕx,ϕy,ϕz,ndims,T,χ,dχdlogT,Λ
15,1.0,0.6180339887498949,0.4487989505128276,0.0,0.0,0.0,3,0.41753189365604015,[0.29296305463576516 0.0 0.0 0.0; 0.0 0.11440599346883153 -0.019518268097039625 -0.02021392801912029; 0.0 -0.019518268097043583 0.10943079186147825 -0.016213206975643366; 0.0 -0.02021392801911977 -0.016213206975641714 0.11163315958173728],[-0.12638799113818608 0.0 0.0 0.0; 0.0 -0.02753079746026692 0.010985530902439632 0.011794601744913593; 0.0 0.010985530902441447 -0.022215743081793818 0.006665050105152128; 0.0 0.011794601744912418 0.006665050105152106 -0.024067621499176888],0.3
