L,J,Q,θ,ϕx,ϕy,ϕz,ndims,T,χ,dχdlogT,Λ
15,4.293103448275863,0.6180339887498949,0.4487989505128276,0.0,0.0,0.0,3,0.002592943797404667,[0.44110677058152964 0.0 0.0 0.0; 0.0 0.05089245741713422 -0.011547667351944941 -0.006180374330094982; 0.0 -0.011547667351944428 0.048331575445743645 -0.0009785378554802453; 0.0 -0.006180374330094425 -0.0009785378554802529 0.045864966695443474],[-0.039826900743815015 0.0 0.0 0.0; 0.0 -0.0014308321398989585 0.0017418877375126106 0.0004565288732830946; 0.0 0.001741887737512631 -0.0023226997990494973 -0.000395970333563528; 0.0 0.00045652887328309535 -0.00039597033356353535 -0.0004358694343001162],0.3
