L,J,Q,θ,ϕx,ϕy,ϕz,ndims,T,χ,dχdlogT,Λ
15,4.427586206896552,0.6180339887498949,0.4487989505128276,0.0,0.0,0.0,3,0.004893900918477494,[0.4114405094714361 0.0 0.0 0.0; 0.0 0.0504624688360326 -0.011241920133759704 -0.005183546952096655; 0.0 -0.011241920133759803 0.046560984022365325 -0.001529908926803617; 0.0 -0.005183546952097143 -0.001529908926803494 0.04480297517811907],[-0.06452869929187767 0.0 0.0 0.0; 0.0 -0.0037181274467079344 0.0027935371878560597 -0.00044490535375783905; 0.0 0.00279353718785599 -0.002685658687746103 0.0004256850583291424; 0.0 -0.00044490535375782555 0.0004256850583291509 -0.001191293923640335],0.3
