L,J,Q,θ,ϕx,ϕy,ϕz,ndims,T,χ,dχdlogT,Λ
15,4.220689655172414,0.6180339887498949,0.4487989505128276,0.0,0.0,0.0,3,0.04520353656360243,[0.2935860483635423 0.0 0.0 0.0; 0.0 0.04649497157798577 -0.006779903903192479 -0.005501899630939824; 0.0 -0.006779903903192782 0.04298770547860468 -0.001539180605829827; 0.0 -0.005501899630941182 -0.0015391806058299101 0.04462638307812908],[-0.05114719115572813 0.0 0.0 0.0; 0.0 -0.0022287644202066102 0.0016573284804316522 0.00039052650686282903; 0.0 0.0016573284804316626 -0.0017855818084307755 -0.00012242871438695516; 0.0 0.00039052650686285847 -0.00012242871438695235 -0.0006901236575966129],0.3
