L,J,Q,θ,ϕx,ϕy,ϕz,ndims,T,χ,dχdlogT,Λ
15,4.2,0.6180339887498949,0.4487989505128276,0.0,0.0,0.0,3,0.5736152510448679,[0.16343999103401036 0.0 0.0 0.0; 0.0 0.04146293336057604 -0.003255748174866438 -0.0034135531379155103; 0.0 -0.0032557481748665225 0.0389838400286141 -0.001163925063363572; 0.0 -0.0034135531379153213 -0.001163925063363514 0.04093571075206069],[-0.05744563338214733 0.0 0.0 0.0; 0.0 -0.002881467453389698 0.0016937698892833062 0.0018120763039860197; 0.0 0.0016937698892832381 -0.0022367419413373375 0.00015639469670677882; 0.0 0.0018120763039858746 0.00015639469670679495 -0.0030742023230206643],0.3
