L,J,Q,θ,ϕx,ϕy,ϕz,ndims,T,χ,dχdlogT,Λ
15,0.75,0.6180339887498949,0.4487989505128276,0.0,0.0,0.0,3,7.27895384398315,[0.034007115959771746 0.0 0.0 0.0; 0.0 0.01695575487100521 -8.977739899306955e-5 -8.980358075536226e-5; 0.0 -8.977739899299848e-5 0.01695026611558418 -8.965076954582947e-5; 0.0 -8.980358075530324e-5 -8.965076954601954e-5 0.01695283937910907],[-0.03334856016211045 0.0 0.0 0.0; 0.0 -0.016534502098814775 0.0002610594925501878 0.0002611871288467055; 0.0 0.0002610594925500216 -0.016518340188959958 0.0002604418122606497; 0.0 0.00026118712884694154 0.0002604418122606225 -0.01652593746388962],0.3
