L,J,Q,θ,ϕx,ϕy,ϕz,ndims,T,χ,dχdlogT,Λ
15,1.75,0.6180339887498949,0.4487989505128276,0.0,0.0,0.0,3,0.5736152510448679,[0.22865495477757075 0.0 0.0 0.0; 0.0 0.08073842159796846 -0.010113467981976787 -0.010507142005683248; 0.0 -0.010113467981974603 0.07664418252624984 -0.00693543197824214; 0.0 -0.010507142005681867 -0.006935431978242862 0.07881332052324029],[-0.10383492607652585 0.0 0.0 0.0; 0.0 -0.015925904246426575 0.006288683514205016 0.006821714905016596; 0.0 0.006288683514206069 -0.012589178128370189 0.0021934657983149605; 0.0 0.006821714905014952 0.0021934657983153747 -0.014383092731999954],0.3
