L,J,Q,θ,ϕx,ϕy,ϕz,ndims,T,χ,dχdlogT,Λ
15,4.210344827586207,0.6180339887498949,0.4487989505128276,0.0,0.0,0.0,3,0.003562247890262444,[0.43424223247360433 0.0 0.0 0.0; 0.0 0.05061363633076017 -0.010638477415092502 -0.006201381903866451; 0.0 -0.010638477415091245 0.047713992281389776 -0.0011671338746364448; 0.0 -0.006201381903867084 -0.0011671338746367772 0.0463490046046676],[-0.06216634330477471 0.0 0.0 0.0; 0.0 -0.0014379071126200053 0.001588565266817739 0.00033206919365524017; 0.0 0.0015885652668177434 -0.0021996213457538016 -0.0002766592250636186; 0.0 0.00033206919365524044 -0.00027665922506362535 -0.0005700911833395355],0.3
