L,J,Q,θ,ϕx,ϕy,ϕz,ndims,T,χ,dχdlogT,Λ
15,5.75,0.6180339887498949,0.4487989505128276,0.0,0.0,0.0,3,5.298316906283709,[0.04172448373063502 0.0 0.0 0.0; 0.0 0.018500606682243657 -0.00014335703592518003 -0.00014573837156267306; 0.0 -0.00014335703592524337 0.018123177721334722 -0.00012534577081384636; 0.0 -0.0001457383715627416 -0.00012534577081386235 0.018301438775409275],[-0.03371899500889818 0.0 0.0 0.0; 0.0 -0.011540350026554862 0.0003109196679094994 0.00031830683255028877; 0.0 0.0003109196679094993 -0.010878761309908924 0.0002429495499532501; 0.0 0.0003183068325503032 0.00024294954995322926 -0.011204434852489443],0.3
