L,J,Q,θ,ϕx,ϕy,ϕz,ndims,T,χ,dχdlogT,Λ
15,1.5,0.6180339887498949,0.4487989505128276,0.0,0.0,0.0,3,0.0853167852417281,[0.43843243806629695 0.0 0.0 0.0; 0.0 0.1054818132424847 -0.020373391233083377 -0.020185830023396273; 0.0 -0.02037339123308472 0.09558378063509822 -0.010130255367485503; 0.0 -0.020185830023398275 -0.010130255367484284 0.09873162540990071],[-0.10434437422475266 0.0 0.0 0.0; 0.0 -0.003129996548979265 0.0021726131229097404 0.0008660135274035698; 0.0 0.0021726131229090908 -0.001988866874388691 0.00011345061649071473; 0.0 0.0008660135274035864 0.00011345061649070493 -0.001273233238348857],0.3
