L,J,Q,θ,ϕx,ϕy,ϕz,ndims,T,χ,dχdlogT,Λ
15,4.293103448275863,0.6180339887498949,0.4487989505128276,0.0,0.0,0.0,3,0.004893900918477494,[0.411876369632324 0.0 0.0 0.0; 0.0 0.05002128627565775 -0.010506342450073035 -0.0059094451173176115; 0.0 -0.010506342450072524 0.046916983981514844 -0.001200536423046165; 0.0 -0.0059094451173171145 -0.0012005364230460872 0.04554888713173464],[-0.051541098130516695 0.0 0.0 0.0; 0.0 -0.001347774494806353 0.0015630960419491227 0.00037131781167035324; 0.0 0.0015630960419491208 -0.0021256049570240127 -0.0002777683024026421; 0.0 0.00037131781167036067 -0.00027776830240264065 -0.0005713394189910303],0.3
