L,J,Q,θ,ϕx,ϕy,ϕz,ndims,T,χ,dχdlogT,Λ
15,0.0,0.6180339887498949,0.4487989505128276,0.0,0.0,0.0,3,0.004893900918477494,[1.3949711116444794 0.0 0.0 0.0; 0.0 0.5252953959854443 -0.2129270215592979 -0.21292702155962587; 0.0 -0.21292702155929794 0.525295395985147 -0.21292702155929394; 0.0 -0.2129270215596259 -0.21292702155929386 0.5252953959855592],[-0.6685508354020687 0.0 0.0 0.0; 0.0 -0.22013278947907447 0.10611827018309415 0.10611827018309365; 0.0 0.10611827018309407 -0.2201327894790739 0.10611827018309322; 0.0 0.10611827018309374 0.10611827018309329 -0.22013278947907278],0.3
