L,J,Q,θ,ϕx,ϕy,ϕz,ndims,T,χ,dχdlogT,Λ
20,4.375862068965517,0.6180339887498949,0.4487989505128276,0.0,0.0,0.0,3,0.2212216291070449,[0.209987722600379 0.0 0.0 0.0; 0.0 0.04151593678918246 -0.0043848982568823434 -0.00444616130129967; 0.0 -0.004384898256884076 0.03878907834490428 -0.001191905022303117; 0.0 -0.004446161301299223 -0.0011919050223031834 0.041170993731590465],[-0.050260196557155946 0.0 0.0 0.0; 0.0 -0.0015699692651190995 0.0009432823563285203 0.0008817086987955049; 0.0 0.0009432823563289993 -0.001332293569639246 0.0001424747018615045; 0.0 0.0008817086987953989 0.000142474701861459 -0.0018598026251727764],0.3
