L,J,Q,θ,ϕx,ϕy,ϕz,ndims,T,χ,dχdlogT,Λ
20,5.75,0.6180339887498949,0.4487989505128276,0.0,0.0,0.0,3,1.0826367338740543,[0.10875874060848442 0.0 0.0 0.0; 0.0 0.02961844325803875 -0.0013190718159490058 -0.0013590193079066734; 0.0 -0.0013190718159487073 0.027951473481973833 -0.0005103358489281333; 0.0 -0.0013590193079068532 -0.0005103358489279965 0.029075538274670073],[-0.045493043375702945 0.0 0.0 0.0; 0.0 -0.0026068743813869493 0.0010182619835715273 0.0010351266883178941; 0.0 0.0010182619835723311 -0.0019962818968680806 5.819313019829902e-5; 0.0 0.0010351266883181437 5.8193130198340624e-5 -0.0026985998645565686],0.3
