L,J,Q,θ,ϕx,ϕy,ϕz,ndims,T,χ,dχdlogT,Λ
20,4.386206896551724,0.6180339887498949,0.4487989505128276,0.0,0.0,0.0,3,0.04520353656360243,[0.28458340991848746 0.0 0.0 0.0; 0.0 0.043955813750614074 -0.005615948114274599 -0.005446599711393666; 0.0 -0.005615948114275706 0.0402864813295757 -0.0012904014011511497; 0.0 -0.005446599711397619 -0.0012904014011516187 0.04297527305127913],[-0.04607417396979153 0.0 0.0 0.0; 0.0 -0.001711704819579385 0.0007849245012363915 0.0006270556332873478; 0.0 0.0007849245012362226 -0.0007488542024583687 -6.39500894205638e-5; 0.0 0.0006270556332871964 -6.395008942055844e-5 -0.0008031853475339581],0.3
