L,J,Q,θ,ϕx,ϕy,ϕz,ndims,T,χ,dχdlogT,Λ
20,3.5,0.6180339887498949,0.4487989505128276,0.0,0.0,0.0,3,0.2212216291070449,[0.23835384572061405 0.0 0.0 0.0; 0.0 0.0509777758166092 -0.006248577662504263 -0.006474234777921345; 0.0 -0.006248577662503137 0.047241228999604604 -0.0019777039959671294; 0.0 -0.006474234777919477 -0.0019777039959677006 0.04999187691905923],[-0.060608916049474194 0.0 0.0 0.0; 0.0 -0.0023134768436831456 0.0014563531063317807 0.0014347800923644116; 0.0 0.0014563531063312772 -0.001561579203339882 0.00015930440840895873; 0.0 0.0014347800923642112 0.00015930440840889351 -0.002160295061350277],0.3
