L,J,Q,θ,ϕx,ϕy,ϕz,ndims,T,χ,dχdlogT,Λ
20,4.479310344827586,0.6180339887498949,0.4487989505128276,0.0,0.0,0.0,3,0.0018873918221350976,[0.4369238372281292 0.0 0.0 0.0; 0.0 0.047759255546558514 -0.006950530747349717 -0.007088825783713661; 0.0 -0.006950530747353323 0.0409095376653584 -0.0009304425875570145; 0.0 -0.007088825783712807 -0.0009304425875568137 0.04358421878724931],[-0.048955979044621525 0.0 0.0 0.0; 0.0 -0.0013584447659384833 0.00014349503159085024 0.0007357278089059062; 0.0 0.00014349503159085365 -0.00015730272504623795 -9.389966039513695e-5; 0.0 0.000735727808905856 -9.389966039513603e-5 -0.00045753845397660176],0.3
