L,J,Q,θ,ϕx,ϕy,ϕz,ndims,T,χ,dχdlogT,Λ
20,4.2,0.6180339887498949,0.4487989505128276,0.0,0.0,0.0,3,0.006723357536499335,[0.388481733730847 0.0 0.0 0.0; 0.0 0.04849231093560369 -0.007420596475135827 -0.006829590408297126; 0.0 -0.007420596475137551 0.04298819396391708 -0.0011049440729346278; 0.0 -0.006829590408294447 -0.0011049440729346551 0.04532710877582112],[-0.04890910735743002 0.0 0.0 0.0; 0.0 -0.0010585528446714302 0.0005831938803582467 0.00035976415869554335; 0.0 0.000583193880358297 -0.00042846987638274763 -0.00021090619675134253; 0.0 0.0003597641586955495 -0.00021090619675134483 -0.00021668596840788797],0.3
