L,J,Q,θ,ϕx,ϕy,ϕz,ndims,T,χ,dχdlogT,Λ
20,1.0,0.6180339887498949,0.4487989505128276,0.0,0.0,0.0,3,0.30391953823131973,[0.3312162150513273 0.0 0.0 0.0; 0.0 0.1215666838118334 -0.023156313224908666 -0.024063678616298323; 0.0 -0.02315631322491285 0.11422087183671556 -0.0182295754774386; 0.0 -0.024063678616292876 -0.018229575477435058 0.11715428792107553],[-0.12384122795441506 0.0 0.0 0.0; 0.0 -0.021505282181584224 0.009393809065024716 0.009817981078337748; 0.0 0.009393809065026414 -0.014864672415628884 0.004027133222986043; 0.0 0.009817981078330023 0.004027133222987785 -0.01651938739150235],0.3
