L,J,Q,θ,ϕx,ϕy,ϕz,ndims,T,χ,dχdlogT,Λ
20,2.5,0.6180339887498949,0.4487989505128276,0.0,0.0,0.0,3,0.02395026619987486,[0.4550266836559361 0.0 0.0 0.0; 0.0 0.07311262911624301 -0.013070974567337969 -0.012757771394116492; 0.0 -0.013070974567341895 0.06564784343282593 -0.004016035521141155; 0.0 -0.012757771394115144 -0.004016035521141877 0.06903018993057798],[-0.07710973944970738 0.0 0.0 0.0; 0.0 -0.0010797198952512352 0.0007728760147124962 0.0002949955818247197; 0.0 0.0007728760147124548 -0.0007849036689898494 3.8103168072371177e-5; 0.0 0.00029499558182471134 3.810316807236504e-5 -0.0005050714019152841],0.3
