L,J,Q,θ,ϕx,ϕy,ϕz,ndims,T,χ,dχdlogT,Λ
20,4.334482758620689,0.6180339887498949,0.4487989505128276,0.0,0.0,0.0,3,0.02395026619987486,[0.31706438037175955 0.0 0.0 0.0; 0.0 0.045517578910746204 -0.0062256913817133885 -0.005962937732208457; 0.0 -0.006225691381713913 0.041143173734649326 -0.0012562325286113673; 0.0 -0.00596293773220876 -0.0012562325286115117 0.04382882500609986],[-0.04813193963614647 0.0 0.0 0.0; 0.0 -0.0015994943645735184 0.0007266123994121513 0.000589997471929959; 0.0 0.0007266123994123151 -0.0005920183591282744 -0.00013713693799366795; 0.0 0.0005899974719297861 -0.00013713693799368432 -0.0005254142382394542],0.3
