L,J,Q,θ,ϕx,ϕy,ϕz,ndims,T,χ,dχdlogT,Λ
20,5.25,0.6180339887498949,0.4487989505128276,0.0,0.0,0.0,3,3.856620421163471,[0.05433287308731231 0.0 0.0 0.0; 0.0 0.022886826398514675 -0.0003052714767812076 -0.00031135928436662957; 0.0 -0.00030527147678149907 0.022304656932681074 -0.00025098652771181866; 0.0 -0.00031135928436694035 -0.00025098652771183747 0.022576808386736397],[-0.04059467976907508 0.0 0.0 0.0; 0.0 -0.011733648404375059 0.0005820895947900419 0.0005977109702305679; 0.0 0.0005820895947901944 -0.010855531613800899 0.00039973883251462583; 0.0 0.0005977109702300007 0.0003997388325143134 -0.011282875189318732],0.3
