L,J,Q,θ,ϕx,ϕy,ϕz,ndims,T,χ,dχdlogT,Λ
20,6.0,0.6180339887498949,0.4487989505128276,0.0,0.0,0.0,3,0.41753189365604015,[0.14741176351364702 0.0 0.0 0.0; 0.0 0.03010652318581517 -0.0021124086905274357 -0.0020811230502533256; 0.0 -0.0021124086905263484 0.028285918363098045 -0.0004618805887583721; 0.0 -0.00208112305025397 -0.0004618805887586987 0.029847207094252298],[-0.04187818651053349 0.0 0.0 0.0; 0.0 -0.0012324919756416795 0.0008068657228971888 0.0006840482398864892; 0.0 0.0008068657228973999 -0.0013906895171997252 -3.2816950957924655e-5; 0.0 0.000684048239886398 -3.281695095791556e-5 -0.001794415196843989],0.3
