L,J,Q,θ,ϕx,ϕy,ϕz,ndims,T,χ,dχdlogT,Λ
20,4.437931034482759,0.6180339887498949,0.4487989505128276,0.0,0.0,0.0,3,1.0826367338740543,[0.12290966100499381 0.0 0.0 0.0; 0.0 0.03696089177814262 -0.0020114709014188614 -0.002077960486380101; 0.0 -0.002011470901418684 0.03501536320986142 -0.0009603207027657358; 0.0 -0.002077960486379242 -0.0009603207027652892 0.03622789102882094],[-0.05650976406087703 0.0 0.0 0.0; 0.0 -0.0047235808919759035 0.001656377994165629 0.001738203711625544; 0.0 0.0016563779941650642 -0.003747782783620797 0.00021819492648303708; 0.0 0.001738203711625643 0.00021819492648309711 -0.004731488366367974],0.3
