L,J,Q,θ,ϕx,ϕy,ϕz,ndims,T,χ,dχdlogT,Λ
20,3.0,0.6180339887498949,0.4487989505128276,0.0,0.0,0.0,3,0.16102620275609392,[0.27981576322439466 0.0 0.0 0.0; 0.0 0.05929532336944153 -0.008341033622374488 -0.008672513261208234; 0.0 -0.008341033622370892 0.054406479680018126 -0.002745899819147336; 0.0 -0.008672513261209288 -0.0027458998191467825 0.057558566506938934],[-0.0677255497693655 0.0 0.0 0.0; 0.0 -0.002643308863145597 0.0015800345173899678 0.001522603822985847; 0.0 0.0015800345173893632 -0.001559758429318697 8.9241024515965e-5; 0.0 0.00152260382298512 8.924102451595182e-5 -0.002041594090515838],0.3
