L,J,Q,θ,ϕx,ϕy,ϕz,ndims,T,χ,dχdlogT,Λ
20,4.2827586206896555,0.6180339887498949,0.4487989505128276,0.0,0.0,0.0,3,10.0,[0.02435535926035774 0.0 0.0 0.0; 0.0 0.011878011032842726 -3.3569958010549006e-5 -3.372175567431287e-5; 0.0 -3.356995801070452e-5 0.011821317762440848 -3.277550640795331e-5; 0.0 -3.372175567455742e-5 -3.277550640794179e-5 0.011848389928711197],[-0.023153268740996297 0.0 0.0 0.0; 0.0 -0.010734871874509222 9.349527476875568e-5 9.418281362100549e-5; 0.0 9.349527476893903e-5 -0.010582030196004677 8.976182034270397e-5; 0.0 9.418281362096059e-5 8.976182034271223e-5 -0.010654448539893722],0.3
