L,J,Q,θ,ϕx,ϕy,ϕz,ndims,T,χ,dχdlogT,Λ
20,4.365517241379311,0.6180339887498949,0.4487989505128276,0.0,0.0,0.0,3,0.03290344562312668,[0.3003350184864624 0.0 0.0 0.0; 0.0 0.04469497817218992 -0.005911451404522079 -0.005695410385558332; 0.0 -0.005911451404520825 0.0406818957859889 -0.001276658101208834; 0.0 -0.00569541038555862 -0.0012766581012091426 0.0433827146752413],[-0.04692095750477549 0.0 0.0 0.0; 0.0 -0.0016831843980379044 0.0007615002113055152 0.0006327250316974655; 0.0 0.0007615002113055448 -0.0006612902607268051 -0.00010612401578739819; 0.0 0.0006327250316974913 -0.00010612401578741714 -0.0006897882493093506],0.3
