L,J,Q,θ,ϕx,ϕy,ϕz,ndims,T,χ,dχdlogT,Λ
20,0.5,0.6180339887498949,0.4487989505128276,0.0,0.0,0.0,3,0.006723357536499335,[0.8939413034998931 0.0 0.0 0.0; 0.0 0.2157344481664017 -0.06462474414024584 -0.06419979133080722; 0.0 -0.06462474414024917 0.19601274139661673 -0.04861123259200105; 0.0 -0.06419979133080174 -0.048611232591985645 0.19790786504311444],[-0.14585643014515662 0.0 0.0 0.0; 0.0 -0.0015337375701761145 0.0007432260718256559 0.0006840975168659093; 0.0 0.0007432260718255662 -0.0010128737782276224 0.00026701046690389167; 0.0 0.0006840975168659019 0.00026701046690387974 -0.000887504394481824],0.3
