L,J,Q,θ,ϕx,ϕy,ϕz,ndims,T,χ,dχdlogT,Λ
20,4.334482758620689,0.6180339887498949,0.4487989505128276,0.0,0.0,0.0,3,0.009236708571873866,[0.3638603867781507 0.0 0.0 0.0; 0.0 0.04688447774519649 -0.006846151052016091 -0.00642462272906785; 0.0 -0.006846151052015416 0.041631124543253684 -0.0011168509123695393; 0.0 -0.006424622729068174 -0.0011168509123696529 0.044132668056454265],[-0.049243206884966376 0.0 0.0 0.0; 0.0 -0.0012446018932950464 0.0005579004075322744 0.00040456681129771193; 0.0 0.0005579004075324009 -0.0004314544853041729 -0.00014832685410586018; 0.0 0.0004045668112977118 -0.00014832685410585313 -0.00019257026274481528],0.3
