L,J,Q,θ,ϕx,ϕy,ϕz,ndims,T,χ,dχdlogT,Λ
20,4.375862068965517,0.6180339887498949,0.4487989505128276,0.0,0.0,0.0,3,0.11721022975334802,[0.24090726057577566 0.0 0.0 0.0; 0.0 0.04248437360688774 -0.004899274355127499 -0.004904130752330943; 0.0 -0.004899274355131626 0.039526483306716806 -0.001277962996888323; 0.0 -0.004904130752332597 -0.0012779629968887232 0.0421484975345497],[-0.04728814599637311 0.0 0.0 0.0; 0.0 -0.0015431794365670913 0.0007481246671540248 0.0006073013491386108; 0.0 0.0007481246671539749 -0.001022366135281308 0.0001097481696639229; 0.0 0.0006073013491386846 0.00010974816966397733 -0.001223809397686272],0.3
