L,J,Q,θ,ϕx,ϕy,ϕz,ndims,T,χ,dχdlogT,Λ
20,1.75,0.6180339887498949,0.4487989505128276,0.0,0.0,0.0,3,0.0018873918221350976,[0.7998760816996529 0.0 0.0 0.0; 0.0 0.09667297216453923 -0.019562459119515672 -0.01822603584612952; 0.0 -0.01956245911952058 0.08655825524943384 -0.008069348974731232; 0.0 -0.01822603584612753 -0.008069348974731718 0.08910238579469593],[-0.1088307433807404 0.0 0.0 0.0; 0.0 -0.00017336605609602967 0.000139644305016066 2.263325565195097e-5; 0.0 0.00013964430501605776 -0.0001360257658469114 7.755710352186765e-6; 0.0 2.2633255651949783e-5 7.755710352187021e-6 -5.1259256582660275e-5],0.3
