L,J,Q,θ,ϕx,ϕy,ϕz,ndims,T,χ,dχdlogT,Λ
20,4.406896551724138,0.6180339887498949,0.4487989505128276,0.0,0.0,0.0,3,2.043359717856942,[0.08775643136113552 0.0 0.0 0.0; 0.0 0.03261273726353209 -0.0010361578771913846 -0.001061852614683654; 0.0 -0.001036157877191611 0.03138746120572819 -0.000710947803760393; 0.0 -0.00106185261468369 -0.0007109478037601453 0.03200996956329035],[-0.05397539937145206 0.0 0.0 0.0; 0.0 -0.009993647010526158 0.0013936264329045454 0.0014384559521700608; 0.0 0.0013936264329040707 -0.008769956266733782 0.0006105473674799797; 0.0 0.001438455952170257 0.0006105473674798183 -0.009555460921596303],0.3
