L,J,Q,θ,ϕx,ϕy,ϕz,ndims,T,χ,dχdlogT,Λ
20,5.75,0.6180339887498949,0.4487989505128276,0.0,0.0,0.0,3,0.01268961003167922,[0.28725133113711887 0.0 0.0 0.0; 0.0 0.035347478940832636 -0.0038648968589152792 -0.003568919053473474; 0.0 -0.0038648968589160768 0.03266163601366966 -0.00025383387762820136; 0.0 -0.0035689190534733766 -0.0002538338776282045 0.03606664446464415],[-0.04078151826325368 0.0 0.0 0.0; 0.0 -0.0013052152348775234 0.0004706918775496376 0.00024370044890164355; 0.0 0.00047069187754963015 -0.0006088631861472243 -1.7215143356589444e-5; 0.0 0.0002437004489016216 -1.721514335658887e-5 -0.0011180169277515658],0.3
