L,J,Q,θ,ϕx,ϕy,ϕz,ndims,T,χ,dχdlogT,Λ
20,4.5,0.6180339887498949,0.4487989505128276,0.0,0.0,0.0,3,7.27895384398315,[0.03264914496718402 0.0 0.0 0.0; 0.0 0.015547473989257685 -7.824806678387665e-5 -7.889455993760836e-5; 0.0 -7.824806678398764e-5 0.015408331545517507 -7.455415079536468e-5; 0.0 -7.889455993736284e-5 -7.455415079553523e-5 0.0154741111295924],[-0.029680098434651296 0.0 0.0 0.0; 0.0 -0.012784204777527008 0.00020372784693837589 0.00020639149523649853; 0.0 0.00020372784693844075 -0.01244482187216273 0.0001873293736236593; 0.0 0.0002063914952364929 0.00018732937362353673 -0.012603227254154872],0.3
