L,J,Q,θ,ϕx,ϕy,ϕz,ndims,T,χ,dχdlogT,Λ
20,3.25,0.6180339887498949,0.4487989505128276,0.0,0.0,0.0,3,0.0013738237958832624,[0.5441836043008885 0.0 0.0 0.0; 0.0 0.06039191507616628 -0.010666741044841903 -0.009531331255899594; 0.0 -0.010666741044845506 0.05398135931398285 -0.002224093591562011; 0.0 -0.00953133125589853 -0.002224093591562942 0.0561882192994007],[-0.0407254611815713 0.0 0.0 0.0; 0.0 -0.00012476607452847758 6.149854659029768e-5 2.776489449430543e-5; 0.0 6.149854659029633e-5 -1.6924341678085892e-5 -3.461736248519824e-5; 0.0 2.776489449430483e-5 -3.461736248520014e-5 4.5158805625408924e-5],0.3
