L,J,Q,θ,ϕx,ϕy,ϕz,ndims,T,χ,dχdlogT,Λ
20,4.396551724137931,0.6180339887498949,0.4487989505128276,0.0,0.0,0.0,3,7.27895384398315,[0.03270576361387632 0.0 0.0 0.0; 0.0 0.015604776594276925 -7.882483737556372e-5 -7.945319112206702e-5; 0.0 -7.882483737536264e-5 0.015470318929679963 -7.526130315460715e-5; 0.0 -7.9453191122038e-5 -7.526130315455816e-5 0.015533945033916034],[-0.029822503501416704 0.0 0.0 0.0; 0.0 -0.012923384274976133 0.0002061577466142726 0.0002087652298799443; 0.0 0.000206157746614377 -0.012592797469076867 0.0001902758287536185; 0.0 0.00020876522988011714 0.00019027582875355976 -0.012747318657332309],0.3
