L,J,Q,θ,ϕx,ϕy,ϕz,ndims,T,χ,dχdlogT,Λ
20,0.75,0.6180339887498949,0.4487989505128276,0.0,0.0,0.0,3,1.0826367338740543,[0.1782472096503415 0.0 0.0 0.0; 0.0 0.08312813439068457 -0.008882491427359617 -0.008960832332625441; 0.0 -0.008882491427354781 0.08231075794094508 -0.00853237223504759; 0.0 -0.00896083233262482 -0.008532372235047148 0.08270902279194597],[-0.11966220774620143 0.0 0.0 0.0; 0.0 -0.04868796478195504 0.013344133094733302 0.013577947011497416; 0.0 0.013344133094729815 -0.046953158012857425 0.012373689236856859; 0.0 0.01357794701149419 0.012373689236855036 -0.047779827419168544],0.3
