L,J,Q,θ,ϕx,ϕy,ϕz,ndims,T,χ,dχdlogT,Λ
20,5.75,0.6180339887498949,0.4487989505128276,0.0,0.0,0.0,3,2.043359717856942,[0.07996247139241815 0.0 0.0 0.0; 0.0 0.02710458179272632 -0.000720298944424976 -0.0007401055017700251; 0.0 -0.000720298944425053 0.02592642204254143 -0.0004215496435675839; 0.0 -0.0007401055017702569 -0.0004215496435677535 0.026571536272781634],[-0.044581672126230355 0.0 0.0 0.0; 0.0 -0.005795325269301463 0.0008471564465528541 0.0008779048316430951; 0.0 0.0008471564465530656 -0.004908362496952847 0.0002418712205309726; 0.0 0.0008779048316433033 0.00024187122053102064 -0.005623761782888348],0.3
