L,J,Q,θ,ϕx,ϕy,ϕz,ndims,T,χ,dχdlogT,Λ
20,4.4172413793103456,0.6180339887498949,0.4487989505128276,0.0,0.0,0.0,3,1.4873521072935114,[0.10520684483811239 0.0 0.0 0.0; 0.0 0.03525107423278488 -0.0015076064925408476 -0.0015505317369546758; 0.0 -0.0015076064925411462 0.033643846892629295 -0.0008715387280658108; 0.0 -0.0015505317369554931 -0.0008715387280651338 0.034544809871635274],[-0.05610742322961009 0.0 0.0 0.0; 0.0 -0.0070321761479833125 0.0015800488742281787 0.001645390827610614; 0.0 0.0015800488742286618 -0.005870325458758988 0.0004126120679634155; 0.0 0.0016453908276109267 0.00041261206796347943 -0.006823307860281493],0.3
