L,J,Q,θ,ϕx,ϕy,ϕz,ndims,T,χ,dχdlogT,Λ
25,1.0,0.6180339887498949,0.4487989505128276,0.0,0.0,0.0,3,0.2212216291070449,[0.3691409493265323 0.0 0.0 0.0; 0.0 0.12822312487312615 -0.026163249747551305 -0.027103562213915827; 0.0 -0.026163249747549397 0.11856409126359738 -0.01942121606292325; 0.0 -0.02710356221392716 -0.01942121606291644 0.12206174931988648],[-0.12115682226252603 0.0 0.0 0.0; 0.0 -0.016688205984295382 0.007915936328345391 0.007490619663876019; 0.0 0.007915936328351792 -0.01010348195250315 0.001793861982502353; 0.0 0.007490619663873324 0.001793861982501124 -0.010914684673711369],0.3
