L,J,Q,θ,ϕx,ϕy,ϕz,ndims,T,χ,dχdlogT,Λ
25,4.2620689655172415,0.6180339887498949,0.4487989505128276,0.0,0.0,0.0,3,0.16102620275609392,[0.22994433003545883 0.0 0.0 0.0; 0.0 0.04362021713563332 -0.004908934843236802 -0.005008885873023477; 0.0 -0.004908934843239861 0.040108152040639965 -0.0012771601762116786; 0.0 -0.005008885873028882 -0.0012771601762105707 0.04346604616621169],[-0.05070967374914649 0.0 0.0 0.0; 0.0 -0.0015587996309773427 0.0008346754462817131 0.0007025794884806917; 0.0 0.0008346754462814998 -0.0012248411191237867 0.0001353460874191042; 0.0 0.0007025794884795623 0.00013534608741913863 -0.0016258069774150157],0.3
