L,J,Q,θ,ϕx,ϕy,ϕz,ndims,T,χ,dχdlogT,Λ
25,4.231034482758621,0.6180339887498949,0.4487989505128276,0.0,0.0,0.0,3,0.0013738237958832624,[0.43888093985378795 0.0 0.0 0.0; 0.0 0.04825836852998281 -0.007526164028465332 -0.005863785033177129; 0.0 -0.007526164028466727 0.043920579086304076 -0.0018207353930882293; 0.0 -0.005863785033178651 -0.0018207353930873615 0.0482595475331213],[-0.02880795572694945 0.0 0.0 0.0; 0.0 -0.00011030321457353837 6.74871850359655e-5 -0.0003467268173188153; 0.0 6.748718503597495e-5 -0.0004120563021262541 0.00026929874971758143; 0.0 -0.00034672681731882444 0.0002692987497175937 -0.0018135109668512253],0.3
