L,J,Q,θ,ϕx,ϕy,ϕz,ndims,T,χ,dχdlogT,Λ
25,0.0,0.6180339887498949,0.4487989505128276,0.0,0.0,0.0,3,1.0826367338740543,[0.18276480789049326 0.0 0.0 0.0; 0.0 0.08885867763287378 -0.010240432729043443 -0.010240432729050926; 0.0 -0.010240432729043455 0.08885867763287982 -0.010240432729045845; 0.0 -0.010240432729050912 -0.01024043272904585 0.08885867763288006],[-0.12718080178447266 0.0 0.0 0.0; 0.0 -0.059339475508349 0.016863489369780386 0.01686348936977991; 0.0 0.016863489369780403 -0.05933947550833804 0.016863489369780656; 0.0 0.01686348936977991 0.01686348936978067 -0.05933947550834025],0.3
