L,J,Q,θ,ϕx,ϕy,ϕz,ndims,T,χ,dχdlogT,Λ
25,4.2,0.6180339887498949,0.4487989505128276,0.0,0.0,0.0,3,0.009236708571873866,[0.36926274759563593 0.0 0.0 0.0; 0.0 0.04785474060726482 -0.007139722761781115 -0.006106326338400089; 0.0 -0.007139722761784234 0.043245743434415146 -0.0015430832762705045; 0.0 -0.0061063263384016015 -0.001543083276271793 0.04638713103654913],[-0.045039563124540674 0.0 0.0 0.0; 0.0 -0.0008460920641315581 0.0005410389119202252 0.0001943316344802437; 0.0 0.0005410389119201639 -0.0006887504650381196 5.109947151006656e-5; 0.0 0.0001943316344802333 5.10994715100801e-5 -0.0008089896814420224],0.3
