L,J,Q,θ,ϕx,ϕy,ϕz,ndims,T,χ,dχdlogT,Λ
25,0.0,0.6180339887498949,0.4487989505128276,0.0,0.0,0.0,3,0.30391953823131973,[0.3620035899842524 0.0 0.0 0.0; 0.0 0.16811042291708694 -0.041154147315517524 -0.04115414731562531; 0.0 -0.041154147315517496 0.16811042291696215 -0.04115414731547942; 0.0 -0.04115414731562536 -0.04115414731547943 0.16811042291706133],[-0.14648241669925233 0.0 0.0 0.0; 0.0 -0.06122628234878022 0.028278708677220033 0.028278708677215197; 0.0 0.028278708677220023 -0.06122628234878143 0.028278708677219745; 0.0 0.028278708677215197 0.028278708677219717 -0.0612262823487881],0.3
