L,J,Q,θ,ϕx,ϕy,ϕz,ndims,T,χ,dχdlogT,Λ
25,0.75,0.6180339887498949,0.4487989505128276,0.0,0.0,0.0,3,0.002592943797404667,[0.9770442946153023 0.0 0.0 0.0; 0.0 0.1781350572779501 -0.05030503290550984 -0.04597318568412532; 0.0 -0.05030503290554167 0.15677198603660172 -0.02886420086978797; 0.0 -0.04597318568414583 -0.028864200869778815 0.15609185183019078],[-0.13687538119531584 0.0 0.0 0.0; 0.0 -0.0002779655921250881 0.00018984541642402605 7.749558850372125e-5; 0.0 0.00018984541642401204 -0.00016768863694178015 -1.852448635531897e-5; 0.0 7.74955885037254e-5 -1.8524486355315587e-5 -6.288419392807843e-5],0.3
