L,J,Q,θ,ϕx,ϕy,ϕz,ndims,T,χ,dχdlogT,Λ
25,4.210344827586207,0.6180339887498949,0.4487989505128276,0.0,0.0,0.0,3,0.003562247890262444,[0.40871445042661914 0.0 0.0 0.0; 0.0 0.04834220811112282 -0.007491036614180484 -0.0061768369703719996; 0.0 -0.007491036614186074 0.04369837470896697 -0.0016169337503092408; 0.0 -0.006176836970370831 -0.0016169337503110883 0.047097575310416966],[-0.03787268408118092 0.0 0.0 0.0; 0.0 -0.0003724081348495771 0.00025337236197509294 1.0692962914710436e-6; 0.0 0.00025337236197508773 -0.0004358352820134146 9.9864422710504e-5; 0.0 1.0692962914716926e-6 9.986442271050027e-5 -0.0008210857138783359],0.3
