L,J,Q,θ,ϕx,ϕy,ϕz,ndims,T,χ,dχdlogT,Λ
25,1.0,0.6180339887498949,0.4487989505128276,0.0,0.0,0.0,3,0.04520353656360243,[0.5595966804408837 0.0 0.0 0.0; 0.0 0.14234197922424363 -0.034334113967987336 -0.032353151086507645; 0.0 -0.03433411396795971 0.1265533675746799 -0.019429743146828996; 0.0 -0.03235315108650435 -0.019429743146842596 0.12849101505744845],[-0.12142656424278275 0.0 0.0 0.0; 0.0 -0.004090111773135441 0.00282925784834021 0.0009897646960297713; 0.0 0.002829257848337284 -0.00259842751505902 -8.649396637157803e-5; 0.0 0.00098976469603023 -8.649396637154656e-5 -0.0011168354356105832],0.3
