L,J,Q,θ,ϕx,ϕy,ϕz,ndims,T,χ,dχdlogT,Λ
25,0.5,0.6180339887498949,0.4487989505128276,0.0,0.0,0.0,3,3.856620421163471,[0.06279160203000528 0.0 0.0 0.0; 0.0 0.031181187898095358 -0.0005750376781782215 -0.0005753008459941155; 0.0 -0.0005750376781789558 0.03116480017801607 -0.0005738056711735084; 0.0 -0.0005753008459941054 -0.0005738056711717117 0.03117308721645689],[-0.05907416385260403 0.0 0.0 0.0; 0.0 -0.028949287641917336 0.0015633443224169418 0.0015645655002295385; 0.0 0.0015633443224159864 -0.028902438713862354 0.0015576499099507093; 0.0 0.0015645655002330787 0.0015576499099534324 -0.028926233205359263],0.3
