L,J,Q,θ,ϕx,ϕy,ϕz,ndims,T,χ,dχdlogT,Λ
25,0.5,0.6180339887498949,0.4487989505128276,0.0,0.0,0.0,3,0.0018873918221350976,[1.0644191621655468 0.0 0.0 0.0; 0.0 0.219488412522002 -0.06783219538549005 -0.06534114298587956; 0.0 -0.06783219538553382 0.19973380074435607 -0.04944583476063991; 0.0 -0.06534114298591633 -0.04944583476064856 0.19944042939374976],[-0.13606570927497527 0.0 0.0 0.0; 0.0 -4.430340927930277e-5 2.89728533682874e-5 3.374627048950598e-5; 0.0 2.897285336828556e-5 1.8556315698724774e-5 -5.144842590835304e-5; 0.0 3.374627048950363e-5 -5.144842590836302e-5 8.868070025350716e-6],0.3
