L,J,Q,θ,ϕx,ϕy,ϕz,ndims,T,χ,dχdlogT,Λ
25,4.2620689655172415,0.6180339887498949,0.4487989505128276,0.0,0.0,0.0,3,0.5736152510448679,[0.16179632440367409 0.0 0.0 0.0; 0.0 0.04102245844527853 -0.003308471414777492 -0.003448365138499363; 0.0 -0.0033084714147794325 0.038092155094717646 -0.0011564831321203921; 0.0 -0.003448365138499763 -0.0011564831321205637 0.0404529630772975],[-0.05664825536067256 0.0 0.0 0.0; 0.0 -0.00285598020500008 0.0017183643950105325 0.0017696279803230083; 0.0 0.0017183643950118102 -0.0020965440171388855 7.60483321976093e-5; 0.0 0.0017696279803244498 7.604833219762137e-5 -0.0031580431511890558],0.3
