L,J,Q,θ,ϕx,ϕy,ϕz,ndims,T,χ,dχdlogT,Λ
25,4.2620689655172415,0.6180339887498949,0.4487989505128276,0.0,0.0,0.0,3,3.856620421163471,[0.05656713452671403 0.0 0.0 0.0; 0.0 0.02500811520802002 -0.0003684987128670892 -0.00037486560363766096; 0.0 -0.0003684987128674832 0.024445049802406162 -0.0003217335790602993; 0.0 -0.0003748656036378787 -0.00032173357906111383 0.024730627587810833],[-0.04474703974225796 0.0 0.0 0.0; 0.0 -0.015167261593821329 0.0007664877519768255 0.0007856664003165795; 0.0 0.0007664877519772635 -0.014162610326212471 0.0005954734357883362; 0.0 0.0007856664003169187 0.0005954734357889894 -0.014692341149678101],0.3
