L,J,Q,θ,ϕx,ϕy,ϕz,ndims,T,χ,dχdlogT,Λ
25,4.2,0.6180339887498949,0.4487989505128276,0.0,0.0,0.0,3,3.856620421163471,[0.05670629427087554 0.0 0.0 0.0; 0.0 0.025137025418820194 -0.00037234113282092477 -0.0003786833895221925; 0.0 -0.00037234113281936964 0.024580831011810324 -0.00032621248952413703; 0.0 -0.0003786833895221043 -0.0003262124895239768 0.024862724059255673],[-0.045019258873428836 0.0 0.0 0.0; 0.0 -0.015394962654393312 0.0007788501138112356 0.000798135393604331; 0.0 0.0007788501138119308 -0.014392250298556593 0.0006092715133901519; 0.0 0.0007981353936044444 0.0006092715133894872 -0.01491950577520053],0.3
