L,J,Q,θ,ϕx,ϕy,ϕz,ndims,ℓ,E₀,α₀,ipr_real,ipr_k
10,5.689655172413793,0.6180339887498949,0.4487989505128276,0.0,0.0,0.0,3,5.0,0.0,15.379571165969235,0.33060603246126885,0.0022890338372183634
