L,J,Q,θ,ϕx,ϕy,ϕz,ndims,ℓ,E₀,α₀,ipr_real,ipr_k
10,5.517241379310344,0.6180339887498949,0.4487989505128276,0.0,0.0,0.0,3,5.0,0.0,15.687707342071041,0.31058603521852246,0.0022963460695675274
