L,J,Q,θ,ϕx,ϕy,ϕz,ndims,ℓ,E₀,α₀,ipr_real,ipr_k
10,1.5517241379310345,0.6180339887498949,0.4487989505128276,3.151592653589793,3.241592653589793,0.0,3,5.0,0.0,3.602455844662765,0.01606552689194233,0.013208212385738166
