L,J,Q,θ,ϕx,ϕy,ϕz,ndims,ℓ,E₀,α₀,ipr_real,ipr_k
15,1.5517241379310345,0.6180339887498949,0.4487989505128276,0.0,1.6207963267948966,3.1315926535897933,3,5.0,0.0,3.526457152910498,0.004583466732106232,0.007276964286732279
