L,J,Q,θ,ϕx,ϕy,ϕz,ndims,ℓ,E₀,α₀,ipr_real,ipr_k
15,6.03448275862069,0.6180339887498949,0.4487989505128276,1.5757963267948965,3.241592653589793,0.0,3,5.0,0.0,19.71144843032133,0.398873365483984,0.0005490633768297144
