L,J,Q,θ,ϕx,ϕy,ϕz,ndims,ℓ,E₀,α₀,ipr_real,ipr_k
15,5.172413793103448,0.6180339887498949,0.4487989505128276,3.151592653589793,3.241592653589793,3.1315926535897933,3,5.0,0.0,15.17457893694729,0.1800024163134813,0.0009471056519534721
