L,J,Q,θ,ϕx,ϕy,ϕz,ndims,ℓ,E₀,α₀,ipr_real,ipr_k
15,0.3448275862068966,0.6180339887498949,0.4487989505128276,3.151592653589793,3.241592653589793,3.1315926535897933,3,5.0,0.0,3.1622867948722253,0.0014069669386370912,0.017620203717767485
