L,J,Q,θ,ϕx,ϕy,ϕz,ndims,ℓ,E₀,α₀,ipr_real,ipr_k
15,6.379310344827586,0.6180339887498949,0.4487989505128276,0.0,3.241592653589793,1.5657963267948967,3,5.0,0.0,18.14994187493193,0.23899762606508754,0.000751305577882539
