L,J,Q,θ,ϕx,ϕy,ϕz,ndims,ℓ,E₀,α₀,ipr_real,ipr_k
15,2.586206896551724,0.6180339887498949,0.4487989505128276,0.0,3.241592653589793,1.5657963267948967,3,5.0,0.0,4.979921366552076,0.02033406959705478,0.0017328715758007922
