L,J,Q,θ,ϕx,ϕy,ϕz,ndims,ℓ,E₀,α₀,ipr_real,ipr_k
15,7.586206896551724,0.6180339887498949,0.4487989505128276,3.151592653589793,3.241592653589793,0.0,3,5.0,0.0,23.010637414419136,0.45855664862450796,0.0005425190286491383
