L,J,Q,θ,ϕx,ϕy,ϕz,ndims,ℓ,E₀,α₀,ipr_real,ipr_k
15,0.5172413793103449,0.6180339887498949,0.4487989505128276,3.151592653589793,0.0,1.5657963267948967,3,5.0,0.0,3.1663742505701045,0.0014159927475843196,0.014388824952884733
