L,J,Q,θ,ϕx,ϕy,ϕz,ndims,ℓ,E₀,α₀,ipr_real,ipr_k
15,3.9655172413793105,0.6180339887498949,0.4487989505128276,0.0,0.0,1.5657963267948967,3,5.0,0.0,10.033545799617219,0.11266904926400936,0.001118735724040728
