L,J,Q,θ,ϕx,ϕy,ϕz,ndims,ℓ,E₀,α₀,ipr_real,ipr_k
15,7.06896551724138,0.6180339887498949,0.4487989505128276,0.0,3.241592653589793,1.5657963267948967,3,5.0,0.0,19.95195509754987,0.31849995423912836,0.0006554808746717196
