L,J,Q,θ,ϕx,ϕy,ϕz,ndims,ℓ,E₀,α₀,ipr_real,ipr_k
15,3.103448275862069,0.6180339887498949,0.4487989505128276,0.0,0.0,1.5657963267948967,3,5.0,0.0,9.579623883943103,0.09890522794127328,0.0010490303116679899
