L,J,Q,θ,ϕx,ϕy,ϕz,ndims,ℓ,E₀,α₀,ipr_real,ipr_k
15,8.96551724137931,0.6180339887498949,0.4487989505128276,0.0,1.6207963267948966,1.5657963267948967,3,5.0,0.0,26.06363233539518,0.5113637252034715,0.000497636528350542
