L,J,Q,θ,ϕx,ϕy,ϕz,ndims,ℓ,E₀,α₀,ipr_real,ipr_k
15,5.344827586206897,0.6180339887498949,0.4487989505128276,1.5757963267948965,0.0,3.1315926535897933,3,5.0,0.0,14.455444297890434,0.284200656553311,0.0007125397873255798
