L,J,Q,θ,ϕx,ϕy,ϕz,ndims,ℓ,E₀,α₀,ipr_real,ipr_k
15,6.724137931034482,0.6180339887498949,0.4487989505128276,0.0,1.6207963267948966,1.5657963267948967,3,5.0,0.0,22.1485440923579,0.43358771133637963,0.0005136069398345591
