L,J,Q,θ,ϕx,ϕy,ϕz,ndims,ℓ,E₀,α₀,ipr_real,ipr_k
15,7.241379310344827,0.6180339887498949,0.4487989505128276,1.5757963267948965,3.241592653589793,1.5657963267948967,3,5.0,0.0,20.298444186502543,0.47843755417826916,0.000492522950616077
