L,J,Q,θ,ϕx,ϕy,ϕz,ndims,ℓ,E₀,α₀,ipr_real,ipr_k
15,1.5517241379310345,0.6180339887498949,0.4487989505128276,3.151592653589793,0.0,0.0,3,5.0,0.0,4.262466088211786,0.014240890733050779,0.004914078785329705
