L,J,Q,θ,ϕx,ϕy,ϕz,ndims,ℓ,E₀,α₀,ipr_real,ipr_k
15,8.793103448275863,0.6180339887498949,0.4487989505128276,3.151592653589793,0.0,3.1315926535897933,3,5.0,0.0,26.625041302890843,0.5708718748678799,0.00046695766754992435
