L,J,Q,θ,ϕx,ϕy,ϕz,ndims,ℓ,E₀,α₀,ipr_real,ipr_k
15,8.96551724137931,0.6180339887498949,0.4487989505128276,0.0,3.241592653589793,3.1315926535897933,3,5.0,0.0,23.61734581146584,0.49868727829127096,0.0005208629428100434
