L,J,Q,θ,ϕx,ϕy,ϕz,ndims,ℓ,E₀,α₀,ipr_real,ipr_k
20,9.655172413793103,0.6180339887498949,0.4487989505128276,0.0,1.6207963267948966,3.1315926535897933,3,5.0,0.0,29.190776347630315,0.6282044754951344,0.0001721216753113382
