L,J,Q,θ,ϕx,ϕy,ϕz,ndims,ℓ,E₀,α₀,ipr_real,ipr_k
20,9.482758620689655,0.6180339887498949,0.4487989505128276,0.0,0.0,0.0,3,5.0,0.0,29.998076656786633,0.6041395467427494,0.00019926445782691236
