L,J,Q,θ,ϕx,ϕy,ϕz,ndims,ℓ,E₀,α₀,ipr_real,ipr_k
20,6.379310344827586,0.6180339887498949,0.4487989505128276,3.151592653589793,1.6207963267948966,3.1315926535897933,3,5.0,0.0,21.96598155862202,0.31354257210104,0.0002587605234642881
