L,J,Q,θ,ϕx,ϕy,ϕz,ndims,ℓ,E₀,α₀,ipr_real,ipr_k
20,9.13793103448276,0.6180339887498949,0.4487989505128276,0.0,0.0,3.1315926535897933,3,5.0,0.0,27.99171949589414,0.5892302659978361,0.00019132966563855668
