L,J,Q,θ,ϕx,ϕy,ϕz,ndims,ℓ,E₀,α₀,ipr_real,ipr_k
20,4.655172413793103,0.6180339887498949,0.4487989505128276,0.0,1.6207963267948966,0.0,3,5.0,0.0,19.142046567822636,0.3054004671160246,0.00028125709610748393
