L,J,Q,θ,ϕx,ϕy,ϕz,ndims,ℓ,E₀,α₀,ipr_real,ipr_k
20,1.896551724137931,0.6180339887498949,0.4487989505128276,1.5757963267948965,3.241592653589793,1.5657963267948967,3,5.0,0.0,3.884309818133528,0.0051841844684340135,0.0016437140024374033
