L,J,Q,θ,ϕx,ϕy,ϕz,ndims,ℓ,E₀,α₀,ipr_real,ipr_k
20,8.275862068965516,0.6180339887498949,0.4487989505128276,0.0,0.0,3.1315926535897933,3,5.0,0.0,27.614195291456873,0.5901452807230653,0.00019597313031461164
