L,J,Q,θ,ϕx,ϕy,ϕz,ndims,ℓ,E₀,α₀,ipr_real,ipr_k
20,5.517241379310344,0.6180339887498949,0.4487989505128276,3.151592653589793,0.0,3.1315926535897933,3,5.0,0.0,19.863433217479702,0.3393772967961982,0.00024282589681917747
