L,J,Q,θ,ϕx,ϕy,ϕz,ndims,ℓ,E₀,α₀,ipr_real,ipr_k
20,3.9655172413793105,0.6180339887498949,0.4487989505128276,1.5757963267948965,3.241592653589793,3.1315926535897933,3,5.0,0.0,11.92236107018903,0.18238205474954036,0.0003359362916618238
