L,J,Q,θ,ϕx,ϕy,ϕz,ndims,ℓ,E₀,α₀,ipr_real,ipr_k
20,1.896551724137931,0.6180339887498949,0.4487989505128276,3.151592653589793,0.0,1.5657963267948967,3,5.0,0.0,4.129071008144657,0.005108493387247176,0.0013126421886974521
