L,J,Q,θ,ϕx,ϕy,ϕz,ndims,ℓ,E₀,α₀,ipr_real,ipr_k
20,3.275862068965517,0.6180339887498949,0.4487989505128276,1.5757963267948965,3.241592653589793,1.5657963267948967,3,5.0,0.0,8.569036382483455,0.08945467918915082,0.00045073250327375017
