L,J,Q,θ,ϕx,ϕy,ϕz,ndims,ℓ,E₀,α₀,ipr_real,ipr_k
20,7.06896551724138,0.6180339887498949,0.4487989505128276,0.0,1.6207963267948966,3.1315926535897933,3,5.0,0.0,24.948078521399758,0.46875856195289856,0.00022072624512317184
