L,J,Q,θ,ϕx,ϕy,ϕz,ndims,ℓ,E₀,α₀,ipr_real,ipr_k
20,8.10344827586207,0.6180339887498949,0.4487989505128276,1.5757963267948965,1.6207963267948966,0.0,3,5.0,0.0,27.478259266489733,0.5635564478859132,0.00020302987076834905
