L,J,Q,θ,ϕx,ϕy,ϕz,ndims,ℓ,E₀,α₀,ipr_real,ipr_k
20,7.586206896551724,0.6180339887498949,0.4487989505128276,1.5757963267948965,3.241592653589793,1.5657963267948967,3,5.0,0.0,26.965613109693756,0.4534835099121285,0.00020701689017037786
