L,J,Q,θ,ϕx,ϕy,ϕz,ndims,ℓ,E₀,α₀,ipr_real,ipr_k
20,8.96551724137931,0.6180339887498949,0.4487989505128276,0.0,1.6207963267948966,3.1315926535897933,3,5.0,0.0,29.454422501116817,0.5841561847005007,0.0001830422262534076
