L,J,Q,θ,ϕx,ϕy,ϕz,ndims,ℓ,E₀,α₀,ipr_real,ipr_k
20,9.310344827586206,0.6180339887498949,0.4487989505128276,1.5757963267948965,3.241592653589793,3.1315926535897933,3,5.0,0.0,28.83378164122717,0.5301396851444946,0.0002052012799668905
