L,J,Q,θ,ϕx,ϕy,ϕz,ndims,ℓ,E₀,α₀,ipr_real,ipr_k
20,0.6896551724137931,0.6180339887498949,0.4487989505128276,1.5757963267948965,0.0,0.0,3,5.0,0.0,3.3178963719983114,0.0010939351464069591,0.011634371976023758
