L,J,Q,θ,ϕx,ϕy,ϕz,ndims,ℓ,E₀,α₀,ipr_real,ipr_k
20,3.4482758620689657,0.6180339887498949,0.4487989505128276,0.0,0.0,0.0,3,5.0,0.0,12.076358825851763,0.08959333372658754,0.0004807555025559321
