L,J,Q,θ,ϕx,ϕy,ϕz,ndims,ℓ,E₀,α₀,ipr_real,ipr_k
20,5.689655172413793,0.6180339887498949,0.4487989505128276,3.151592653589793,0.0,3.1315926535897933,3,5.0,0.0,19.950893177520555,0.26876256369488566,0.0002748132902169149
