L,J,Q,θ,ϕx,ϕy,ϕz,ndims,ℓ,E₀,α₀,ipr_real,ipr_k
20,6.03448275862069,0.6180339887498949,0.4487989505128276,0.0,3.241592653589793,1.5657963267948967,3,5.0,0.0,21.929197851099726,0.32232782081959604,0.0002765115381445496
