L,J,Q,θ,ϕx,ϕy,ϕz,ndims,ℓ,E₀,α₀,ipr_real,ipr_k
25,3.275862068965517,0.6180339887498949,0.4487989505128276,0.0,3.241592653589793,0.0,3,5.0,0.0,11.750768763269377,0.08684679903142342,0.00022195311798051533
