L,J,Q,θ,ϕx,ϕy,ϕz,ndims,ℓ,E₀,α₀,ipr_real,ipr_k
25,2.7586206896551726,0.6180339887498949,0.4487989505128276,0.0,1.6207963267948966,3.1315926535897933,3,5.0,0.0,8.318948898603901,0.06305843960511862,0.0003314941497016889
