L,J,Q,θ,ϕx,ϕy,ϕz,ndims,ℓ,E₀,α₀,ipr_real,ipr_k
25,0.5172413793103449,0.6180339887498949,0.4487989505128276,1.5757963267948965,3.241592653589793,0.0,3,5.0,0.0,3.1733329981156992,0.00037886140963887347,0.009733519728343704
