L,J,Q,θ,ϕx,ϕy,ϕz,ndims,ℓ,E₀,α₀,ipr_real,ipr_k
25,4.137931034482759,0.6180339887498949,0.4487989505128276,3.151592653589793,1.6207963267948966,3.1315926535897933,3,5.0,0.0,16.371786337171176,0.1719054914312569,0.00020641000799201002
