L,J,Q,θ,ϕx,ϕy,ϕz,ndims,ℓ,E₀,α₀,ipr_real,ipr_k
25,2.2413793103448274,0.6180339887498949,0.4487989505128276,0.0,0.0,0.0,3,5.0,0.0,4.871209066777373,0.008723058390567442,0.0006395942240139538
