L,J,Q,θ,ϕx,ϕy,ϕz,ndims,T,χ,Λ
23,2.5,0.6180339887498949,0.4487989505128276,0.0,0.0,0.0,3,0.04520353656360243,"[0.40325911118017344, 0.0, 0.0, 0.0, 0.0, 0.08309747266299596, -0.007095039547658008, -0.024411686819214313, 0.0, -0.007095039547658084, 0.08309747266299444, -0.024411686819214514, 0.0, -0.024411686819214306, -0.024411686819214514, 0.09844373528801863]",0.3
