L,J,Q,θ,ϕx,ϕy,ϕz,ndims,T,χ,Λ
23,2.25,0.6180339887498949,0.4487989505128276,0.0,0.0,0.0,3,2.043359717856942,"[0.10220544746566837, 0.0, 0.0, 0.0, 0.0, 0.04554088124898596, -0.0018082077800818997, -0.002335140964642599, 0.0, -0.0018082077800818989, 0.0455408812489857, -0.002335140964642575, 0.0, -0.002335140964642598, -0.002335140964642576, 0.0473448609520442]",0.3
