L,J,Q,θ,ϕx,ϕy,ϕz,ndims,T,χ,Λ
23,1.25,0.6180339887498949,0.4487989505128276,0.0,0.0,0.0,3,3.856620421163471,"[0.06213470518311342, 0.0, 0.0, 0.0, 0.0, 0.030547465061170086, -0.0005859415516340538, -0.0006026631424319003, 0.0, -0.0005859415516340293, 0.03054746506117085, -0.0006026631424319801, 0.0, -0.0006026631424318978, -0.0006026631424319801, 0.030699386126039542]",0.3
