L,J,Q,θ,ϕx,ϕy,ϕz,ndims,T,χ,Λ
23,2.0,0.6180339887498949,0.4487989505128276,0.0,0.0,0.0,3,0.004893900918477494,"[0.6756670164065859, 0.0, 0.0, 0.0, 0.0, 0.11296635256263007, -0.0103064612559089, -0.046933866544497924, 0.0, -0.010306461255908474, 0.11296635256262853, -0.046933866544498055, 0.0, -0.046933866544497924, -0.04693386654449807, 0.15349886774319738]",0.3
