L,J,Q,θ,ϕx,ϕy,ϕz,ndims,T,χ,Λ
23,1.0,0.6180339887498949,0.4487989505128276,0.0,0.0,0.0,3,7.27895384398315,"[0.033953532906178155, 0.0, 0.0, 0.0, 0.0, 0.016912322057264447, -0.00010203365222278713, -0.00010257967261170121, 0.0, -0.00010203365222274439, 0.016912322057264867, -0.00010257967261204817, 0.0, -0.00010257967261170083, -0.0001025796726120493, 0.01692818311629487]",0.3
