L,J,Q,θ,ϕx,ϕy,ϕz,ndims,T,χ,Λ
23,1.0,0.6180339887498949,0.4487989505128276,0.0,0.0,0.0,3,3.856620421163471,"[0.06238238809730613, 0.0, 0.0, 0.0, 0.0, 0.030799749831439356, -0.0005998876749112516, -0.0006108552873031883, 0.0, -0.0005998876749111584, 0.030799749831440605, -0.0006108552873038856, 0.0, -0.0006108552873031887, -0.0006108552873038842, 0.030899189767528267]",0.3
