L,J,Q,θ,ϕx,ϕy,ϕz,ndims,T,χ,Λ
23,1.5,0.6180339887498949,0.4487989505128276,0.0,0.0,0.0,3,0.006723357536499335,"[0.685013324203963, 0.0, 0.0, 0.0, 0.0, 0.13131868405051908, -0.010962862973137083, -0.06069229932274791, 0.0, -0.010962862973137009, 0.13131868405051755, -0.06069229932274808, 0.0, -0.060692299322747896, -0.06069229932274809, 0.19996327043904927]",0.3
