L,J,Q,θ,ϕx,ϕy,ϕz,ndims,T,χ,Λ
23,1.0,0.6180339887498949,0.4487989505128276,0.0,0.0,0.0,3,2.807216203941177,"[0.08323126217096947, 0.0, 0.0, 0.0, 0.0, 0.040705314618623104, -0.0013441884172012413, -0.0013885133701413979, 0.0, -0.0013441884172015034, 0.04070531461862574, -0.001388513370142323, 0.0, -0.001388513370141401, -0.0013885133701423235, 0.040944069702643186]",0.3
