L,J,Q,θ,ϕx,ϕy,ϕz,ndims,T,χ,Λ
23,1.75,0.6180339887498949,0.4487989505128276,0.0,0.0,0.0,3,7.27895384398315,"[0.033798387275107075, 0.0, 0.0, 0.0, 0.0, 0.016756791102982997, -9.937083366896354e-5, -0.00010099704358809465, 0.0, -9.937083366895355e-5, 0.016756791102982546, -0.00010099704358809292, 0.0, -0.00010099704358809637, -0.0001009970435880938, 0.016804181458375193]",0.3
