L,J,Q,θ,ϕx,ϕy,ϕz,ndims,T,χ,Λ
27,2.25,0.6180339887498949,0.4487989505128276,0.0,0.0,0.0,3,0.7880462815669912,[4.962827308591615 0.0 0.0 0.0; 0.0 1.77343222956498 -0.10903679350906713 -0.24583043961010204; 0.0 -0.1090367935090672 1.7734322295649374 -0.24583043961010229; 0.0 -0.2458304396101018 -0.24583043961010242 1.9693067620873814],0.3
