L,J,Q,θ,ϕx,ϕy,ϕz,ndims,T,χ,Λ
29,1.5,0.6180339887498949,0.4487989505128276,0.0,0.0,0.0,3,0.0853167852417281,"[0.43167939296094804, 0.0, 0.0, 0.0, 0.0, 0.10903557250082672, -0.010297241977285133, -0.037602743039016936, 0.0, -0.01029724197728538, 0.10903557250082706, -0.03760274303901703, 0.0, -0.03760274303901692, -0.03760274303901703, 0.14687711979972648]",0.3
