L,J,Q,θ,ϕx,ϕy,ϕz,ndims,T,χ,Λ
29,3.0,0.6180339887498949,0.4487989505128276,0.0,0.0,0.0,3,0.0013738237958832624,"[0.6563083077252824, 0.0, 0.0, 0.0, 0.0, 0.0920970174497618, 0.0027540817752851683, -0.03652533546648797, 0.0, 0.002754081775285046, 0.09209701744975615, -0.036525335466490165, 0.0, -0.03652533546648796, -0.036525335466490165, 0.10283080803404938]",0.3
