L,J,Q,θ,ϕx,ϕy,ϕz,ndims,T,χ,Λ
29,3.0,0.6180339887498949,0.4487989505128276,0.0,0.0,0.0,3,0.006723357536499335,"[0.5038379393326627, 0.0, 0.0, 0.0, 0.0, 0.08409421054562678, -0.0013446832409435162, -0.028306722798539786, 0.0, -0.0013446832409431321, 0.08409421054562548, -0.028306722798539737, 0.0, -0.028306722798539782, -0.028306722798539737, 0.09116310078510582]",0.3
