L,J,Q,θ,ϕx,ϕy,ϕz,ndims,T,χ,Λ
29,2.25,0.6180339887498949,0.4487989505128276,0.0,0.0,0.0,3,0.03290344562312668,"[0.4685644979218302, 0.0, 0.0, 0.0, 0.0, 0.09416356586023655, -0.007724215382068257, -0.03134603925111606, 0.0, -0.0077242153820684615, 0.09416356586023349, -0.03134603925111567, 0.0, -0.03134603925111606, -0.03134603925111568, 0.11289409148068208]",0.3
