L,J,Q,θ,ϕx,ϕy,ϕz,ndims,T,χ,Λ
29,0.25,0.6180339887498949,0.4487989505128276,0.0,0.0,0.0,3,7.27895384398315,"[0.03402547544101968, 0.0, 0.0, 0.0, 0.0, 0.016984536352471054, -0.00010328138768806136, -0.00010331901086834188, 0.0, -0.0001032813876881663, 0.016984536352470162, -0.00010331901086840244, 0.0, -0.00010331901086834258, -0.00010331901086840168, 0.016985681405349114]",0.3
