L,J,Q,θ,ϕx,ϕy,ϕz,ndims,T,χ,Λ
29,0.5,0.6180339887498949,0.4487989505128276,0.0,0.0,0.0,3,2.043359717856942,"[0.11070725299969719, 0.0, 0.0, 0.0, 0.0, 0.05427203473164807, -0.0030191100655846096, -0.0030666672444570942, 0.0, -0.0030191100655844127, 0.05427203473164652, -0.0030666672444529305, 0.0, -0.003066667244457144, -0.0030666672444528828, 0.054441390178929704]",0.3
