L,J,Q,θ,ϕx,ϕy,ϕz,ndims,T,χ,Λ
31,2.0,0.6180339887498949,0.4487989505128276,0.0,0.0,0.0,3,2.043359717856942,[3.2174580965271193 0.0 0.0 0.0; 0.0 1.4591569511407572 -0.062139999654930785 -0.07629908193182644; 0.0 -0.06213999965493779 1.4591569511409619 -0.07629908193182774; 0.0 -0.07629908193182651 -0.07629908193182755 1.5094868704948823],0.3
