L,J,Q,θ,ϕx,ϕy,ϕz,ndims,T,χ,Λ
31,1.75,0.6180339887498949,0.4487989505128276,0.0,0.0,0.0,3,0.7880462815669912,[0.1953569128823978 0.0 0.0 0.0; 0.0 0.07555980819884188 -0.006299871953231366 -0.011116253913837217; 0.0 -0.006299871953231943 0.07555980819884077 -0.011116253913837302; 0.0 -0.011116253913837217 -0.011116253913837292 0.08253930100235456],0.3
