L,J,Q,θ,μ,ϕx,ϕy,ϕz,ndims,T,Λ,χ_dwave,dχdlogT_dwave,χ_pwave,dχdlogT_pwave
23,0.2,0.6180339887498949,0.4487989505128276,0.75,2.345440509105221,1.1784473532620074,0.53491403360379,3,0.20691380811147897,0.3,[0.09849507000127053 0.0 0.0 0.0; 0.0 0.0357248982248766 -0.014563239170972861 -0.015401179617075485; 0.0 -0.014563239170972433 0.03546485853572388 -0.015086132397372566; 0.0 -0.015401179617075994 -0.015086132397372255 0.03613544722518684],[-0.08855158811474548 0.0 0.0 0.0; 0.0 -0.03197830458725731 0.01312029799797713 0.013711922924482; 0.0 0.013120297997977946 -0.031804411004939484 0.0134677651803659; 0.0 0.013711922924481942 0.013467765180366294 -0.03223428881488585],[-5.177621143228759e-19 0.0 0.0 0.0; 0.0 0.04452552724903152 7.110691513604871e-5 0.0006445152738688812; 0.0 7.110691513611066e-5 0.044559803858334884 -0.00016254687860113646; 0.0 0.0006445152738688963 -0.00016254687860108524 0.044199030109036246],[4.241094926917272e-19 0.0 0.0 0.0; 0.0 -0.039666970121597964 0.00017790897062960182 -0.0004405996554303905; 0.0 0.0001779089706296125 -0.0396250963139218 3.933692551677309e-5; 0.0 -0.0004405996554303609 3.933692551677886e-5 -0.03949154555959042]
