L,J,Q,θ,μ,ϕx,ϕy,ϕz,ndims,T,Λ,χ_dwave,dχdlogT_dwave,χ_pwave,dχdlogT_pwave
23,0.2,0.6180339887498949,0.4487989505128276,0.75,2.345440509105221,1.1784473532620074,0.53491403360379,3,2.3357214690901222,0.3,[0.009206134741913997 0.0 0.0 0.0; 0.0 0.003343835200187258 -0.0013745390818366379 -0.0014352230147962207; 0.0 -0.0013745390818366123 0.0033227328993413055 -0.0014041149256993457; 0.0 -0.0014352230147962116 -0.0014041149256993908 0.003365120466318087],[-0.009197458569387442 0.0 0.0 0.0; 0.0 -0.0033405821348797896 0.0013732870286716377 0.0014337530337794327; 0.0 0.0013732870286715607 -0.0033195698393974405 0.0014027297340174214; 0.0 0.0014337530337793427 0.0014027297340174034 -0.0033617472334811233],[3.904732670331725e-20 0.0 0.0 0.0; 0.0 0.004178991389684135 1.2483443427896777e-5 5.834915875244634e-5; 0.0 1.248344342792309e-5 0.004194912732255967 -2.305846969709985e-5; 0.0 5.8349158752445434e-5 -2.3058469697097072e-5 0.004125492326165959],[-3.900884037271195e-20 0.0 0.0 0.0; 0.0 -0.004174772061400129 -1.2297437699964056e-5 -5.815490193219967e-5; 0.0 -1.2297437699947776e-5 -0.004190617634751709 2.295344018138967e-5; 0.0 -5.815490193220477e-5 2.295344018139018e-5 -0.0041214173634018065]
