L,J,Q,θ,μ,ϕx,ϕy,ϕz,ndims,T,Λ,χ_dwave,dχdlogT_dwave,χ_pwave,dχdlogT_pwave
23,1.1,0.6180339887498949,0.4487989505128276,0.75,2.345440509105221,1.1784473532620074,0.53491403360379,3,0.029763514416313176,0.3,[0.29638068847363014 0.0 0.0 0.0; 0.0 0.02043380004764459 0.00011672506933713893 -0.00029207404427431476; 0.0 0.00011672506933715156 0.020477988288657472 -0.00021458858416429773; 0.0 -0.00029207404427431275 -0.0002145885841643047 0.020614043084617006],[-0.1219020997232461 0.0 0.0 0.0; 0.0 -0.0034597304824541585 -0.002244415671185449 -0.002183925990110814; 0.0 -0.0022444156711852836 -0.0034425606530999356 -0.002151788781300555; 0.0 -0.002183925990110786 -0.002151788781300656 -0.00348497230003554],[-2.776276163154479e-19 0.0 0.0 0.0; 0.0 0.014604789721385951 -6.361406134045288e-5 -2.90709277096231e-5; 0.0 -6.361406134045233e-5 0.014737123280748596 -8.892425033653601e-5; 0.0 -2.9070927709622774e-5 -8.89242503365335e-5 0.014749424665616302],[4.376116331037072e-19 0.0 0.0 0.0; 0.0 -0.0007256315042470166 -2.5491500375032845e-6 -1.4187764308515373e-5; 0.0 -2.5491500375032193e-6 -0.0007710516998138107 -3.7929101195699425e-7; 0.0 -1.4187764308514781e-5 -3.7929101195705503e-7 -0.0007234650104975438]
