L,J,Q,θ,μ,ϕx,ϕy,ϕz,ndims,T,Λ,χ_dwave,dχdlogT_dwave,χ_pwave,dχdlogT_pwave
23,0.05,0.6180339887498949,0.4487989505128276,0.75,5.808272770750444,4.044985611512306,3.6469407673988647,3,6.158482110660264,0.3,[0.0035030240484027757 0.0 0.0 0.0; 0.0 0.0015077889175944231 -0.0006540239396460237 -0.0006772794278221603; 0.0 -0.0006540239396460491 0.001510669944230255 -0.0006723354146673727; 0.0 -0.0006772794278221202 -0.0006723354146673763 0.0015320920081623236],[-0.0035025563244824023 0.0 0.0 0.0; 0.0 -0.0015075918146628337 0.0006539426944348809 0.000677187135537874; 0.0 0.0006539426944349016 -0.0015104729189816567 0.0006722459305730281; 0.0 0.0006771871355378676 0.0006722459305730796 -0.0015318840003931806],[9.25973220508839e-21 0.0 0.0 0.0; 0.0 0.0019175003104758565 -7.393277877673147e-6 5.322839677477286e-6; 0.0 -7.393277877665725e-6 0.0019119174193525 -5.9949638672526044e-5; 0.0 5.322839677476182e-6 -5.99496386725241e-5 0.0018925712829960697],[-9.258256156607454e-21 0.0 0.0 0.0; 0.0 -0.0019172468673689894 7.390746425088655e-6 -5.3203218018906224e-6; 0.0 7.390746425091469e-6 -0.0019116648855121272 5.9924787765472365e-5; 0.0 -5.320321801893444e-6 5.9924787765474744e-5 -0.0018923290556909743]
