L,J,Q,θ,μ,ϕx,ϕy,ϕz,ndims,T,Λ,χ_dwave,dχdlogT_dwave,χ_pwave,dχdlogT_pwave
23,0.9,0.6180339887498949,0.4487989505128276,0.75,2.345440509105221,1.1784473532620074,0.53491403360379,3,0.5455594781168519,0.3,[0.03477504055480944 0.0 0.0 0.0; 0.0 0.004397269236332356 -0.0009452691850668423 -0.0009425959403480352; 0.0 -0.0009452691850668205 0.004315590204263108 -0.0008992775005590977; 0.0 -0.000942595940348094 -0.0008992775005590866 0.004371451688668552],[-0.034206925186375414 0.0 0.0 0.0; 0.0 -0.004273865506241808 0.0009059329544773057 0.0009034235017847676; 0.0 0.0009059329544773345 -0.004194514566811707 0.0008610779921984451; 0.0 0.0009034235017847506 0.0008610779921984327 -0.004248715802060233],[-2.3845895066200866e-19 0.0 0.0 0.0; 0.0 0.004111972645504021 -2.321186103774942e-5 7.886891909866159e-6; 0.0 -2.321186103775009e-5 0.0040359644770704105 2.4807925842249104e-5; 0.0 7.886891909867238e-6 2.4807925842249954e-5 0.004140546474805641],[2.3459326385918323e-19 0.0 0.0 0.0; 0.0 -0.00398296311930954 2.2854748340379883e-5 -7.6120435150475996e-6; 0.0 2.2854748340381567e-5 -0.003909198886259631 -2.3968151182842996e-5; 0.0 -7.612043515047849e-6 -2.3968151182842058e-5 -0.004011116849082377]
