L,J,Q,θ,μ,ϕx,ϕy,ϕz,ndims,T,Λ,χ_dwave,dχdlogT_dwave,χ_pwave,dχdlogT_pwave
23,1.2,0.6180339887498949,0.4487989505128276,0.75,1.3228341052784347,2.2382869630536772,1.224191915609131,3,10.0,0.3,[0.0017834680289751095 0.0 0.0 0.0; 0.0 0.00017363203144128302 -2.3934982974580135e-5 -2.4262006320736095e-5; 0.0 -2.3934982974580765e-5 0.000170451796029088 -2.080934166989785e-5; 0.0 -2.426200632073721e-5 -2.080934166989765e-5 0.00017333018734801256],[-0.0017833785308327436 0.0 0.0 0.0; 0.0 -0.00017361696540104413 2.393100334675808e-5 2.4258017438532806e-5; 0.0 2.3931003346759056e-5 -0.00017043699790495422 2.080559867157279e-5; 0.0 2.4258017438532664e-5 2.0805598671573176e-5 -0.00017331520277665658],[6.273211476160157e-21 0.0 0.0 0.0; 0.0 0.00014040780756643207 -7.93195689623689e-7 9.259272803089526e-8; 0.0 -7.931956896236859e-7 0.00013906783398914043 -6.836353300799427e-7; 0.0 9.259272803090313e-8 -6.836353300799708e-7 0.00014192235263132434],[-6.272937140754272e-21 0.0 0.0 0.0; 0.0 -0.00014039385290208532 7.931401655633215e-7 -9.257838330254113e-8; 0.0 7.931401655633124e-7 -0.00013905386354210115 6.835537140731052e-7; 0.0 -9.257838330254013e-8 6.8355371407314e-7 -0.0001419082124089177]
