L,J,Q,θ,μ,ϕx,ϕy,ϕz,ndims,T,Λ,χ_dwave,dχdlogT_dwave,χ_pwave,dχdlogT_pwave
23,1.15,0.6180339887498949,0.4487989505128276,0.75,5.808272770750444,4.044985611512306,3.6469407673988647,3,0.12742749857031338,0.3,[0.12515351524954843 0.0 0.0 0.0; 0.0 0.011496136282298699 -0.001343103183777966 -0.0013896128276881267; 0.0 -0.0013431031837779213 0.011413949857251205 -0.0010404650179680866; 0.0 -0.0013896128276881267 -0.0010404650179680665 0.011461304169182326],[-0.09955890482036425 0.0 0.0 0.0; 0.0 -0.007529709218008749 0.0003630069992736716 0.00037959977787603235; 0.0 0.0003630069992736771 -0.007509600700358688 0.00015285456303819328; 0.0 0.00037959977787603013 0.00015285456303819719 -0.007555087054215576],[-1.9351279781470126e-20 0.0 0.0 0.0; 0.0 0.009200282731272926 -0.00010586577111371618 -3.947802016517866e-5; 0.0 -0.00010586577111371505 0.00911822102252477 -3.115540009121245e-5; 0.0 -3.947802016517852e-5 -3.115540009121309e-5 0.009173358009191016],[1.981383461088701e-19 0.0 0.0 0.0; 0.0 -0.0055772776807263185 6.360101447643809e-5 3.171921546486918e-5; 0.0 6.36010144764353e-5 -0.005520160225276797 2.71802377510949e-5; 0.0 3.171921546487123e-5 2.7180237751095918e-5 -0.005529583676827408]
