L,J,Q,θ,μ,ϕx,ϕy,ϕz,ndims,T,Λ,χ_dwave,dχdlogT_dwave,χ_pwave,dχdlogT_pwave
23,1.0,0.6180339887498949,0.4487989505128276,0.75,1.3228341052784347,2.2382869630536772,1.224191915609131,3,0.20691380811147897,0.3,[0.08499275817693955 0.0 0.0 0.0; 0.0 0.009084109726685972 -0.0015350574836301614 -0.0016439620157810105; 0.0 -0.0015350574836301802 0.009043228500780789 -0.0016722109003577085; 0.0 -0.0016439620157810498 -0.0016722109003577338 0.009202384601541868],[-0.0766410696586192 0.0 0.0 0.0; 0.0 -0.00755145860266214 0.0010999856525037834 0.0011881161905787844; 0.0 0.0010999856525038413 -0.007516917371474482 0.001210030205680153; 0.0 0.0011881161905788094 0.0012100302056801055 -0.00765246136454506],[6.298367763173751e-19 0.0 0.0 0.0; 0.0 0.008165413988290088 1.1258063031865744e-5 7.557694852159668e-5; 0.0 1.1258063031866298e-5 0.008093578546797202 -5.454024348254847e-5; 0.0 7.557694852159582e-5 -5.454024348254853e-5 0.008167550668085524],[-5.979503406723252e-19 0.0 0.0 0.0; 0.0 -0.006613106975722348 -7.988631036295543e-6 -6.650320509494642e-5; 0.0 -7.988631036295358e-6 -0.006547714831557131 4.079074045197386e-5; 0.0 -6.650320509494732e-5 4.079074045197389e-5 -0.006614616268326009]
