L,J,Q,θ,μ,ϕx,ϕy,ϕz,ndims,T,Λ,χ_dwave,dχdlogT_dwave,χ_pwave,dχdlogT_pwave
23,0.55,0.6180339887498949,0.4487989505128276,0.75,5.808272770750444,4.044985611512306,3.6469407673988647,3,0.20691380811147897,0.3,[0.09369210833222884 0.0 0.0 0.0; 0.0 0.018395930287206617 -0.0059844131774682684 -0.005910450392020792; 0.0 -0.005984413177468473 0.018652209501915346 -0.006073726256786549; 0.0 -0.0059104503920206185 -0.006073726256787032 0.018577949305324637],[-0.0845550068961638 0.0 0.0 0.0; 0.0 -0.015586494995488519 0.004904920106473532 0.004845191640315243; 0.0 0.00490492010647392 -0.01580890230244976 0.004992332359342118; 0.0 0.004845191640314968 0.004992332359342172 -0.01574859628992307],[1.0042714702402356e-19 0.0 0.0 0.0; 0.0 0.02022019695371504 9.635163234968206e-5 0.00014183053870706161; 0.0 9.635163234968825e-5 0.0206274842325365 5.047124103366863e-5; 0.0 0.00014183053870706842 5.0471241033665485e-5 0.02058293074890482],[-7.591589005903718e-20 0.0 0.0 0.0; 0.0 -0.01695157640863675 -0.00011704462525419076 -0.00016088085043664747; 0.0 -0.00011704462525417801 -0.01732940120506805 -4.07741738463393e-5; 0.0 -0.00016088085043663807 -4.077417384633746e-5 -0.017287759698060786]
