L,J,Q,θ,μ,ϕx,ϕy,ϕz,ndims,T,Λ,χ_dwave,dχdlogT_dwave,χ_pwave,dχdlogT_pwave
23,1.05,0.6180339887498949,0.4487989505128276,0.75,1.3228341052784347,2.2382869630536772,1.224191915609131,3,10.0,0.3,[0.0018409996603824142 0.0 0.0 0.0; 0.0 0.00019938582443422784 -3.263198775425753e-5 -3.077743907968856e-5; 0.0 -3.263198775425775e-5 0.00020197704580827332 -3.549656274483549e-5; 0.0 -3.0777439079687146e-5 -3.549656274483706e-5 0.0002009108008979349],[-0.00184090808445756 0.0 0.0 0.0; 0.0 -0.000199368749349 3.262707396827007e-5 3.0772651776714424e-5; 0.0 3.262707396826988e-5 -0.00020195959240233501 3.549145456412221e-5; 0.0 3.0772651776714403e-5 3.549145456412128e-5 -0.00020089350784840184],[-5.7031090095141e-21 0.0 0.0 0.0; 0.0 0.00017383462500227814 -3.6058983058425113e-7 -2.2335590232607975e-7; 0.0 -3.6058983058423446e-7 0.000176405285785738 5.830228252275518e-7; 0.0 -2.233559023260941e-7 5.830228252275213e-7 0.00017511847343130817],[5.703238572673475e-21 0.0 0.0 0.0; 0.0 -0.00017381760410657192 3.605448953603528e-7 2.2334848744393139e-7; 0.0 3.6054489536034454e-7 -0.00017638802102878443 -5.829889738763431e-7; 0.0 2.2334848744393647e-7 -5.829889738763208e-7 -0.00017510132523058353]
