L,J,Q,θ,μ,ϕx,ϕy,ϕz,ndims,T,Λ,χ_dwave,dχdlogT_dwave,χ_pwave,dχdlogT_pwave
23,0.05,0.6180339887498949,0.4487989505128276,0.75,2.345440509105221,1.1784473532620074,0.53491403360379,3,0.011288378916846888,0.3,[0.5006023553359044 0.0 0.0 0.0; 0.0 0.20985633932245937 -0.08560963967382557 -0.1007724017894016; 0.0 -0.0856096396738251 0.20575289329263624 -0.09323684555721866; 0.0 -0.10077240178940826 -0.09323684555721373 0.21847568517129068],[-0.15856626437205637 0.0 0.0 0.0; 0.0 -0.06345934642722367 0.02039443856043448 0.03641872349095514; 0.0 0.02039443856043503 -0.05762759228298201 0.027075503932135217; 0.0 0.036418723490955957 0.02707550393213452 -0.06999719758674504],[8.053336935770699e-18 0.0 0.0 0.0; 0.0 0.2721383005660041 -0.017047428284515533 0.012217830770587869; 0.0 -0.017047428284515463 0.27695508324544493 0.002992903200058435; 0.0 0.012217830770587993 0.0029929032000589792 0.26329169091209165],[-2.1625855044368042e-18 0.0 0.0 0.0; 0.0 -0.07770797062661479 0.01582284071239334 -0.011915782236215361; 0.0 0.01582284071239251 -0.08489330810305595 -0.004278071795728031; 0.0 -0.011915782236215321 -0.004278071795727511 -0.0709817733173545]
