L,J,Q,θ,μ,ϕx,ϕy,ϕz,ndims,T,Λ,χ_dwave,dχdlogT_dwave,χ_pwave,dχdlogT_pwave
23,1.0,0.6180339887498949,0.4487989505128276,0.75,5.808272770750444,4.044985611512306,3.6469407673988647,3,0.8858667904100826,0.3,[0.021017524541879065 0.0 0.0 0.0; 0.0 0.002407316052609225 -0.0004204605606418489 -0.000467485791119303; 0.0 -0.0004204605606418489 0.002406739123409491 -0.0004636772831060623; 0.0 -0.00046748579111929845 -0.00046367728310604887 0.002433890749189218],[-0.020885576847978274 0.0 0.0 0.0; 0.0 -0.002381056264603962 0.0004128990848810412 0.0004593886504446547; 0.0 0.0004128990848810425 -0.0023806613998274607 0.00045566203537527694; 0.0 0.000459388650444659 0.0004556620353752508 -0.0024075242370285264],[-1.890194138287569e-19 0.0 0.0 0.0; 0.0 0.0021407600339082363 -1.138154927892077e-5 -1.2498265201645071e-5; 0.0 -1.138154927892082e-5 0.002172630343293734 8.252022173082731e-6; 0.0 -1.2498265201645698e-5 8.252022173082436e-6 0.002179755881400121],[1.8851883833717528e-19 0.0 0.0 0.0; 0.0 -0.0021145565166228123 1.1213069883282789e-5 1.2332387792814609e-5; 0.0 1.1213069883282603e-5 -0.002146054846298762 -8.164452367432135e-6; 0.0 1.233238779281396e-5 -8.16445236743205e-6 -0.0021530661198473407]
