L,J,Q,θ,μ,ϕx,ϕy,ϕz,ndims,T,Λ,χ_dwave,dχdlogT_dwave,χ_pwave,dχdlogT_pwave
23,0.3,0.6180339887498949,0.4487989505128276,0.75,2.345440509105221,1.1784473532620074,0.53491403360379,3,0.001,0.3,[0.8090917710936634 0.0 0.0 0.0; 0.0 0.11190478920692004 -0.03390296208587195 -0.032359941528820144; 0.0 -0.0339029620858696 0.11539830957202026 -0.0314559140493547; 0.0 -0.032359941528821 -0.031455914049353995 0.1114756805665369],[-0.14411210567420665 0.0 0.0 0.0; 0.0 -0.0022660346005127234 -0.0024499087376173333 -0.0023312911413634146; 0.0 -0.002449908737617361 -0.00346356374553676 -0.003017853813438828; 0.0 -0.0023312911413633872 -0.0030178538134387222 -0.003733845351791272],[5.761163103603888e-18 0.0 0.0 0.0; 0.0 0.12200547895344017 -0.007924001635025345 -0.0015842247176322886; 0.0 -0.007924001635025246 0.12180471011506114 0.002575170207744591; 0.0 -0.0015842247176322507 0.002575170207744538 0.12289877160312263],[-7.280859951953051e-18 0.0 0.0 0.0; 0.0 -0.0006864142156256907 0.00042871744585798606 -6.258027061056342e-6; 0.0 0.00042871744585797994 -0.0003321489818385472 3.6829930679608896e-5; 0.0 -6.258027061055676e-6 3.6829930679609906e-5 0.00010901155634491713]
