L,J,Q,θ,μ,ϕx,ϕy,ϕz,ndims,T,Λ,χ_dwave,dχdlogT_dwave,χ_pwave,dχdlogT_pwave
23,0.95,0.6180339887498949,0.4487989505128276,0.75,1.3228341052784347,2.2382869630536772,1.224191915609131,3,0.3359818286283782,0.3,[0.055068332628136256 0.0 0.0 0.0; 0.0 0.00661971476309531 -0.0011523674389647674 -0.0012028067123272994; 0.0 -0.0011523674389647765 0.006561300350873592 -0.0012377110099649202; 0.0 -0.0012028067123273647 -0.0012377110099649387 0.0066506810584645235],[-0.05278495166972155 0.0 0.0 0.0; 0.0 -0.006149432628648075 0.0010148966666135692 0.0010622806131388419; 0.0 0.001014896666613568 -0.006093467052492345 0.001095609350704534; 0.0 0.0010622806131388612 0.0010956093507045446 -0.006177756621288191],[9.704222959711458e-21 0.0 0.0 0.0; 0.0 0.005892388526697407 1.627742820313212e-5 6.140820736280313e-6; 0.0 1.6277428203132366e-5 0.005903901844586606 2.8828676538312747e-5; 0.0 6.140820736280792e-6 2.8828676538312804e-5 0.005971561774023721],[-2.1549189819304514e-20 0.0 0.0 0.0; 0.0 -0.0054188394195325154 -1.4620643618812252e-5 -6.745178681967598e-6; 0.0 -1.4620643618812045e-5 -0.005430560170964905 -2.771230907885773e-5; 0.0 -6.745178681966994e-6 -2.7712309078857595e-5 -0.005494740014834338]
