L,J,Q,θ,μ,ϕx,ϕy,ϕz,ndims,T,Λ,χ_dwave,dχdlogT_dwave,χ_pwave,dχdlogT_pwave
23,1.05,0.6180339887498949,0.4487989505128276,0.75,5.808272770750444,4.044985611512306,3.6469407673988647,3,0.0069519279617756054,0.3,[0.4795180662235902 0.0 0.0 0.0; 0.0 0.025751132619679755 0.0030505791457425633 0.003303658980495121; 0.0 0.003050579145742616 0.026240690373819903 0.003678965814078207; 0.0 0.0033036589804954124 0.0036789658140783097 0.02615898772221559],[-0.12472275496922129 0.0 0.0 0.0; 0.0 -0.002710794651234638 -0.00267866297667502 -0.002638797535659675; 0.0 -0.002678662976675019 -0.0028850663160150756 -0.0027349050250445907; 0.0 -0.0026387975356596464 -0.0027349050250446362 -0.00282263030925298],[-3.849373309961337e-18 0.0 0.0 0.0; 0.0 0.016031966161552703 -2.325371612704457e-5 -0.00015718648769537673; 0.0 -2.32537161270462e-5 0.01643650534604183 -8.285162730592881e-5; 0.0 -0.00015718648769537483 -8.28516273059329e-5 0.016120925547420336],[2.18910143572396e-18 0.0 0.0 0.0; 0.0 -3.747160516016189e-5 4.0207924705394e-6 -2.7673152316607512e-5; 0.0 4.020792470539478e-6 -5.7613773022839986e-5 1.2045611867157256e-5; 0.0 -2.767315231660827e-5 1.2045611867157532e-5 -6.107629534124678e-5]
