L,J,Q,θ,μ,ϕx,ϕy,ϕz,ndims,T,Λ,χ_dwave,dχdlogT_dwave,χ_pwave,dχdlogT_pwave
23,0.6,0.6180339887498949,0.4487989505128276,0.75,5.808272770750444,4.044985611512306,3.6469407673988647,3,0.04832930238571752,0.3,[0.2645993016545541 0.0 0.0 0.0; 0.0 0.03889020641832513 -0.010371273295278536 -0.010307203030576063; 0.0 -0.010371273295278446 0.038807274817764026 -0.010197484604325036; 0.0 -0.010307203030576858 -0.01019748460432502 0.038681241392901064],[-0.1350306476638376 0.0 0.0 0.0; 0.0 -0.010055212930032125 0.000572693231530342 0.0005410172383112716; 0.0 0.0005726932315303242 -0.009989009166274885 0.000458220496470663; 0.0 0.0005410172383112518 0.00045822049647066586 -0.010030166327466075],[-2.5628414885549334e-18 0.0 0.0 0.0; 0.0 0.04008066591324884 0.00010051054955702284 0.000321193586855727; 0.0 0.00010051054955703472 0.040001826729906265 -2.6291881234260124e-5; 0.0 0.00032119358685571664 -2.6291881234259402e-5 0.03931816418901077],[1.396736905659081e-18 0.0 0.0 0.0; 0.0 -0.008306878338916475 -8.710642434406022e-5 -0.0001270737589488961; 0.0 -8.710642434406968e-5 -0.008219031056173104 5.9423785936833785e-5; 0.0 -0.0001270737589488943 5.9423785936837024e-5 -0.007990713314802042]
