L,J,Q,θ,μ,ϕx,ϕy,ϕz,ndims,T,Λ,χ_dwave,dχdlogT_dwave,χ_pwave,dχdlogT_pwave
23,0.8,0.6180339887498949,0.4487989505128276,0.75,1.3228341052784347,2.2382869630536772,1.224191915609131,3,0.0026366508987303583,0.3,[0.6300671217266994 0.0 0.0 0.0; 0.0 0.03732721724579946 0.003622387231573899 0.0029818264556790877; 0.0 0.003622387231573872 0.03742745086124516 0.003187840508952203; 0.0 0.0029818264556789 0.003187840508951968 0.037277211488384476],[-0.1259599865153381 0.0 0.0 0.0; 0.0 -0.0027866441119411404 -0.0028380236909955783 -0.0027936362256709367; 0.0 -0.0028380236909958077 -0.0028779147484324693 -0.0029506501230348674; 0.0 -0.0027936362256709203 -0.0029506501230349316 -0.0028601880006674453],[7.374572715055776e-18 0.0 0.0 0.0; 0.0 0.026490065465572376 0.00044637009247927117 -0.00018056490632343967; 0.0 0.00044637009247927925 0.026102693534728293 7.56820421596009e-5; 0.0 -0.00018056490632344327 7.568204215959682e-5 0.02634302561407455],[-9.011332144585746e-19 0.0 0.0 0.0; 0.0 1.67127084515313e-5 -1.1661135328014305e-6 6.927110175137514e-6; 0.0 -1.1661135328016285e-6 1.4594267492957388e-5 8.803352167432369e-6; 0.0 6.927110175137035e-6 8.803352167432015e-6 -3.394557063904446e-5]
