L,J,Q,θ,μ,ϕx,ϕy,ϕz,ndims,T,Λ,χ_dwave,dχdlogT_dwave,χ_pwave,dχdlogT_pwave
23,0.05,0.6180339887498949,0.4487989505128276,0.75,5.808272770750444,4.044985611512306,3.6469407673988647,3,0.029763514416313176,0.3,[0.35174439306361655 0.0 0.0 0.0; 0.0 0.15074703539163778 -0.06639283102301752 -0.06636583952305074; 0.0 -0.06639283102301426 0.15188324298531383 -0.06760222493585229; 0.0 -0.0663658395230471 -0.06760222493585936 0.1515541467610492],[-0.15043635860594645 0.0 0.0 0.0; 0.0 -0.06205711096283269 0.027677282009321364 0.026002875284840694; 0.0 0.027677282009321222 -0.0639890160415278 0.029265871872668592; 0.0 0.02600287528483997 0.02926587187266875 -0.0620980114944735],[3.480325022696084e-18 0.0 0.0 0.0; 0.0 0.19281623664623962 -0.0003296868473277876 0.00025409703957680836; 0.0 -0.0003296868473279968 0.19143433480596564 -0.005061524410387815; 0.0 0.00025409703957682245 -0.005061524410388006 0.19187558654780673],[-2.135311359651551e-18 0.0 0.0 0.0; 0.0 -0.08218124942147152 0.0016725904286944533 -0.0017341185956509934; 0.0 0.0016725904286942516 -0.08016186219602295 0.007533184290360532; 0.0 -0.001734118595650931 0.007533184290360462 -0.08203662259767154]
