L,J,Q,θ,μ,ϕx,ϕy,ϕz,ndims,T,Λ,χ_dwave,dχdlogT_dwave,χ_pwave,dχdlogT_pwave
23,1.15,0.6180339887498949,0.4487989505128276,0.75,1.3228341052784347,2.2382869630536772,1.224191915609131,3,0.029763514416313176,0.3,[0.2928354524684435 0.0 0.0 0.0; 0.0 0.019503768400227467 0.0002034009542902412 7.205088207124426e-5; 0.0 0.0002034009542902916 0.019673745252108594 -9.826199944558335e-5; 0.0 7.205088207123364e-5 -9.826199944560007e-5 0.019165263514930073],[-0.12069817004213572 0.0 0.0 0.0; 0.0 -0.003384090246140725 -0.002134727257957708 -0.0021114191871692872; 0.0 -0.0021347272579577054 -0.003372262220198443 -0.002099788603667433; 0.0 -0.0021114191871693688 -0.002099788603667567 -0.003143652508878466],[1.3602878940422844e-18 0.0 0.0 0.0; 0.0 0.013641430260954266 0.00016565895399287206 5.3811685645386214e-5; 0.0 0.0001656589539928686 0.013815432800382688 7.775863797810375e-5; 0.0 5.381168564538415e-5 7.775863797810468e-5 0.013728731021241952],[-5.853739668939589e-19 0.0 0.0 0.0; 0.0 -0.0007013385105783668 -1.3023473852426295e-5 2.210913647310388e-5; 0.0 -1.3023473852425634e-5 -0.0006799377598193953 -2.2253498627217734e-5; 0.0 2.2109136473102314e-5 -2.2253498627217493e-5 -0.0007200648854429831]
