L,J,Q,θ,μ,ϕx,ϕy,ϕz,ndims,T,Λ,χ_dwave,dχdlogT_dwave,χ_pwave,dχdlogT_pwave
23,1.1,0.6180339887498949,0.4487989505128276,0.75,5.808272770750444,4.044985611512306,3.6469407673988647,3,0.011288378916846888,0.3,[0.4138347716988519 0.0 0.0 0.0; 0.0 0.023808532849586703 0.0023229809372508595 0.0025391174098182974; 0.0 0.002322980937250917 0.023676822978677407 0.0015157959003927865; 0.0 0.002539117409818042 0.0015157959003927008 0.02366737182565533],[-0.12228755472875501 0.0 0.0 0.0; 0.0 -0.002960302300089511 -0.002608359802504535 -0.0026175344587528277; 0.0 -0.0026083598025044715 -0.00264243032596848 -0.0024485521386245204; 0.0 -0.00261753445875272 -0.002448552138624665 -0.0026420140628142215],[-1.2714411579412673e-18 0.0 0.0 0.0; 0.0 0.015299894744908128 6.946898707160421e-5 0.00021822466533459706; 0.0 6.946898707160352e-5 0.015011149353674641 -0.0001734299879969657; 0.0 0.0002182246653346073 -0.00017342998799696133 0.015528698065681888],[3.436246551679317e-19 0.0 0.0 0.0; 0.0 -0.00013207303733730875 7.779653299963544e-7 -2.250680743597939e-6; 0.0 7.779653299961561e-7 -8.94162805609255e-5 -1.0303259109148115e-5; 0.0 -2.2506807435978914e-6 -1.030325910914782e-5 -0.00012100954594158272]
