L,J,Q,θ,μ,ϕx,ϕy,ϕz,ndims,T,Λ,χ_dwave,dχdlogT_dwave,χ_pwave,dχdlogT_pwave
23,1.0,0.6180339887498949,0.4487989505128276,0.75,2.345440509105221,1.1784473532620074,0.53491403360379,3,0.004281332398719396,0.3,[0.5446324052053815 0.0 0.0 0.0; 0.0 0.029329825913115982 0.004943303210688145 0.004701028869494284; 0.0 0.004943303210687999 0.029315071568593292 0.004679293333377739; 0.0 0.004701028869494178 0.004679293333377738 0.02863744567264055],[-0.12594674610750717 0.0 0.0 0.0; 0.0 -0.0030056329718122082 -0.002974480879556421 -0.002798820378300743; 0.0 -0.0029744808795564904 -0.003014428250864688 -0.0028198895185285347; 0.0 -0.0027988203783007215 -0.0028198895185286626 -0.002779962603144573],[-3.842477926232396e-18 0.0 0.0 0.0; 0.0 0.01754563684572959 5.5552973953074683e-5 -0.0001196703270700545; 0.0 5.5552973953072956e-5 0.017959164292492995 -0.00023260384991194503; 0.0 -0.00011967032707005166 -0.00023260384991193874 0.01789256112983304],[1.1484900849431088e-18 0.0 0.0 0.0; 0.0 -4.4723425384754336e-5 2.1322016741336694e-5 -2.0473062035579526e-5; 0.0 2.1322016741336592e-5 -2.8806198630177303e-5 -1.807384805519583e-5; 0.0 -2.0473062035580017e-5 -1.807384805519669e-5 -3.716376226575089e-5]
