L,J,Q,θ,μ,ϕx,ϕy,ϕz,ndims,T,Λ,χ_dwave,dχdlogT_dwave,χ_pwave,dχdlogT_pwave
23,0.6,0.6180339887498949,0.4487989505128276,0.75,2.345440509105221,1.1784473532620074,0.53491403360379,3,0.5455594781168519,0.3,[0.036940607507335806 0.0 0.0 0.0; 0.0 0.00694848507705744 -0.0021854017020258598 -0.002190213076002513; 0.0 -0.0021854017020258767 0.006904441585014064 -0.002127502992549686; 0.0 -0.0021902130760025024 -0.002127502992549605 0.006902153751048847],[-0.03633541512820965 0.0 0.0 0.0; 0.0 -0.006766444302980694 0.0021171180461251778 0.0021212799310691807; 0.0 0.0021171180461252537 -0.006722966690064191 0.002059090736314899; 0.0 0.0021212799310691335 0.0020590907363148836 -0.006719464505387377],[-7.684375953357728e-20 0.0 0.0 0.0; 0.0 0.007497415375918807 -4.406928359522646e-5 -5.1844280432486254e-5; 0.0 -4.406928359522568e-5 0.007518032087677752 -2.258225894152475e-5; 0.0 -5.1844280432485346e-5 -2.2582258941522804e-5 0.007546543661925374],[7.585177809851583e-20 0.0 0.0 0.0; 0.0 -0.0072863881449562904 4.469605573076632e-5 5.098807536242541e-5; 0.0 4.469605573076398e-5 -0.007306549954227718 2.1623950926497494e-5; 0.0 5.098807536242753e-5 2.1623950926495037e-5 -0.007335432399405214]
