L,J,Q,θ,μ,ϕx,ϕy,ϕz,ndims,T,Λ,χ_dwave,dχdlogT_dwave,χ_pwave,dχdlogT_pwave
23,1.15,0.6180339887498949,0.4487989505128276,0.75,1.3228341052784347,2.2382869630536772,1.224191915609131,3,2.3357214690901222,0.3,[0.0077466223577558856 0.0 0.0 0.0; 0.0 0.000788204606709262 -0.00011747757656212821 -0.00011851329429922882; 0.0 -0.0001174775765621297 0.0007856881737241924 -0.00010051378407181812; 0.0 -0.00011851329429923443 -0.00010051378407181678 0.0007869728049331769],[-0.007739529560465494 0.0 0.0 0.0; 0.0 -0.0007869600204653982 0.00011713837232712231 0.00011816771291295485; 0.0 0.00011713837232712049 -0.0007844476913936533 0.00010019411968041968; 0.0 0.00011816771291295951 0.0001001941196804204 -0.0007857243698479389],[2.0974670263053477e-20 0.0 0.0 0.0; 0.0 0.000640981548843269 3.2774182686445306e-6 -1.298551248899774e-6; 0.0 3.277418268644577e-6 0.0006431888534843042 -1.341579427856647e-6; 0.0 -1.2985512488998147e-6 -1.3415794278567184e-6 0.0006430540061869407],[-2.0927494782577965e-20 0.0 0.0 0.0; 0.0 -0.0006398103604171089 -3.2750906480787158e-6 1.2937580263741872e-6; 0.0 -3.275090648078758e-6 -0.0006420190119331245 1.3395607322234745e-6; 0.0 1.2937580263741497e-6 1.3395607322235342e-6 -0.0006418889471363446]
