L,J,Q,θ,μ,ϕx,ϕy,ϕz,ndims,T,Λ,χ_dwave,dχdlogT_dwave,χ_pwave,dχdlogT_pwave
23,0.35,0.6180339887498949,0.4487989505128276,0.75,1.3228341052784347,2.2382869630536772,1.224191915609131,3,10.0,0.3,[0.0020957816571544625 0.0 0.0 0.0; 0.0 0.0006086364576829831 -0.00023914076866295394 -0.00023728602567406803; 0.0 -0.00023914076866295316 0.0006095204725284719 -0.00023764156821930144; 0.0 -0.00023728602567405963 -0.00023764156821928434 0.0006059726132618064],[-0.002095678995223829 0.0 0.0 0.0; 0.0 -0.0006085977853623988 0.00023912452707235813 0.0002372702391770939; 0.0 0.0002391245270723634 -0.0006094819850375424 0.0002376259506869608; 0.0 0.00023727023917710858 0.00023762595068695726 -0.0006059342752175869],[-1.2432563860603518e-20 0.0 0.0 0.0; 0.0 0.0007268978035144188 -3.055877260648858e-6 9.720170619991017e-8; 0.0 -3.0558772606478243e-6 0.0007274372726879654 -4.872757067849654e-7; 0.0 9.720170619999524e-8 -4.872757067845022e-7 0.0007292085308952069],[1.2432418779765269e-20 0.0 0.0 0.0; 0.0 -0.0007268518703137153 3.0523313546443587e-6 -9.696427679398369e-8; 0.0 3.052331354644203e-6 -0.0007273911056675669 4.867644809763014e-7; 0.0 -9.696427679389832e-8 4.867644809763021e-7 -0.0007291621559934661]
