L,J,Q,θ,μ,ϕx,ϕy,ϕz,ndims,T,Λ,χ_dwave,dχdlogT_dwave,χ_pwave,dχdlogT_pwave
23,1.0,0.6180339887498949,0.4487989505128276,0.75,2.345440509105221,1.1784473532620074,0.53491403360379,3,0.018329807108324356,0.3,[0.3629304895351851 0.0 0.0 0.0; 0.0 0.024347019756246237 -7.155396831264754e-5 0.0003206955633623942; 0.0 -7.155396831262229e-5 0.024007974257955405 0.0003411332268794868; 0.0 0.00032069556336241197 0.0003411332268795215 0.02433280286508024],[-0.12314783969711052 0.0 0.0 0.0; 0.0 -0.0030110943976388773 -0.00242092637989868 -0.0024960525886967544; 0.0 -0.002420926379898606 -0.002922371477447354 -0.0024827616665222467; 0.0 -0.002496052588696569 -0.0024827616665221612 -0.003079903657774066],[2.7677377360686744e-18 0.0 0.0 0.0; 0.0 0.017557214492698165 -5.047584703682607e-5 -6.680241847628816e-5; 0.0 -5.0475847036827065e-5 0.017389845597153047 2.711607456455761e-5; 0.0 -6.68024184762869e-5 2.711607456455718e-5 0.01776510210226574],[-1.360769481874156e-18 0.0 0.0 0.0; 0.0 -0.0002848423886147374 5.395150297455059e-6 -6.239268964903125e-6; 0.0 5.395150297454723e-6 -0.0002787364130330841 -8.051715247422702e-6; 0.0 -6.23926896490303e-6 -8.051715247422858e-6 -0.0002714632769485731]
