L,J,Q,θ,μ,ϕx,ϕy,ϕz,ndims,T,Λ,χ_dwave,dχdlogT_dwave,χ_pwave,dχdlogT_pwave
23,0.45,0.6180339887498949,0.4487989505128276,0.75,2.345440509105221,1.1784473532620074,0.53491403360379,3,2.3357214690901222,0.3,[0.008907273671432753 0.0 0.0 0.0; 0.0 0.0021807900837744225 -0.0007770938433368001 -0.0007886323654379838; 0.0 -0.0007770938433367859 0.002171254256391479 -0.0007833305959780039; 0.0 -0.0007886323654379621 -0.0007833305959779919 0.0021807659891258124],[-0.0088990719945899 0.0 0.0 0.0; 0.0 -0.00217795446461542 0.0007760072862954198 0.0007874835870672956; 0.0 0.000776007286295367 -0.0021684328403187873 0.0007821762300722167; 0.0 0.0007874835870673192 0.0007821762300722248 -0.0021778723554665485],[2.8794417878715897e-20 0.0 0.0 0.0; 0.0 0.0025029134998087355 -5.253821307100719e-6 -1.6463448517159478e-6; 0.0 -5.253821307102265e-6 0.0024944023761123276 -1.7753685383319981e-6; 0.0 -1.646344851715983e-6 -1.7753685383317034e-6 0.0025165028467407195],[-2.87600309231809e-20 0.0 0.0 0.0; 0.0 -0.0024994626224124823 5.3589147789725925e-6 1.6456265177324168e-6; 0.0 5.358914778973967e-6 -0.002490959861644954 1.7417395819033127e-6; 0.0 1.6456265177323808e-6 1.7417395819035335e-6 -0.002513102010444887]
