L,J,Q,θ,μ,ϕx,ϕy,ϕz,ndims,T,Λ,χ_dwave,dχdlogT_dwave,χ_pwave,dχdlogT_pwave
23,0.25,0.6180339887498949,0.4487989505128276,0.75,5.808272770750444,4.044985611512306,3.6469407673988647,3,0.004281332398719396,0.3,[0.6179519146787783 0.0 0.0 0.0; 0.0 0.12712728775619958 -0.04507796334349035 -0.046771247014742515; 0.0 -0.045077963343491664 0.12816930844349808 -0.04563311330170658; 0.0 -0.04677124701474111 -0.04563311330170532 0.12736929746098377],[-0.1411018878276371 0.0 0.0 0.0; 0.0 -0.004204793106371246 -0.0016727624574112308 -0.0013979845691216497; 0.0 -0.0016727624574112137 -0.005181905787551862 -0.0021061464181083016; 0.0 -0.0013979845691216115 -0.0021061464181083016 -0.004390960992554119],[8.853377542781802e-18 0.0 0.0 0.0; 0.0 0.14856334181373518 0.008798426958089089 0.006383498595006505; 0.0 0.008798426958088537 0.15103015643425843 -0.0013009005958324658; 0.0 0.006383498595005886 -0.0013009005958324199 0.1483774540734625],[-7.703484240730309e-18 0.0 0.0 0.0; 0.0 -0.002717121887881133 -0.0005726830902182115 -5.0144536664851284e-5; 0.0 -0.0005726830902182036 -0.0029240172920268104 -0.0001297218204980909; 0.0 -5.014453666484639e-5 -0.0001297218204980805 -0.0027609600669166907]
