L,J,Q,θ,μ,ϕx,ϕy,ϕz,ndims,T,Λ,χ_dwave,dχdlogT_dwave,χ_pwave,dχdlogT_pwave
23,1.2,0.6180339887498949,0.4487989505128276,0.75,5.808272770750444,4.044985611512306,3.6469407673988647,3,1.4384498882876628,0.3,[0.012284072717796931 0.0 0.0 0.0; 0.0 0.0011847151739262888 -0.00015561140585822748 -0.00014696436549333015; 0.0 -0.0001556114058582265 0.0012050961789574887 -0.00015050156245508765; 0.0 -0.00014696436549332638 -0.0001505015624550861 0.001189912585753495],[-0.01225457163326767 0.0 0.0 0.0; 0.0 -0.0011798250920038774 0.00015431879895341313 0.0001457254556042465; 0.0 0.0001543187989534179 -0.0012001170336856679 0.0001492433817637615; 0.0 0.00014572545560424433 0.00014924338176376494 -0.0011850176338829399],[2.5268872943509048e-20 0.0 0.0 0.0; 0.0 0.0009521621534858251 1.1488069247625738e-5 -2.9189001515960845e-6; 0.0 1.1488069247626195e-5 0.0009587353068573155 -5.917190120247443e-6; 0.0 -2.918900151596193e-6 -5.917190120247574e-6 0.0009613833584508848],[-2.5058837862121067e-20 0.0 0.0 0.0; 0.0 -0.0009476027061204112 -1.1434999349158521e-5 2.9109573672004717e-6; 0.0 -1.143499934915828e-5 -0.0009541759084863833 5.896121384271086e-6; 0.0 2.9109573672001926e-6 5.896121384270983e-6 -0.0009567732749454455]
