L,J,Q,θ,μ,ϕx,ϕy,ϕz,ndims,T,Λ,χ_dwave,dχdlogT_dwave,χ_pwave,dχdlogT_pwave
23,0.1,0.6180339887498949,0.4487989505128276,0.75,2.345440509105221,1.1784473532620074,0.53491403360379,3,0.8858667904100826,0.3,[0.024620242373903277 0.0 0.0 0.0; 0.0 0.010120172662021601 -0.004331250234761247 -0.004499787758648768; 0.0 -0.004331250234761378 0.010065882246270016 -0.004368323711471966; 0.0 -0.0044997877586485276 -0.004368323711471903 0.010172561256069244],[-0.02445724345586521 0.0 0.0 0.0; 0.0 -0.01005450088347677 0.0043040876040247224 0.004469915060710558; 0.0 0.004304087604024668 -0.01000186682169048 0.004341375121549817; 0.0 0.004469915060711 0.004341375121549911 -0.010106768407618288],[1.1846762825944815e-19 0.0 0.0 0.0; 0.0 0.012890211802580757 -0.0002591880516782696 8.912294018842723e-5; 0.0 -0.0002591880516783531 0.012965620302199629 -9.670769905770328e-5; 0.0 8.912294018842369e-5 -9.670769905770699e-5 0.012828677806965984],[-1.184904761904312e-19 0.0 0.0 0.0; 0.0 -0.012805692426796213 0.00025485637504680863 -8.700684319511733e-5; 0.0 0.00025485637504671816 -0.012878861895584983 9.468724382951567e-5; 0.0 -8.700684319512001e-5 9.468724382950457e-5 -0.012744488055866287]
