L,J,Q,θ,μ,ϕx,ϕy,ϕz,ndims,T,Λ,χ_dwave,dχdlogT_dwave,χ_pwave,dχdlogT_pwave
23,0.9,0.6180339887498949,0.4487989505128276,0.75,1.3228341052784347,2.2382869630536772,1.224191915609131,3,0.018329807108324356,0.3,[0.3728706378435017 0.0 0.0 0.0; 0.0 0.027515365339132018 -0.0005991006226435183 -0.0009483056605447809; 0.0 -0.0005991006226435418 0.02743009754266179 -0.0008344850302357452; 0.0 -0.0009483056605447874 -0.0008344850302357329 0.027114710882480554],[-0.12801943373985003 0.0 0.0 0.0; 0.0 -0.0033534878313944633 -0.002639354664679963 -0.002530719122394171; 0.0 -0.0026393546646797895 -0.003337288615076911 -0.0025519380819643126; 0.0 -0.002530719122394147 -0.0025519380819643057 -0.00311810301648625],[-1.5438857616498002e-18 0.0 0.0 0.0; 0.0 0.020822977465594444 8.629788240486705e-5 0.000172775019427661; 0.0 8.629788240486267e-5 0.021258881129656876 6.396433245053451e-5; 0.0 0.00017277501942765484 6.396433245053458e-5 0.02138728588159818],[9.581925838815253e-19 0.0 0.0 0.0; 0.0 -0.0004235822314588431 -2.305064094301485e-5 -2.1457027262328536e-6; 0.0 -2.305064094301498e-5 -0.0004511025443423139 -2.8126417382877617e-5; 0.0 -2.145702726233178e-6 -2.8126417382877116e-5 -0.0004704259755088633]
