L,J,Q,θ,μ,ϕx,ϕy,ϕz,ndims,T,Λ,χ_dwave,dχdlogT_dwave,χ_pwave,dχdlogT_pwave
23,0.95,0.6180339887498949,0.4487989505128276,0.75,5.808272770750444,4.044985611512306,3.6469407673988647,3,0.20691380811147897,0.3,[0.08679687963780529 0.0 0.0 0.0; 0.0 0.010164379241200961 -0.0019748194583452455 -0.0018312627535397507; 0.0 -0.0019748194583452876 0.01027861608538135 -0.0018507839591948316; 0.0 -0.0018312627535397054 -0.0018507839591947997 0.010003164511844128],[-0.07829517245055051 0.0 0.0 0.0; 0.0 -0.008461964447046253 0.001454519378542252 0.0013310312391085243; 0.0 0.0014545193785422221 -0.008557370999296104 0.0013433556935420067; 0.0 0.0013310312391085202 0.001343355693542034 -0.008332935503727028],[3.153361189500894e-19 0.0 0.0 0.0; 0.0 0.009186968840364133 1.2993663597683006e-5 -1.3822112803657219e-5; 0.0 1.2993663597683591e-5 0.009294059461069423 3.835434532465601e-5; 0.0 -1.38221128036572e-5 3.8354345324653386e-5 0.00896759242827533],[-2.756305188860673e-19 0.0 0.0 0.0; 0.0 -0.007458150492691053 -1.0075591069542599e-5 9.339360782045958e-6; 0.0 -1.007559106954243e-5 -0.007553498464306391 -2.8696802942699892e-5; 0.0 9.339360782046345e-6 -2.869680294269969e-5 -0.007284461710722238]
