L,J,Q,θ,μ,ϕx,ϕy,ϕz,ndims,T,Λ,χ_dwave,dχdlogT_dwave,χ_pwave,dχdlogT_pwave
23,0.5,0.6180339887498949,0.4487989505128276,0.75,1.3228341052784347,2.2382869630536772,1.224191915609131,3,0.07847599703514611,0.3,[0.20300602375862506 0.0 0.0 0.0; 0.0 0.039765236358806515 -0.012693346980004514 -0.01314537108618325; 0.0 -0.01269334698000474 0.03965173190833145 -0.012974976782959028; 0.0 -0.013145371086182595 -0.012974976782958635 0.03996377905578339],[-0.13222923048876298 0.0 0.0 0.0; 0.0 -0.018893683098010976 0.0048377644041036425 0.005172063678424195; 0.0 0.004837764404103687 -0.018839694577198647 0.005057474576808774; 0.0 0.005172063678423895 0.005057474576808916 -0.0189843899361368],[-9.747834824412883e-20 0.0 0.0 0.0; 0.0 0.04433984373967757 0.0006987714980819396 -9.627796197360563e-5; 0.0 0.0006987714980819341 0.044136497992302 0.000165750460495898; 0.0 -9.627796197360354e-5 0.0001657504604959056 0.04399076345085199],[1.0249384027270269e-19 0.0 0.0 0.0; 0.0 -0.020070307140659195 -0.0008244150600250984 0.00010858703332011272; 0.0 -0.0008244150600250875 -0.0198610501566187 -0.00019850444184252197; 0.0 0.00010858703332010999 -0.00019850444184251704 -0.019805528661293464]
