L,J,Q,θ,μ,ϕx,ϕy,ϕz,ndims,T,Λ,χ_dwave,dχdlogT_dwave,χ_pwave,dχdlogT_pwave
23,0.2,0.6180339887498949,0.4487989505128276,0.75,1.3228341052784347,2.2382869630536772,1.224191915609131,3,0.12742749857031338,0.3,[0.1482451463905588 0.0 0.0 0.0; 0.0 0.05413813249464016 -0.02277661403711753 -0.022500647786369635; 0.0 -0.022776614037117286 0.05414985300784235 -0.022606480877142416; 0.0 -0.022500647786370027 -0.022606480877143724 0.05356798571519381],[-0.11825826056541132 0.0 0.0 0.0; 0.0 -0.042083668776659235 0.017612838938218855 0.017461426913353242; 0.0 0.01761283893821975 -0.04218157877220052 0.017565415752314583; 0.0 0.0174614269133539 0.017565415752315662 -0.041679351402850215],[-5.283476452871558e-19 0.0 0.0 0.0; 0.0 0.06673844827907464 -0.0011697560995569318 -0.00014511760726467108; 0.0 -0.0011697560995569368 0.0669638454968395 2.4759156185081156e-5; 0.0 -0.00014511760726467713 2.4759156185068074e-5 0.0668552456876976],[3.4377775629961346e-19 0.0 0.0 0.0; 0.0 -0.05223985579805865 -0.0007631654014483958 0.00014229267106822136; 0.0 -0.0007631654014481333 -0.05236690639483612 -9.293748375548244e-5; 0.0 0.00014229267106819957 -9.293748375550857e-5 -0.05223107074316926]
