L,J,Q,θ,μ,ϕx,ϕy,ϕz,ndims,T,Λ,χ_dwave,dχdlogT_dwave,χ_pwave,dχdlogT_pwave
23,0.75,0.6180339887498949,0.4487989505128276,0.75,5.808272770750444,4.044985611512306,3.6469407673988647,3,0.3359818286283782,0.3,[0.057644861029435945 0.0 0.0 0.0; 0.0 0.008683960365441454 -0.002281447848694194 -0.0022187508295612476; 0.0 -0.002281447848694121 0.008669974731075872 -0.0021913579186296005; 0.0 -0.0022187508295613066 -0.0021913579186296516 0.00864374655774006],[-0.055259948474506465 0.0 0.0 0.0; 0.0 -0.008078981871413522 0.0020689973137325967 0.0020117706480948664; 0.0 0.0020689973137326366 -0.008064177055090375 0.001984593755561326; 0.0 0.0020117706480947514 0.001984593755561255 -0.008040919105582165],[-8.048378922675085e-20 0.0 0.0 0.0; 0.0 0.008750865371085494 -1.5394603227591903e-5 4.439139750628731e-5; 0.0 -1.5394603227592662e-5 0.008640289775638186 6.832067567087435e-5; 0.0 4.439139750628773e-5 6.832067567087316e-5 0.008776312778575185],[7.231355117440051e-20 0.0 0.0 0.0; 0.0 -0.008084969172463432 1.3044985206192634e-5 -4.268371234252516e-5; 0.0 1.3044985206192475e-5 -0.007981580167084484 -6.343855797639233e-5; 0.0 -4.268371234252412e-5 -6.343855797639494e-5 -0.008107893586205235]
