L,J,Q,θ,μ,ϕx,ϕy,ϕz,ndims,T,Λ,χ_dwave,dχdlogT_dwave,χ_pwave,dχdlogT_pwave
23,1.1,0.6180339887498949,0.4487989505128276,0.75,5.808272770750444,4.044985611512306,3.6469407673988647,3,10.0,0.3,[0.0018225072505285633 0.0 0.0 0.0; 0.0 0.00019493213919553358 -2.7434408004232598e-5 -2.7986030000599345e-5; 0.0 -2.7434408004232096e-5 0.0001967929888654139 -3.025972759091257e-5; 0.0 -2.798603000059887e-5 -3.0259727590911815e-5 0.0001937672568038319],[-0.001822416142966063 0.0 0.0 0.0; 0.0 -0.00019491539335623746 2.7429925101490253e-5 2.7981458909632143e-5; 0.0 2.7429925101490564e-5 -0.0001967759949994359 3.025498638340234e-5; 0.0 2.7981458909632427e-5 3.025498638340263e-5 -0.00019375045773497004],[-9.46658325141035e-21 0.0 0.0 0.0; 0.0 0.0001622518298389836 -7.059196085544589e-7 5.462872006528712e-7; 0.0 -7.059196085544574e-7 0.00016672988032394415 -1.335801840336159e-6; 0.0 5.462872006528527e-7 -1.3358018403361741e-6 0.00016260093390857522],[9.465642998084085e-21 0.0 0.0 0.0; 0.0 -0.0001622358597262503 7.059001650550489e-7 -5.462035615351163e-7; 0.0 7.059001650550336e-7 -0.00016671350293522252 1.3357067391282554e-6; 0.0 -5.462035615351218e-7 1.33570673912826e-6 -0.00016258494801113925]
