L,J,Q,θ,μ,ϕx,ϕy,ϕz,ndims,T,Λ,χ_dwave,dχdlogT_dwave,χ_pwave,dχdlogT_pwave
23,0.85,0.6180339887498949,0.4487989505128276,0.75,1.3228341052784347,2.2382869630536772,1.224191915609131,3,10.0,0.3,[0.001925241638142272 0.0 0.0 0.0; 0.0 0.00025338254605433746 -5.730987995738155e-5 -5.840670383197018e-5; 0.0 -5.7309879957381365e-5 0.0002513377036311183 -5.5796154814518693e-5; 0.0 -5.84067038319683e-5 -5.579615481451643e-5 0.000253263320000152],[-0.0019251454834382088 0.0 0.0 0.0; 0.0 -0.00025336073697872853 5.730272815247792e-5 5.8399501426667014e-5; 0.0 5.730272815248151e-5 -0.00025131601839771203 5.578912392224266e-5; 0.0 5.839950142666385e-5 5.5789123922245286e-5 -0.00025324151163587497],[1.4257281419090366e-20 0.0 0.0 0.0; 0.0 0.00024111702313493885 -3.373197185984061e-7 6.289698637607653e-7; 0.0 -3.373197185984122e-7 0.0002414369085794447 4.111187904494539e-7; 0.0 6.289698637607683e-7 4.111187904494564e-7 0.00024445765324436356],[-1.4256623175420513e-20 0.0 0.0 0.0; 0.0 -0.00024109398196788516 3.3737203222214775e-7 -6.288764331744736e-7; 0.0 3.3737203222220244e-7 -0.00024141389102688048 -4.111008882266054e-7; 0.0 -6.288764331744252e-7 -4.1110088822662717e-7 -0.0002444344227382609]
