L,J,Q,θ,μ,ϕx,ϕy,ϕz,ndims,T,Λ,χ_dwave,dχdlogT_dwave,χ_pwave,dχdlogT_pwave
23,0.8,0.6180339887498949,0.4487989505128276,0.75,2.345440509105221,1.1784473532620074,0.53491403360379,3,0.3359818286283782,0.3,[0.05704457377504241 0.0 0.0 0.0; 0.0 0.008060920899922587 -0.002015736089313385 -0.00200400130580281; 0.0 -0.002015736089313412 0.007999289617372332 -0.0019022362295889389; 0.0 -0.002004001305802786 -0.001902236229588995 0.007976043006144235],[-0.054681224203950614 0.0 0.0 0.0; 0.0 -0.007495516815042046 0.0018232748378052806 0.0018127889020960043; 0.0 0.0018232748378053908 -0.0074364969328310025 0.0017142200980144661; 0.0 0.0018127889020960056 0.0017142200980145214 -0.007416014178919075],[2.746047907834798e-20 0.0 0.0 0.0; 0.0 0.007898585248193337 -4.9027402497154966e-5 -1.884583072830817e-5; 0.0 -4.9027402497155603e-5 0.007929004935709964 3.903810760894748e-5; 0.0 -1.8845830728307924e-5 3.903810760894628e-5 0.007783318776079411],[-3.4503516019510614e-20 0.0 0.0 0.0; 0.0 -0.0072856336000798145 4.8137759933503796e-5 1.9193563010084013e-5; 0.0 4.813775993350902e-5 -0.007318479932386937 -3.5847911680667385e-5; 0.0 1.919356301008312e-5 -3.584791168066616e-5 -0.007179994064424342]
