L,J,Q,θ,μ,ϕx,ϕy,ϕz,ndims,T,Λ,χ_dwave,dχdlogT_dwave,χ_pwave,dχdlogT_pwave
23,0.65,0.6180339887498949,0.4487989505128276,0.75,1.3228341052784347,2.2382869630536772,1.224191915609131,3,0.0016237767391887226,0.3,[0.7199441940208792 0.0 0.0 0.0; 0.0 0.04807799567077853 9.7665417014503e-5 -0.00012028717733842057; 0.0 9.766541701435326e-5 0.04834202440457278 -0.00022463270474363528; 0.0 -0.00012028717733851466 -0.00022463270474367615 0.04838588026767417],[-0.1343095928872543 0.0 0.0 0.0; 0.0 -0.0028924000266441637 -0.0029190169941808787 -0.0028837426761290936; 0.0 -0.002919016994180971 -0.003016502343965798 -0.002973357851558183; 0.0 -0.002883742676129129 -0.0029733578515581194 -0.002935796051102093],[2.2407155895753088e-18 0.0 0.0 0.0; 0.0 0.039165432477439664 0.0007320391966647512 0.00020324893567723472; 0.0 0.0007320391966647493 0.038339871555001286 0.00015273583225264078; 0.0 0.00020324893567723752 0.000152735832252642 0.03912544416827759],[1.3782301607233043e-19 0.0 0.0 0.0; 0.0 2.7316705534670953e-5 -1.5478862440229133e-5 4.153976127344329e-6; 0.0 -1.5478862440228818e-5 -2.7771822440679175e-5 -2.1279230812147207e-5; 0.0 4.1539761273437275e-6 -2.12792308121469e-5 -4.504110513221875e-5]
