L,J,Q,θ,μ,ϕx,ϕy,ϕz,ndims,T,Λ,χ_dwave,dχdlogT_dwave,χ_pwave,dχdlogT_pwave
23,0.6,0.6180339887498949,0.4487989505128276,0.75,2.345440509105221,1.1784473532620074,0.53491403360379,3,0.011288378916846888,0.3,[0.46024784593144863 0.0 0.0 0.0; 0.0 0.04652861158906701 -0.00741864162873309 -0.0074489024919554; 0.0 -0.007418641628733101 0.04626433910110307 -0.007304073477202986; 0.0 -0.00744890249195544 -0.007304073477202848 0.04624706956638472],[-0.1348043080602442 0.0 0.0 0.0; 0.0 -0.0035188370658044694 -0.0027316663384496865 -0.002693922806896298; 0.0 -0.002731666338449829 -0.003590491072753527 -0.0027339795617404264; 0.0 -0.0026939228068962903 -0.002733979561740466 -0.003471876231313203],[-1.6971439714304111e-18 0.0 0.0 0.0; 0.0 0.043460109546578536 -0.0007842714792818962 6.291034266480292e-5; 0.0 -0.000784271479281879 0.04326728581822724 0.0002351110560268737; 0.0 6.291034266480385e-5 0.0002351110560268798 0.04375526757337574],[1.2547213957494663e-18 0.0 0.0 0.0; 0.0 -0.0005891526630455204 4.463914695144525e-5 -2.5606268786202732e-5; 0.0 4.463914695144538e-5 -0.0005247181101535207 -5.611241661815121e-5; 0.0 -2.5606268786200577e-5 -5.611241661815225e-5 -0.0005946419033507719]
