L,J,Q,θ,μ,ϕx,ϕy,ϕz,ndims,T,Λ,χ_dwave,dχdlogT_dwave,χ_pwave,dχdlogT_pwave
23,1.15,0.6180339887498949,0.4487989505128276,0.75,1.3228341052784347,2.2382869630536772,1.224191915609131,3,10.0,0.3,[0.001795796383833252 0.0 0.0 0.0; 0.0 0.00018204362809668643 -2.5580161232047084e-5 -2.6681182661746745e-5; 0.0 -2.5580161232046573e-5 0.000185927162382747 -2.6231740721598736e-5; 0.0 -2.668118266174647e-5 -2.6231740721598404e-5 0.00018513108627652214],[-0.001795706736680528 0.0 0.0 0.0; 0.0 -0.0001820279120824445 2.557589597901997e-5 2.667688603302878e-5; 0.0 2.557589597901924e-5 -0.00018591115664584015 2.622743516593542e-5; 0.0 2.6676886033029098e-5 2.6227435165935094e-5 -0.00018511510277094214],[1.596687642538975e-21 0.0 0.0 0.0; 0.0 0.00015045499439186665 5.075074777660968e-7 1.6758680392604056e-7; 0.0 5.075074777661014e-7 0.0001519668826231937 1.8124164433210823e-7; 0.0 1.6758680392604445e-7 1.812416443321346e-7 0.00015392440358750383],[-1.5963581771162852e-21 0.0 0.0 0.0; 0.0 -0.00015044003069819377 -5.074592542069851e-7 -1.6755708183598382e-7; 0.0 -5.074592542069472e-7 -0.00015195185506621865 -1.8119709524372722e-7; 0.0 -1.6755708183596278e-7 -1.8119709524371433e-7 -0.00015390914721458374]
