L,J,Q,θ,ϕx,ϕy,ϕz,ndims,T,χ,dχdlogT,Λ
17,0.2,0.6180339887498949,0.4487989505128276,0.42235321389133906,4.045182703094503,4.56424155365723,3,3.856620421163471,[0.0628185218700274 0.0 0.0 0.0; 0.0 0.031245954828283934 -0.0006252811259727364 -0.0006253479039604822; 0.0 -0.0006252811259727387 0.03124250754444125 -0.0006250032088123462; 0.0 -0.0006253479039604905 -0.0006250032088123453 0.03124406740633498],[-0.05915352012941246 0.0 0.0 0.0; 0.0 -0.02913680976148999 0.0017026601836432735 0.001702972283613597; 0.0 0.0017026601836432674 -0.02912687933331884 0.0017013741240306448; 0.0 0.0017029722836136001 0.001701374124030649 -0.029131412497302195],0.3
