L,J,Q,θ,ϕx,ϕy,ϕz,ndims,T,χ,dχdlogT,Λ
17,0.7,0.6180339887498949,0.4487989505128276,3.760590801923751,0.23786590655459378,4.063839152557065,3,0.009236708571873866,[0.8265846018454022 0.0 0.0 0.0; 0.0 0.212492663750625 -0.06150985323768631 -0.06782966954338761; 0.0 -0.061509853237685624 0.17017067862216115 -0.03544006078466096; 0.0 -0.06782966954338761 -0.035440060784661186 0.1811437009415109],[-0.16504542112069454 0.0 0.0 0.0; 0.0 -0.019149339579833995 0.0077284832660857875 0.010033988695413915; 0.0 0.007728483266085841 -0.00889832926493989 0.0018099281477790769; 0.0 0.010033988695413915 0.0018099281477790895 -0.012228649540845186],0.3
