L,J,Q,θ,ϕx,ϕy,ϕz,ndims,T,χ,dχdlogT,Λ
17,0.0,0.6180339887498949,0.4487989505128276,3.730870650207465,0.25707164101985114,1.7315918532902208,3,0.0853167852417281,[0.5387730539790357 0.0 0.0 0.0; 0.0 0.2430973801987039 -0.07981623057843346 -0.0798023703524166; 0.0 -0.07981623057843336 0.2431649137116693 -0.08001112722149178; 0.0 -0.07980237035241661 -0.0800111272214918 0.24316784822180257],[-0.14405299743001315 0.0 0.0 0.0; 0.0 -0.06033200391507851 0.029958914990540916 0.029961931288729617; 0.0 0.029958914990540913 -0.060460741486288855 0.03029925156344238; 0.0 0.0299619312887296 0.03029925156344238 -0.060491599613020475],0.3
