L,J,Q,θ,ϕx,ϕy,ϕz,ndims,T,χ,dχdlogT,Λ
17,2.0,0.6180339887498949,0.4487989505128276,0.42235321389133906,4.045182703094503,4.56424155365723,3,2.807216203941177,[0.08039119983743163 0.0 0.0 0.0; 0.0 0.03778622394124603 -0.0011860549057516351 -0.001206038709183524; 0.0 -0.001186054905751597 0.03718820551803965 -0.0011018194979086561; 0.0 -0.0012060387091835682 -0.001101819497908666 0.0374546943995238],[-0.0668782725911261 0.0 0.0 0.0; 0.0 -0.02763325326710189 0.0026476507674034473 0.0027254912097443604; 0.0 0.0026476507674034143 -0.026289816861835687 0.002322024620967437; 0.0 0.002725491209744418 0.0023220246209673997 -0.026892669535699222],0.3
