L,J,Q,θ,ϕx,ϕy,ϕz,ndims,T,χ,dχdlogT,Λ
17,4.0,0.6180339887498949,0.4487989505128276,5.473790552885222,1.2226695139450943,4.950260006353254,3,0.002592943797404667,[0.5178423828902207 0.0 0.0 0.0; 0.0 0.05018915075058432 -0.006046030504483337 -0.009668939952669304; 0.0 -0.006046030504482926 0.04427248434070773 -0.0008712160463209711; 0.0 -0.009668939952668845 -0.0008712160463209031 0.04855881197195403],[-0.09257750597969776 0.0 0.0 0.0; 0.0 -0.00043166004121640783 1.9058844945651371e-6 0.0003875338780399603; 0.0 1.9058844945651032e-6 -0.00016728878816167847 5.902447364846551e-5; 0.0 0.0003875338780399575 5.902447364846606e-5 -0.0004159765870156035],0.3
