L,J,Q,θ,ϕx,ϕy,ϕz,ndims,T,χ,dχdlogT,Λ
17,0.2,0.6180339887498949,0.4487989505128276,0.28417827258967326,6.210083290103895,4.427087456962382,3,0.006723357536499335,[0.8666725968746926 0.0 0.0 0.0; 0.0 0.3375923992343292 -0.12488483667710168 -0.12837556891988008; 0.0 -0.12488483667710176 0.3294159399971823 -0.12308300894657835; 0.0 -0.1283755689198801 -0.12308300894657818 0.33475483536832745],[-0.11846265532609777 0.0 0.0 0.0; 0.0 -0.03884153034447997 0.016472571140888286 0.022035596612872212; 0.0 0.016472571140888292 -0.03611314372562026 0.01992436874980464; 0.0 0.022035596612872205 0.019924368749804636 -0.04199756872128849],0.3
