L,J,Q,θ,ϕx,ϕy,ϕz,ndims,T,χ,dχdlogT,Λ
17,0.0,0.6180339887498949,0.4487989505128276,0.19185886721624704,0.3197962420280744,4.2782074829620935,3,0.01268961003167922,[0.7972480479223276 0.0 0.0 0.0; 0.0 0.35513761048047576 -0.12757232877914496 -0.1443959718388468; 0.0 -0.127572328779145 0.33580619879559925 -0.12419414544936636; 0.0 -0.14439597183884684 -0.12419414544936641 0.35198661148726973],[-0.1312321857964069 0.0 0.0 0.0; 0.0 -0.0601058733269219 0.025229001202720088 0.03499656110220714; 0.0 0.025229001202720088 -0.04345535965279256 0.018268719015921073; 0.0 0.03499656110220714 0.01826871901592106 -0.0534453406428942],0.3
3
