L,J,Q,θ,ϕx,ϕy,ϕz,ndims,T,χ,dχdlogT,Λ
17,2.0,0.6180339887498949,0.4487989505128276,0.42235321389133906,4.045182703094503,4.56424155365723,3,1.0826367338740543,[0.15818078079964232 0.0 0.0 0.0; 0.0 0.06342061174866742 -0.005776433730258809 -0.006167617068678525; 0.0 -0.005776433730258931 0.06024653159282045 -0.004332933179968127; 0.0 -0.006167617068678139 -0.004332933179968317 0.06175029168796914],[-0.09257172334303697 0.0 0.0 0.0; 0.0 -0.022727563821472663 0.0062718784174557686 0.0072000853126910885; 0.0 0.006271878417455841 -0.018696213839661517 0.0033007211256734356; 0.0 0.007200085312691043 0.003300721125673477 -0.02076656669517623],0.3
