L,J,Q,θ,ϕx,ϕy,ϕz,ndims,T,χ,dχdlogT,Λ
17,4.0,0.6180339887498949,0.4487989505128276,2.8202476249406474,4.101224925810298,3.420811622095466,3,2.043359717856942,[0.09019331038385106 0.0 0.0 0.0; 0.0 0.03492618818873374 -0.0012810872387571477 -0.001378360246012918; 0.0 -0.0012810872387573296 0.03319972631738613 -0.0008730893326395266; 0.0 -0.0013783602460125022 -0.0008730893326394554 0.03402715409237581],[-0.05724560466878352 0.0 0.0 0.0; 0.0 -0.012256888225482111 0.0017791736192631043 0.0020348059615145023; 0.0 0.0017791736192633403 -0.010362213941223875 0.0007680106967278207; 0.0 0.0020348059615142903 0.0007680106967278996 -0.011526713720074707],0.3
