L,J,Q,θ,ϕx,ϕy,ϕz,ndims,T,χ,dχdlogT,Λ
17,0.7,0.6180339887498949,0.4487989505128276,3.730870650207465,0.25707164101985114,1.7315918532902208,3,0.41753189365604015,[0.2991570204759762 0.0 0.0 0.0; 0.0 0.12802498809666465 -0.02572809688905205 -0.026867453452942648; 0.0 -0.025728096889052646 0.12277343195009095 -0.02321728674169977; 0.0 -0.026867453452942693 -0.02321728674170029 0.12490430702559147],[-0.13182045209638685 0.0 0.0 0.0; 0.0 -0.04046411222810999 0.01641822296643005 0.018174858634723918; 0.0 0.01641822296643003 -0.033574909698043644 0.013045569163140513; 0.0 0.018174858634724175 0.013045569163140331 -0.03598904427991094],0.3
