L,J,Q,θ,ϕx,ϕy,ϕz,ndims,T,χ,dχdlogT,Λ
17,0.7,0.6180339887498949,0.4487989505128276,0.42235321389133906,4.045182703094503,4.56424155365723,3,0.41753189365604015,[0.29915704458220044 0.0 0.0 0.0; 0.0 0.12802499787918278 -0.02572809466682819 -0.02686745907757903; 0.0 -0.02572809466682832 0.12277342834123572 -0.023217295879259723; 0.0 -0.026867459077578933 -0.02321729587925958 0.12490432009433493],[-0.13182068039697517 0.0 0.0 0.0; 0.0 -0.040464184716340036 0.0164181923525241 0.01817489813260079; 0.0 0.01641819235252421 -0.033574863851775716 0.013045656774908739; 0.0 0.018174898132600804 0.013045656774908657 -0.0359891741442428],0.3
