L,J,Q,θ,ϕx,ϕy,ϕz,ndims,T,χ,dχdlogT,Λ
17,2.0,0.6180339887498949,0.4487989505128276,1.6525751717720263,3.6752494684435977,0.4542953758736495,3,0.02395026619987486,[0.5200279847147734 0.0 0.0 0.0; 0.0 0.09228963067467265 -0.01640814224281866 -0.021108123729690547; 0.0 -0.016408142242818672 0.07590940648891524 -0.005567329179803703; 0.0 -0.02110812372969045 -0.005567329179803782 0.08328003126435587],[-0.1024656592040001 0.0 0.0 0.0; 0.0 -0.0009477202126924933 0.00038293642259624663 0.00031721683199322534; 0.0 0.00038293642259623996 -0.00035465093703357327 6.065263298048138e-5; 0.0 0.0003172168319932348 6.065263298048001e-5 -0.0004935618334621963],0.3
