L,J,Q,θ,ϕx,ϕy,ϕz,ndims,T,χ,dχdlogT,Λ
17,0.7,0.6180339887498949,0.4487989505128276,5.473790552885222,1.2226695139450943,4.950260006353254,3,1.0826367338740543,[0.17750539287078726 0.0 0.0 0.0; 0.0 0.08348749057133915 -0.009716626340234288 -0.009839794880247539; 0.0 -0.009716626340234158 0.08245652831195913 -0.009307088715631726; 0.0 -0.009839794880247558 -0.009307088715631675 0.08292320547157218],[-0.1186257113999956 0.0 0.0 0.0; 0.0 -0.049762846885111844 0.014538145044796133 0.014920883717193703; 0.0 0.0145381450447961 -0.04757848212925006 0.013434538862717045; 0.0 0.01492088371719378 0.013434538862717029 -0.04854013575090561],0.3
