L,J,Q,θ,ϕx,ϕy,ϕz,ndims,T,χ,dχdlogT,Λ
17,2.0,0.6180339887498949,0.4487989505128276,3.760590801923751,0.23786590655459378,4.063839152557065,3,0.002592943797404667,[0.7438197416988398 0.0 0.0 0.0; 0.0 0.09295097793128672 -0.016629973335282423 -0.021295539193825607; 0.0 -0.01662997333528227 0.07610745064357954 -0.005606887470311556; 0.0 -0.02129553919382556 -0.005606887470311704 0.08354817195102565],[-0.09128462928447442 0.0 0.0 0.0; 0.0 -0.00010850220685022907 4.7803548691334856e-5 3.300705145143205e-5; 0.0 4.780354869133501e-5 -1.6443132380071357e-5 -2.074416950830639e-5; 0.0 3.3007051451431736e-5 -2.0744169508306652e-5 1.0257167676163122e-5],0.3
