L,J,Q,θ,ϕx,ϕy,ϕz,ndims,T,χ,dχdlogT,Λ
17,0.2,0.6180339887498949,0.4487989505128276,0.19185886721624704,0.3197962420280744,4.2782074829620935,3,7.27895384398315,[0.03402719098352752 0.0 0.0 0.0; 0.0 0.01698628651585873 -0.00010332863704515759 -0.00010333179350837164; 0.0 -0.00010332863704515745 0.016985749937828778 -0.00010331528577304757; 0.0 -0.00010333179350837259 -0.00010331528577304632 0.01698599002460922],[-0.033407620402443515 0.0 0.0 0.0; 0.0 -0.016624546940322213 0.00030099332062415325 0.00030100877932098406; 0.0 0.0003009933206241582 -0.01662295741184637 0.0003009280970179549; 0.0 0.00030100877932098374 0.0003009280970179529 -0.016623671173620333],0.3
