L,J,Q,θ,ϕx,ϕy,ϕz,ndims,T,χ,dχdlogT,Λ
17,0.7,0.6180339887498949,0.4487989505128276,4.70608755582122,0.23191736745380037,6.195244506032817,3,3.856620421163471,[0.062606266353412 0.0 0.0 0.0; 0.0 0.031024808627055676 -0.000616501801290338 -0.000617299173426888; 0.0 -0.000616501801290321 0.030983630981341166 -0.0006131750765654856; 0.0 -0.00061729917342691 -0.0006131750765654587 0.03100221931543742],[-0.05857329123234657 0.0 0.0 0.0; 0.0 -0.0285254551143576 0.001662883215485296 0.0016665719206015344; 0.0 0.0016628832154852952 -0.028408755166159642 0.0016476291903560905; 0.0 0.0016665719206015242 0.0016476291903561116 -0.028461839930120258],0.3
