L,J,Q,θ,ϕx,ϕy,ϕz,ndims,T,χ,dχdlogT,Λ
17,1.0,0.6180339887498949,0.4487989505128276,3.3867301952500117,1.992102212170806,5.032847107826847,3,0.2212216291070449,[0.3662084726178252 0.0 0.0 0.0; 0.0 0.13005897733679314 -0.027154919096497882 -0.03001102012500272; 0.0 -0.027154919096497577 0.11694798161261938 -0.0197546068449569; 0.0 -0.03001102012500284 -0.019754606844956925 0.1214564703072523],[-0.12022655661087864 0.0 0.0 0.0; 0.0 -0.018990364046769712 0.007870139819153582 0.009402831826316696; 0.0 0.007870139819153502 -0.009430571481899727 0.0015138576047239347; 0.0 0.009402831826316637 0.0015138576047239402 -0.011600298082747531],0.3
