L,J,Q,θ,ϕx,ϕy,ϕz,ndims,T,χ,dχdlogT,Λ
17,4.0,0.6180339887498949,0.4487989505128276,3.760590801923751,0.23786590655459378,4.063839152557065,3,10.0,[0.02441404764987569 0.0 0.0 0.0; 0.0 0.011956740778911434 -3.764483605946054e-5 -3.787540746184242e-5; 0.0 -3.764483605946785e-5 0.011883841992190567 -3.665645163730373e-5; 0.0 -3.787540746180599e-5 -3.665645163726042e-5 0.011915934516737956],[-0.023313930358587764 0.0 0.0 0.0; 0.0 -0.010947662807567017 0.00010564395554323799 0.00010672462710972263; 0.0 0.00010564395554317398 -0.010749149805786461 0.00010099888663354669; 0.0 0.00010672462710980961 0.00010099888663351263 -0.0108359747099232],0.3
