L,J,Q,θ,ϕx,ϕy,ϕz,ndims,T,χ,dχdlogT,Λ
17,0.0,0.6180339887498949,0.4487989505128276,3.730870650207465,0.25707164101985114,1.7315918532902208,3,0.004893900918477494,[0.973522022813155 0.0 0.0 0.0; 0.0 0.44089085021417695 -0.17721299293041123 -0.1799707387208821; 0.0 -0.17721299293041123 0.42272902699199427 -0.16204489591456872; 0.0 -0.17997073872088212 -0.1620448959145687 0.42542989517269875],[-0.1664663069923831 0.0 0.0 0.0; 0.0 -0.08001814884700377 0.03791634273436532 0.04205057625733505; 0.0 0.037916342734365345 -0.06654601568582258 0.028593078669039977; 0.0 0.04205057625733506 0.028593078669039974 -0.07055876609454377],0.3
