L,J,Q,θ,ϕx,ϕy,ϕz,ndims,T,χ,dχdlogT,Λ
17,0.0,0.6180339887498949,0.4487989505128276,3.857128058294002,6.271067724195275,4.28571384934313,3,0.017433288221999882,[0.7527128960955096 0.0 0.0 0.0; 0.0 0.34160804685319934 -0.12031911429567416 -0.13812610278332785; 0.0 -0.12031911429567424 0.32203131853698785 -0.11743496194608477; 0.0 -0.13812610278332788 -0.11743496194608481 0.3387166926731943],[-0.12428503310300805 0.0 0.0 0.0; 0.0 -0.06241235977829799 0.0234627810009123 0.03893392033815826; 0.0 0.02346278100091231 -0.042766076882630864 0.019355863009988258; 0.0 0.03893392033815826 0.01935586300998825 -0.058361786055949466],0.3
