L,J,Q,θ,ϕx,ϕy,ϕz,ndims,T,χ,dχdlogT,Λ
17,0.2,0.6180339887498949,0.4487989505128276,3.3867301952500117,1.992102212170806,5.032847107826847,3,0.04520353656360243,[0.6256804692755878 0.0 0.0 0.0; 0.0 0.2585571678442589 -0.08663097356754075 -0.08807410680319888; 0.0 -0.08663097356754076 0.2552177273691104 -0.08652813315103247; 0.0 -0.08807410680319883 -0.08652813315103247 0.2574313889056507],[-0.14020937097457814 0.0 0.0 0.0; 0.0 -0.040296504446989664 0.020114100656398223 0.019763302484483165; 0.0 0.020114100656398244 -0.04148325793319527 0.021568702426231465; 0.0 0.01976330248448318 0.021568702426231448 -0.041432971034367765],0.3
