L,J,Q,θ,ϕx,ϕy,ϕz,ndims,T,χ,dχdlogT,Λ
17,0.7,0.6180339887498949,0.4487989505128276,5.473790552885222,1.2226695139450943,4.950260006353254,3,0.003562247890262444,[0.9676722264970136 0.0 0.0 0.0; 0.0 0.22308913225477348 -0.06970551765668903 -0.06906314306947633; 0.0 -0.06970551765668948 0.17493760569539074 -0.03263022523874087; 0.0 -0.06906314306947663 -0.032630225238740436 0.17979222031396933],[-0.15326299415427594 0.0 0.0 0.0; 0.0 -0.010789131116394913 0.0060580816936888285 0.002801505473532172; 0.0 0.0060580816936888545 -0.004302285205227092 -0.0006148167383253987; 0.0 0.0028015054735321906 -0.0006148167383253866 -0.0023186008153404363],0.3
