L,J,Q,θ,ϕx,ϕy,ϕz,ndims,T,χ,dχdlogT,Λ
17,1.0,0.6180339887498949,0.4487989505128276,5.734252170254508,2.8348451776155406,1.0452041985610805,3,0.006723357536499335,[0.7739410214620847 0.0 0.0 0.0; 0.0 0.1536262308912172 -0.03734175921037239 -0.04065579302491922; 0.0 -0.03734175921037241 0.12584932006551267 -0.01951549407638812; 0.0 -0.040655793024919874 -0.019515494076387897 0.1324336194867489],[-0.11903987777597555 0.0 0.0 0.0; 0.0 -0.0016569904882686715 0.0007119130496297903 0.0005693701847421447; 0.0 0.0007119130496297882 -0.0006046058951698789 -2.6844922873319877e-5; 0.0 0.000569370184742144 -2.6844922873320653e-5 -0.0004427209413431546],0.3
