L,J,Q,θ,ϕx,ϕy,ϕz,ndims,T,χ,dχdlogT,Λ
17,2.0,0.6180339887498949,0.4487989505128276,5.763831914434566,3.580656310092337,5.202090194941325,3,0.004893900918477494,[0.6828857678481067 0.0 0.0 0.0; 0.0 0.09283117779859276 -0.016663377602803536 -0.021227900874847477; 0.0 -0.016663377602803824 0.0761361838768638 -0.005591120464193423; 0.0 -0.021227900874848202 -0.005591120464193111 0.08353082788065416],[-0.09851541400925878 0.0 0.0 0.0; 0.0 -2.0041398985986407e-5 5.566008752867483e-5 -3.0755444127237184e-5; 0.0 5.566008752867419e-5 -4.9537798841980836e-5 1.048088169607612e-5; 0.0 -3.0755444127235435e-5 1.048088169607607e-5 -2.8796679582529096e-5],0.3
