L,J,Q,θ,ϕx,ϕy,ϕz,ndims,T,χ,dχdlogT,Λ
17,4.0,0.6180339887498949,0.4487989505128276,3.3867301952500117,1.992102212170806,5.032847107826847,3,0.0018873918221350976,[0.5487215932989501 0.0 0.0 0.0; 0.0 0.050295976830830605 -0.006070727272255342 -0.009744174444755841; 0.0 -0.006070727272254789 0.044285748864251795 -0.0008593054559178287; 0.0 -0.00974417444475563 -0.0008593054559179513 0.048634176815745646],[-0.09459477134151512 0.0 0.0 0.0; 0.0 -0.0003502607300566281 4.456812914993852e-5 0.00029969652486918594; 0.0 4.456812914993835e-5 -8.451351909284718e-5 -7.93935860336562e-6; 0.0 0.0002996965248691843 -7.939358603365455e-6 -0.00030416425258548193],0.3
