L,J,Q,θ,ϕx,ϕy,ϕz,ndims,T,χ,dχdlogT,Λ
17,4.0,0.6180339887498949,0.4487989505128276,3.3867301952500117,1.992102212170806,5.032847107826847,3,0.7880462815669912,[0.1477262007004435 0.0 0.0 0.0; 0.0 0.04251760893220282 -0.0031950496016660943 -0.0038269201323104787; 0.0 -0.0031950496016663857 0.039045004343871134 -0.0011310916200423296; 0.0 -0.0038269201323099067 -0.0011310916200421748 0.04138158728621988],[-0.06117776777922462 0.0 0.0 0.0; 0.0 -0.004705098244113522 0.002031279640558453 0.0028831591931021143; 0.0 0.0020312796405578515 -0.0031294715673372167 -0.00017027376799196942; 0.0 0.0028831591931019846 -0.0001702737679919734 -0.004786335878079881],0.3
