L,J,Q,θ,ϕx,ϕy,ϕz,ndims,T,χ,dχdlogT,Λ
17,4.0,0.6180339887498949,0.4487989505128276,4.70608755582122,0.23191736745380037,6.195244506032817,3,0.006723357536499335,[0.43792896889427807 0.0 0.0 0.0; 0.0 0.049735514586255095 -0.006029483855826639 -0.009292789708944154; 0.0 -0.006029483855826207 0.044091315333747064 -0.0008083843007206747; 0.0 -0.009292789708943035 -0.0008083843007206395 0.04813488107906984],[-0.07490437055598528 0.0 0.0 0.0; 0.0 -0.0003927694558784029 2.4891257838098673e-5 0.0002916495423593686; 0.0 2.4891257838099276e-5 -0.00020955818177819177 6.976430804502495e-5; 0.0 0.0002916495423593619 6.976430804502417e-5 -0.0003615007411657815],0.3
