L,J,Q,θ,ϕx,ϕy,ϕz,ndims,T,χ,dχdlogT,Λ
17,2.0,0.6180339887498949,0.4487989505128276,0.19185886721624704,0.3197962420280744,4.2782074829620935,3,7.27895384398315,[0.03372694958934957 0.0 0.0 0.0; 0.0 0.01667818228775868 -9.960176372517644e-5 -9.989749386069478e-5; 0.0 -9.960176372526654e-5 0.01662788511437493 -9.834417272621544e-5; 0.0 -9.989749386067545e-5 -9.834417272616946e-5 0.016650242714800447],[-0.03254548863201463 0.0 0.0 0.0; 0.0 -0.015739269652837645 0.00028316005366469993 0.00028457145893562964; 0.0 0.00028316005366482776 -0.015596497338431818 0.00027716013296386706; 0.0 0.00028457145893561934 0.0002771601329638788 -0.01565993462847691],0.3
