L,J,Q,θ,ϕx,ϕy,ϕz,ndims,T,χ,dχdlogT,Λ
17,1.0,0.6180339887498949,0.4487989505128276,0.5934354240751214,0.5422591865513776,2.7630817933449046,3,0.002592943797404667,[0.9059064429136092 0.0 0.0 0.0; 0.0 0.15480555241179297 -0.037817257755329195 -0.041232137714053076; 0.0 -0.03781725775532946 0.12687553699252466 -0.02010755693616989; 0.0 -0.0412321377140531 -0.020107556936170074 0.13367307750366586],[-0.12891753084700017 0.0 0.0 0.0; 0.0 -0.0011564765045206746 0.0005529547692963765 0.0004766890473179266; 0.0 0.0005529547692963772 -0.00048175949140448514 -1.958577271799603e-5; 0.0 0.00047668904731792256 -1.958577271799633e-5 -0.0004512863940752368],0.3
