L,J,Q,θ,ϕx,ϕy,ϕz,ndims,T,χ,dχdlogT,Λ
17,0.7,0.6180339887498949,0.4487989505128276,0.5934354240751214,0.5422591865513776,2.7630817933449046,3,0.5736152510448679,[0.25744321519965924 0.0 0.0 0.0; 0.0 0.11433496612305077 -0.02031182506697455 -0.020953873197863897; 0.0 -0.020311825066974508 0.11100723661037011 -0.018738127664222434; 0.0 -0.020953873197864122 -0.018738127664222174 0.11242504690365282],[-0.13052194034579115 0.0 0.0 0.0; 0.0 -0.045572986741274066 0.01750019392153549 0.018831592881727467; 0.0 0.017500193921535283 -0.04035860897808422 0.014936814009316275; 0.0 0.018831592881727335 0.01493681400931604 -0.04239425343522967],0.3
