L,J,Q,θ,ϕx,ϕy,ϕz,ndims,T,χ,dχdlogT,Λ
17,0.0,0.6180339887498949,0.4487989505128276,0.19185886721624704,0.3197962420280744,4.2782074829620935,3,10.0,[0.024876836719305254 0.0 0.0 0.0; 0.0 0.012428285218450399 -4.06913013005326e-5 -4.069130130051738e-5; 0.0 -4.069130130053176e-5 0.012428285218450434 -4.069130130054728e-5; 0.0 -4.0691301300518213e-5 -4.0691301300546166e-5 0.012428285218450416],[-0.024634108848350714 0.0 0.0 0.0; 0.0 -0.012287206232501345 0.00012017115285741806 0.00012017115285740963; 0.0 0.00012017115285741752 -0.012287206232501336 0.00012017115285741268; 0.0 0.00012017115285740825 0.00012017115285741252 -0.012287206232501334],0.3
