L,J,Q,θ,ϕx,ϕy,ϕz,ndims,T,χ,dχdlogT,Λ
17,1.0,0.6180339887498949,0.4487989505128276,1.6525751717720263,3.6752494684435977,0.4542953758736495,3,5.298316906283709,[0.04619324409461783 0.0 0.0 0.0; 0.0 0.022930032481648134 -0.00025372771677527003 -0.0002540862517670718; 0.0 -0.00025372771677527984 0.0228968056966515 -0.00025221555682344187; 0.0 -0.00025408625176718896 -0.00025221555682348925 0.022911694413046992],[-0.044319509511628975 0.0 0.0 0.0; 0.0 -0.021685209753417596 0.00071321947398678 0.0007149251831654853; 0.0 0.0007132194739867971 -0.021589652411456658 0.0007060529529129231; 0.0 0.0007149251831654757 0.0007060529529129154 -0.02163265461086304],0.3
