L,J,Q,θ,ϕx,ϕy,ϕz,ndims,T,χ,dχdlogT,Λ
17,2.0,0.6180339887498949,0.4487989505128276,5.734252170254508,2.8348451776155406,1.0452041985610805,3,0.004893900918477494,[0.6815736670728225 0.0 0.0 0.0; 0.0 0.09280448782439497 -0.016611764428220828 -0.021275417540766402; 0.0 -0.016611764428221147 0.0760831858897168 -0.005566660612474678; 0.0 -0.02127541754076624 -0.005566660612474772 0.08353578198613675],[-0.09761541988520939 0.0 0.0 0.0; 0.0 -1.8989110975917865e-5 3.7936431224760514e-5 3.867007138407024e-6; 0.0 3.7936431224760616e-5 -3.470244026759598e-5 -1.0871925450719155e-5; 0.0 3.867007138407139e-6 -1.0871925450719144e-5 -3.447889826412872e-5],0.3
