L,J,Q,θ,ϕx,ϕy,ϕz,ndims,T,χ,dχdlogT,Λ
17,4.0,0.6180339887498949,0.4487989505128276,0.5934354240751214,0.5422591865513776,2.7630817933449046,3,0.41753189365604015,[0.18595754957960545 0.0 0.0 0.0; 0.0 0.044895710753031004 -0.0043872939876040285 -0.005591355498831745; 0.0 -0.0043872939876035905 0.04057941184882443 -0.0009721465955526028; 0.0 -0.00559135549883136 -0.0009721465955526942 0.04379760563275552],[-0.059089381213880875 0.0 0.0 0.0; 0.0 -0.0030513672137816943 0.001651947563027796 0.0025343357191557137; 0.0 0.0016519475630277897 -0.001961795225940306 -0.0002631819569227332; 0.0 0.0025343357191556027 -0.0002631819569227495 -0.003055597286790093],0.3
