L,J,Q,θ,ϕx,ϕy,ϕz,ndims,T,χ,dχdlogT,Λ
17,0.7,0.6180339887498949,0.4487989505128276,5.734252170254508,2.8348451776155406,1.0452041985610805,3,0.003562247890262444,[0.9049494559176843 0.0 0.0 0.0; 0.0 0.2157893422221079 -0.06681020273684465 -0.06424289041575248; 0.0 -0.06681020273684346 0.17288110532634526 -0.03380764057720787; 0.0 -0.06424289041575174 -0.03380764057720784 0.17615238488857787],[-0.1028441976154573 0.0 0.0 0.0; 0.0 -0.00953069804358444 0.004346749989744768 0.001805379420625708; 0.0 0.004346749989744786 -0.0037812561353325344 0.0009313282116480582; 0.0 0.0018053794206257022 0.0009313282116480663 -0.0022421724104465454],0.3
