L,J,Q,θ,ϕx,ϕy,ϕz,ndims,T,χ,dχdlogT,Λ
17,0.0,0.6180339887498949,0.4487989505128276,4.625611555730129,1.1852083702765268,2.251937987173886,3,2.043359717856942,[0.11127257108624837 0.0 0.0 0.0; 0.0 0.054901995936451994 -0.003118679598437059 -0.0031186795984370105; 0.0 -0.00311867959843705 0.054901995936452064 -0.003118679598437054; 0.0 -0.003118679598437014 -0.003118679598437053 0.05490199593645188],[-0.09408425366461978 0.0 0.0 0.0; 0.0 -0.04541961692504162 0.007114110414410962 0.007114110414410956; 0.0 0.0071141104144109655 -0.04541961692504156 0.007114110414410971; 0.0 0.007114110414410947 0.007114110414410976 -0.04541961692504162],0.3
