L,J,Q,θ,ϕx,ϕy,ϕz,ndims,T,χ,dχdlogT,Λ
17,4.0,0.6180339887498949,0.4487989505128276,0.5934354240751214,0.5422591865513776,2.7630817933449046,3,10.0,[0.024414047649875755 0.0 0.0 0.0; 0.0 0.011956740778908945 -3.76448360594175e-5 -3.787540746190376e-5; 0.0 -3.7644836059432705e-5 0.011883841992189467 -3.665645163721609e-5; 0.0 -3.787540746183279e-5 -3.665645163721814e-5 0.011915934516738667],[-0.023313930358587826 0.0 0.0 0.0; 0.0 -0.010947662807567286 0.00010564395554310674 0.00010672462710984939; 0.0 0.00010564395554305564 -0.010749149805787868 0.00010099888663350338; 0.0 0.00010672462710969924 0.00010099888663344434 -0.010835974709920822],0.3
