L,J,Q,θ,ϕx,ϕy,ϕz,ndims,T,χ,dχdlogT,Λ
17,0.0,0.6180339887498949,0.4487989505128276,3.760590801923751,0.23786590655459378,4.063839152557065,3,0.0013738237958832624,[1.2208265030725332 0.0 0.0 0.0; 0.0 0.5652570994616181 -0.28456921523562356 -0.19728343216855423; 0.0 -0.28456921523562356 0.5778978897877357 -0.20933840392256478; 0.0 -0.1972834321685543 -0.20933840392256467 0.48982653759463163],[-0.2192006229446445 0.0 0.0 0.0; 0.0 -0.10835336751637484 0.09498949853041558 0.013383743882820754; 0.0 0.09498949853041555 -0.13581778001040173 0.04082688999135008; 0.0 0.013383743882820778 0.04082688999135004 -0.054229396548033076],0.3
