L,J,Q,θ,ϕx,ϕy,ϕz,ndims,T,χ,dχdlogT,Λ
17,4.0,0.6180339887498949,0.4487989505128276,0.28417827258967326,6.210083290103895,4.427087456962382,3,0.04520353656360243,[0.3139239072257904 0.0 0.0 0.0; 0.0 0.04872723856879984 -0.005885552213341575 -0.008549814124489996; 0.0 -0.0058855522133410025 0.043301911380556536 -0.0007661013852886387; 0.0 -0.008549814124489243 -0.0007661013852885751 0.04719101853077191],[-0.05830055205564778 0.0 0.0 0.0; 0.0 -0.0008411363929878205 6.276453654520811e-5 0.0006855259408797746; 0.0 6.27645365451994e-5 -0.0006632169495285656 2.7684932963936675e-5; 0.0 0.0006855259408798043 2.7684932963939012e-5 -0.0007979295135499175],0.3
