L,J,Q,θ,ϕx,ϕy,ϕz,ndims,T,χ,dχdlogT,Λ
17,0.0,0.6180339887498949,0.4487989505128276,3.760590801923751,0.23786590655459378,4.063839152557065,3,0.0853167852417281,[0.538586524150787 0.0 0.0 0.0; 0.0 0.24306329335764354 -0.07960378983727485 -0.08021827878749217; 0.0 -0.07960378983727484 0.24279912776664622 -0.07960903915467707; 0.0 -0.08021827878749212 -0.07960903915467707 0.243173829387629],[-0.14324790345744728 0.0 0.0 0.0; 0.0 -0.05992532304431989 0.029016270688197055 0.030861663232535672; 0.0 0.029016270688197048 -0.059084397935942896 0.029457992484688337; 0.0 0.030861663232535686 0.029457992484688333 -0.06051405587180007],0.3
