L,J,Q,θ,ϕx,ϕy,ϕz,ndims,T,χ,dχdlogT,Λ
17,0.2,0.6180339887498949,0.4487989505128276,2.8202476249406474,4.101224925810298,3.420811622095466,3,0.009236708571873866,[0.8614281733837779 0.0 0.0 0.0; 0.0 0.34811815688157954 -0.13952436569576868 -0.12507778850075968; 0.0 -0.13952436569576865 0.3254402923348563 -0.10365409555844043; 0.0 -0.12507778850075954 -0.10365409555844046 0.3119098583151831],[-0.15236334487777506 0.0 0.0 0.0; 0.0 -0.06372877726110124 0.042827938983109874 0.02083117902247967; 0.0 0.04282793898310987 -0.05037090911177252 0.007610185752784432; 0.0 0.020831179022479662 0.0076101857527844435 -0.028513680109639825],0.3
