L,J,Q,θ,ϕx,ϕy,ϕz,ndims,T,χ,dχdlogT,Λ
17,0.7,0.6180339887498949,0.4487989505128276,4.70608755582122,0.23191736745380037,6.195244506032817,3,0.002592943797404667,[0.9673227802148627 0.0 0.0 0.0; 0.0 0.21242907068409997 -0.061884385167691756 -0.0658934007582056; 0.0 -0.061884385167692395 0.17124104833227152 -0.035366845694586195; 0.0 -0.06589340075820543 -0.035366845694585224 0.17749372197289517],[-0.1442224920481759 0.0 0.0 0.0; 0.0 -0.0055909388072492155 0.0017108814581002858 0.002333766113565916; 0.0 0.0017108814581002815 -0.003592246352062863 0.0020069868096012186; 0.0 0.002333766113565918 0.002006986809601215 -0.003598645108830105],0.3
