L,J,Q,θ,ϕx,ϕy,ϕz,ndims,T,χ,dχdlogT,Λ
17,2.0,0.6180339887498949,0.4487989505128276,3.760590801923751,0.23786590655459378,4.063839152557065,3,0.02395026619987486,[0.5201739288711079 0.0 0.0 0.0; 0.0 0.09230770763285417 -0.01640537360477759 -0.021115137981632913; 0.0 -0.01640537360477762 0.07590716209990327 -0.005565098545163771; 0.0 -0.02111513798163321 -0.0055650985451638334 0.08327569394138337],[-0.10320024734157628 0.0 0.0 0.0; 0.0 -0.0010034605152771984 0.0003809073191818964 0.00033853353645685487; 0.0 0.00038090731918188865 -0.00035644203852755295 6.360404622299529e-5; 0.0 0.00033853353645684994 6.360404622299219e-5 -0.000499367033852627],0.3
