L,J,Q,θ,ϕx,ϕy,ϕz,ndims,T,χ,dχdlogT,Λ
17,0.0,0.6180339887498949,0.4487989505128276,2.5442093461857236,5.47289578353618,3.9732228912244727,3,0.16102620275609392,[0.44772680699384065 0.0 0.0 0.0; 0.0 0.20504063914073795 -0.06101724325681416 -0.06100115230460823; 0.0 -0.06101724325681416 0.20503990780740236 -0.06100037554063992; 0.0 -0.06100115230460827 -0.061000375540639945 0.2050402126843214],[-0.14264893980740168 0.0 0.0 0.0; 0.0 -0.05964509299146922 0.02936478001210118 0.029284982449745586; 0.0 0.029364780012101178 -0.059639516296992344 0.029278769081066913; 0.0 0.029284982449745586 0.029278769081066906 -0.059621679664131434],0.3
