L,J,Q,θ,ϕx,ϕy,ϕz,ndims,T,χ,dχdlogT,Λ
17,2.0,0.6180339887498949,0.4487989505128276,1.736653023019789,2.4360238297157726,1.2569808233561672,3,0.11721022975334802,[0.36394373936225066 0.0 0.0 0.0; 0.0 0.08777575194333032 -0.01465825322082367 -0.01893258236963792; 0.0 -0.014658253220823791 0.0745150865806592 -0.005552434441440931; 0.0 -0.018932582369638247 -0.005552434441440688 0.08077127538466454],[-0.09152314424752138 0.0 0.0 0.0; 0.0 -0.0049203361779666804 0.0019020416145143224 0.0028207521998137738; 0.0 0.0019020416145142632 -0.001369440642969389 -0.0001270556835867907; 0.0 0.0028207521998137907 -0.0001270556835867855 -0.0028588387081030504],0.3
