L,J,Q,θ,ϕx,ϕy,ϕz,ndims,T,χ,dχdlogT,Λ
17,0.7,0.6180339887498949,0.4487989505128276,0.19185886721624704,0.3197962420280744,4.2782074829620935,3,0.004893900918477494,[0.8596608377972828 0.0 0.0 0.0; 0.0 0.21356767573961796 -0.06324962594845097 -0.06634620700798743; 0.0 -0.06324962594845059 0.1687402821887725 -0.032501056352990436; 0.0 -0.0663462070079868 -0.032501056352990935 0.1768421542122309],[-0.10639577525349325 0.0 0.0 0.0; 0.0 -0.010024389211712292 0.00472812218283563 0.00378394176638223; 0.0 0.004728122182835641 -0.0035445072158149828 -0.0003887042516667634; 0.0 0.003783941766382235 -0.0003887042516667604 -0.004016226203612128],0.3
