L,J,Q,θ,ϕx,ϕy,ϕz,ndims,T,χ,dχdlogT,Λ
17,0.7,0.6180339887498949,0.4487989505128276,3.760590801923751,0.23786590655459378,4.063839152557065,3,5.298316906283709,[0.04629104489540583 0.0 0.0 0.0; 0.0 0.023030982842574665 -0.00025596740876507996 -0.00025614587258830846; 0.0 -0.00025596740876511676 0.023014446539198215 -0.0002552157532082515; 0.0 -0.00025614587258833904 -0.00025521575320824256 0.023021867795218545],[-0.04459585333934181 0.0 0.0 0.0; 0.0 -0.021971781711233297 0.0007237405855100079 0.0007245949450407441; 0.0 0.000723740585510023 -0.021923737710520332 0.0007201580083249573; 0.0 0.0007245949450407591 0.0007201580083249499 -0.021945410396468978],0.3
