L,J,Q,θ,ϕx,ϕy,ϕz,ndims,T,χ,dχdlogT,Λ
17,0.0,0.6180339887498949,0.4487989505128276,2.5442093461857236,5.47289578353618,3.9732228912244727,3,2.807216203941177,[0.08426211455739648 0.0 0.0 0.0; 0.0 0.041782970686796525 -0.0014475416635621624 -0.0014475416635621045; 0.0 -0.001447541663562161 0.04178297068679663 -0.0014475416635621496; 0.0 -0.0014475416635621077 -0.0014475416635621483 0.04178297068679653],[-0.0760482076568743 0.0 0.0 0.0; 0.0 -0.03716032029720194 0.003677336241747884 0.0036773362417478776; 0.0 0.0036773362417478824 -0.03716032029720192 0.003677336241747891; 0.0 0.003677336241747878 0.0036773362417478893 -0.037160320297201926],0.3
