L,J,Q,θ,ϕx,ϕy,ϕz,ndims,T,χ,dχdlogT,Λ
17,0.0,0.6180339887498949,0.4487989505128276,0.19185886721624704,0.3197962420280744,4.2782074829620935,3,2.043359717856942,[0.11127257108624838 0.0 0.0 0.0; 0.0 0.05490199593645159 -0.0031186795984370287 -0.0031186795984370274; 0.0 -0.003118679598437032 0.054901995936451974 -0.0031186795984370825; 0.0 -0.003118679598437029 -0.003118679598437085 0.05490199593645188],[-0.09408425366461969 0.0 0.0 0.0; 0.0 -0.04541961692504145 0.007114110414410974 0.007114110414410968; 0.0 0.007114110414410971 -0.04541961692504144 0.007114110414410995; 0.0 0.007114110414410965 0.007114110414410995 -0.04541961692504167],0.3
