L,J,Q,θ,ϕx,ϕy,ϕz,ndims,T,χ,dχdlogT,Λ
17,4.0,0.6180339887498949,0.4487989505128276,5.473790552885222,1.2226695139450943,4.950260006353254,3,0.7880462815669912,[0.14772620070044312 0.0 0.0 0.0; 0.0 0.04251760893219182 -0.003195049601666607 -0.0038269201323091256; 0.0 -0.003195049601666433 0.039045004343861114 -0.0011310916200423617; 0.0 -0.0038269201323093156 -0.0011310916200422193 0.041381587286233944],[-0.061177767779230174 0.0 0.0 0.0; 0.0 -0.004705098244118075 0.0020312796405624386 0.002883159193102107; 0.0 0.002031279640562113 -0.003129471567346435 -0.00017027376799082594; 0.0 0.0028831591931023936 -0.0001702737679907791 -0.004786335878083748],0.3
