L,J,Q,θ,ϕx,ϕy,ϕz,ndims,T,χ,dχdlogT,Λ
17,2.0,0.6180339887498949,0.4487989505128276,4.625611555730129,1.1852083702765268,2.251937987173886,3,0.5736152510448679,[0.21864188503167503 0.0 0.0 0.0; 0.0 0.07500240671180226 -0.009541786428577325 -0.010891064943099469; 0.0 -0.009541786428577479 0.06895705472283076 -0.0056956156475265205; 0.0 -0.010891064943099988 -0.005695615647526597 0.07196191778661727],[-0.0959446788546572 0.0 0.0 0.0; 0.0 -0.013931800200120163 0.005210916273021583 0.007283321415710787; 0.0 0.0052109162730216456 -0.009110574079502871 0.0009737957542854; 0.0 0.007283321415710728 0.0009737957542853709 -0.011574890867916235],0.3
