L,J,Q,θ,ϕx,ϕy,ϕz,ndims,T,χ,dχdlogT,Λ
17,2.0,0.6180339887498949,0.4487989505128276,5.763831914434566,3.580656310092337,5.202090194941325,3,3.856620421163471,[0.061085182106053036 0.0 0.0 0.0; 0.0 0.029462727565069218 -0.0005561251809643445 -0.00056153841752035; 0.0 -0.0005561251809642082 0.029182722086268268 -0.0005331734319495861; 0.0 -0.0005615384175203966 -0.0005331734319495488 0.029307171342877626],[-0.054634746310459205 0.0 0.0 0.0; 0.0 -0.02447490434408352 0.0014024701288242766 0.001425794447965442; 0.0 0.0014024701288243842 -0.02376934789299295 0.0013038190344533999; 0.0 0.0014257944479654917 0.0013038190344534634 -0.024083304411782788],0.3
