L,J,Q,θ,ϕx,ϕy,ϕz,ndims,T,χ,dχdlogT,Λ
17,2.0,0.6180339887498949,0.4487989505128276,0.42235321389133906,4.045182703094503,4.56424155365723,3,0.001,[0.8386494639279092 0.0 0.0 0.0; 0.0 0.09293331358429698 -0.016725640306785094 -0.021258118008440054; 0.0 -0.01672564030678511 0.07617740159655317 -0.005566532676890332; 0.0 -0.02125811800843999 -0.005566532676890408 0.08351647623340827],[-0.11904214396682136 0.0 0.0 0.0; 0.0 -1.941548135579135e-5 1.944450612545208e-5 1.9419203944565806e-5; 0.0 1.944450612545167e-5 -4.763761104324278e-5 3.335993473590312e-5; 0.0 1.9419203944566182e-5 3.335993473590313e-5 -7.413940449299176e-5],0.3
