L,J,Q,θ,ϕx,ϕy,ϕz,ndims,T,χ,dχdlogT,Λ
17,2.0,0.6180339887498949,0.4487989505128276,5.734252170254508,2.8348451776155406,1.0452041985610805,3,0.001,[0.8282232989722305 0.0 0.0 0.0; 0.0 0.09287425306360565 -0.016685688830512302 -0.021312666021705378; 0.0 -0.016685688830512503 0.07613742665250654 -0.005537414909871242; 0.0 -0.02131266602170506 -0.005537414909871387 0.08358306317420343],[-0.09236351215147567 0.0 0.0 0.0; 0.0 -6.159252435653114e-5 5.5345087057405636e-5 2.451864350532941e-5; 0.0 5.534508705740547e-5 -3.401636607778304e-5 -1.6141405228029863e-5; 0.0 2.4518643505329177e-5 -1.614140522802992e-5 -2.9056251601440943e-5],0.3
