L,J,Q,θ,ϕx,ϕy,ϕz,ndims,T,χ,dχdlogT,Λ
17,0.2,0.6180339887498949,0.4487989505128276,0.42235321389133906,4.045182703094503,4.56424155365723,3,1.4873521072935114,[0.143732165532666 0.0 0.0 0.0; 0.0 0.07032980394101862 -0.006088494128585969 -0.006092436749465933; 0.0 -0.006088494128585955 0.0702831565984106 -0.006074184241766922; 0.0 -0.006092436749465943 -0.006074184241766914 0.07030464039056405],[-0.11081994566741103 0.0 0.0 0.0; 0.0 -0.05242956813679016 0.011900199645120088 0.011915056986706626; 0.0 0.011900199645120102 -0.05231139645381785 0.011850724541988902; 0.0 0.01191505698670662 0.011850724541988898 -0.05236546983976],0.3
