L,J,Q,θ,ϕx,ϕy,ϕz,ndims,T,χ,dχdlogT,Λ
17,0.0,0.6180339887498949,0.4487989505128276,2.5442093461857236,5.47289578353618,3.9732228912244727,3,0.004893900918477494,[0.9116298270166332 0.0 0.0 0.0; 0.0 0.41026715953715914 -0.16735280232639277 -0.15941809220840658; 0.0 -0.16735280232639277 0.4011989413210276 -0.15052227661480394; 0.0 -0.1594180922084066 -0.15052227661480402 0.3937332811233588],[-0.11378506925288386 0.0 0.0 0.0; 0.0 -0.053717678976303584 0.03485818623871969 0.018782361872398852; 0.0 0.034858186238719675 -0.055018250576828374 0.020264470948790077; 0.0 0.01878236187239886 0.02026447094879007 -0.039076833815804374],0.3
