L,J,Q,θ,ϕx,ϕy,ϕz,ndims,T,χ,dχdlogT,Λ
17,0.0,0.6180339887498949,0.4487989505128276,3.730870650207465,0.25707164101985114,1.7315918532902208,3,0.017433288221999882,[0.7733772813532275 0.0 0.0 0.0; 0.0 0.34646319564606287 -0.13112898879246043 -0.1316620522882968; 0.0 -0.13112898879246046 0.3420917018954666 -0.12752409877151424; 0.0 -0.1316620522882969 -0.1275240987715142 0.3426511290669772],[-0.15113148170369353 0.0 0.0 0.0; 0.0 -0.06984377430294317 0.03452607857025614 0.03530984577683659; 0.0 0.034526078570256136 -0.062224150490916785 0.027671452773196756; 0.0 0.03530984577683661 0.027671452773196742 -0.06298360234018582],0.3
