L,J,Q,θ,ϕx,ϕy,ϕz,ndims,T,χ,dχdlogT,Λ
23,0.0,0.6180339887498949,0.4487989505128276,0.9888717532214546,4.093560103985731,6.132051930071499,3,0.30391953823131973,[0.35613424251557113 0.0 0.0 0.0; 0.0 0.16658001620199142 -0.04199664330144036 -0.040844180613518; 0.0 -0.041996643301440165 0.16637308163863268 -0.04188339122555037; 0.0 -0.040844180613517904 -0.04188339122555028 0.16641096778020495],[-0.14076868428090525 0.0 0.0 0.0; 0.0 -0.060526078621042714 0.028162575991981752 0.027438042169459047; 0.0 0.028162575991981905 -0.06011383062842398 0.027864576029109626; 0.0 0.02743804216945901 0.02786457602910972 -0.060188617189459774],0.3
