L,J,Q,θ,ϕx,ϕy,ϕz,ndims,T,χ,dχdlogT,Λ
23,0.0,0.6180339887498949,0.4487989505128276,5.110176458907572,4.7865532335544,4.583331853321324,3,0.04520353656360243,[0.5238394323551876 0.0 0.0 0.0; 0.0 0.24027185429189835 -0.07341489203348762 -0.0825301145483198; 0.0 -0.07341489203348762 0.23272489633174415 -0.07539376571541148; 0.0 -0.08253011454831922 -0.07539376571541091 0.24313682640387554],[-0.03263143293525634 0.0 0.0 0.0; 0.0 -0.012679901736110418 0.0032286840921281444 0.009304887523895976; 0.0 0.0032286840921281405 -0.010572501263074944 0.007285098719527761; 0.0 0.009304887523896008 0.007285098719527769 -0.016934005935584907],0.3
