L,J,Q,θ,ϕx,ϕy,ϕz,ndims,T,χ,dχdlogT,Λ
23,0.2,0.6180339887498949,0.4487989505128276,4.429237400478762,4.088402729592037,2.6750122200744895,3,0.7880462815669912,[0.22188432402078664 0.0 0.0 0.0; 0.0 0.10656573103521172 -0.01688054476711312 -0.016914635177872946; 0.0 -0.01688054476711312 0.10631101462214317 -0.016820052420609518; 0.0 -0.016914635177872922 -0.016820052420609567 0.10648697072638139],[-0.13284210108893849 0.0 0.0 0.0; 0.0 -0.06013765021407489 0.0216659158474375 0.021815510039431496; 0.0 0.02166591584743754 -0.05961523642081536 0.021527338424103714; 0.0 0.02181551003943152 0.02152733842410373 -0.05996937818772301],0.3
