L,J,Q,θ,ϕx,ϕy,ϕz,ndims,T,χ,dχdlogT,Λ
23,0.0,0.6180339887498949,0.4487989505128276,5.110176458907572,4.7865532335544,4.583331853321324,3,0.7880462815669912,[0.2224485707250808 0.0 0.0 0.0; 0.0 0.10735135052873648 -0.017120569487197885 -0.01697089215633403; 0.0 -0.017120569487197878 0.10726233210054305 -0.016962512353643305; 0.0 -0.01697089215633397 -0.016962512353643197 0.10736618297795295],[-0.13358737703437698 0.0 0.0 0.0; 0.0 -0.06146249307199857 0.022231472414860246 0.022114538687126373; 0.0 0.022231472414860242 -0.061279941572394116 0.022037322127056547; 0.0 0.022114538687126133 0.02203732212705659 -0.06149300962968032],0.3
