L,J,Q,θ,ϕx,ϕy,ϕz,ndims,T,χ,dχdlogT,Λ
23,0.2,0.6180339887498949,0.4487989505128276,5.5578452854296145,1.090215612180885,2.59162374440437,3,0.004893900918477494,[0.622773164718708 0.0 0.0 0.0; 0.0 0.26706724086821376 -0.09052888932190069 -0.09239508919843754; 0.0 -0.09052888932191702 0.25025549516943973 -0.07581977408011649; 0.0 -0.09239508919843757 -0.07581977408011766 0.252169463565971],[0.004312912935746157 0.0 0.0 0.0; 0.0 0.0032052722775438745 -0.0009855329243695825 -0.0022352186299918154; 0.0 -0.0009855329243695762 0.00013097310124617995 0.0009096402259753716; 0.0 -0.0022352186299918145 0.0009096402259753311 0.0012868373739619275],0.3
