L,J,Q,θ,ϕx,ϕy,ϕz,ndims,T,χ,dχdlogT,Λ
23,0.2,0.6180339887498949,0.4487989505128276,3.7552070993249536,0.3442458490897604,3.006113999652094,3,2.043359717856942,[0.11110321852875006 0.0 0.0 0.0; 0.0 0.05477320086774 -0.0029757800433588303 -0.0030678543644359667; 0.0 -0.002975780043357891 0.05475599995688037 -0.0030642185130703; 0.0 -0.0030678543644348582 -0.0030642185130706095 0.05475066487647671],[-0.09366117882422445 0.0 0.0 0.0; 0.0 -0.045095813739393524 0.006765485984839481 0.006973970859505955; 0.0 0.0067654859848367355 -0.045050030791826394 0.006958767052399826; 0.0 0.006973970859505513 0.006958767052398793 -0.04503897223043476],0.3
