L,J,Q,θ,ϕx,ϕy,ϕz,ndims,T,χ,dχdlogT,Λ
23,0.2,0.6180339887498949,0.4487989505128276,3.7552070993249536,0.3442458490897604,3.006113999652094,3,1.0826367338740543,[0.18087259311576281 0.0 0.0 0.0; 0.0 0.08777463245130754 -0.010259326876634382 -0.010572269732651594; 0.0 -0.010259326876633373 0.08769079644015221 -0.010536144307750064; 0.0 -0.010572269732651003 -0.010536144307746968 0.08767371055367096],[-0.12381810723543372 0.0 0.0 0.0; 0.0 -0.05750160801850229 0.01650887062031793 0.016998938139411935; 0.0 0.016508870620324204 -0.05730898425599689 0.01688939545653954; 0.0 0.01699893813941226 0.01688939545654317 -0.0572791479735951],0.3
