L,J,Q,θ,ϕx,ϕy,ϕz,ndims,T,χ,dχdlogT,Λ
23,0.2,0.6180339887498949,0.4487989505128276,4.429237400478762,4.088402729592037,2.6750122200744895,3,0.41753189365604015,[0.30825932161283265 0.0 0.0 0.0; 0.0 0.1444539916897562 -0.03219069470505902 -0.03246111525596096; 0.0 -0.03219069470505903 0.14362181551635841 -0.03199793814975508; 0.0 -0.03246111525596096 -0.0319979381497551 0.14419405020234635],[-0.1363358393120326 0.0 0.0 0.0; 0.0 -0.05782524602615461 0.025327180504213728 0.02600648970050815; 0.0 0.025327180504213728 -0.05642052870012774 0.025037824602603984; 0.0 0.02600648970050817 0.02503782460260394 -0.05739772448767554],0.3
