L,J,Q,θ,ϕx,ϕy,ϕz,ndims,T,χ,dχdlogT,Λ
23,0.0,0.6180339887498949,0.4487989505128276,4.429237400478762,4.088402729592037,2.6750122200744895,3,1.0826367338740543,[0.18131672466373272 0.0 0.0 0.0; 0.0 0.0882472760291414 -0.010782128247742086 -0.010777242473160522; 0.0 -0.010782128247742082 0.08819880311247617 -0.010782400342954988; 0.0 -0.010777242473160522 -0.010782400342954994 0.0882447173744629],[-0.12463593794471 0.0 0.0 0.0; 0.0 -0.05844054065183597 0.01746883459870201 0.01748464531151846; 0.0 0.017468834598702 -0.05833695495493745 0.01746795037285903; 0.0 0.017484645311518464 0.01746795037285902 -0.05843506390642148],0.3
