L,J,Q,θ,ϕx,ϕy,ϕz,ndims,T,χ,dχdlogT,Λ
23,0.0,0.6180339887498949,0.4487989505128276,0.13323388892918908,3.6272443976763244,4.324048674475261,3,3.856620421163471,[0.06282956411167506 0.0 0.0 0.0; 0.0 0.031261906509319475 -0.0006247867864369127 -0.0006194040469336651; 0.0 -0.0006247867864369089 0.031264266417805886 -0.000618328286417728; 0.0 -0.0006194040469336786 -0.0006183282864176945 0.03126331021784617],[-0.05918287637436343 0.0 0.0 0.0; 0.0 -0.02918098944090141 0.0017025172091220116 0.0016877985497425409; 0.0 0.0017025172091220137 -0.02918754681621528 0.0016849926939372672; 0.0 0.0016877985497425784 0.0016849926939373064 -0.02918488964001989],0.3
