L,J,Q,θ,ϕx,ϕy,ϕz,ndims,T,χ,dχdlogT,Λ
23,0.0,0.6180339887498949,0.4487989505128276,0.9888717532214546,4.093560103985731,6.132051930071499,3,5.298316906283709,[0.04638549855084261 0.0 0.0 0.0; 0.0 0.023129335185566664 -0.0002556105416420379 -0.00024842242944384684; 0.0 -0.0002556105416420408 0.02312905923174643 -0.0002557173524703586; 0.0 -0.0002484224294438463 -0.00025571735247035735 0.0231291100536985],[-0.04486492891890735 0.0 0.0 0.0; 0.0 -0.02225369377227995 0.0007268569630323315 0.0007064181648041018; 0.0 0.000726856963032359 -0.02225290118534266 0.0007271543206955303; 0.0 0.0007064181648041015 0.0007271543206955314 -0.02225304715225231],0.3
