L,J,Q,θ,ϕx,ϕy,ϕz,ndims,T,χ,dχdlogT,Λ
23,0.2,0.6180339887498949,0.4487989505128276,0.9888717532214546,4.093560103985731,6.132051930071499,3,3.856620421163471,[0.06281673650966257 0.0 0.0 0.0; 0.0 0.03124523512791642 -0.0006190591319158766 -0.0006017076267829706; 0.0 -0.0006190591319158931 0.031241758049967684 -0.0006191224883863609; 0.0 -0.0006017076267830566 -0.0006191224883861075 0.031243452100322422],[-0.05914835036710444 0.0 0.0 0.0; 0.0 -0.0291346507425917 0.0016856019178420644 0.0016384707310824463; 0.0 0.0016856019178419534 -0.02912471562202817 0.0016853855474442498; 0.0 0.0016384707310823535 0.0016853855474437407 -0.029129599289175103],0.3
