L,J,Q,θ,ϕx,ϕy,ϕz,ndims,T,χ,dχdlogT,Λ
23,0.2,0.6180339887498949,0.4487989505128276,4.429237400478762,4.088402729592037,2.6750122200744895,3,0.02395026619987486,[0.5443329707416282 0.0 0.0 0.0; 0.0 0.23967132556869344 -0.07464285351596321 -0.0812954603857116; 0.0 -0.0746428535159631 0.22626409406862436 -0.06958567697123716; 0.0 -0.08129546038571109 -0.06958567697123712 0.2339362895732564],[-0.015571727977778014 0.0 0.0 0.0; 0.0 -0.006542962849588048 0.0035554394041993646 0.0028324565881151244; 0.0 0.0035554394041993594 -0.005599550686525184 0.0021128656166644047; 0.0 0.002832456588115124 0.0021128656166644064 -0.004936673433494535],0.3
