L,J,Q,θ,ϕx,ϕy,ϕz,ndims,T,χ,dχdlogT,Λ
23,0.2,0.6180339887498949,0.4487989505128276,4.8845067603404955,0.6016053864543752,2.657323595907325,3,0.003562247890262444,[0.5432789938004101 0.0 0.0 0.0; 0.0 0.2206219265494197 -0.06779182006947251 -0.06848161474356444; 0.0 -0.06779182006947258 0.228733501394729 -0.0780978064925701; 0.0 -0.06848161474356568 -0.07809780649257136 0.23101769399706798],[0.00011235621759241431 0.0 0.0 0.0; 0.0 0.0005147380162361749 -0.0023062550976026366 0.0018020916981441376; 0.0 -0.0023062550976026375 0.0009063243163950316 0.0013730080774412667; 0.0 0.001802091698144112 0.001373008077441285 -0.0032116118415237305],0.3
